token_id;sentence_ids;tokens_no_punct;lemma_no_punct;PoS;depparse;head;constituency;AoA(m+sd);Zipf_freq;type_of_words
1;0;lupetto;lupetto;NOUN;nsubj;mangia;(ROOT (f (sn (NOUN Lupetto)) (ibar (VERB mangia)) (compt (sn (ADV solo) (NOUN pastasciutta) (PUNCT .)))));;2,433961279;content
2;0;mangia;mangiare;VERB;root;ROOT;(ROOT (f (sn (NOUN Lupetto)) (ibar (VERB mangia)) (compt (sn (ADV solo) (NOUN pastasciutta) (PUNCT .)))));3.24 ± 1.74;4,605980088;content
3;0;solo;solo;ADV;advmod;pastasciutta;(ROOT (f (sn (NOUN Lupetto)) (ibar (VERB mangia)) (compt (sn (ADV solo) (NOUN pastasciutta) (PUNCT .)))));4.60 ± 2.14;6,359323473;function
4;0;pastasciutta;pastasciutta;NOUN;obj;mangia;(ROOT (f (sn (NOUN Lupetto)) (ibar (VERB mangia)) (compt (sn (ADV solo) (NOUN pastasciutta) (PUNCT .)))));;2,145165739;content
5;1;è;essere;AUX;cop;ora;(ROOT (fc (f (ibar (AUX È)) (compc (sn (DET l') (NOUN ora) (spd (ADP di) (sn (NOUN cena)))))) (PUNCT ,) (f (sn (DET la) (NOUN mamma)) (ibar (VERB tira)) (compt (savv (ADV fuori)) (sn (DET una) (NOUN teglia) (spda (ADP da) (sn (DET il) (NOUN forno) (PUNCT .))))))));;7,249521761;function
6;1;l;il;DET;det;ora;(ROOT (fc (f (ibar (AUX È)) (compc (sn (DET l') (NOUN ora) (spd (ADP di) (sn (NOUN cena)))))) (PUNCT ,) (f (sn (DET la) (NOUN mamma)) (ibar (VERB tira)) (compt (savv (ADV fuori)) (sn (DET una) (NOUN teglia) (spda (ADP da) (sn (DET il) (NOUN forno) (PUNCT .))))))));;6,640107629;function
7;1;ora;ora;NOUN;root;ROOT;(ROOT (fc (f (ibar (AUX È)) (compc (sn (DET l') (NOUN ora) (spd (ADP di) (sn (NOUN cena)))))) (PUNCT ,) (f (sn (DET la) (NOUN mamma)) (ibar (VERB tira)) (compt (savv (ADV fuori)) (sn (DET una) (NOUN teglia) (spda (ADP da) (sn (DET il) (NOUN forno) (PUNCT .))))))));;6,195882677;content
8;1;di;di;ADP;case;cena;(ROOT (fc (f (ibar (AUX È)) (compc (sn (DET l') (NOUN ora) (spd (ADP di) (sn (NOUN cena)))))) (PUNCT ,) (f (sn (DET la) (NOUN mamma)) (ibar (VERB tira)) (compt (savv (ADV fuori)) (sn (DET una) (NOUN teglia) (spda (ADP da) (sn (DET il) (NOUN forno) (PUNCT .))))))));;7,232814475;function
9;1;cena;cena;NOUN;nmod;ora;(ROOT (fc (f (ibar (AUX È)) (compc (sn (DET l') (NOUN ora) (spd (ADP di) (sn (NOUN cena)))))) (PUNCT ,) (f (sn (DET la) (NOUN mamma)) (ibar (VERB tira)) (compt (savv (ADV fuori)) (sn (DET una) (NOUN teglia) (spda (ADP da) (sn (DET il) (NOUN forno) (PUNCT .))))))));4.04 ± 1.88;5,095855057;content
10;1;la;il;DET;det;mamma;(ROOT (fc (f (ibar (AUX È)) (compc (sn (DET l') (NOUN ora) (spd (ADP di) (sn (NOUN cena)))))) (PUNCT ,) (f (sn (DET la) (NOUN mamma)) (ibar (VERB tira)) (compt (savv (ADV fuori)) (sn (DET una) (NOUN teglia) (spda (ADP da) (sn (DET il) (NOUN forno) (PUNCT .))))))));;7,055331658;function
11;1;mamma;mamma;NOUN;nsubj;tira;(ROOT (fc (f (ibar (AUX È)) (compc (sn (DET l') (NOUN ora) (spd (ADP di) (sn (NOUN cena)))))) (PUNCT ,) (f (sn (DET la) (NOUN mamma)) (ibar (VERB tira)) (compt (savv (ADV fuori)) (sn (DET una) (NOUN teglia) (spda (ADP da) (sn (DET il) (NOUN forno) (PUNCT .))))))));1.88 ± 1.27;5,66327005;content
12;1;tira;tirare;VERB;conj;ora;(ROOT (fc (f (ibar (AUX È)) (compc (sn (DET l') (NOUN ora) (spd (ADP di) (sn (NOUN cena)))))) (PUNCT ,) (f (sn (DET la) (NOUN mamma)) (ibar (VERB tira)) (compt (savv (ADV fuori)) (sn (DET una) (NOUN teglia) (spda (ADP da) (sn (DET il) (NOUN forno) (PUNCT .))))))));4.44 ± 1.92;4,482069992;content
13;1;fuori;fuori;ADV;advmod;tira;(ROOT (fc (f (ibar (AUX È)) (compc (sn (DET l') (NOUN ora) (spd (ADP di) (sn (NOUN cena)))))) (PUNCT ,) (f (sn (DET la) (NOUN mamma)) (ibar (VERB tira)) (compt (savv (ADV fuori)) (sn (DET una) (NOUN teglia) (spda (ADP da) (sn (DET il) (NOUN forno) (PUNCT .))))))));;5,872607584;function
14;1;una;uno;DET;det;teglia;(ROOT (fc (f (ibar (AUX È)) (compc (sn (DET l') (NOUN ora) (spd (ADP di) (sn (NOUN cena)))))) (PUNCT ,) (f (sn (DET la) (NOUN mamma)) (ibar (VERB tira)) (compt (savv (ADV fuori)) (sn (DET una) (NOUN teglia) (spda (ADP da) (sn (DET il) (NOUN forno) (PUNCT .))))))));;6,801817508;function
15;1;teglia;teglia;NOUN;obj;tira;(ROOT (fc (f (ibar (AUX È)) (compc (sn (DET l') (NOUN ora) (spd (ADP di) (sn (NOUN cena)))))) (PUNCT ,) (f (sn (DET la) (NOUN mamma)) (ibar (VERB tira)) (compt (savv (ADV fuori)) (sn (DET una) (NOUN teglia) (spda (ADP da) (sn (DET il) (NOUN forno) (PUNCT .))))))));7.44 ± 2.92;2,668044485;content
16;1;dal;da;ADP;case;forno;(ROOT (fc (f (ibar (AUX È)) (compc (sn (DET l') (NOUN ora) (spd (ADP di) (sn (NOUN cena)))))) (PUNCT ,) (f (sn (DET la) (NOUN mamma)) (ibar (VERB tira)) (compt (savv (ADV fuori)) (sn (DET una) (NOUN teglia) (spda (ADP da) (sn (DET il) (NOUN forno) (PUNCT .))))))));;5,733978809;function
17;1;forno;forno;NOUN;nmod;teglia;(ROOT (fc (f (ibar (AUX È)) (compc (sn (DET l') (NOUN ora) (spd (ADP di) (sn (NOUN cena)))))) (PUNCT ,) (f (sn (DET la) (NOUN mamma)) (ibar (VERB tira)) (compt (savv (ADV fuori)) (sn (DET una) (NOUN teglia) (spda (ADP da) (sn (DET il) (NOUN forno) (PUNCT .))))))));4.92 ± 1.98;4,012764157;content
18;2;che;che;DET;det;cos';(ROOT (dirsp (PUNCT “) (fint (DET Che) (PRON cos') (f (ibar (AUX è)))) (PUNCT ?) (PUNCT ”) (fp (PUNCT ,) (f (ibar (VERB chiede)) (compt (sn (PROPN Lupetto) (PUNCT .)))))));;7,250456545;function
19;2;cos;cos;PRON;root;ROOT;(ROOT (dirsp (PUNCT “) (fint (DET Che) (PRON cos') (f (ibar (AUX è)))) (PUNCT ?) (PUNCT ”) (fp (PUNCT ,) (f (ibar (VERB chiede)) (compt (sn (PROPN Lupetto) (PUNCT .)))))));;5,536189109;function
20;2;è;essere;AUX;cop;cos';(ROOT (dirsp (PUNCT “) (fint (DET Che) (PRON cos') (f (ibar (AUX è)))) (PUNCT ?) (PUNCT ”) (fp (PUNCT ,) (f (ibar (VERB chiede)) (compt (sn (PROPN Lupetto) (PUNCT .)))))));;7,249521761;function
21;2;chiede;chiedere;VERB;parataxis;cos';(ROOT (dirsp (PUNCT “) (fint (DET Che) (PRON cos') (f (ibar (AUX è)))) (PUNCT ?) (PUNCT ”) (fp (PUNCT ,) (f (ibar (VERB chiede)) (compt (sn (PROPN Lupetto) (PUNCT .)))))));;4,493578784;content
22;2;lupetto;Lupetto;PROPN;nsubj;chiede;(ROOT (dirsp (PUNCT “) (fint (DET Che) (PRON cos') (f (ibar (AUX è)))) (PUNCT ?) (PUNCT ”) (fp (PUNCT ,) (f (ibar (VERB chiede)) (compt (sn (PROPN Lupetto) (PUNCT .)))))));;2,433961279;content
23;3;la;il;DET;det;specialità;(ROOT (dirsp (PUNCT “) (sn (DET La) (sa (DET mia)) (NOUN specialità)) (PUNCT ”) (fp (PUNCT ,) (f (ibar (VERB dice)) (compt (sn (DET la) (NOUN mamma)))) (PUNCT ,)) (PUNCT “) (sn (DET un) (NOUN soufflé) (spd (ADP di) (sn (coord (NOUN prosciutto) (CCONJ e) (NOUN funghi))))) (PUNCT ”) (PUNCT .)));;7,055331658;function
24;3;mia;mio;DET;det:poss;specialità;(ROOT (dirsp (PUNCT “) (sn (DET La) (sa (DET mia)) (NOUN specialità)) (PUNCT ”) (fp (PUNCT ,) (f (ibar (VERB dice)) (compt (sn (DET la) (NOUN mamma)))) (PUNCT ,)) (PUNCT “) (sn (DET un) (NOUN soufflé) (spd (ADP di) (sn (coord (NOUN prosciutto) (CCONJ e) (NOUN funghi))))) (PUNCT ”) (PUNCT .)));;6,242274517;function
25;3;specialità;specialità;NOUN;nsubj;soufflé;(ROOT (dirsp (PUNCT “) (sn (DET La) (sa (DET mia)) (NOUN specialità)) (PUNCT ”) (fp (PUNCT ,) (f (ibar (VERB dice)) (compt (sn (DET la) (NOUN mamma)))) (PUNCT ,)) (PUNCT “) (sn (DET un) (NOUN soufflé) (spd (ADP di) (sn (coord (NOUN prosciutto) (CCONJ e) (NOUN funghi))))) (PUNCT ”) (PUNCT .)));;3,863944137;content
26;3;dice;dire;VERB;parataxis;soufflé;(ROOT (dirsp (PUNCT “) (sn (DET La) (sa (DET mia)) (NOUN specialità)) (PUNCT ”) (fp (PUNCT ,) (f (ibar (VERB dice)) (compt (sn (DET la) (NOUN mamma)))) (PUNCT ,)) (PUNCT “) (sn (DET un) (NOUN soufflé) (spd (ADP di) (sn (coord (NOUN prosciutto) (CCONJ e) (NOUN funghi))))) (PUNCT ”) (PUNCT .)));4.08 ± 1.73;5,609257672;content
27;3;la;il;DET;det;mamma;(ROOT (dirsp (PUNCT “) (sn (DET La) (sa (DET mia)) (NOUN specialità)) (PUNCT ”) (fp (PUNCT ,) (f (ibar (VERB dice)) (compt (sn (DET la) (NOUN mamma)))) (PUNCT ,)) (PUNCT “) (sn (DET un) (NOUN soufflé) (spd (ADP di) (sn (coord (NOUN prosciutto) (CCONJ e) (NOUN funghi))))) (PUNCT ”) (PUNCT .)));;7,055331658;function
28;3;mamma;mamma;NOUN;nsubj;dice;(ROOT (dirsp (PUNCT “) (sn (DET La) (sa (DET mia)) (NOUN specialità)) (PUNCT ”) (fp (PUNCT ,) (f (ibar (VERB dice)) (compt (sn (DET la) (NOUN mamma)))) (PUNCT ,)) (PUNCT “) (sn (DET un) (NOUN soufflé) (spd (ADP di) (sn (coord (NOUN prosciutto) (CCONJ e) (NOUN funghi))))) (PUNCT ”) (PUNCT .)));1.88 ± 1.27;5,66327005;content
29;3;un;uno;DET;det;soufflé;(ROOT (dirsp (PUNCT “) (sn (DET La) (sa (DET mia)) (NOUN specialità)) (PUNCT ”) (fp (PUNCT ,) (f (ibar (VERB dice)) (compt (sn (DET la) (NOUN mamma)))) (PUNCT ,)) (PUNCT “) (sn (DET un) (NOUN soufflé) (spd (ADP di) (sn (coord (NOUN prosciutto) (CCONJ e) (NOUN funghi))))) (PUNCT ”) (PUNCT .)));;7,065833912;function
30;3;soufflé;soufflé;NOUN;root;ROOT;(ROOT (dirsp (PUNCT “) (sn (DET La) (sa (DET mia)) (NOUN specialità)) (PUNCT ”) (fp (PUNCT ,) (f (ibar (VERB dice)) (compt (sn (DET la) (NOUN mamma)))) (PUNCT ,)) (PUNCT “) (sn (DET un) (NOUN soufflé) (spd (ADP di) (sn (coord (NOUN prosciutto) (CCONJ e) (NOUN funghi))))) (PUNCT ”) (PUNCT .)));;2,561991092;content
31;3;di;di;ADP;case;prosciutto;(ROOT (dirsp (PUNCT “) (sn (DET La) (sa (DET mia)) (NOUN specialità)) (PUNCT ”) (fp (PUNCT ,) (f (ibar (VERB dice)) (compt (sn (DET la) (NOUN mamma)))) (PUNCT ,)) (PUNCT “) (sn (DET un) (NOUN soufflé) (spd (ADP di) (sn (coord (NOUN prosciutto) (CCONJ e) (NOUN funghi))))) (PUNCT ”) (PUNCT .)));;7,232814475;function
32;3;prosciutto;prosciutto;NOUN;nmod;soufflé;(ROOT (dirsp (PUNCT “) (sn (DET La) (sa (DET mia)) (NOUN specialità)) (PUNCT ”) (fp (PUNCT ,) (f (ibar (VERB dice)) (compt (sn (DET la) (NOUN mamma)))) (PUNCT ,)) (PUNCT “) (sn (DET un) (NOUN soufflé) (spd (ADP di) (sn (coord (NOUN prosciutto) (CCONJ e) (NOUN funghi))))) (PUNCT ”) (PUNCT .)));;3,750231241;content
33;3;e;e;CCONJ;cc;funghi;(ROOT (dirsp (PUNCT “) (sn (DET La) (sa (DET mia)) (NOUN specialità)) (PUNCT ”) (fp (PUNCT ,) (f (ibar (VERB dice)) (compt (sn (DET la) (NOUN mamma)))) (PUNCT ,)) (PUNCT “) (sn (DET un) (NOUN soufflé) (spd (ADP di) (sn (coord (NOUN prosciutto) (CCONJ e) (NOUN funghi))))) (PUNCT ”) (PUNCT .)));;2,741151583;function
34;3;funghi;fungo;NOUN;conj;prosciutto;(ROOT (dirsp (PUNCT “) (sn (DET La) (sa (DET mia)) (NOUN specialità)) (PUNCT ”) (fp (PUNCT ,) (f (ibar (VERB dice)) (compt (sn (DET la) (NOUN mamma)))) (PUNCT ,)) (PUNCT “) (sn (DET un) (NOUN soufflé) (spd (ADP di) (sn (coord (NOUN prosciutto) (CCONJ e) (NOUN funghi))))) (PUNCT ”) (PUNCT .)));4.60 ± 1.68;3,808447765;content
35;4;bleah;Bleah;INTJ;discourse;piace;(ROOT (dirsp (PUNCT “) (cp (sn (INTJ Bleah)) (PUNCT ,) (f (ibar (ADV non) (PRON mi) (VERB piace))) (PUNCT ”) (PUNCT ,) (f (ibar (VERB fa)) (compt (sn (PROPN Lupetto)))) (PUNCT ,) (CCONJ e) (f (ibar (VERB allontana)) (compt (sn (DET il) (sa (DET suo)) (NOUN piatto) (PUNCT .)))))));;3,427712329;function
36;4;non;non;ADV;advmod;piace;(ROOT (dirsp (PUNCT “) (cp (sn (INTJ Bleah)) (PUNCT ,) (f (ibar (ADV non) (PRON mi) (VERB piace))) (PUNCT ”) (PUNCT ,) (f (ibar (VERB fa)) (compt (sn (PROPN Lupetto)))) (PUNCT ,) (CCONJ e) (f (ibar (VERB allontana)) (compt (sn (DET il) (sa (DET suo)) (NOUN piatto) (PUNCT .)))))));;7,259198169;function
37;4;mi;mi;PRON;iobj;piace;(ROOT (dirsp (PUNCT “) (cp (sn (INTJ Bleah)) (PUNCT ,) (f (ibar (ADV non) (PRON mi) (VERB piace))) (PUNCT ”) (PUNCT ,) (f (ibar (VERB fa)) (compt (sn (PROPN Lupetto)))) (PUNCT ,) (CCONJ e) (f (ibar (VERB allontana)) (compt (sn (DET il) (sa (DET suo)) (NOUN piatto) (PUNCT .)))))));;6,769601972;function
38;4;piace;piacere;VERB;root;ROOT;(ROOT (dirsp (PUNCT “) (cp (sn (INTJ Bleah)) (PUNCT ,) (f (ibar (ADV non) (PRON mi) (VERB piace))) (PUNCT ”) (PUNCT ,) (f (ibar (VERB fa)) (compt (sn (PROPN Lupetto)))) (PUNCT ,) (CCONJ e) (f (ibar (VERB allontana)) (compt (sn (DET il) (sa (DET suo)) (NOUN piatto) (PUNCT .)))))));7.64 ± 3.16;5,587732603;content
39;4;fa;fare;VERB;parataxis;piace;(ROOT (dirsp (PUNCT “) (cp (sn (INTJ Bleah)) (PUNCT ,) (f (ibar (ADV non) (PRON mi) (VERB piace))) (PUNCT ”) (PUNCT ,) (f (ibar (VERB fa)) (compt (sn (PROPN Lupetto)))) (PUNCT ,) (CCONJ e) (f (ibar (VERB allontana)) (compt (sn (DET il) (sa (DET suo)) (NOUN piatto) (PUNCT .)))))));4.40 ± 2.22;6,003549189;content
40;4;lupetto;Lupetto;PROPN;nsubj;fa;(ROOT (dirsp (PUNCT “) (cp (sn (INTJ Bleah)) (PUNCT ,) (f (ibar (ADV non) (PRON mi) (VERB piace))) (PUNCT ”) (PUNCT ,) (f (ibar (VERB fa)) (compt (sn (PROPN Lupetto)))) (PUNCT ,) (CCONJ e) (f (ibar (VERB allontana)) (compt (sn (DET il) (sa (DET suo)) (NOUN piatto) (PUNCT .)))))));;2,433961279;content
41;4;e;e;CCONJ;cc;allontana;(ROOT (dirsp (PUNCT “) (cp (sn (INTJ Bleah)) (PUNCT ,) (f (ibar (ADV non) (PRON mi) (VERB piace))) (PUNCT ”) (PUNCT ,) (f (ibar (VERB fa)) (compt (sn (PROPN Lupetto)))) (PUNCT ,) (CCONJ e) (f (ibar (VERB allontana)) (compt (sn (DET il) (sa (DET suo)) (NOUN piatto) (PUNCT .)))))));;2,741151583;function
42;4;allontana;allontanare;VERB;conj;piace;(ROOT (dirsp (PUNCT “) (cp (sn (INTJ Bleah)) (PUNCT ,) (f (ibar (ADV non) (PRON mi) (VERB piace))) (PUNCT ”) (PUNCT ,) (f (ibar (VERB fa)) (compt (sn (PROPN Lupetto)))) (PUNCT ,) (CCONJ e) (f (ibar (VERB allontana)) (compt (sn (DET il) (sa (DET suo)) (NOUN piatto) (PUNCT .)))))));;3,48758842;content
43;4;il;il;DET;det;piatto;(ROOT (dirsp (PUNCT “) (cp (sn (INTJ Bleah)) (PUNCT ,) (f (ibar (ADV non) (PRON mi) (VERB piace))) (PUNCT ”) (PUNCT ,) (f (ibar (VERB fa)) (compt (sn (PROPN Lupetto)))) (PUNCT ,) (CCONJ e) (f (ibar (VERB allontana)) (compt (sn (DET il) (sa (DET suo)) (NOUN piatto) (PUNCT .)))))));;7,039560886;function
44;4;suo;suo;DET;det:poss;piatto;(ROOT (dirsp (PUNCT “) (cp (sn (INTJ Bleah)) (PUNCT ,) (f (ibar (ADV non) (PRON mi) (VERB piace))) (PUNCT ”) (PUNCT ,) (f (ibar (VERB fa)) (compt (sn (PROPN Lupetto)))) (PUNCT ,) (CCONJ e) (f (ibar (VERB allontana)) (compt (sn (DET il) (sa (DET suo)) (NOUN piatto) (PUNCT .)))))));;6,051850878;function
45;4;piatto;piatto;NOUN;obj;allontana;(ROOT (dirsp (PUNCT “) (cp (sn (INTJ Bleah)) (PUNCT ,) (f (ibar (ADV non) (PRON mi) (VERB piace))) (PUNCT ”) (PUNCT ,) (f (ibar (VERB fa)) (compt (sn (PROPN Lupetto)))) (PUNCT ,) (CCONJ e) (f (ibar (VERB allontana)) (compt (sn (DET il) (sa (DET suo)) (NOUN piatto) (PUNCT .)))))));3.36 ± 1.50;4,365419149;content
46;5;la;il;DET;det;mamma;(ROOT (fc (f (sn (DET La) (NOUN mamma)) (ibar (VERB aggrotta)) (compt (sn (DET le) (NOUN sopracciglia)))) (PUNCT ,) (PUNCT “) (cp (sp (ADV prima) (ADP di) (sv2 (VERB dire) (compt (fac (SCONJ che) (f (ibar (ADV non) (PRON ti) (VERB piace))))))) (PUNCT ,) (f (ir_infl (AUX dovresti) (VERB assaggiar)) (compt (PRON lo)))) (PUNCT ,) (cp (savv (ADV magari)) (f (ibar (VERB scopri)) (compt (fac (SCONJ che) (f (ir_infl (PRON ne) (VERB vai)) (compin (sa (ADJ pazzo)))))))) (PUNCT ”) (PUNCT .)));;7,055331658;function
47;5;mamma;mamma;NOUN;nsubj;aggrotta;(ROOT (fc (f (sn (DET La) (NOUN mamma)) (ibar (VERB aggrotta)) (compt (sn (DET le) (NOUN sopracciglia)))) (PUNCT ,) (PUNCT “) (cp (sp (ADV prima) (ADP di) (sv2 (VERB dire) (compt (fac (SCONJ che) (f (ibar (ADV non) (PRON ti) (VERB piace))))))) (PUNCT ,) (f (ir_infl (AUX dovresti) (VERB assaggiar)) (compt (PRON lo)))) (PUNCT ,) (cp (savv (ADV magari)) (f (ibar (VERB scopri)) (compt (fac (SCONJ che) (f (ir_infl (PRON ne) (VERB vai)) (compin (sa (ADJ pazzo)))))))) (PUNCT ”) (PUNCT .)));1.88 ± 1.27;5,66327005;content
48;5;aggrotta;aggrottare;VERB;root;ROOT;(ROOT (fc (f (sn (DET La) (NOUN mamma)) (ibar (VERB aggrotta)) (compt (sn (DET le) (NOUN sopracciglia)))) (PUNCT ,) (PUNCT “) (cp (sp (ADV prima) (ADP di) (sv2 (VERB dire) (compt (fac (SCONJ che) (f (ibar (ADV non) (PRON ti) (VERB piace))))))) (PUNCT ,) (f (ir_infl (AUX dovresti) (VERB assaggiar)) (compt (PRON lo)))) (PUNCT ,) (cp (savv (ADV magari)) (f (ibar (VERB scopri)) (compt (fac (SCONJ che) (f (ir_infl (PRON ne) (VERB vai)) (compin (sa (ADJ pazzo)))))))) (PUNCT ”) (PUNCT .)));;1,889893234;content
49;5;le;il;DET;det;sopracciglia;(ROOT (fc (f (sn (DET La) (NOUN mamma)) (ibar (VERB aggrotta)) (compt (sn (DET le) (NOUN sopracciglia)))) (PUNCT ,) (PUNCT “) (cp (sp (ADV prima) (ADP di) (sv2 (VERB dire) (compt (fac (SCONJ che) (f (ibar (ADV non) (PRON ti) (VERB piace))))))) (PUNCT ,) (f (ir_infl (AUX dovresti) (VERB assaggiar)) (compt (PRON lo)))) (PUNCT ,) (cp (savv (ADV magari)) (f (ibar (VERB scopri)) (compt (fac (SCONJ che) (f (ir_infl (PRON ne) (VERB vai)) (compin (sa (ADJ pazzo)))))))) (PUNCT ”) (PUNCT .)));;6,624997683;function
50;5;sopracciglia;sopracciglia;NOUN;obj;aggrotta;(ROOT (fc (f (sn (DET La) (NOUN mamma)) (ibar (VERB aggrotta)) (compt (sn (DET le) (NOUN sopracciglia)))) (PUNCT ,) (PUNCT “) (cp (sp (ADV prima) (ADP di) (sv2 (VERB dire) (compt (fac (SCONJ che) (f (ibar (ADV non) (PRON ti) (VERB piace))))))) (PUNCT ,) (f (ir_infl (AUX dovresti) (VERB assaggiar)) (compt (PRON lo)))) (PUNCT ,) (cp (savv (ADV magari)) (f (ibar (VERB scopri)) (compt (fac (SCONJ che) (f (ir_infl (PRON ne) (VERB vai)) (compin (sa (ADJ pazzo)))))))) (PUNCT ”) (PUNCT .)));;3,538253245;content
51;5;prima;prima;ADV;mark;dire;(ROOT (fc (f (sn (DET La) (NOUN mamma)) (ibar (VERB aggrotta)) (compt (sn (DET le) (NOUN sopracciglia)))) (PUNCT ,) (PUNCT “) (cp (sp (ADV prima) (ADP di) (sv2 (VERB dire) (compt (fac (SCONJ che) (f (ibar (ADV non) (PRON ti) (VERB piace))))))) (PUNCT ,) (f (ir_infl (AUX dovresti) (VERB assaggiar)) (compt (PRON lo)))) (PUNCT ,) (cp (savv (ADV magari)) (f (ibar (VERB scopri)) (compt (fac (SCONJ che) (f (ir_infl (PRON ne) (VERB vai)) (compin (sa (ADJ pazzo)))))))) (PUNCT ”) (PUNCT .)));;6,042129583;function
52;5;di;di;ADP;fixed;prima;(ROOT (fc (f (sn (DET La) (NOUN mamma)) (ibar (VERB aggrotta)) (compt (sn (DET le) (NOUN sopracciglia)))) (PUNCT ,) (PUNCT “) (cp (sp (ADV prima) (ADP di) (sv2 (VERB dire) (compt (fac (SCONJ che) (f (ibar (ADV non) (PRON ti) (VERB piace))))))) (PUNCT ,) (f (ir_infl (AUX dovresti) (VERB assaggiar)) (compt (PRON lo)))) (PUNCT ,) (cp (savv (ADV magari)) (f (ibar (VERB scopri)) (compt (fac (SCONJ che) (f (ir_infl (PRON ne) (VERB vai)) (compin (sa (ADJ pazzo)))))))) (PUNCT ”) (PUNCT .)));;7,232814475;function
53;5;dire;dire;VERB;advcl;assaggiar;(ROOT (fc (f (sn (DET La) (NOUN mamma)) (ibar (VERB aggrotta)) (compt (sn (DET le) (NOUN sopracciglia)))) (PUNCT ,) (PUNCT “) (cp (sp (ADV prima) (ADP di) (sv2 (VERB dire) (compt (fac (SCONJ che) (f (ibar (ADV non) (PRON ti) (VERB piace))))))) (PUNCT ,) (f (ir_infl (AUX dovresti) (VERB assaggiar)) (compt (PRON lo)))) (PUNCT ,) (cp (savv (ADV magari)) (f (ibar (VERB scopri)) (compt (fac (SCONJ che) (f (ir_infl (PRON ne) (VERB vai)) (compin (sa (ADJ pazzo)))))))) (PUNCT ”) (PUNCT .)));4.08 ± 1.73;5,98002779;content
54;5;che;che;SCONJ;mark;piace;(ROOT (fc (f (sn (DET La) (NOUN mamma)) (ibar (VERB aggrotta)) (compt (sn (DET le) (NOUN sopracciglia)))) (PUNCT ,) (PUNCT “) (cp (sp (ADV prima) (ADP di) (sv2 (VERB dire) (compt (fac (SCONJ che) (f (ibar (ADV non) (PRON ti) (VERB piace))))))) (PUNCT ,) (f (ir_infl (AUX dovresti) (VERB assaggiar)) (compt (PRON lo)))) (PUNCT ,) (cp (savv (ADV magari)) (f (ibar (VERB scopri)) (compt (fac (SCONJ che) (f (ir_infl (PRON ne) (VERB vai)) (compin (sa (ADJ pazzo)))))))) (PUNCT ”) (PUNCT .)));;7,250456545;function
55;5;non;non;ADV;advmod;piace;(ROOT (fc (f (sn (DET La) (NOUN mamma)) (ibar (VERB aggrotta)) (compt (sn (DET le) (NOUN sopracciglia)))) (PUNCT ,) (PUNCT “) (cp (sp (ADV prima) (ADP di) (sv2 (VERB dire) (compt (fac (SCONJ che) (f (ibar (ADV non) (PRON ti) (VERB piace))))))) (PUNCT ,) (f (ir_infl (AUX dovresti) (VERB assaggiar)) (compt (PRON lo)))) (PUNCT ,) (cp (savv (ADV magari)) (f (ibar (VERB scopri)) (compt (fac (SCONJ che) (f (ir_infl (PRON ne) (VERB vai)) (compin (sa (ADJ pazzo)))))))) (PUNCT ”) (PUNCT .)));;7,259198169;function
56;5;ti;ti;PRON;iobj;piace;(ROOT (fc (f (sn (DET La) (NOUN mamma)) (ibar (VERB aggrotta)) (compt (sn (DET le) (NOUN sopracciglia)))) (PUNCT ,) (PUNCT “) (cp (sp (ADV prima) (ADP di) (sv2 (VERB dire) (compt (fac (SCONJ che) (f (ibar (ADV non) (PRON ti) (VERB piace))))))) (PUNCT ,) (f (ir_infl (AUX dovresti) (VERB assaggiar)) (compt (PRON lo)))) (PUNCT ,) (cp (savv (ADV magari)) (f (ibar (VERB scopri)) (compt (fac (SCONJ che) (f (ir_infl (PRON ne) (VERB vai)) (compin (sa (ADJ pazzo)))))))) (PUNCT ”) (PUNCT .)));;6,615643201;function
57;5;piace;piacere;VERB;ccomp;dire;(ROOT (fc (f (sn (DET La) (NOUN mamma)) (ibar (VERB aggrotta)) (compt (sn (DET le) (NOUN sopracciglia)))) (PUNCT ,) (PUNCT “) (cp (sp (ADV prima) (ADP di) (sv2 (VERB dire) (compt (fac (SCONJ che) (f (ibar (ADV non) (PRON ti) (VERB piace))))))) (PUNCT ,) (f (ir_infl (AUX dovresti) (VERB assaggiar)) (compt (PRON lo)))) (PUNCT ,) (cp (savv (ADV magari)) (f (ibar (VERB scopri)) (compt (fac (SCONJ che) (f (ir_infl (PRON ne) (VERB vai)) (compin (sa (ADJ pazzo)))))))) (PUNCT ”) (PUNCT .)));7.64 ± 3.16;5,587732603;content
58;5;dovresti;dovere;AUX;aux;assaggiar;(ROOT (fc (f (sn (DET La) (NOUN mamma)) (ibar (VERB aggrotta)) (compt (sn (DET le) (NOUN sopracciglia)))) (PUNCT ,) (PUNCT “) (cp (sp (ADV prima) (ADP di) (sv2 (VERB dire) (compt (fac (SCONJ che) (f (ibar (ADV non) (PRON ti) (VERB piace))))))) (PUNCT ,) (f (ir_infl (AUX dovresti) (VERB assaggiar)) (compt (PRON lo)))) (PUNCT ,) (cp (savv (ADV magari)) (f (ibar (VERB scopri)) (compt (fac (SCONJ che) (f (ir_infl (PRON ne) (VERB vai)) (compin (sa (ADJ pazzo)))))))) (PUNCT ”) (PUNCT .)));;5,301091908;function
59;5;assaggiarlo;assaggiare;VERB;conj;aggrotta;(ROOT (fc (f (sn (DET La) (NOUN mamma)) (ibar (VERB aggrotta)) (compt (sn (DET le) (NOUN sopracciglia)))) (PUNCT ,) (PUNCT “) (cp (sp (ADV prima) (ADP di) (sv2 (VERB dire) (compt (fac (SCONJ che) (f (ibar (ADV non) (PRON ti) (VERB piace))))))) (PUNCT ,) (f (ir_infl (AUX dovresti) (VERB assaggiar)) (compt (PRON lo)))) (PUNCT ,) (cp (savv (ADV magari)) (f (ibar (VERB scopri)) (compt (fac (SCONJ che) (f (ir_infl (PRON ne) (VERB vai)) (compin (sa (ADJ pazzo)))))))) (PUNCT ”) (PUNCT .)));;2,86761684;content
60;5;magari;magari;ADV;advmod;scopri;(ROOT (fc (f (sn (DET La) (NOUN mamma)) (ibar (VERB aggrotta)) (compt (sn (DET le) (NOUN sopracciglia)))) (PUNCT ,) (PUNCT “) (cp (sp (ADV prima) (ADP di) (sv2 (VERB dire) (compt (fac (SCONJ che) (f (ibar (ADV non) (PRON ti) (VERB piace))))))) (PUNCT ,) (f (ir_infl (AUX dovresti) (VERB assaggiar)) (compt (PRON lo)))) (PUNCT ,) (cp (savv (ADV magari)) (f (ibar (VERB scopri)) (compt (fac (SCONJ che) (f (ir_infl (PRON ne) (VERB vai)) (compin (sa (ADJ pazzo)))))))) (PUNCT ”) (PUNCT .)));;5,253072584;function
61;5;scopri;scoprire;VERB;conj;aggrotta;(ROOT (fc (f (sn (DET La) (NOUN mamma)) (ibar (VERB aggrotta)) (compt (sn (DET le) (NOUN sopracciglia)))) (PUNCT ,) (PUNCT “) (cp (sp (ADV prima) (ADP di) (sv2 (VERB dire) (compt (fac (SCONJ che) (f (ibar (ADV non) (PRON ti) (VERB piace))))))) (PUNCT ,) (f (ir_infl (AUX dovresti) (VERB assaggiar)) (compt (PRON lo)))) (PUNCT ,) (cp (savv (ADV magari)) (f (ibar (VERB scopri)) (compt (fac (SCONJ che) (f (ir_infl (PRON ne) (VERB vai)) (compin (sa (ADJ pazzo)))))))) (PUNCT ”) (PUNCT .)));;4,011453079;content
62;5;che;che;SCONJ;mark;vai;(ROOT (fc (f (sn (DET La) (NOUN mamma)) (ibar (VERB aggrotta)) (compt (sn (DET le) (NOUN sopracciglia)))) (PUNCT ,) (PUNCT “) (cp (sp (ADV prima) (ADP di) (sv2 (VERB dire) (compt (fac (SCONJ che) (f (ibar (ADV non) (PRON ti) (VERB piace))))))) (PUNCT ,) (f (ir_infl (AUX dovresti) (VERB assaggiar)) (compt (PRON lo)))) (PUNCT ,) (cp (savv (ADV magari)) (f (ibar (VERB scopri)) (compt (fac (SCONJ che) (f (ir_infl (PRON ne) (VERB vai)) (compin (sa (ADJ pazzo)))))))) (PUNCT ”) (PUNCT .)));;7,250456545;function
63;5;ne;ne;PRON;iobj;vai;(ROOT (fc (f (sn (DET La) (NOUN mamma)) (ibar (VERB aggrotta)) (compt (sn (DET le) (NOUN sopracciglia)))) (PUNCT ,) (PUNCT “) (cp (sp (ADV prima) (ADP di) (sv2 (VERB dire) (compt (fac (SCONJ che) (f (ibar (ADV non) (PRON ti) (VERB piace))))))) (PUNCT ,) (f (ir_infl (AUX dovresti) (VERB assaggiar)) (compt (PRON lo)))) (PUNCT ,) (cp (savv (ADV magari)) (f (ibar (VERB scopri)) (compt (fac (SCONJ che) (f (ir_infl (PRON ne) (VERB vai)) (compin (sa (ADJ pazzo)))))))) (PUNCT ”) (PUNCT .)));;6,201935117;function
64;5;vai;andare;VERB;ccomp;scopri;(ROOT (fc (f (sn (DET La) (NOUN mamma)) (ibar (VERB aggrotta)) (compt (sn (DET le) (NOUN sopracciglia)))) (PUNCT ,) (PUNCT “) (cp (sp (ADV prima) (ADP di) (sv2 (VERB dire) (compt (fac (SCONJ che) (f (ibar (ADV non) (PRON ti) (VERB piace))))))) (PUNCT ,) (f (ir_infl (AUX dovresti) (VERB assaggiar)) (compt (PRON lo)))) (PUNCT ,) (cp (savv (ADV magari)) (f (ibar (VERB scopri)) (compt (fac (SCONJ che) (f (ir_infl (PRON ne) (VERB vai)) (compin (sa (ADJ pazzo)))))))) (PUNCT ”) (PUNCT .)));4.20 ± 1.44;5,679544443;content
65;5;pazzo;pazzo;ADJ;xcomp;vai;(ROOT (fc (f (sn (DET La) (NOUN mamma)) (ibar (VERB aggrotta)) (compt (sn (DET le) (NOUN sopracciglia)))) (PUNCT ,) (PUNCT “) (cp (sp (ADV prima) (ADP di) (sv2 (VERB dire) (compt (fac (SCONJ che) (f (ibar (ADV non) (PRON ti) (VERB piace))))))) (PUNCT ,) (f (ir_infl (AUX dovresti) (VERB assaggiar)) (compt (PRON lo)))) (PUNCT ,) (cp (savv (ADV magari)) (f (ibar (VERB scopri)) (compt (fac (SCONJ che) (f (ir_infl (PRON ne) (VERB vai)) (compin (sa (ADJ pazzo)))))))) (PUNCT ”) (PUNCT .)));5.48 ± 2.08;4,934354595;content
66;6;no;No;INTJ;discourse;ostina;(ROOT (dirsp (PUNCT “) (cp (INTJ No!)) (PUNCT ”) (PUNCT ,) (f (ibar (PRON si) (VERB ostina)) (compt (sn (NOUN lupetto)))) (PUNCT ,) (dirsp (PUNCT “) (fc (f (ibar (ADV Non) (PRON mi) (VERB piacciono)) (compt (sn (DET i) (NOUN funghi)))) (PUNCT ,) (f (ibar (VERB preferisco)) (compt (sn (DET la) (NOUN pastasciutta))))) (PUNCT ”) (PUNCT .))));;6,605764599;function
67;6;si;si;PRON;expl;ostina;(ROOT (dirsp (PUNCT “) (cp (INTJ No!)) (PUNCT ”) (PUNCT ,) (f (ibar (PRON si) (VERB ostina)) (compt (sn (NOUN lupetto)))) (PUNCT ,) (dirsp (PUNCT “) (fc (f (ibar (ADV Non) (PRON mi) (VERB piacciono)) (compt (sn (DET i) (NOUN funghi)))) (PUNCT ,) (f (ibar (VERB preferisco)) (compt (sn (DET la) (NOUN pastasciutta))))) (PUNCT ”) (PUNCT .))));;6,553884221;function
68;6;ostina;ostinare;VERB;root;ROOT;(ROOT (dirsp (PUNCT “) (cp (INTJ No!)) (PUNCT ”) (PUNCT ,) (f (ibar (PRON si) (VERB ostina)) (compt (sn (NOUN lupetto)))) (PUNCT ,) (dirsp (PUNCT “) (fc (f (ibar (ADV Non) (PRON mi) (VERB piacciono)) (compt (sn (DET i) (NOUN funghi)))) (PUNCT ,) (f (ibar (VERB preferisco)) (compt (sn (DET la) (NOUN pastasciutta))))) (PUNCT ”) (PUNCT .))));;2,446195735;content
69;6;lupetto;lupetto;NOUN;nsubj;ostina;(ROOT (dirsp (PUNCT “) (cp (INTJ No!)) (PUNCT ”) (PUNCT ,) (f (ibar (PRON si) (VERB ostina)) (compt (sn (NOUN lupetto)))) (PUNCT ,) (dirsp (PUNCT “) (fc (f (ibar (ADV Non) (PRON mi) (VERB piacciono)) (compt (sn (DET i) (NOUN funghi)))) (PUNCT ,) (f (ibar (VERB preferisco)) (compt (sn (DET la) (NOUN pastasciutta))))) (PUNCT ”) (PUNCT .))));;2,433961279;content
70;6;non;non;ADV;advmod;piacciono;(ROOT (dirsp (PUNCT “) (cp (INTJ No!)) (PUNCT ”) (PUNCT ,) (f (ibar (PRON si) (VERB ostina)) (compt (sn (NOUN lupetto)))) (PUNCT ,) (dirsp (PUNCT “) (fc (f (ibar (ADV Non) (PRON mi) (VERB piacciono)) (compt (sn (DET i) (NOUN funghi)))) (PUNCT ,) (f (ibar (VERB preferisco)) (compt (sn (DET la) (NOUN pastasciutta))))) (PUNCT ”) (PUNCT .))));;7,259198169;function
71;6;mi;mi;PRON;iobj;piacciono;(ROOT (dirsp (PUNCT “) (cp (INTJ No!)) (PUNCT ”) (PUNCT ,) (f (ibar (PRON si) (VERB ostina)) (compt (sn (NOUN lupetto)))) (PUNCT ,) (dirsp (PUNCT “) (fc (f (ibar (ADV Non) (PRON mi) (VERB piacciono)) (compt (sn (DET i) (NOUN funghi)))) (PUNCT ,) (f (ibar (VERB preferisco)) (compt (sn (DET la) (NOUN pastasciutta))))) (PUNCT ”) (PUNCT .))));;6,769601972;function
72;6;piacciono;piacere;VERB;parataxis;ostina;(ROOT (dirsp (PUNCT “) (cp (INTJ No!)) (PUNCT ”) (PUNCT ,) (f (ibar (PRON si) (VERB ostina)) (compt (sn (NOUN lupetto)))) (PUNCT ,) (dirsp (PUNCT “) (fc (f (ibar (ADV Non) (PRON mi) (VERB piacciono)) (compt (sn (DET i) (NOUN funghi)))) (PUNCT ,) (f (ibar (VERB preferisco)) (compt (sn (DET la) (NOUN pastasciutta))))) (PUNCT ”) (PUNCT .))));7.64 ± 3.16;4,914296797;content
73;6;i;il;DET;det;funghi;(ROOT (dirsp (PUNCT “) (cp (INTJ No!)) (PUNCT ”) (PUNCT ,) (f (ibar (PRON si) (VERB ostina)) (compt (sn (NOUN lupetto)))) (PUNCT ,) (dirsp (PUNCT “) (fc (f (ibar (ADV Non) (PRON mi) (VERB piacciono)) (compt (sn (DET i) (NOUN funghi)))) (PUNCT ,) (f (ibar (VERB preferisco)) (compt (sn (DET la) (NOUN pastasciutta))))) (PUNCT ”) (PUNCT .))));;6,584780852;function
74;6;funghi;fungo;NOUN;nsubj;piacciono;(ROOT (dirsp (PUNCT “) (cp (INTJ No!)) (PUNCT ”) (PUNCT ,) (f (ibar (PRON si) (VERB ostina)) (compt (sn (NOUN lupetto)))) (PUNCT ,) (dirsp (PUNCT “) (fc (f (ibar (ADV Non) (PRON mi) (VERB piacciono)) (compt (sn (DET i) (NOUN funghi)))) (PUNCT ,) (f (ibar (VERB preferisco)) (compt (sn (DET la) (NOUN pastasciutta))))) (PUNCT ”) (PUNCT .))));4.60 ± 1.68;3,808447765;content
75;6;preferisco;preferire;VERB;conj;piacciono;(ROOT (dirsp (PUNCT “) (cp (INTJ No!)) (PUNCT ”) (PUNCT ,) (f (ibar (PRON si) (VERB ostina)) (compt (sn (NOUN lupetto)))) (PUNCT ,) (dirsp (PUNCT “) (fc (f (ibar (ADV Non) (PRON mi) (VERB piacciono)) (compt (sn (DET i) (NOUN funghi)))) (PUNCT ,) (f (ibar (VERB preferisco)) (compt (sn (DET la) (NOUN pastasciutta))))) (PUNCT ”) (PUNCT .))));;4,504157522;content
76;6;la;il;DET;det;pastasciutta;(ROOT (dirsp (PUNCT “) (cp (INTJ No!)) (PUNCT ”) (PUNCT ,) (f (ibar (PRON si) (VERB ostina)) (compt (sn (NOUN lupetto)))) (PUNCT ,) (dirsp (PUNCT “) (fc (f (ibar (ADV Non) (PRON mi) (VERB piacciono)) (compt (sn (DET i) (NOUN funghi)))) (PUNCT ,) (f (ibar (VERB preferisco)) (compt (sn (DET la) (NOUN pastasciutta))))) (PUNCT ”) (PUNCT .))));;7,055331658;function
77;6;pastasciutta;pastasciutta;NOUN;obj;preferisco;(ROOT (dirsp (PUNCT “) (cp (INTJ No!)) (PUNCT ”) (PUNCT ,) (f (ibar (PRON si) (VERB ostina)) (compt (sn (NOUN lupetto)))) (PUNCT ,) (dirsp (PUNCT “) (fc (f (ibar (ADV Non) (PRON mi) (VERB piacciono)) (compt (sn (DET i) (NOUN funghi)))) (PUNCT ,) (f (ibar (VERB preferisco)) (compt (sn (DET la) (NOUN pastasciutta))))) (PUNCT ”) (PUNCT .))));;2,145165739;content
78;7;e;e;CCONJ;cc;tappa;(ROOT (cp_int (fc (CCONJ E) (f (ibar (PRON si) (VERB tappa)) (compt (sn (DET la) (NOUN bocca))))) (PUNCT !)));;2,741151583;function
79;7;si;si;PRON;expl;tappa;(ROOT (cp_int (fc (CCONJ E) (f (ibar (PRON si) (VERB tappa)) (compt (sn (DET la) (NOUN bocca))))) (PUNCT !)));;6,553884221;function
80;7;tappa;tappa;VERB;root;ROOT;(ROOT (cp_int (fc (CCONJ E) (f (ibar (PRON si) (VERB tappa)) (compt (sn (DET la) (NOUN bocca))))) (PUNCT !)));;3,385437572;content
81;7;la;il;DET;det;bocca;(ROOT (cp_int (fc (CCONJ E) (f (ibar (PRON si) (VERB tappa)) (compt (sn (DET la) (NOUN bocca))))) (PUNCT !)));;7,055331658;function
82;7;bocca;bocca;NOUN;nsubj;tappa;(ROOT (cp_int (fc (CCONJ E) (f (ibar (PRON si) (VERB tappa)) (compt (sn (DET la) (NOUN bocca))))) (PUNCT !)));2.44 ± 1.08;4,963684877;content
83;8;il;il;DET;det;giorno;(ROOT (cp (sn (DET Il) (NOUN giorno) (savv (ADP dopo))) (fc (f (sn (PROPN Lupetto)) (ibar (VERB rifiuta)) (compt (sn (DET i) (NOUN pomodori) (sa (ADJ ripieni))))) (CCONJ e) (f (ibar (VERB mangia)) (compt (sn (ADV solo) (DET un) (PRON po') (spd (ADP di) (sn (NOUN riso)))))) (PUNCT ,) (f (sn (DET il) (NOUN papà)) (ibar (VERB cerca)) (compt (sv2 (ADP di) (VERB farlo) (VERB ridere)))) (PUNCT ,) (f (ibar (VERB fa)) (compt (coord (sn (DET il) (NOUN pagliaccio)) (PUNCT ,) (sn (DET il) (NOUN gioco) (spd (ADP di) (sn (DET l') (NOUN aereo))))))) (PUNCT ,) (fc (CCONJ ma) (f (ibar (ADV non) (VERB funziona)))) (PUNCT ,) (f3 (sn (sq (DET tutti)) (DET i) (NOUN giorni)) (sn (DET la) (sa (ADJ stessa)) (NOUN storia) (PUNCT .))))));;7,039560886;function
84;8;giorno;giorno;NOUN;obl;rifiuta;(ROOT (cp (sn (DET Il) (NOUN giorno) (savv (ADP dopo))) (fc (f (sn (PROPN Lupetto)) (ibar (VERB rifiuta)) (compt (sn (DET i) (NOUN pomodori) (sa (ADJ ripieni))))) (CCONJ e) (f (ibar (VERB mangia)) (compt (sn (ADV solo) (DET un) (PRON po') (spd (ADP di) (sn (NOUN riso)))))) (PUNCT ,) (f (sn (DET il) (NOUN papà)) (ibar (VERB cerca)) (compt (sv2 (ADP di) (VERB farlo) (VERB ridere)))) (PUNCT ,) (f (ibar (VERB fa)) (compt (coord (sn (DET il) (NOUN pagliaccio)) (PUNCT ,) (sn (DET il) (NOUN gioco) (spd (ADP di) (sn (DET l') (NOUN aereo))))))) (PUNCT ,) (fc (CCONJ ma) (f (ibar (ADV non) (VERB funziona)))) (PUNCT ,) (f3 (sn (sq (DET tutti)) (DET i) (NOUN giorni)) (sn (DET la) (sa (ADJ stessa)) (NOUN storia) (PUNCT .))))));3.80 ± 1.76;5,731502947;content
85;8;dopo;dopo;ADP;advmod;giorno;(ROOT (cp (sn (DET Il) (NOUN giorno) (savv (ADP dopo))) (fc (f (sn (PROPN Lupetto)) (ibar (VERB rifiuta)) (compt (sn (DET i) (NOUN pomodori) (sa (ADJ ripieni))))) (CCONJ e) (f (ibar (VERB mangia)) (compt (sn (ADV solo) (DET un) (PRON po') (spd (ADP di) (sn (NOUN riso)))))) (PUNCT ,) (f (sn (DET il) (NOUN papà)) (ibar (VERB cerca)) (compt (sv2 (ADP di) (VERB farlo) (VERB ridere)))) (PUNCT ,) (f (ibar (VERB fa)) (compt (coord (sn (DET il) (NOUN pagliaccio)) (PUNCT ,) (sn (DET il) (NOUN gioco) (spd (ADP di) (sn (DET l') (NOUN aereo))))))) (PUNCT ,) (fc (CCONJ ma) (f (ibar (ADV non) (VERB funziona)))) (PUNCT ,) (f3 (sn (sq (DET tutti)) (DET i) (NOUN giorni)) (sn (DET la) (sa (ADJ stessa)) (NOUN storia) (PUNCT .))))));;5,792396528;function
86;8;lupetto;Lupetto;PROPN;nsubj;rifiuta;(ROOT (cp (sn (DET Il) (NOUN giorno) (savv (ADP dopo))) (fc (f (sn (PROPN Lupetto)) (ibar (VERB rifiuta)) (compt (sn (DET i) (NOUN pomodori) (sa (ADJ ripieni))))) (CCONJ e) (f (ibar (VERB mangia)) (compt (sn (ADV solo) (DET un) (PRON po') (spd (ADP di) (sn (NOUN riso)))))) (PUNCT ,) (f (sn (DET il) (NOUN papà)) (ibar (VERB cerca)) (compt (sv2 (ADP di) (VERB farlo) (VERB ridere)))) (PUNCT ,) (f (ibar (VERB fa)) (compt (coord (sn (DET il) (NOUN pagliaccio)) (PUNCT ,) (sn (DET il) (NOUN gioco) (spd (ADP di) (sn (DET l') (NOUN aereo))))))) (PUNCT ,) (fc (CCONJ ma) (f (ibar (ADV non) (VERB funziona)))) (PUNCT ,) (f3 (sn (sq (DET tutti)) (DET i) (NOUN giorni)) (sn (DET la) (sa (ADJ stessa)) (NOUN storia) (PUNCT .))))));;2,433961279;content
87;8;rifiuta;rifiutare;VERB;root;ROOT;(ROOT (cp (sn (DET Il) (NOUN giorno) (savv (ADP dopo))) (fc (f (sn (PROPN Lupetto)) (ibar (VERB rifiuta)) (compt (sn (DET i) (NOUN pomodori) (sa (ADJ ripieni))))) (CCONJ e) (f (ibar (VERB mangia)) (compt (sn (ADV solo) (DET un) (PRON po') (spd (ADP di) (sn (NOUN riso)))))) (PUNCT ,) (f (sn (DET il) (NOUN papà)) (ibar (VERB cerca)) (compt (sv2 (ADP di) (VERB farlo) (VERB ridere)))) (PUNCT ,) (f (ibar (VERB fa)) (compt (coord (sn (DET il) (NOUN pagliaccio)) (PUNCT ,) (sn (DET il) (NOUN gioco) (spd (ADP di) (sn (DET l') (NOUN aereo))))))) (PUNCT ,) (fc (CCONJ ma) (f (ibar (ADV non) (VERB funziona)))) (PUNCT ,) (f3 (sn (sq (DET tutti)) (DET i) (NOUN giorni)) (sn (DET la) (sa (ADJ stessa)) (NOUN storia) (PUNCT .))))));;3,92331699;content
88;8;i;il;DET;det;pomodori;(ROOT (cp (sn (DET Il) (NOUN giorno) (savv (ADP dopo))) (fc (f (sn (PROPN Lupetto)) (ibar (VERB rifiuta)) (compt (sn (DET i) (NOUN pomodori) (sa (ADJ ripieni))))) (CCONJ e) (f (ibar (VERB mangia)) (compt (sn (ADV solo) (DET un) (PRON po') (spd (ADP di) (sn (NOUN riso)))))) (PUNCT ,) (f (sn (DET il) (NOUN papà)) (ibar (VERB cerca)) (compt (sv2 (ADP di) (VERB farlo) (VERB ridere)))) (PUNCT ,) (f (ibar (VERB fa)) (compt (coord (sn (DET il) (NOUN pagliaccio)) (PUNCT ,) (sn (DET il) (NOUN gioco) (spd (ADP di) (sn (DET l') (NOUN aereo))))))) (PUNCT ,) (fc (CCONJ ma) (f (ibar (ADV non) (VERB funziona)))) (PUNCT ,) (f3 (sn (sq (DET tutti)) (DET i) (NOUN giorni)) (sn (DET la) (sa (ADJ stessa)) (NOUN storia) (PUNCT .))))));;6,584780852;function
89;8;pomodori;pomodoro;NOUN;obj;rifiuta;(ROOT (cp (sn (DET Il) (NOUN giorno) (savv (ADP dopo))) (fc (f (sn (PROPN Lupetto)) (ibar (VERB rifiuta)) (compt (sn (DET i) (NOUN pomodori) (sa (ADJ ripieni))))) (CCONJ e) (f (ibar (VERB mangia)) (compt (sn (ADV solo) (DET un) (PRON po') (spd (ADP di) (sn (NOUN riso)))))) (PUNCT ,) (f (sn (DET il) (NOUN papà)) (ibar (VERB cerca)) (compt (sv2 (ADP di) (VERB farlo) (VERB ridere)))) (PUNCT ,) (f (ibar (VERB fa)) (compt (coord (sn (DET il) (NOUN pagliaccio)) (PUNCT ,) (sn (DET il) (NOUN gioco) (spd (ADP di) (sn (DET l') (NOUN aereo))))))) (PUNCT ,) (fc (CCONJ ma) (f (ibar (ADV non) (VERB funziona)))) (PUNCT ,) (f3 (sn (sq (DET tutti)) (DET i) (NOUN giorni)) (sn (DET la) (sa (ADJ stessa)) (NOUN storia) (PUNCT .))))));4.40 ± 1.89;3,601700463;content
90;8;ripieni;ripieno;ADJ;amod;pomodori;(ROOT (cp (sn (DET Il) (NOUN giorno) (savv (ADP dopo))) (fc (f (sn (PROPN Lupetto)) (ibar (VERB rifiuta)) (compt (sn (DET i) (NOUN pomodori) (sa (ADJ ripieni))))) (CCONJ e) (f (ibar (VERB mangia)) (compt (sn (ADV solo) (DET un) (PRON po') (spd (ADP di) (sn (NOUN riso)))))) (PUNCT ,) (f (sn (DET il) (NOUN papà)) (ibar (VERB cerca)) (compt (sv2 (ADP di) (VERB farlo) (VERB ridere)))) (PUNCT ,) (f (ibar (VERB fa)) (compt (coord (sn (DET il) (NOUN pagliaccio)) (PUNCT ,) (sn (DET il) (NOUN gioco) (spd (ADP di) (sn (DET l') (NOUN aereo))))))) (PUNCT ,) (fc (CCONJ ma) (f (ibar (ADV non) (VERB funziona)))) (PUNCT ,) (f3 (sn (sq (DET tutti)) (DET i) (NOUN giorni)) (sn (DET la) (sa (ADJ stessa)) (NOUN storia) (PUNCT .))))));;2,872164467;content
91;8;e;e;CCONJ;cc;mangia;(ROOT (cp (sn (DET Il) (NOUN giorno) (savv (ADP dopo))) (fc (f (sn (PROPN Lupetto)) (ibar (VERB rifiuta)) (compt (sn (DET i) (NOUN pomodori) (sa (ADJ ripieni))))) (CCONJ e) (f (ibar (VERB mangia)) (compt (sn (ADV solo) (DET un) (PRON po') (spd (ADP di) (sn (NOUN riso)))))) (PUNCT ,) (f (sn (DET il) (NOUN papà)) (ibar (VERB cerca)) (compt (sv2 (ADP di) (VERB farlo) (VERB ridere)))) (PUNCT ,) (f (ibar (VERB fa)) (compt (coord (sn (DET il) (NOUN pagliaccio)) (PUNCT ,) (sn (DET il) (NOUN gioco) (spd (ADP di) (sn (DET l') (NOUN aereo))))))) (PUNCT ,) (fc (CCONJ ma) (f (ibar (ADV non) (VERB funziona)))) (PUNCT ,) (f3 (sn (sq (DET tutti)) (DET i) (NOUN giorni)) (sn (DET la) (sa (ADJ stessa)) (NOUN storia) (PUNCT .))))));;2,741151583;function
92;8;mangia;mangiare;VERB;conj;rifiuta;(ROOT (cp (sn (DET Il) (NOUN giorno) (savv (ADP dopo))) (fc (f (sn (PROPN Lupetto)) (ibar (VERB rifiuta)) (compt (sn (DET i) (NOUN pomodori) (sa (ADJ ripieni))))) (CCONJ e) (f (ibar (VERB mangia)) (compt (sn (ADV solo) (DET un) (PRON po') (spd (ADP di) (sn (NOUN riso)))))) (PUNCT ,) (f (sn (DET il) (NOUN papà)) (ibar (VERB cerca)) (compt (sv2 (ADP di) (VERB farlo) (VERB ridere)))) (PUNCT ,) (f (ibar (VERB fa)) (compt (coord (sn (DET il) (NOUN pagliaccio)) (PUNCT ,) (sn (DET il) (NOUN gioco) (spd (ADP di) (sn (DET l') (NOUN aereo))))))) (PUNCT ,) (fc (CCONJ ma) (f (ibar (ADV non) (VERB funziona)))) (PUNCT ,) (f3 (sn (sq (DET tutti)) (DET i) (NOUN giorni)) (sn (DET la) (sa (ADJ stessa)) (NOUN storia) (PUNCT .))))));3.24 ± 1.74;4,605980088;content
93;8;solo;solo;ADV;advmod;po';(ROOT (cp (sn (DET Il) (NOUN giorno) (savv (ADP dopo))) (fc (f (sn (PROPN Lupetto)) (ibar (VERB rifiuta)) (compt (sn (DET i) (NOUN pomodori) (sa (ADJ ripieni))))) (CCONJ e) (f (ibar (VERB mangia)) (compt (sn (ADV solo) (DET un) (PRON po') (spd (ADP di) (sn (NOUN riso)))))) (PUNCT ,) (f (sn (DET il) (NOUN papà)) (ibar (VERB cerca)) (compt (sv2 (ADP di) (VERB farlo) (VERB ridere)))) (PUNCT ,) (f (ibar (VERB fa)) (compt (coord (sn (DET il) (NOUN pagliaccio)) (PUNCT ,) (sn (DET il) (NOUN gioco) (spd (ADP di) (sn (DET l') (NOUN aereo))))))) (PUNCT ,) (fc (CCONJ ma) (f (ibar (ADV non) (VERB funziona)))) (PUNCT ,) (f3 (sn (sq (DET tutti)) (DET i) (NOUN giorni)) (sn (DET la) (sa (ADJ stessa)) (NOUN storia) (PUNCT .))))));4.60 ± 2.14;6,359323473;function
94;8;un;uno;DET;det;po';(ROOT (cp (sn (DET Il) (NOUN giorno) (savv (ADP dopo))) (fc (f (sn (PROPN Lupetto)) (ibar (VERB rifiuta)) (compt (sn (DET i) (NOUN pomodori) (sa (ADJ ripieni))))) (CCONJ e) (f (ibar (VERB mangia)) (compt (sn (ADV solo) (DET un) (PRON po') (spd (ADP di) (sn (NOUN riso)))))) (PUNCT ,) (f (sn (DET il) (NOUN papà)) (ibar (VERB cerca)) (compt (sv2 (ADP di) (VERB farlo) (VERB ridere)))) (PUNCT ,) (f (ibar (VERB fa)) (compt (coord (sn (DET il) (NOUN pagliaccio)) (PUNCT ,) (sn (DET il) (NOUN gioco) (spd (ADP di) (sn (DET l') (NOUN aereo))))))) (PUNCT ,) (fc (CCONJ ma) (f (ibar (ADV non) (VERB funziona)))) (PUNCT ,) (f3 (sn (sq (DET tutti)) (DET i) (NOUN giorni)) (sn (DET la) (sa (ADJ stessa)) (NOUN storia) (PUNCT .))))));;7,065833912;function
95;8;po;poco;PRON;obj;mangia;(ROOT (cp (sn (DET Il) (NOUN giorno) (savv (ADP dopo))) (fc (f (sn (PROPN Lupetto)) (ibar (VERB rifiuta)) (compt (sn (DET i) (NOUN pomodori) (sa (ADJ ripieni))))) (CCONJ e) (f (ibar (VERB mangia)) (compt (sn (ADV solo) (DET un) (PRON po') (spd (ADP di) (sn (NOUN riso)))))) (PUNCT ,) (f (sn (DET il) (NOUN papà)) (ibar (VERB cerca)) (compt (sv2 (ADP di) (VERB farlo) (VERB ridere)))) (PUNCT ,) (f (ibar (VERB fa)) (compt (coord (sn (DET il) (NOUN pagliaccio)) (PUNCT ,) (sn (DET il) (NOUN gioco) (spd (ADP di) (sn (DET l') (NOUN aereo))))))) (PUNCT ,) (fc (CCONJ ma) (f (ibar (ADV non) (VERB funziona)))) (PUNCT ,) (f3 (sn (sq (DET tutti)) (DET i) (NOUN giorni)) (sn (DET la) (sa (ADJ stessa)) (NOUN storia) (PUNCT .))))));;4,399095757;function
96;8;di;di;ADP;case;riso;(ROOT (cp (sn (DET Il) (NOUN giorno) (savv (ADP dopo))) (fc (f (sn (PROPN Lupetto)) (ibar (VERB rifiuta)) (compt (sn (DET i) (NOUN pomodori) (sa (ADJ ripieni))))) (CCONJ e) (f (ibar (VERB mangia)) (compt (sn (ADV solo) (DET un) (PRON po') (spd (ADP di) (sn (NOUN riso)))))) (PUNCT ,) (f (sn (DET il) (NOUN papà)) (ibar (VERB cerca)) (compt (sv2 (ADP di) (VERB farlo) (VERB ridere)))) (PUNCT ,) (f (ibar (VERB fa)) (compt (coord (sn (DET il) (NOUN pagliaccio)) (PUNCT ,) (sn (DET il) (NOUN gioco) (spd (ADP di) (sn (DET l') (NOUN aereo))))))) (PUNCT ,) (fc (CCONJ ma) (f (ibar (ADV non) (VERB funziona)))) (PUNCT ,) (f3 (sn (sq (DET tutti)) (DET i) (NOUN giorni)) (sn (DET la) (sa (ADJ stessa)) (NOUN storia) (PUNCT .))))));;7,232814475;function
97;8;riso;riso;NOUN;nmod;po';(ROOT (cp (sn (DET Il) (NOUN giorno) (savv (ADP dopo))) (fc (f (sn (PROPN Lupetto)) (ibar (VERB rifiuta)) (compt (sn (DET i) (NOUN pomodori) (sa (ADJ ripieni))))) (CCONJ e) (f (ibar (VERB mangia)) (compt (sn (ADV solo) (DET un) (PRON po') (spd (ADP di) (sn (NOUN riso)))))) (PUNCT ,) (f (sn (DET il) (NOUN papà)) (ibar (VERB cerca)) (compt (sv2 (ADP di) (VERB farlo) (VERB ridere)))) (PUNCT ,) (f (ibar (VERB fa)) (compt (coord (sn (DET il) (NOUN pagliaccio)) (PUNCT ,) (sn (DET il) (NOUN gioco) (spd (ADP di) (sn (DET l') (NOUN aereo))))))) (PUNCT ,) (fc (CCONJ ma) (f (ibar (ADV non) (VERB funziona)))) (PUNCT ,) (f3 (sn (sq (DET tutti)) (DET i) (NOUN giorni)) (sn (DET la) (sa (ADJ stessa)) (NOUN storia) (PUNCT .))))));5.68 ± 1.68;4,238781957;content
98;8;il;il;DET;det;papà;(ROOT (cp (sn (DET Il) (NOUN giorno) (savv (ADP dopo))) (fc (f (sn (PROPN Lupetto)) (ibar (VERB rifiuta)) (compt (sn (DET i) (NOUN pomodori) (sa (ADJ ripieni))))) (CCONJ e) (f (ibar (VERB mangia)) (compt (sn (ADV solo) (DET un) (PRON po') (spd (ADP di) (sn (NOUN riso)))))) (PUNCT ,) (f (sn (DET il) (NOUN papà)) (ibar (VERB cerca)) (compt (sv2 (ADP di) (VERB farlo) (VERB ridere)))) (PUNCT ,) (f (ibar (VERB fa)) (compt (coord (sn (DET il) (NOUN pagliaccio)) (PUNCT ,) (sn (DET il) (NOUN gioco) (spd (ADP di) (sn (DET l') (NOUN aereo))))))) (PUNCT ,) (fc (CCONJ ma) (f (ibar (ADV non) (VERB funziona)))) (PUNCT ,) (f3 (sn (sq (DET tutti)) (DET i) (NOUN giorni)) (sn (DET la) (sa (ADJ stessa)) (NOUN storia) (PUNCT .))))));;7,039560886;function
99;8;papà;papà;NOUN;nsubj;cerca;(ROOT (cp (sn (DET Il) (NOUN giorno) (savv (ADP dopo))) (fc (f (sn (PROPN Lupetto)) (ibar (VERB rifiuta)) (compt (sn (DET i) (NOUN pomodori) (sa (ADJ ripieni))))) (CCONJ e) (f (ibar (VERB mangia)) (compt (sn (ADV solo) (DET un) (PRON po') (spd (ADP di) (sn (NOUN riso)))))) (PUNCT ,) (f (sn (DET il) (NOUN papà)) (ibar (VERB cerca)) (compt (sv2 (ADP di) (VERB farlo) (VERB ridere)))) (PUNCT ,) (f (ibar (VERB fa)) (compt (coord (sn (DET il) (NOUN pagliaccio)) (PUNCT ,) (sn (DET il) (NOUN gioco) (spd (ADP di) (sn (DET l') (NOUN aereo))))))) (PUNCT ,) (fc (CCONJ ma) (f (ibar (ADV non) (VERB funziona)))) (PUNCT ,) (f3 (sn (sq (DET tutti)) (DET i) (NOUN giorni)) (sn (DET la) (sa (ADJ stessa)) (NOUN storia) (PUNCT .))))));2.20 ± 1.12;5,588106908;content
100;8;cerca;cercare;VERB;conj;rifiuta;(ROOT (cp (sn (DET Il) (NOUN giorno) (savv (ADP dopo))) (fc (f (sn (PROPN Lupetto)) (ibar (VERB rifiuta)) (compt (sn (DET i) (NOUN pomodori) (sa (ADJ ripieni))))) (CCONJ e) (f (ibar (VERB mangia)) (compt (sn (ADV solo) (DET un) (PRON po') (spd (ADP di) (sn (NOUN riso)))))) (PUNCT ,) (f (sn (DET il) (NOUN papà)) (ibar (VERB cerca)) (compt (sv2 (ADP di) (VERB farlo) (VERB ridere)))) (PUNCT ,) (f (ibar (VERB fa)) (compt (coord (sn (DET il) (NOUN pagliaccio)) (PUNCT ,) (sn (DET il) (NOUN gioco) (spd (ADP di) (sn (DET l') (NOUN aereo))))))) (PUNCT ,) (fc (CCONJ ma) (f (ibar (ADV non) (VERB funziona)))) (PUNCT ,) (f3 (sn (sq (DET tutti)) (DET i) (NOUN giorni)) (sn (DET la) (sa (ADJ stessa)) (NOUN storia) (PUNCT .))))));4.72 ± 2.28;5,003535817;content
101;8;di;di;ADP;mark;farlo;(ROOT (cp (sn (DET Il) (NOUN giorno) (savv (ADP dopo))) (fc (f (sn (PROPN Lupetto)) (ibar (VERB rifiuta)) (compt (sn (DET i) (NOUN pomodori) (sa (ADJ ripieni))))) (CCONJ e) (f (ibar (VERB mangia)) (compt (sn (ADV solo) (DET un) (PRON po') (spd (ADP di) (sn (NOUN riso)))))) (PUNCT ,) (f (sn (DET il) (NOUN papà)) (ibar (VERB cerca)) (compt (sv2 (ADP di) (VERB farlo) (VERB ridere)))) (PUNCT ,) (f (ibar (VERB fa)) (compt (coord (sn (DET il) (NOUN pagliaccio)) (PUNCT ,) (sn (DET il) (NOUN gioco) (spd (ADP di) (sn (DET l') (NOUN aereo))))))) (PUNCT ,) (fc (CCONJ ma) (f (ibar (ADV non) (VERB funziona)))) (PUNCT ,) (f3 (sn (sq (DET tutti)) (DET i) (NOUN giorni)) (sn (DET la) (sa (ADJ stessa)) (NOUN storia) (PUNCT .))))));;7,232814475;function
102;8;farlo;fare;VERB;xcomp;cerca;(ROOT (cp (sn (DET Il) (NOUN giorno) (savv (ADP dopo))) (fc (f (sn (PROPN Lupetto)) (ibar (VERB rifiuta)) (compt (sn (DET i) (NOUN pomodori) (sa (ADJ ripieni))))) (CCONJ e) (f (ibar (VERB mangia)) (compt (sn (ADV solo) (DET un) (PRON po') (spd (ADP di) (sn (NOUN riso)))))) (PUNCT ,) (f (sn (DET il) (NOUN papà)) (ibar (VERB cerca)) (compt (sv2 (ADP di) (VERB farlo) (VERB ridere)))) (PUNCT ,) (f (ibar (VERB fa)) (compt (coord (sn (DET il) (NOUN pagliaccio)) (PUNCT ,) (sn (DET il) (NOUN gioco) (spd (ADP di) (sn (DET l') (NOUN aereo))))))) (PUNCT ,) (fc (CCONJ ma) (f (ibar (ADV non) (VERB funziona)))) (PUNCT ,) (f3 (sn (sq (DET tutti)) (DET i) (NOUN giorni)) (sn (DET la) (sa (ADJ stessa)) (NOUN storia) (PUNCT .))))));4.40 ± 2.22;5,623860468;content
103;8;ridere;ridere;VERB;ccomp;farlo;(ROOT (cp (sn (DET Il) (NOUN giorno) (savv (ADP dopo))) (fc (f (sn (PROPN Lupetto)) (ibar (VERB rifiuta)) (compt (sn (DET i) (NOUN pomodori) (sa (ADJ ripieni))))) (CCONJ e) (f (ibar (VERB mangia)) (compt (sn (ADV solo) (DET un) (PRON po') (spd (ADP di) (sn (NOUN riso)))))) (PUNCT ,) (f (sn (DET il) (NOUN papà)) (ibar (VERB cerca)) (compt (sv2 (ADP di) (VERB farlo) (VERB ridere)))) (PUNCT ,) (f (ibar (VERB fa)) (compt (coord (sn (DET il) (NOUN pagliaccio)) (PUNCT ,) (sn (DET il) (NOUN gioco) (spd (ADP di) (sn (DET l') (NOUN aereo))))))) (PUNCT ,) (fc (CCONJ ma) (f (ibar (ADV non) (VERB funziona)))) (PUNCT ,) (f3 (sn (sq (DET tutti)) (DET i) (NOUN giorni)) (sn (DET la) (sa (ADJ stessa)) (NOUN storia) (PUNCT .))))));4.00 ± 1.66;4,604893202;content
104;8;fa;fare;VERB;conj;rifiuta;(ROOT (cp (sn (DET Il) (NOUN giorno) (savv (ADP dopo))) (fc (f (sn (PROPN Lupetto)) (ibar (VERB rifiuta)) (compt (sn (DET i) (NOUN pomodori) (sa (ADJ ripieni))))) (CCONJ e) (f (ibar (VERB mangia)) (compt (sn (ADV solo) (DET un) (PRON po') (spd (ADP di) (sn (NOUN riso)))))) (PUNCT ,) (f (sn (DET il) (NOUN papà)) (ibar (VERB cerca)) (compt (sv2 (ADP di) (VERB farlo) (VERB ridere)))) (PUNCT ,) (f (ibar (VERB fa)) (compt (coord (sn (DET il) (NOUN pagliaccio)) (PUNCT ,) (sn (DET il) (NOUN gioco) (spd (ADP di) (sn (DET l') (NOUN aereo))))))) (PUNCT ,) (fc (CCONJ ma) (f (ibar (ADV non) (VERB funziona)))) (PUNCT ,) (f3 (sn (sq (DET tutti)) (DET i) (NOUN giorni)) (sn (DET la) (sa (ADJ stessa)) (NOUN storia) (PUNCT .))))));4.40 ± 2.22;6,003549189;content
105;8;il;il;DET;det;pagliaccio;(ROOT (cp (sn (DET Il) (NOUN giorno) (savv (ADP dopo))) (fc (f (sn (PROPN Lupetto)) (ibar (VERB rifiuta)) (compt (sn (DET i) (NOUN pomodori) (sa (ADJ ripieni))))) (CCONJ e) (f (ibar (VERB mangia)) (compt (sn (ADV solo) (DET un) (PRON po') (spd (ADP di) (sn (NOUN riso)))))) (PUNCT ,) (f (sn (DET il) (NOUN papà)) (ibar (VERB cerca)) (compt (sv2 (ADP di) (VERB farlo) (VERB ridere)))) (PUNCT ,) (f (ibar (VERB fa)) (compt (coord (sn (DET il) (NOUN pagliaccio)) (PUNCT ,) (sn (DET il) (NOUN gioco) (spd (ADP di) (sn (DET l') (NOUN aereo))))))) (PUNCT ,) (fc (CCONJ ma) (f (ibar (ADV non) (VERB funziona)))) (PUNCT ,) (f3 (sn (sq (DET tutti)) (DET i) (NOUN giorni)) (sn (DET la) (sa (ADJ stessa)) (NOUN storia) (PUNCT .))))));;7,039560886;function
106;8;pagliaccio;pagliaccio;NOUN;obj;fa;(ROOT (cp (sn (DET Il) (NOUN giorno) (savv (ADP dopo))) (fc (f (sn (PROPN Lupetto)) (ibar (VERB rifiuta)) (compt (sn (DET i) (NOUN pomodori) (sa (ADJ ripieni))))) (CCONJ e) (f (ibar (VERB mangia)) (compt (sn (ADV solo) (DET un) (PRON po') (spd (ADP di) (sn (NOUN riso)))))) (PUNCT ,) (f (sn (DET il) (NOUN papà)) (ibar (VERB cerca)) (compt (sv2 (ADP di) (VERB farlo) (VERB ridere)))) (PUNCT ,) (f (ibar (VERB fa)) (compt (coord (sn (DET il) (NOUN pagliaccio)) (PUNCT ,) (sn (DET il) (NOUN gioco) (spd (ADP di) (sn (DET l') (NOUN aereo))))))) (PUNCT ,) (fc (CCONJ ma) (f (ibar (ADV non) (VERB funziona)))) (PUNCT ,) (f3 (sn (sq (DET tutti)) (DET i) (NOUN giorni)) (sn (DET la) (sa (ADJ stessa)) (NOUN storia) (PUNCT .))))));;3,689922594;content
107;8;il;il;DET;det;gioco;(ROOT (cp (sn (DET Il) (NOUN giorno) (savv (ADP dopo))) (fc (f (sn (PROPN Lupetto)) (ibar (VERB rifiuta)) (compt (sn (DET i) (NOUN pomodori) (sa (ADJ ripieni))))) (CCONJ e) (f (ibar (VERB mangia)) (compt (sn (ADV solo) (DET un) (PRON po') (spd (ADP di) (sn (NOUN riso)))))) (PUNCT ,) (f (sn (DET il) (NOUN papà)) (ibar (VERB cerca)) (compt (sv2 (ADP di) (VERB farlo) (VERB ridere)))) (PUNCT ,) (f (ibar (VERB fa)) (compt (coord (sn (DET il) (NOUN pagliaccio)) (PUNCT ,) (sn (DET il) (NOUN gioco) (spd (ADP di) (sn (DET l') (NOUN aereo))))))) (PUNCT ,) (fc (CCONJ ma) (f (ibar (ADV non) (VERB funziona)))) (PUNCT ,) (f3 (sn (sq (DET tutti)) (DET i) (NOUN giorni)) (sn (DET la) (sa (ADJ stessa)) (NOUN storia) (PUNCT .))))));;7,039560886;function
108;8;gioco;gioco;NOUN;conj;pagliaccio;(ROOT (cp (sn (DET Il) (NOUN giorno) (savv (ADP dopo))) (fc (f (sn (PROPN Lupetto)) (ibar (VERB rifiuta)) (compt (sn (DET i) (NOUN pomodori) (sa (ADJ ripieni))))) (CCONJ e) (f (ibar (VERB mangia)) (compt (sn (ADV solo) (DET un) (PRON po') (spd (ADP di) (sn (NOUN riso)))))) (PUNCT ,) (f (sn (DET il) (NOUN papà)) (ibar (VERB cerca)) (compt (sv2 (ADP di) (VERB farlo) (VERB ridere)))) (PUNCT ,) (f (ibar (VERB fa)) (compt (coord (sn (DET il) (NOUN pagliaccio)) (PUNCT ,) (sn (DET il) (NOUN gioco) (spd (ADP di) (sn (DET l') (NOUN aereo))))))) (PUNCT ,) (fc (CCONJ ma) (f (ibar (ADV non) (VERB funziona)))) (PUNCT ,) (f3 (sn (sq (DET tutti)) (DET i) (NOUN giorni)) (sn (DET la) (sa (ADJ stessa)) (NOUN storia) (PUNCT .))))));3.28 ± 1.24;5,136047;content
109;8;dell;di;ADP;case;aereo;(ROOT (cp (sn (DET Il) (NOUN giorno) (savv (ADP dopo))) (fc (f (sn (PROPN Lupetto)) (ibar (VERB rifiuta)) (compt (sn (DET i) (NOUN pomodori) (sa (ADJ ripieni))))) (CCONJ e) (f (ibar (VERB mangia)) (compt (sn (ADV solo) (DET un) (PRON po') (spd (ADP di) (sn (NOUN riso)))))) (PUNCT ,) (f (sn (DET il) (NOUN papà)) (ibar (VERB cerca)) (compt (sv2 (ADP di) (VERB farlo) (VERB ridere)))) (PUNCT ,) (f (ibar (VERB fa)) (compt (coord (sn (DET il) (NOUN pagliaccio)) (PUNCT ,) (sn (DET il) (NOUN gioco) (spd (ADP di) (sn (DET l') (NOUN aereo))))))) (PUNCT ,) (fc (CCONJ ma) (f (ibar (ADV non) (VERB funziona)))) (PUNCT ,) (f3 (sn (sq (DET tutti)) (DET i) (NOUN giorni)) (sn (DET la) (sa (ADJ stessa)) (NOUN storia) (PUNCT .))))));;5,839380824;function
110;8;aereo;aereo;NOUN;nmod;gioco;(ROOT (cp (sn (DET Il) (NOUN giorno) (savv (ADP dopo))) (fc (f (sn (PROPN Lupetto)) (ibar (VERB rifiuta)) (compt (sn (DET i) (NOUN pomodori) (sa (ADJ ripieni))))) (CCONJ e) (f (ibar (VERB mangia)) (compt (sn (ADV solo) (DET un) (PRON po') (spd (ADP di) (sn (NOUN riso)))))) (PUNCT ,) (f (sn (DET il) (NOUN papà)) (ibar (VERB cerca)) (compt (sv2 (ADP di) (VERB farlo) (VERB ridere)))) (PUNCT ,) (f (ibar (VERB fa)) (compt (coord (sn (DET il) (NOUN pagliaccio)) (PUNCT ,) (sn (DET il) (NOUN gioco) (spd (ADP di) (sn (DET l') (NOUN aereo))))))) (PUNCT ,) (fc (CCONJ ma) (f (ibar (ADV non) (VERB funziona)))) (PUNCT ,) (f3 (sn (sq (DET tutti)) (DET i) (NOUN giorni)) (sn (DET la) (sa (ADJ stessa)) (NOUN storia) (PUNCT .))))));5.44 ± 2.00;4,870850551;content
111;8;ma;ma;CCONJ;cc;funziona;(ROOT (cp (sn (DET Il) (NOUN giorno) (savv (ADP dopo))) (fc (f (sn (PROPN Lupetto)) (ibar (VERB rifiuta)) (compt (sn (DET i) (NOUN pomodori) (sa (ADJ ripieni))))) (CCONJ e) (f (ibar (VERB mangia)) (compt (sn (ADV solo) (DET un) (PRON po') (spd (ADP di) (sn (NOUN riso)))))) (PUNCT ,) (f (sn (DET il) (NOUN papà)) (ibar (VERB cerca)) (compt (sv2 (ADP di) (VERB farlo) (VERB ridere)))) (PUNCT ,) (f (ibar (VERB fa)) (compt (coord (sn (DET il) (NOUN pagliaccio)) (PUNCT ,) (sn (DET il) (NOUN gioco) (spd (ADP di) (sn (DET l') (NOUN aereo))))))) (PUNCT ,) (fc (CCONJ ma) (f (ibar (ADV non) (VERB funziona)))) (PUNCT ,) (f3 (sn (sq (DET tutti)) (DET i) (NOUN giorni)) (sn (DET la) (sa (ADJ stessa)) (NOUN storia) (PUNCT .))))));;6,662005813;function
112;8;non;non;ADV;advmod;funziona;(ROOT (cp (sn (DET Il) (NOUN giorno) (savv (ADP dopo))) (fc (f (sn (PROPN Lupetto)) (ibar (VERB rifiuta)) (compt (sn (DET i) (NOUN pomodori) (sa (ADJ ripieni))))) (CCONJ e) (f (ibar (VERB mangia)) (compt (sn (ADV solo) (DET un) (PRON po') (spd (ADP di) (sn (NOUN riso)))))) (PUNCT ,) (f (sn (DET il) (NOUN papà)) (ibar (VERB cerca)) (compt (sv2 (ADP di) (VERB farlo) (VERB ridere)))) (PUNCT ,) (f (ibar (VERB fa)) (compt (coord (sn (DET il) (NOUN pagliaccio)) (PUNCT ,) (sn (DET il) (NOUN gioco) (spd (ADP di) (sn (DET l') (NOUN aereo))))))) (PUNCT ,) (fc (CCONJ ma) (f (ibar (ADV non) (VERB funziona)))) (PUNCT ,) (f3 (sn (sq (DET tutti)) (DET i) (NOUN giorni)) (sn (DET la) (sa (ADJ stessa)) (NOUN storia) (PUNCT .))))));;7,259198169;function
113;8;funziona;funzionare;VERB;conj;rifiuta;(ROOT (cp (sn (DET Il) (NOUN giorno) (savv (ADP dopo))) (fc (f (sn (PROPN Lupetto)) (ibar (VERB rifiuta)) (compt (sn (DET i) (NOUN pomodori) (sa (ADJ ripieni))))) (CCONJ e) (f (ibar (VERB mangia)) (compt (sn (ADV solo) (DET un) (PRON po') (spd (ADP di) (sn (NOUN riso)))))) (PUNCT ,) (f (sn (DET il) (NOUN papà)) (ibar (VERB cerca)) (compt (sv2 (ADP di) (VERB farlo) (VERB ridere)))) (PUNCT ,) (f (ibar (VERB fa)) (compt (coord (sn (DET il) (NOUN pagliaccio)) (PUNCT ,) (sn (DET il) (NOUN gioco) (spd (ADP di) (sn (DET l') (NOUN aereo))))))) (PUNCT ,) (fc (CCONJ ma) (f (ibar (ADV non) (VERB funziona)))) (PUNCT ,) (f3 (sn (sq (DET tutti)) (DET i) (NOUN giorni)) (sn (DET la) (sa (ADJ stessa)) (NOUN storia) (PUNCT .))))));;4,959672295;content
114;8;tutti;tutto;DET;det:predet;giorni;(ROOT (cp (sn (DET Il) (NOUN giorno) (savv (ADP dopo))) (fc (f (sn (PROPN Lupetto)) (ibar (VERB rifiuta)) (compt (sn (DET i) (NOUN pomodori) (sa (ADJ ripieni))))) (CCONJ e) (f (ibar (VERB mangia)) (compt (sn (ADV solo) (DET un) (PRON po') (spd (ADP di) (sn (NOUN riso)))))) (PUNCT ,) (f (sn (DET il) (NOUN papà)) (ibar (VERB cerca)) (compt (sv2 (ADP di) (VERB farlo) (VERB ridere)))) (PUNCT ,) (f (ibar (VERB fa)) (compt (coord (sn (DET il) (NOUN pagliaccio)) (PUNCT ,) (sn (DET il) (NOUN gioco) (spd (ADP di) (sn (DET l') (NOUN aereo))))))) (PUNCT ,) (fc (CCONJ ma) (f (ibar (ADV non) (VERB funziona)))) (PUNCT ,) (f3 (sn (sq (DET tutti)) (DET i) (NOUN giorni)) (sn (DET la) (sa (ADJ stessa)) (NOUN storia) (PUNCT .))))));;6,110511188;function
115;8;i;il;DET;det;giorni;(ROOT (cp (sn (DET Il) (NOUN giorno) (savv (ADP dopo))) (fc (f (sn (PROPN Lupetto)) (ibar (VERB rifiuta)) (compt (sn (DET i) (NOUN pomodori) (sa (ADJ ripieni))))) (CCONJ e) (f (ibar (VERB mangia)) (compt (sn (ADV solo) (DET un) (PRON po') (spd (ADP di) (sn (NOUN riso)))))) (PUNCT ,) (f (sn (DET il) (NOUN papà)) (ibar (VERB cerca)) (compt (sv2 (ADP di) (VERB farlo) (VERB ridere)))) (PUNCT ,) (f (ibar (VERB fa)) (compt (coord (sn (DET il) (NOUN pagliaccio)) (PUNCT ,) (sn (DET il) (NOUN gioco) (spd (ADP di) (sn (DET l') (NOUN aereo))))))) (PUNCT ,) (fc (CCONJ ma) (f (ibar (ADV non) (VERB funziona)))) (PUNCT ,) (f3 (sn (sq (DET tutti)) (DET i) (NOUN giorni)) (sn (DET la) (sa (ADJ stessa)) (NOUN storia) (PUNCT .))))));;6,584780852;function
116;8;giorni;giorno;NOUN;obl;funziona;(ROOT (cp (sn (DET Il) (NOUN giorno) (savv (ADP dopo))) (fc (f (sn (PROPN Lupetto)) (ibar (VERB rifiuta)) (compt (sn (DET i) (NOUN pomodori) (sa (ADJ ripieni))))) (CCONJ e) (f (ibar (VERB mangia)) (compt (sn (ADV solo) (DET un) (PRON po') (spd (ADP di) (sn (NOUN riso)))))) (PUNCT ,) (f (sn (DET il) (NOUN papà)) (ibar (VERB cerca)) (compt (sv2 (ADP di) (VERB farlo) (VERB ridere)))) (PUNCT ,) (f (ibar (VERB fa)) (compt (coord (sn (DET il) (NOUN pagliaccio)) (PUNCT ,) (sn (DET il) (NOUN gioco) (spd (ADP di) (sn (DET l') (NOUN aereo))))))) (PUNCT ,) (fc (CCONJ ma) (f (ibar (ADV non) (VERB funziona)))) (PUNCT ,) (f3 (sn (sq (DET tutti)) (DET i) (NOUN giorni)) (sn (DET la) (sa (ADJ stessa)) (NOUN storia) (PUNCT .))))));3.80 ± 1.76;5,382499987;content
117;8;la;il;DET;det;storia;(ROOT (cp (sn (DET Il) (NOUN giorno) (savv (ADP dopo))) (fc (f (sn (PROPN Lupetto)) (ibar (VERB rifiuta)) (compt (sn (DET i) (NOUN pomodori) (sa (ADJ ripieni))))) (CCONJ e) (f (ibar (VERB mangia)) (compt (sn (ADV solo) (DET un) (PRON po') (spd (ADP di) (sn (NOUN riso)))))) (PUNCT ,) (f (sn (DET il) (NOUN papà)) (ibar (VERB cerca)) (compt (sv2 (ADP di) (VERB farlo) (VERB ridere)))) (PUNCT ,) (f (ibar (VERB fa)) (compt (coord (sn (DET il) (NOUN pagliaccio)) (PUNCT ,) (sn (DET il) (NOUN gioco) (spd (ADP di) (sn (DET l') (NOUN aereo))))))) (PUNCT ,) (fc (CCONJ ma) (f (ibar (ADV non) (VERB funziona)))) (PUNCT ,) (f3 (sn (sq (DET tutti)) (DET i) (NOUN giorni)) (sn (DET la) (sa (ADJ stessa)) (NOUN storia) (PUNCT .))))));;7,055331658;function
118;8;stessa;stesso;ADJ;amod;storia;(ROOT (cp (sn (DET Il) (NOUN giorno) (savv (ADP dopo))) (fc (f (sn (PROPN Lupetto)) (ibar (VERB rifiuta)) (compt (sn (DET i) (NOUN pomodori) (sa (ADJ ripieni))))) (CCONJ e) (f (ibar (VERB mangia)) (compt (sn (ADV solo) (DET un) (PRON po') (spd (ADP di) (sn (NOUN riso)))))) (PUNCT ,) (f (sn (DET il) (NOUN papà)) (ibar (VERB cerca)) (compt (sv2 (ADP di) (VERB farlo) (VERB ridere)))) (PUNCT ,) (f (ibar (VERB fa)) (compt (coord (sn (DET il) (NOUN pagliaccio)) (PUNCT ,) (sn (DET il) (NOUN gioco) (spd (ADP di) (sn (DET l') (NOUN aereo))))))) (PUNCT ,) (fc (CCONJ ma) (f (ibar (ADV non) (VERB funziona)))) (PUNCT ,) (f3 (sn (sq (DET tutti)) (DET i) (NOUN giorni)) (sn (DET la) (sa (ADJ stessa)) (NOUN storia) (PUNCT .))))));;5,313171884;content
119;8;storia;storia;NOUN;nsubj;funziona;(ROOT (cp (sn (DET Il) (NOUN giorno) (savv (ADP dopo))) (fc (f (sn (PROPN Lupetto)) (ibar (VERB rifiuta)) (compt (sn (DET i) (NOUN pomodori) (sa (ADJ ripieni))))) (CCONJ e) (f (ibar (VERB mangia)) (compt (sn (ADV solo) (DET un) (PRON po') (spd (ADP di) (sn (NOUN riso)))))) (PUNCT ,) (f (sn (DET il) (NOUN papà)) (ibar (VERB cerca)) (compt (sv2 (ADP di) (VERB farlo) (VERB ridere)))) (PUNCT ,) (f (ibar (VERB fa)) (compt (coord (sn (DET il) (NOUN pagliaccio)) (PUNCT ,) (sn (DET il) (NOUN gioco) (spd (ADP di) (sn (DET l') (NOUN aereo))))))) (PUNCT ,) (fc (CCONJ ma) (f (ibar (ADV non) (VERB funziona)))) (PUNCT ,) (f3 (sn (sq (DET tutti)) (DET i) (NOUN giorni)) (sn (DET la) (sa (ADJ stessa)) (NOUN storia) (PUNCT .))))));5.20 ± 1.41;5,43885969;content
120;9;a;a;ADP;case;Lupetto;(ROOT (fc (cp (sp (ADP A) (sn (PROPN Lupetto))) (f (ibar (ADV non) (VERB piace)) (compt (sn (PRON questo))))) (PUNCT ,) (cp (sp (ADP a) (sn (PROPN Lupetto))) (f (ibar (ADV non) (VERB piace)) (compt (sn (ADV quello…) (sq (DET Ogni)) (NOUN pasto))))) (f (ibar (AUX è)) (compc (sn (DET una) (NOUN battaglia)))) (PUNCT ,) (f (sn (PRON lui)) (ibar (VERB vuole)) (compt (sn (DET la) (NOUN pastasciutta)) (PUNCT ,) (sn (sq (DET tutti)) (DET i) (NOUN giorni)) (sn (DET la) (NOUN pastasciutta) (PUNCT .))))));;7,004335738;function
121;9;lupetto;Lupetto;PROPN;obl;piace;(ROOT (fc (cp (sp (ADP A) (sn (PROPN Lupetto))) (f (ibar (ADV non) (VERB piace)) (compt (sn (PRON questo))))) (PUNCT ,) (cp (sp (ADP a) (sn (PROPN Lupetto))) (f (ibar (ADV non) (VERB piace)) (compt (sn (ADV quello…) (sq (DET Ogni)) (NOUN pasto))))) (f (ibar (AUX è)) (compc (sn (DET una) (NOUN battaglia)))) (PUNCT ,) (f (sn (PRON lui)) (ibar (VERB vuole)) (compt (sn (DET la) (NOUN pastasciutta)) (PUNCT ,) (sn (sq (DET tutti)) (DET i) (NOUN giorni)) (sn (DET la) (NOUN pastasciutta) (PUNCT .))))));;2,433961279;content
122;9;non;non;ADV;advmod;piace;(ROOT (fc (cp (sp (ADP A) (sn (PROPN Lupetto))) (f (ibar (ADV non) (VERB piace)) (compt (sn (PRON questo))))) (PUNCT ,) (cp (sp (ADP a) (sn (PROPN Lupetto))) (f (ibar (ADV non) (VERB piace)) (compt (sn (ADV quello…) (sq (DET Ogni)) (NOUN pasto))))) (f (ibar (AUX è)) (compc (sn (DET una) (NOUN battaglia)))) (PUNCT ,) (f (sn (PRON lui)) (ibar (VERB vuole)) (compt (sn (DET la) (NOUN pastasciutta)) (PUNCT ,) (sn (sq (DET tutti)) (DET i) (NOUN giorni)) (sn (DET la) (NOUN pastasciutta) (PUNCT .))))));;7,259198169;function
123;9;piace;piacere;VERB;root;ROOT;(ROOT (fc (cp (sp (ADP A) (sn (PROPN Lupetto))) (f (ibar (ADV non) (VERB piace)) (compt (sn (PRON questo))))) (PUNCT ,) (cp (sp (ADP a) (sn (PROPN Lupetto))) (f (ibar (ADV non) (VERB piace)) (compt (sn (ADV quello…) (sq (DET Ogni)) (NOUN pasto))))) (f (ibar (AUX è)) (compc (sn (DET una) (NOUN battaglia)))) (PUNCT ,) (f (sn (PRON lui)) (ibar (VERB vuole)) (compt (sn (DET la) (NOUN pastasciutta)) (PUNCT ,) (sn (sq (DET tutti)) (DET i) (NOUN giorni)) (sn (DET la) (NOUN pastasciutta) (PUNCT .))))));7.64 ± 3.16;5,587732603;content
124;9;questo;questo;PRON;nsubj;piace;(ROOT (fc (cp (sp (ADP A) (sn (PROPN Lupetto))) (f (ibar (ADV non) (VERB piace)) (compt (sn (PRON questo))))) (PUNCT ,) (cp (sp (ADP a) (sn (PROPN Lupetto))) (f (ibar (ADV non) (VERB piace)) (compt (sn (ADV quello…) (sq (DET Ogni)) (NOUN pasto))))) (f (ibar (AUX è)) (compc (sn (DET una) (NOUN battaglia)))) (PUNCT ,) (f (sn (PRON lui)) (ibar (VERB vuole)) (compt (sn (DET la) (NOUN pastasciutta)) (PUNCT ,) (sn (sq (DET tutti)) (DET i) (NOUN giorni)) (sn (DET la) (NOUN pastasciutta) (PUNCT .))))));;6,484206212;function
125;9;a;a;ADP;case;Lupetto;(ROOT (fc (cp (sp (ADP A) (sn (PROPN Lupetto))) (f (ibar (ADV non) (VERB piace)) (compt (sn (PRON questo))))) (PUNCT ,) (cp (sp (ADP a) (sn (PROPN Lupetto))) (f (ibar (ADV non) (VERB piace)) (compt (sn (ADV quello…) (sq (DET Ogni)) (NOUN pasto))))) (f (ibar (AUX è)) (compc (sn (DET una) (NOUN battaglia)))) (PUNCT ,) (f (sn (PRON lui)) (ibar (VERB vuole)) (compt (sn (DET la) (NOUN pastasciutta)) (PUNCT ,) (sn (sq (DET tutti)) (DET i) (NOUN giorni)) (sn (DET la) (NOUN pastasciutta) (PUNCT .))))));;7,004335738;function
126;9;lupetto;Lupetto;PROPN;obl;piace;(ROOT (fc (cp (sp (ADP A) (sn (PROPN Lupetto))) (f (ibar (ADV non) (VERB piace)) (compt (sn (PRON questo))))) (PUNCT ,) (cp (sp (ADP a) (sn (PROPN Lupetto))) (f (ibar (ADV non) (VERB piace)) (compt (sn (ADV quello…) (sq (DET Ogni)) (NOUN pasto))))) (f (ibar (AUX è)) (compc (sn (DET una) (NOUN battaglia)))) (PUNCT ,) (f (sn (PRON lui)) (ibar (VERB vuole)) (compt (sn (DET la) (NOUN pastasciutta)) (PUNCT ,) (sn (sq (DET tutti)) (DET i) (NOUN giorni)) (sn (DET la) (NOUN pastasciutta) (PUNCT .))))));;2,433961279;content
127;9;non;non;ADV;advmod;piace;(ROOT (fc (cp (sp (ADP A) (sn (PROPN Lupetto))) (f (ibar (ADV non) (VERB piace)) (compt (sn (PRON questo))))) (PUNCT ,) (cp (sp (ADP a) (sn (PROPN Lupetto))) (f (ibar (ADV non) (VERB piace)) (compt (sn (ADV quello…) (sq (DET Ogni)) (NOUN pasto))))) (f (ibar (AUX è)) (compc (sn (DET una) (NOUN battaglia)))) (PUNCT ,) (f (sn (PRON lui)) (ibar (VERB vuole)) (compt (sn (DET la) (NOUN pastasciutta)) (PUNCT ,) (sn (sq (DET tutti)) (DET i) (NOUN giorni)) (sn (DET la) (NOUN pastasciutta) (PUNCT .))))));;7,259198169;function
128;9;piace;piacere;VERB;conj;piace;(ROOT (fc (cp (sp (ADP A) (sn (PROPN Lupetto))) (f (ibar (ADV non) (VERB piace)) (compt (sn (PRON questo))))) (PUNCT ,) (cp (sp (ADP a) (sn (PROPN Lupetto))) (f (ibar (ADV non) (VERB piace)) (compt (sn (ADV quello…) (sq (DET Ogni)) (NOUN pasto))))) (f (ibar (AUX è)) (compc (sn (DET una) (NOUN battaglia)))) (PUNCT ,) (f (sn (PRON lui)) (ibar (VERB vuole)) (compt (sn (DET la) (NOUN pastasciutta)) (PUNCT ,) (sn (sq (DET tutti)) (DET i) (NOUN giorni)) (sn (DET la) (NOUN pastasciutta) (PUNCT .))))));7.64 ± 3.16;5,587732603;content
129;9;quello…;quello…;ADV;mark;battaglia;(ROOT (fc (cp (sp (ADP A) (sn (PROPN Lupetto))) (f (ibar (ADV non) (VERB piace)) (compt (sn (PRON questo))))) (PUNCT ,) (cp (sp (ADP a) (sn (PROPN Lupetto))) (f (ibar (ADV non) (VERB piace)) (compt (sn (ADV quello…) (sq (DET Ogni)) (NOUN pasto))))) (f (ibar (AUX è)) (compc (sn (DET una) (NOUN battaglia)))) (PUNCT ,) (f (sn (PRON lui)) (ibar (VERB vuole)) (compt (sn (DET la) (NOUN pastasciutta)) (PUNCT ,) (sn (sq (DET tutti)) (DET i) (NOUN giorni)) (sn (DET la) (NOUN pastasciutta) (PUNCT .))))));;;function
130;9;ogni;ogni;DET;det;pasto;(ROOT (fc (cp (sp (ADP A) (sn (PROPN Lupetto))) (f (ibar (ADV non) (VERB piace)) (compt (sn (PRON questo))))) (PUNCT ,) (cp (sp (ADP a) (sn (PROPN Lupetto))) (f (ibar (ADV non) (VERB piace)) (compt (sn (ADV quello…) (sq (DET Ogni)) (NOUN pasto))))) (f (ibar (AUX è)) (compc (sn (DET una) (NOUN battaglia)))) (PUNCT ,) (f (sn (PRON lui)) (ibar (VERB vuole)) (compt (sn (DET la) (NOUN pastasciutta)) (PUNCT ,) (sn (sq (DET tutti)) (DET i) (NOUN giorni)) (sn (DET la) (NOUN pastasciutta) (PUNCT .))))));;5,722242451;function
131;9;pasto;pasto;NOUN;nsubj;battaglia;(ROOT (fc (cp (sp (ADP A) (sn (PROPN Lupetto))) (f (ibar (ADV non) (VERB piace)) (compt (sn (PRON questo))))) (PUNCT ,) (cp (sp (ADP a) (sn (PROPN Lupetto))) (f (ibar (ADV non) (VERB piace)) (compt (sn (ADV quello…) (sq (DET Ogni)) (NOUN pasto))))) (f (ibar (AUX è)) (compc (sn (DET una) (NOUN battaglia)))) (PUNCT ,) (f (sn (PRON lui)) (ibar (VERB vuole)) (compt (sn (DET la) (NOUN pastasciutta)) (PUNCT ,) (sn (sq (DET tutti)) (DET i) (NOUN giorni)) (sn (DET la) (NOUN pastasciutta) (PUNCT .))))));;4,135159074;content
132;9;è;essere;AUX;cop;battaglia;(ROOT (fc (cp (sp (ADP A) (sn (PROPN Lupetto))) (f (ibar (ADV non) (VERB piace)) (compt (sn (PRON questo))))) (PUNCT ,) (cp (sp (ADP a) (sn (PROPN Lupetto))) (f (ibar (ADV non) (VERB piace)) (compt (sn (ADV quello…) (sq (DET Ogni)) (NOUN pasto))))) (f (ibar (AUX è)) (compc (sn (DET una) (NOUN battaglia)))) (PUNCT ,) (f (sn (PRON lui)) (ibar (VERB vuole)) (compt (sn (DET la) (NOUN pastasciutta)) (PUNCT ,) (sn (sq (DET tutti)) (DET i) (NOUN giorni)) (sn (DET la) (NOUN pastasciutta) (PUNCT .))))));;7,249521761;function
133;9;una;uno;DET;det;battaglia;(ROOT (fc (cp (sp (ADP A) (sn (PROPN Lupetto))) (f (ibar (ADV non) (VERB piace)) (compt (sn (PRON questo))))) (PUNCT ,) (cp (sp (ADP a) (sn (PROPN Lupetto))) (f (ibar (ADV non) (VERB piace)) (compt (sn (ADV quello…) (sq (DET Ogni)) (NOUN pasto))))) (f (ibar (AUX è)) (compc (sn (DET una) (NOUN battaglia)))) (PUNCT ,) (f (sn (PRON lui)) (ibar (VERB vuole)) (compt (sn (DET la) (NOUN pastasciutta)) (PUNCT ,) (sn (sq (DET tutti)) (DET i) (NOUN giorni)) (sn (DET la) (NOUN pastasciutta) (PUNCT .))))));;6,801817508;function
134;9;battaglia;battaglia;NOUN;conj;piace;(ROOT (fc (cp (sp (ADP A) (sn (PROPN Lupetto))) (f (ibar (ADV non) (VERB piace)) (compt (sn (PRON questo))))) (PUNCT ,) (cp (sp (ADP a) (sn (PROPN Lupetto))) (f (ibar (ADV non) (VERB piace)) (compt (sn (ADV quello…) (sq (DET Ogni)) (NOUN pasto))))) (f (ibar (AUX è)) (compc (sn (DET una) (NOUN battaglia)))) (PUNCT ,) (f (sn (PRON lui)) (ibar (VERB vuole)) (compt (sn (DET la) (NOUN pastasciutta)) (PUNCT ,) (sn (sq (DET tutti)) (DET i) (NOUN giorni)) (sn (DET la) (NOUN pastasciutta) (PUNCT .))))));;4,600940838;content
135;9;lui;lui;PRON;nsubj;vuole;(ROOT (fc (cp (sp (ADP A) (sn (PROPN Lupetto))) (f (ibar (ADV non) (VERB piace)) (compt (sn (PRON questo))))) (PUNCT ,) (cp (sp (ADP a) (sn (PROPN Lupetto))) (f (ibar (ADV non) (VERB piace)) (compt (sn (ADV quello…) (sq (DET Ogni)) (NOUN pasto))))) (f (ibar (AUX è)) (compc (sn (DET una) (NOUN battaglia)))) (PUNCT ,) (f (sn (PRON lui)) (ibar (VERB vuole)) (compt (sn (DET la) (NOUN pastasciutta)) (PUNCT ,) (sn (sq (DET tutti)) (DET i) (NOUN giorni)) (sn (DET la) (NOUN pastasciutta) (PUNCT .))))));;6,077050011;function
136;9;vuole;volere;VERB;conj;piace;(ROOT (fc (cp (sp (ADP A) (sn (PROPN Lupetto))) (f (ibar (ADV non) (VERB piace)) (compt (sn (PRON questo))))) (PUNCT ,) (cp (sp (ADP a) (sn (PROPN Lupetto))) (f (ibar (ADV non) (VERB piace)) (compt (sn (ADV quello…) (sq (DET Ogni)) (NOUN pasto))))) (f (ibar (AUX è)) (compc (sn (DET una) (NOUN battaglia)))) (PUNCT ,) (f (sn (PRON lui)) (ibar (VERB vuole)) (compt (sn (DET la) (NOUN pastasciutta)) (PUNCT ,) (sn (sq (DET tutti)) (DET i) (NOUN giorni)) (sn (DET la) (NOUN pastasciutta) (PUNCT .))))));;5,745182159;content
137;9;la;il;DET;det;pastasciutta;(ROOT (fc (cp (sp (ADP A) (sn (PROPN Lupetto))) (f (ibar (ADV non) (VERB piace)) (compt (sn (PRON questo))))) (PUNCT ,) (cp (sp (ADP a) (sn (PROPN Lupetto))) (f (ibar (ADV non) (VERB piace)) (compt (sn (ADV quello…) (sq (DET Ogni)) (NOUN pasto))))) (f (ibar (AUX è)) (compc (sn (DET una) (NOUN battaglia)))) (PUNCT ,) (f (sn (PRON lui)) (ibar (VERB vuole)) (compt (sn (DET la) (NOUN pastasciutta)) (PUNCT ,) (sn (sq (DET tutti)) (DET i) (NOUN giorni)) (sn (DET la) (NOUN pastasciutta) (PUNCT .))))));;7,055331658;function
138;9;pastasciutta;pastasciutta;NOUN;obj;vuole;(ROOT (fc (cp (sp (ADP A) (sn (PROPN Lupetto))) (f (ibar (ADV non) (VERB piace)) (compt (sn (PRON questo))))) (PUNCT ,) (cp (sp (ADP a) (sn (PROPN Lupetto))) (f (ibar (ADV non) (VERB piace)) (compt (sn (ADV quello…) (sq (DET Ogni)) (NOUN pasto))))) (f (ibar (AUX è)) (compc (sn (DET una) (NOUN battaglia)))) (PUNCT ,) (f (sn (PRON lui)) (ibar (VERB vuole)) (compt (sn (DET la) (NOUN pastasciutta)) (PUNCT ,) (sn (sq (DET tutti)) (DET i) (NOUN giorni)) (sn (DET la) (NOUN pastasciutta) (PUNCT .))))));;2,145165739;content
139;9;tutti;tutto;DET;det:predet;giorni;(ROOT (fc (cp (sp (ADP A) (sn (PROPN Lupetto))) (f (ibar (ADV non) (VERB piace)) (compt (sn (PRON questo))))) (PUNCT ,) (cp (sp (ADP a) (sn (PROPN Lupetto))) (f (ibar (ADV non) (VERB piace)) (compt (sn (ADV quello…) (sq (DET Ogni)) (NOUN pasto))))) (f (ibar (AUX è)) (compc (sn (DET una) (NOUN battaglia)))) (PUNCT ,) (f (sn (PRON lui)) (ibar (VERB vuole)) (compt (sn (DET la) (NOUN pastasciutta)) (PUNCT ,) (sn (sq (DET tutti)) (DET i) (NOUN giorni)) (sn (DET la) (NOUN pastasciutta) (PUNCT .))))));;6,110511188;function
140;9;i;il;DET;det;giorni;(ROOT (fc (cp (sp (ADP A) (sn (PROPN Lupetto))) (f (ibar (ADV non) (VERB piace)) (compt (sn (PRON questo))))) (PUNCT ,) (cp (sp (ADP a) (sn (PROPN Lupetto))) (f (ibar (ADV non) (VERB piace)) (compt (sn (ADV quello…) (sq (DET Ogni)) (NOUN pasto))))) (f (ibar (AUX è)) (compc (sn (DET una) (NOUN battaglia)))) (PUNCT ,) (f (sn (PRON lui)) (ibar (VERB vuole)) (compt (sn (DET la) (NOUN pastasciutta)) (PUNCT ,) (sn (sq (DET tutti)) (DET i) (NOUN giorni)) (sn (DET la) (NOUN pastasciutta) (PUNCT .))))));;6,584780852;function
141;9;giorni;giorno;NOUN;nmod;pastasciutta;(ROOT (fc (cp (sp (ADP A) (sn (PROPN Lupetto))) (f (ibar (ADV non) (VERB piace)) (compt (sn (PRON questo))))) (PUNCT ,) (cp (sp (ADP a) (sn (PROPN Lupetto))) (f (ibar (ADV non) (VERB piace)) (compt (sn (ADV quello…) (sq (DET Ogni)) (NOUN pasto))))) (f (ibar (AUX è)) (compc (sn (DET una) (NOUN battaglia)))) (PUNCT ,) (f (sn (PRON lui)) (ibar (VERB vuole)) (compt (sn (DET la) (NOUN pastasciutta)) (PUNCT ,) (sn (sq (DET tutti)) (DET i) (NOUN giorni)) (sn (DET la) (NOUN pastasciutta) (PUNCT .))))));3.80 ± 1.76;5,382499987;content
142;9;la;il;DET;det;pastasciutta;(ROOT (fc (cp (sp (ADP A) (sn (PROPN Lupetto))) (f (ibar (ADV non) (VERB piace)) (compt (sn (PRON questo))))) (PUNCT ,) (cp (sp (ADP a) (sn (PROPN Lupetto))) (f (ibar (ADV non) (VERB piace)) (compt (sn (ADV quello…) (sq (DET Ogni)) (NOUN pasto))))) (f (ibar (AUX è)) (compc (sn (DET una) (NOUN battaglia)))) (PUNCT ,) (f (sn (PRON lui)) (ibar (VERB vuole)) (compt (sn (DET la) (NOUN pastasciutta)) (PUNCT ,) (sn (sq (DET tutti)) (DET i) (NOUN giorni)) (sn (DET la) (NOUN pastasciutta) (PUNCT .))))));;7,055331658;function
143;9;pastasciutta;pastasciutta;NOUN;obj;vuole;(ROOT (fc (cp (sp (ADP A) (sn (PROPN Lupetto))) (f (ibar (ADV non) (VERB piace)) (compt (sn (PRON questo))))) (PUNCT ,) (cp (sp (ADP a) (sn (PROPN Lupetto))) (f (ibar (ADV non) (VERB piace)) (compt (sn (ADV quello…) (sq (DET Ogni)) (NOUN pasto))))) (f (ibar (AUX è)) (compc (sn (DET una) (NOUN battaglia)))) (PUNCT ,) (f (sn (PRON lui)) (ibar (VERB vuole)) (compt (sn (DET la) (NOUN pastasciutta)) (PUNCT ,) (sn (sq (DET tutti)) (DET i) (NOUN giorni)) (sn (DET la) (NOUN pastasciutta) (PUNCT .))))));;2,145165739;content
144;10;una;uno;DET;det;sera;(ROOT (cp (sn (DET Una) (NOUN sera)) (f (sn (PROPN Lupetto)) (ibar (VERB rovescia)) (compt (sn (DET il) (NOUN piatto))) (fs (SCONJ perché) (f (ibar (ADV non) (AUX vuole) (VERB mangiare)) (compt (sn (DET i) (NOUN piselli) (PUNCT .))))))));;6,801817508;function
145;10;sera;sera;NOUN;obl;rovescia;(ROOT (cp (sn (DET Una) (NOUN sera)) (f (sn (PROPN Lupetto)) (ibar (VERB rovescia)) (compt (sn (DET il) (NOUN piatto))) (fs (SCONJ perché) (f (ibar (ADV non) (AUX vuole) (VERB mangiare)) (compt (sn (DET i) (NOUN piselli) (PUNCT .))))))));4.60 ± 2.22;5,361082228;content
146;10;lupetto;Lupetto;PROPN;nsubj;rovescia;(ROOT (cp (sn (DET Una) (NOUN sera)) (f (sn (PROPN Lupetto)) (ibar (VERB rovescia)) (compt (sn (DET il) (NOUN piatto))) (fs (SCONJ perché) (f (ibar (ADV non) (AUX vuole) (VERB mangiare)) (compt (sn (DET i) (NOUN piselli) (PUNCT .))))))));;2,433961279;content
147;10;rovescia;rovesciare;VERB;root;ROOT;(ROOT (cp (sn (DET Una) (NOUN sera)) (f (sn (PROPN Lupetto)) (ibar (VERB rovescia)) (compt (sn (DET il) (NOUN piatto))) (fs (SCONJ perché) (f (ibar (ADV non) (AUX vuole) (VERB mangiare)) (compt (sn (DET i) (NOUN piselli) (PUNCT .))))))));6.24 ± 2.95;3,730626469;content
148;10;il;il;DET;det;piatto;(ROOT (cp (sn (DET Una) (NOUN sera)) (f (sn (PROPN Lupetto)) (ibar (VERB rovescia)) (compt (sn (DET il) (NOUN piatto))) (fs (SCONJ perché) (f (ibar (ADV non) (AUX vuole) (VERB mangiare)) (compt (sn (DET i) (NOUN piselli) (PUNCT .))))))));;7,039560886;function
149;10;piatto;piatto;NOUN;obj;rovescia;(ROOT (cp (sn (DET Una) (NOUN sera)) (f (sn (PROPN Lupetto)) (ibar (VERB rovescia)) (compt (sn (DET il) (NOUN piatto))) (fs (SCONJ perché) (f (ibar (ADV non) (AUX vuole) (VERB mangiare)) (compt (sn (DET i) (NOUN piselli) (PUNCT .))))))));3.36 ± 1.50;4,365419149;content
150;10;perché;perché;SCONJ;mark;mangiare;(ROOT (cp (sn (DET Una) (NOUN sera)) (f (sn (PROPN Lupetto)) (ibar (VERB rovescia)) (compt (sn (DET il) (NOUN piatto))) (fs (SCONJ perché) (f (ibar (ADV non) (AUX vuole) (VERB mangiare)) (compt (sn (DET i) (NOUN piselli) (PUNCT .))))))));;5,965637226;function
151;10;non;non;ADV;advmod;mangiare;(ROOT (cp (sn (DET Una) (NOUN sera)) (f (sn (PROPN Lupetto)) (ibar (VERB rovescia)) (compt (sn (DET il) (NOUN piatto))) (fs (SCONJ perché) (f (ibar (ADV non) (AUX vuole) (VERB mangiare)) (compt (sn (DET i) (NOUN piselli) (PUNCT .))))))));;7,259198169;function
152;10;vuole;volere;AUX;aux;mangiare;(ROOT (cp (sn (DET Una) (NOUN sera)) (f (sn (PROPN Lupetto)) (ibar (VERB rovescia)) (compt (sn (DET il) (NOUN piatto))) (fs (SCONJ perché) (f (ibar (ADV non) (AUX vuole) (VERB mangiare)) (compt (sn (DET i) (NOUN piselli) (PUNCT .))))))));;5,745182159;function
153;10;mangiare;mangiare;VERB;advcl;rovescia;(ROOT (cp (sn (DET Una) (NOUN sera)) (f (sn (PROPN Lupetto)) (ibar (VERB rovescia)) (compt (sn (DET il) (NOUN piatto))) (fs (SCONJ perché) (f (ibar (ADV non) (AUX vuole) (VERB mangiare)) (compt (sn (DET i) (NOUN piselli) (PUNCT .))))))));3.24 ± 1.74;5,112999615;content
154;10;i;il;DET;det;piselli;(ROOT (cp (sn (DET Una) (NOUN sera)) (f (sn (PROPN Lupetto)) (ibar (VERB rovescia)) (compt (sn (DET il) (NOUN piatto))) (fs (SCONJ perché) (f (ibar (ADV non) (AUX vuole) (VERB mangiare)) (compt (sn (DET i) (NOUN piselli) (PUNCT .))))))));;6,584780852;function
155;10;piselli;pisello;NOUN;obj;mangiare;(ROOT (cp (sn (DET Una) (NOUN sera)) (f (sn (PROPN Lupetto)) (ibar (VERB rovescia)) (compt (sn (DET il) (NOUN piatto))) (fs (SCONJ perché) (f (ibar (ADV non) (AUX vuole) (VERB mangiare)) (compt (sn (DET i) (NOUN piselli) (PUNCT .))))))));4.04 ± 1.54;3,518282164;content
156;11;fila;fila;NOUN;root;ROOT;(ROOT (dirsp (PUNCT “) (f3 (sn (NOUN Fila) (sp (ADP in) (sn (NOUN camera) (sa (coord (DET tua) (CCONJ e) (ADJ calmati))))))) (PUNCT !) (PUNCT ”) (fp (PUNCT ,) (f (ibar (PRON gli) (VERB dice)) (compt (sn (DET il) (NOUN papà) (PUNCT .)))))));;4,555192734;content
157;11;in;in;ADP;case;camera;(ROOT (dirsp (PUNCT “) (f3 (sn (NOUN Fila) (sp (ADP in) (sn (NOUN camera) (sa (coord (DET tua) (CCONJ e) (ADJ calmati))))))) (PUNCT !) (PUNCT ”) (fp (PUNCT ,) (f (ibar (PRON gli) (VERB dice)) (compt (sn (DET il) (NOUN papà) (PUNCT .)))))));;6,797274494;function
158;11;camera;camera;NOUN;nmod;Fila;(ROOT (dirsp (PUNCT “) (f3 (sn (NOUN Fila) (sp (ADP in) (sn (NOUN camera) (sa (coord (DET tua) (CCONJ e) (ADJ calmati))))))) (PUNCT !) (PUNCT ”) (fp (PUNCT ,) (f (ibar (PRON gli) (VERB dice)) (compt (sn (DET il) (NOUN papà) (PUNCT .)))))));4.24 ± 2.09;4,957596278;content
159;11;tua;tuo;DET;det:poss;camera;(ROOT (dirsp (PUNCT “) (f3 (sn (NOUN Fila) (sp (ADP in) (sn (NOUN camera) (sa (coord (DET tua) (CCONJ e) (ADJ calmati))))))) (PUNCT !) (PUNCT ”) (fp (PUNCT ,) (f (ibar (PRON gli) (VERB dice)) (compt (sn (DET il) (NOUN papà) (PUNCT .)))))));;6,037748803;function
160;11;e;e;CCONJ;cc;calmati;(ROOT (dirsp (PUNCT “) (f3 (sn (NOUN Fila) (sp (ADP in) (sn (NOUN camera) (sa (coord (DET tua) (CCONJ e) (ADJ calmati))))))) (PUNCT !) (PUNCT ”) (fp (PUNCT ,) (f (ibar (PRON gli) (VERB dice)) (compt (sn (DET il) (NOUN papà) (PUNCT .)))))));;2,741151583;function
161;11;calmati;calmato;ADJ;conj;tua;(ROOT (dirsp (PUNCT “) (f3 (sn (NOUN Fila) (sp (ADP in) (sn (NOUN camera) (sa (coord (DET tua) (CCONJ e) (ADJ calmati))))))) (PUNCT !) (PUNCT ”) (fp (PUNCT ,) (f (ibar (PRON gli) (VERB dice)) (compt (sn (DET il) (NOUN papà) (PUNCT .)))))));;4,69122833;content
162;11;gli;gli;PRON;iobj;dice;(ROOT (dirsp (PUNCT “) (f3 (sn (NOUN Fila) (sp (ADP in) (sn (NOUN camera) (sa (coord (DET tua) (CCONJ e) (ADJ calmati))))))) (PUNCT !) (PUNCT ”) (fp (PUNCT ,) (f (ibar (PRON gli) (VERB dice)) (compt (sn (DET il) (NOUN papà) (PUNCT .)))))));;6,227520191;function
163;11;dice;dire;VERB;parataxis;Fila;(ROOT (dirsp (PUNCT “) (f3 (sn (NOUN Fila) (sp (ADP in) (sn (NOUN camera) (sa (coord (DET tua) (CCONJ e) (ADJ calmati))))))) (PUNCT !) (PUNCT ”) (fp (PUNCT ,) (f (ibar (PRON gli) (VERB dice)) (compt (sn (DET il) (NOUN papà) (PUNCT .)))))));4.08 ± 1.73;5,609257672;content
164;11;il;il;DET;det;papà;(ROOT (dirsp (PUNCT “) (f3 (sn (NOUN Fila) (sp (ADP in) (sn (NOUN camera) (sa (coord (DET tua) (CCONJ e) (ADJ calmati))))))) (PUNCT !) (PUNCT ”) (fp (PUNCT ,) (f (ibar (PRON gli) (VERB dice)) (compt (sn (DET il) (NOUN papà) (PUNCT .)))))));;7,039560886;function
165;11;papà;papà;NOUN;nsubj;dice;(ROOT (dirsp (PUNCT “) (f3 (sn (NOUN Fila) (sp (ADP in) (sn (NOUN camera) (sa (coord (DET tua) (CCONJ e) (ADJ calmati))))))) (PUNCT !) (PUNCT ”) (fp (PUNCT ,) (f (ibar (PRON gli) (VERB dice)) (compt (sn (DET il) (NOUN papà) (PUNCT .)))))));2.20 ± 1.12;5,588106908;content
166;12;io;io;PRON;nsubj;cenare;(ROOT (dirsp (PUNCT “) (f (coord (sn (PRON Io)) (CCONJ e) (sn (DET la) (NOUN mamma))) (ibar (AUX vogliamo) (VERB cenare)) (compt (sa (ADJ tranquilli)))) (PUNCT ”) (PUNCT .)));;6,536707533;function
167;12;e;e;CCONJ;cc;mamma;(ROOT (dirsp (PUNCT “) (f (coord (sn (PRON Io)) (CCONJ e) (sn (DET la) (NOUN mamma))) (ibar (AUX vogliamo) (VERB cenare)) (compt (sa (ADJ tranquilli)))) (PUNCT ”) (PUNCT .)));;2,741151583;function
168;12;la;il;DET;det;mamma;(ROOT (dirsp (PUNCT “) (f (coord (sn (PRON Io)) (CCONJ e) (sn (DET la) (NOUN mamma))) (ibar (AUX vogliamo) (VERB cenare)) (compt (sa (ADJ tranquilli)))) (PUNCT ”) (PUNCT .)));;7,055331658;function
169;12;mamma;mamma;NOUN;conj;Io;(ROOT (dirsp (PUNCT “) (f (coord (sn (PRON Io)) (CCONJ e) (sn (DET la) (NOUN mamma))) (ibar (AUX vogliamo) (VERB cenare)) (compt (sa (ADJ tranquilli)))) (PUNCT ”) (PUNCT .)));1.88 ± 1.27;5,66327005;content
170;12;vogliamo;volere;AUX;aux;cenare;(ROOT (dirsp (PUNCT “) (f (coord (sn (PRON Io)) (CCONJ e) (sn (DET la) (NOUN mamma))) (ibar (AUX vogliamo) (VERB cenare)) (compt (sa (ADJ tranquilli)))) (PUNCT ”) (PUNCT .)));;5,054275835;function
171;12;cenare;cenare;VERB;root;ROOT;(ROOT (dirsp (PUNCT “) (f (coord (sn (PRON Io)) (CCONJ e) (sn (DET la) (NOUN mamma))) (ibar (AUX vogliamo) (VERB cenare)) (compt (sa (ADJ tranquilli)))) (PUNCT ”) (PUNCT .)));;3,938335038;content
172;12;tranquilli;tranquillo;ADJ;xcomp;cenare;(ROOT (dirsp (PUNCT “) (f (coord (sn (PRON Io)) (CCONJ e) (sn (DET la) (NOUN mamma))) (ibar (AUX vogliamo) (VERB cenare)) (compt (sa (ADJ tranquilli)))) (PUNCT ”) (PUNCT .)));5.40 ± 1.22;4,003502385;content
173;13;il;il;DET;det;giorno;(ROOT (dirsp (cp (sn (DET Il) (NOUN giorno) (savv (ADV dopo))) (fc (f (sn (DET la) (NOUN mamma)) (ibar (VERB cerca)) (compt (sv2 (ADP di) (VERB farlo) (VERB riflettere)))) (CCONJ e) (f (ibar (PRON gli) (VERB dice)) (PUNCT “) (f (ibar (VERB Hai)) (compc (sn (NOUN ragione)))) (PUNCT ,) (f (sn (DET la) (NOUN pastasciutta)) (ibar (AUX è)) (compc (sa (ADJ buona)))) (PUNCT ,) (CCONJ ma) (cp (sp (ADP per) (sv2 (VERB stare) (compin (sp (ADP in) (sn (NOUN salute)))))) (fc (f (ibar (AUX devi) (VERB mangiare)) (compt (sq (DET un) (ADV po') (sc (ADP di) (sq (PRON tutto)))))) (CCONJ e) (f (sn (ibar (ADV non) (ADV solamente)) (PRON quello) (f2 (PRON che) (f (ibar (PRON ti) (VERB piace))))) (PUNCT ,) (f (ibar (VERB capisci))))))))) (PUNCT ?) (PUNCT ”) (PUNCT .)));;7,039560886;function
174;13;giorno;giorno;NOUN;obl;cerca;(ROOT (dirsp (cp (sn (DET Il) (NOUN giorno) (savv (ADV dopo))) (fc (f (sn (DET la) (NOUN mamma)) (ibar (VERB cerca)) (compt (sv2 (ADP di) (VERB farlo) (VERB riflettere)))) (CCONJ e) (f (ibar (PRON gli) (VERB dice)) (PUNCT “) (f (ibar (VERB Hai)) (compc (sn (NOUN ragione)))) (PUNCT ,) (f (sn (DET la) (NOUN pastasciutta)) (ibar (AUX è)) (compc (sa (ADJ buona)))) (PUNCT ,) (CCONJ ma) (cp (sp (ADP per) (sv2 (VERB stare) (compin (sp (ADP in) (sn (NOUN salute)))))) (fc (f (ibar (AUX devi) (VERB mangiare)) (compt (sq (DET un) (ADV po') (sc (ADP di) (sq (PRON tutto)))))) (CCONJ e) (f (sn (ibar (ADV non) (ADV solamente)) (PRON quello) (f2 (PRON che) (f (ibar (PRON ti) (VERB piace))))) (PUNCT ,) (f (ibar (VERB capisci))))))))) (PUNCT ?) (PUNCT ”) (PUNCT .)));3.80 ± 1.76;5,731502947;content
175;13;dopo;dopo;ADV;advmod;giorno;(ROOT (dirsp (cp (sn (DET Il) (NOUN giorno) (savv (ADV dopo))) (fc (f (sn (DET la) (NOUN mamma)) (ibar (VERB cerca)) (compt (sv2 (ADP di) (VERB farlo) (VERB riflettere)))) (CCONJ e) (f (ibar (PRON gli) (VERB dice)) (PUNCT “) (f (ibar (VERB Hai)) (compc (sn (NOUN ragione)))) (PUNCT ,) (f (sn (DET la) (NOUN pastasciutta)) (ibar (AUX è)) (compc (sa (ADJ buona)))) (PUNCT ,) (CCONJ ma) (cp (sp (ADP per) (sv2 (VERB stare) (compin (sp (ADP in) (sn (NOUN salute)))))) (fc (f (ibar (AUX devi) (VERB mangiare)) (compt (sq (DET un) (ADV po') (sc (ADP di) (sq (PRON tutto)))))) (CCONJ e) (f (sn (ibar (ADV non) (ADV solamente)) (PRON quello) (f2 (PRON che) (f (ibar (PRON ti) (VERB piace))))) (PUNCT ,) (f (ibar (VERB capisci))))))))) (PUNCT ?) (PUNCT ”) (PUNCT .)));;5,792396528;function
176;13;la;il;DET;det;mamma;(ROOT (dirsp (cp (sn (DET Il) (NOUN giorno) (savv (ADV dopo))) (fc (f (sn (DET la) (NOUN mamma)) (ibar (VERB cerca)) (compt (sv2 (ADP di) (VERB farlo) (VERB riflettere)))) (CCONJ e) (f (ibar (PRON gli) (VERB dice)) (PUNCT “) (f (ibar (VERB Hai)) (compc (sn (NOUN ragione)))) (PUNCT ,) (f (sn (DET la) (NOUN pastasciutta)) (ibar (AUX è)) (compc (sa (ADJ buona)))) (PUNCT ,) (CCONJ ma) (cp (sp (ADP per) (sv2 (VERB stare) (compin (sp (ADP in) (sn (NOUN salute)))))) (fc (f (ibar (AUX devi) (VERB mangiare)) (compt (sq (DET un) (ADV po') (sc (ADP di) (sq (PRON tutto)))))) (CCONJ e) (f (sn (ibar (ADV non) (ADV solamente)) (PRON quello) (f2 (PRON che) (f (ibar (PRON ti) (VERB piace))))) (PUNCT ,) (f (ibar (VERB capisci))))))))) (PUNCT ?) (PUNCT ”) (PUNCT .)));;7,055331658;function
177;13;mamma;mamma;NOUN;nsubj;cerca;(ROOT (dirsp (cp (sn (DET Il) (NOUN giorno) (savv (ADV dopo))) (fc (f (sn (DET la) (NOUN mamma)) (ibar (VERB cerca)) (compt (sv2 (ADP di) (VERB farlo) (VERB riflettere)))) (CCONJ e) (f (ibar (PRON gli) (VERB dice)) (PUNCT “) (f (ibar (VERB Hai)) (compc (sn (NOUN ragione)))) (PUNCT ,) (f (sn (DET la) (NOUN pastasciutta)) (ibar (AUX è)) (compc (sa (ADJ buona)))) (PUNCT ,) (CCONJ ma) (cp (sp (ADP per) (sv2 (VERB stare) (compin (sp (ADP in) (sn (NOUN salute)))))) (fc (f (ibar (AUX devi) (VERB mangiare)) (compt (sq (DET un) (ADV po') (sc (ADP di) (sq (PRON tutto)))))) (CCONJ e) (f (sn (ibar (ADV non) (ADV solamente)) (PRON quello) (f2 (PRON che) (f (ibar (PRON ti) (VERB piace))))) (PUNCT ,) (f (ibar (VERB capisci))))))))) (PUNCT ?) (PUNCT ”) (PUNCT .)));1.88 ± 1.27;5,66327005;content
178;13;cerca;cercare;VERB;root;ROOT;(ROOT (dirsp (cp (sn (DET Il) (NOUN giorno) (savv (ADV dopo))) (fc (f (sn (DET la) (NOUN mamma)) (ibar (VERB cerca)) (compt (sv2 (ADP di) (VERB farlo) (VERB riflettere)))) (CCONJ e) (f (ibar (PRON gli) (VERB dice)) (PUNCT “) (f (ibar (VERB Hai)) (compc (sn (NOUN ragione)))) (PUNCT ,) (f (sn (DET la) (NOUN pastasciutta)) (ibar (AUX è)) (compc (sa (ADJ buona)))) (PUNCT ,) (CCONJ ma) (cp (sp (ADP per) (sv2 (VERB stare) (compin (sp (ADP in) (sn (NOUN salute)))))) (fc (f (ibar (AUX devi) (VERB mangiare)) (compt (sq (DET un) (ADV po') (sc (ADP di) (sq (PRON tutto)))))) (CCONJ e) (f (sn (ibar (ADV non) (ADV solamente)) (PRON quello) (f2 (PRON che) (f (ibar (PRON ti) (VERB piace))))) (PUNCT ,) (f (ibar (VERB capisci))))))))) (PUNCT ?) (PUNCT ”) (PUNCT .)));4.72 ± 2.28;5,003535817;content
179;13;di;di;ADP;mark;farlo;(ROOT (dirsp (cp (sn (DET Il) (NOUN giorno) (savv (ADV dopo))) (fc (f (sn (DET la) (NOUN mamma)) (ibar (VERB cerca)) (compt (sv2 (ADP di) (VERB farlo) (VERB riflettere)))) (CCONJ e) (f (ibar (PRON gli) (VERB dice)) (PUNCT “) (f (ibar (VERB Hai)) (compc (sn (NOUN ragione)))) (PUNCT ,) (f (sn (DET la) (NOUN pastasciutta)) (ibar (AUX è)) (compc (sa (ADJ buona)))) (PUNCT ,) (CCONJ ma) (cp (sp (ADP per) (sv2 (VERB stare) (compin (sp (ADP in) (sn (NOUN salute)))))) (fc (f (ibar (AUX devi) (VERB mangiare)) (compt (sq (DET un) (ADV po') (sc (ADP di) (sq (PRON tutto)))))) (CCONJ e) (f (sn (ibar (ADV non) (ADV solamente)) (PRON quello) (f2 (PRON che) (f (ibar (PRON ti) (VERB piace))))) (PUNCT ,) (f (ibar (VERB capisci))))))))) (PUNCT ?) (PUNCT ”) (PUNCT .)));;7,232814475;function
180;13;farlo;fare;VERB;xcomp;cerca;(ROOT (dirsp (cp (sn (DET Il) (NOUN giorno) (savv (ADV dopo))) (fc (f (sn (DET la) (NOUN mamma)) (ibar (VERB cerca)) (compt (sv2 (ADP di) (VERB farlo) (VERB riflettere)))) (CCONJ e) (f (ibar (PRON gli) (VERB dice)) (PUNCT “) (f (ibar (VERB Hai)) (compc (sn (NOUN ragione)))) (PUNCT ,) (f (sn (DET la) (NOUN pastasciutta)) (ibar (AUX è)) (compc (sa (ADJ buona)))) (PUNCT ,) (CCONJ ma) (cp (sp (ADP per) (sv2 (VERB stare) (compin (sp (ADP in) (sn (NOUN salute)))))) (fc (f (ibar (AUX devi) (VERB mangiare)) (compt (sq (DET un) (ADV po') (sc (ADP di) (sq (PRON tutto)))))) (CCONJ e) (f (sn (ibar (ADV non) (ADV solamente)) (PRON quello) (f2 (PRON che) (f (ibar (PRON ti) (VERB piace))))) (PUNCT ,) (f (ibar (VERB capisci))))))))) (PUNCT ?) (PUNCT ”) (PUNCT .)));4.40 ± 2.22;5,623860468;content
181;13;riflettere;riflettere;VERB;ccomp;farlo;(ROOT (dirsp (cp (sn (DET Il) (NOUN giorno) (savv (ADV dopo))) (fc (f (sn (DET la) (NOUN mamma)) (ibar (VERB cerca)) (compt (sv2 (ADP di) (VERB farlo) (VERB riflettere)))) (CCONJ e) (f (ibar (PRON gli) (VERB dice)) (PUNCT “) (f (ibar (VERB Hai)) (compc (sn (NOUN ragione)))) (PUNCT ,) (f (sn (DET la) (NOUN pastasciutta)) (ibar (AUX è)) (compc (sa (ADJ buona)))) (PUNCT ,) (CCONJ ma) (cp (sp (ADP per) (sv2 (VERB stare) (compin (sp (ADP in) (sn (NOUN salute)))))) (fc (f (ibar (AUX devi) (VERB mangiare)) (compt (sq (DET un) (ADV po') (sc (ADP di) (sq (PRON tutto)))))) (CCONJ e) (f (sn (ibar (ADV non) (ADV solamente)) (PRON quello) (f2 (PRON che) (f (ibar (PRON ti) (VERB piace))))) (PUNCT ,) (f (ibar (VERB capisci))))))))) (PUNCT ?) (PUNCT ”) (PUNCT .)));;3,941045757;content
182;13;e;e;CCONJ;cc;dice;(ROOT (dirsp (cp (sn (DET Il) (NOUN giorno) (savv (ADV dopo))) (fc (f (sn (DET la) (NOUN mamma)) (ibar (VERB cerca)) (compt (sv2 (ADP di) (VERB farlo) (VERB riflettere)))) (CCONJ e) (f (ibar (PRON gli) (VERB dice)) (PUNCT “) (f (ibar (VERB Hai)) (compc (sn (NOUN ragione)))) (PUNCT ,) (f (sn (DET la) (NOUN pastasciutta)) (ibar (AUX è)) (compc (sa (ADJ buona)))) (PUNCT ,) (CCONJ ma) (cp (sp (ADP per) (sv2 (VERB stare) (compin (sp (ADP in) (sn (NOUN salute)))))) (fc (f (ibar (AUX devi) (VERB mangiare)) (compt (sq (DET un) (ADV po') (sc (ADP di) (sq (PRON tutto)))))) (CCONJ e) (f (sn (ibar (ADV non) (ADV solamente)) (PRON quello) (f2 (PRON che) (f (ibar (PRON ti) (VERB piace))))) (PUNCT ,) (f (ibar (VERB capisci))))))))) (PUNCT ?) (PUNCT ”) (PUNCT .)));;2,741151583;function
183;13;gli;gli;PRON;iobj;dice;(ROOT (dirsp (cp (sn (DET Il) (NOUN giorno) (savv (ADV dopo))) (fc (f (sn (DET la) (NOUN mamma)) (ibar (VERB cerca)) (compt (sv2 (ADP di) (VERB farlo) (VERB riflettere)))) (CCONJ e) (f (ibar (PRON gli) (VERB dice)) (PUNCT “) (f (ibar (VERB Hai)) (compc (sn (NOUN ragione)))) (PUNCT ,) (f (sn (DET la) (NOUN pastasciutta)) (ibar (AUX è)) (compc (sa (ADJ buona)))) (PUNCT ,) (CCONJ ma) (cp (sp (ADP per) (sv2 (VERB stare) (compin (sp (ADP in) (sn (NOUN salute)))))) (fc (f (ibar (AUX devi) (VERB mangiare)) (compt (sq (DET un) (ADV po') (sc (ADP di) (sq (PRON tutto)))))) (CCONJ e) (f (sn (ibar (ADV non) (ADV solamente)) (PRON quello) (f2 (PRON che) (f (ibar (PRON ti) (VERB piace))))) (PUNCT ,) (f (ibar (VERB capisci))))))))) (PUNCT ?) (PUNCT ”) (PUNCT .)));;6,227520191;function
184;13;dice;dire;VERB;conj;cerca;(ROOT (dirsp (cp (sn (DET Il) (NOUN giorno) (savv (ADV dopo))) (fc (f (sn (DET la) (NOUN mamma)) (ibar (VERB cerca)) (compt (sv2 (ADP di) (VERB farlo) (VERB riflettere)))) (CCONJ e) (f (ibar (PRON gli) (VERB dice)) (PUNCT “) (f (ibar (VERB Hai)) (compc (sn (NOUN ragione)))) (PUNCT ,) (f (sn (DET la) (NOUN pastasciutta)) (ibar (AUX è)) (compc (sa (ADJ buona)))) (PUNCT ,) (CCONJ ma) (cp (sp (ADP per) (sv2 (VERB stare) (compin (sp (ADP in) (sn (NOUN salute)))))) (fc (f (ibar (AUX devi) (VERB mangiare)) (compt (sq (DET un) (ADV po') (sc (ADP di) (sq (PRON tutto)))))) (CCONJ e) (f (sn (ibar (ADV non) (ADV solamente)) (PRON quello) (f2 (PRON che) (f (ibar (PRON ti) (VERB piace))))) (PUNCT ,) (f (ibar (VERB capisci))))))))) (PUNCT ?) (PUNCT ”) (PUNCT .)));4.08 ± 1.73;5,609257672;content
185;13;hai;avere;VERB;ccomp;dice;(ROOT (dirsp (cp (sn (DET Il) (NOUN giorno) (savv (ADV dopo))) (fc (f (sn (DET la) (NOUN mamma)) (ibar (VERB cerca)) (compt (sv2 (ADP di) (VERB farlo) (VERB riflettere)))) (CCONJ e) (f (ibar (PRON gli) (VERB dice)) (PUNCT “) (f (ibar (VERB Hai)) (compc (sn (NOUN ragione)))) (PUNCT ,) (f (sn (DET la) (NOUN pastasciutta)) (ibar (AUX è)) (compc (sa (ADJ buona)))) (PUNCT ,) (CCONJ ma) (cp (sp (ADP per) (sv2 (VERB stare) (compin (sp (ADP in) (sn (NOUN salute)))))) (fc (f (ibar (AUX devi) (VERB mangiare)) (compt (sq (DET un) (ADV po') (sc (ADP di) (sq (PRON tutto)))))) (CCONJ e) (f (sn (ibar (ADV non) (ADV solamente)) (PRON quello) (f2 (PRON che) (f (ibar (PRON ti) (VERB piace))))) (PUNCT ,) (f (ibar (VERB capisci))))))))) (PUNCT ?) (PUNCT ”) (PUNCT .)));;6,477590733;content
186;13;ragione;ragione;NOUN;obj;Hai;(ROOT (dirsp (cp (sn (DET Il) (NOUN giorno) (savv (ADV dopo))) (fc (f (sn (DET la) (NOUN mamma)) (ibar (VERB cerca)) (compt (sv2 (ADP di) (VERB farlo) (VERB riflettere)))) (CCONJ e) (f (ibar (PRON gli) (VERB dice)) (PUNCT “) (f (ibar (VERB Hai)) (compc (sn (NOUN ragione)))) (PUNCT ,) (f (sn (DET la) (NOUN pastasciutta)) (ibar (AUX è)) (compc (sa (ADJ buona)))) (PUNCT ,) (CCONJ ma) (cp (sp (ADP per) (sv2 (VERB stare) (compin (sp (ADP in) (sn (NOUN salute)))))) (fc (f (ibar (AUX devi) (VERB mangiare)) (compt (sq (DET un) (ADV po') (sc (ADP di) (sq (PRON tutto)))))) (CCONJ e) (f (sn (ibar (ADV non) (ADV solamente)) (PRON quello) (f2 (PRON che) (f (ibar (PRON ti) (VERB piace))))) (PUNCT ,) (f (ibar (VERB capisci))))))))) (PUNCT ?) (PUNCT ”) (PUNCT .)));;5,500776874;content
187;13;la;il;DET;det;pastasciutta;(ROOT (dirsp (cp (sn (DET Il) (NOUN giorno) (savv (ADV dopo))) (fc (f (sn (DET la) (NOUN mamma)) (ibar (VERB cerca)) (compt (sv2 (ADP di) (VERB farlo) (VERB riflettere)))) (CCONJ e) (f (ibar (PRON gli) (VERB dice)) (PUNCT “) (f (ibar (VERB Hai)) (compc (sn (NOUN ragione)))) (PUNCT ,) (f (sn (DET la) (NOUN pastasciutta)) (ibar (AUX è)) (compc (sa (ADJ buona)))) (PUNCT ,) (CCONJ ma) (cp (sp (ADP per) (sv2 (VERB stare) (compin (sp (ADP in) (sn (NOUN salute)))))) (fc (f (ibar (AUX devi) (VERB mangiare)) (compt (sq (DET un) (ADV po') (sc (ADP di) (sq (PRON tutto)))))) (CCONJ e) (f (sn (ibar (ADV non) (ADV solamente)) (PRON quello) (f2 (PRON che) (f (ibar (PRON ti) (VERB piace))))) (PUNCT ,) (f (ibar (VERB capisci))))))))) (PUNCT ?) (PUNCT ”) (PUNCT .)));;7,055331658;function
188;13;pastasciutta;pastasciutta;NOUN;nsubj;buona;(ROOT (dirsp (cp (sn (DET Il) (NOUN giorno) (savv (ADV dopo))) (fc (f (sn (DET la) (NOUN mamma)) (ibar (VERB cerca)) (compt (sv2 (ADP di) (VERB farlo) (VERB riflettere)))) (CCONJ e) (f (ibar (PRON gli) (VERB dice)) (PUNCT “) (f (ibar (VERB Hai)) (compc (sn (NOUN ragione)))) (PUNCT ,) (f (sn (DET la) (NOUN pastasciutta)) (ibar (AUX è)) (compc (sa (ADJ buona)))) (PUNCT ,) (CCONJ ma) (cp (sp (ADP per) (sv2 (VERB stare) (compin (sp (ADP in) (sn (NOUN salute)))))) (fc (f (ibar (AUX devi) (VERB mangiare)) (compt (sq (DET un) (ADV po') (sc (ADP di) (sq (PRON tutto)))))) (CCONJ e) (f (sn (ibar (ADV non) (ADV solamente)) (PRON quello) (f2 (PRON che) (f (ibar (PRON ti) (VERB piace))))) (PUNCT ,) (f (ibar (VERB capisci))))))))) (PUNCT ?) (PUNCT ”) (PUNCT .)));;2,145165739;content
189;13;è;essere;AUX;cop;buona;(ROOT (dirsp (cp (sn (DET Il) (NOUN giorno) (savv (ADV dopo))) (fc (f (sn (DET la) (NOUN mamma)) (ibar (VERB cerca)) (compt (sv2 (ADP di) (VERB farlo) (VERB riflettere)))) (CCONJ e) (f (ibar (PRON gli) (VERB dice)) (PUNCT “) (f (ibar (VERB Hai)) (compc (sn (NOUN ragione)))) (PUNCT ,) (f (sn (DET la) (NOUN pastasciutta)) (ibar (AUX è)) (compc (sa (ADJ buona)))) (PUNCT ,) (CCONJ ma) (cp (sp (ADP per) (sv2 (VERB stare) (compin (sp (ADP in) (sn (NOUN salute)))))) (fc (f (ibar (AUX devi) (VERB mangiare)) (compt (sq (DET un) (ADV po') (sc (ADP di) (sq (PRON tutto)))))) (CCONJ e) (f (sn (ibar (ADV non) (ADV solamente)) (PRON quello) (f2 (PRON che) (f (ibar (PRON ti) (VERB piace))))) (PUNCT ,) (f (ibar (VERB capisci))))))))) (PUNCT ?) (PUNCT ”) (PUNCT .)));;7,249521761;function
190;13;buona;buono;ADJ;conj;cerca;(ROOT (dirsp (cp (sn (DET Il) (NOUN giorno) (savv (ADV dopo))) (fc (f (sn (DET la) (NOUN mamma)) (ibar (VERB cerca)) (compt (sv2 (ADP di) (VERB farlo) (VERB riflettere)))) (CCONJ e) (f (ibar (PRON gli) (VERB dice)) (PUNCT “) (f (ibar (VERB Hai)) (compc (sn (NOUN ragione)))) (PUNCT ,) (f (sn (DET la) (NOUN pastasciutta)) (ibar (AUX è)) (compc (sa (ADJ buona)))) (PUNCT ,) (CCONJ ma) (cp (sp (ADP per) (sv2 (VERB stare) (compin (sp (ADP in) (sn (NOUN salute)))))) (fc (f (ibar (AUX devi) (VERB mangiare)) (compt (sq (DET un) (ADV po') (sc (ADP di) (sq (PRON tutto)))))) (CCONJ e) (f (sn (ibar (ADV non) (ADV solamente)) (PRON quello) (f2 (PRON che) (f (ibar (PRON ti) (VERB piace))))) (PUNCT ,) (f (ibar (VERB capisci))))))))) (PUNCT ?) (PUNCT ”) (PUNCT .)));3.48 ± 1.50;5,481803335;content
191;13;ma;ma;CCONJ;cc;mangiare;(ROOT (dirsp (cp (sn (DET Il) (NOUN giorno) (savv (ADV dopo))) (fc (f (sn (DET la) (NOUN mamma)) (ibar (VERB cerca)) (compt (sv2 (ADP di) (VERB farlo) (VERB riflettere)))) (CCONJ e) (f (ibar (PRON gli) (VERB dice)) (PUNCT “) (f (ibar (VERB Hai)) (compc (sn (NOUN ragione)))) (PUNCT ,) (f (sn (DET la) (NOUN pastasciutta)) (ibar (AUX è)) (compc (sa (ADJ buona)))) (PUNCT ,) (CCONJ ma) (cp (sp (ADP per) (sv2 (VERB stare) (compin (sp (ADP in) (sn (NOUN salute)))))) (fc (f (ibar (AUX devi) (VERB mangiare)) (compt (sq (DET un) (ADV po') (sc (ADP di) (sq (PRON tutto)))))) (CCONJ e) (f (sn (ibar (ADV non) (ADV solamente)) (PRON quello) (f2 (PRON che) (f (ibar (PRON ti) (VERB piace))))) (PUNCT ,) (f (ibar (VERB capisci))))))))) (PUNCT ?) (PUNCT ”) (PUNCT .)));;6,662005813;function
192;13;per;per;ADP;mark;stare;(ROOT (dirsp (cp (sn (DET Il) (NOUN giorno) (savv (ADV dopo))) (fc (f (sn (DET la) (NOUN mamma)) (ibar (VERB cerca)) (compt (sv2 (ADP di) (VERB farlo) (VERB riflettere)))) (CCONJ e) (f (ibar (PRON gli) (VERB dice)) (PUNCT “) (f (ibar (VERB Hai)) (compc (sn (NOUN ragione)))) (PUNCT ,) (f (sn (DET la) (NOUN pastasciutta)) (ibar (AUX è)) (compc (sa (ADJ buona)))) (PUNCT ,) (CCONJ ma) (cp (sp (ADP per) (sv2 (VERB stare) (compin (sp (ADP in) (sn (NOUN salute)))))) (fc (f (ibar (AUX devi) (VERB mangiare)) (compt (sq (DET un) (ADV po') (sc (ADP di) (sq (PRON tutto)))))) (CCONJ e) (f (sn (ibar (ADV non) (ADV solamente)) (PRON quello) (f2 (PRON che) (f (ibar (PRON ti) (VERB piace))))) (PUNCT ,) (f (ibar (VERB capisci))))))))) (PUNCT ?) (PUNCT ”) (PUNCT .)));;6,912435835;function
193;13;stare;stare;VERB;advcl;mangiare;(ROOT (dirsp (cp (sn (DET Il) (NOUN giorno) (savv (ADV dopo))) (fc (f (sn (DET la) (NOUN mamma)) (ibar (VERB cerca)) (compt (sv2 (ADP di) (VERB farlo) (VERB riflettere)))) (CCONJ e) (f (ibar (PRON gli) (VERB dice)) (PUNCT “) (f (ibar (VERB Hai)) (compc (sn (NOUN ragione)))) (PUNCT ,) (f (sn (DET la) (NOUN pastasciutta)) (ibar (AUX è)) (compc (sa (ADJ buona)))) (PUNCT ,) (CCONJ ma) (cp (sp (ADP per) (sv2 (VERB stare) (compin (sp (ADP in) (sn (NOUN salute)))))) (fc (f (ibar (AUX devi) (VERB mangiare)) (compt (sq (DET un) (ADV po') (sc (ADP di) (sq (PRON tutto)))))) (CCONJ e) (f (sn (ibar (ADV non) (ADV solamente)) (PRON quello) (f2 (PRON che) (f (ibar (PRON ti) (VERB piace))))) (PUNCT ,) (f (ibar (VERB capisci))))))))) (PUNCT ?) (PUNCT ”) (PUNCT .)));4.60 ± 2.35;5,514886537;content
194;13;in;in;ADP;case;salute;(ROOT (dirsp (cp (sn (DET Il) (NOUN giorno) (savv (ADV dopo))) (fc (f (sn (DET la) (NOUN mamma)) (ibar (VERB cerca)) (compt (sv2 (ADP di) (VERB farlo) (VERB riflettere)))) (CCONJ e) (f (ibar (PRON gli) (VERB dice)) (PUNCT “) (f (ibar (VERB Hai)) (compc (sn (NOUN ragione)))) (PUNCT ,) (f (sn (DET la) (NOUN pastasciutta)) (ibar (AUX è)) (compc (sa (ADJ buona)))) (PUNCT ,) (CCONJ ma) (cp (sp (ADP per) (sv2 (VERB stare) (compin (sp (ADP in) (sn (NOUN salute)))))) (fc (f (ibar (AUX devi) (VERB mangiare)) (compt (sq (DET un) (ADV po') (sc (ADP di) (sq (PRON tutto)))))) (CCONJ e) (f (sn (ibar (ADV non) (ADV solamente)) (PRON quello) (f2 (PRON che) (f (ibar (PRON ti) (VERB piace))))) (PUNCT ,) (f (ibar (VERB capisci))))))))) (PUNCT ?) (PUNCT ”) (PUNCT .)));;6,797274494;function
195;13;salute;salute;NOUN;obl;stare;(ROOT (dirsp (cp (sn (DET Il) (NOUN giorno) (savv (ADV dopo))) (fc (f (sn (DET la) (NOUN mamma)) (ibar (VERB cerca)) (compt (sv2 (ADP di) (VERB farlo) (VERB riflettere)))) (CCONJ e) (f (ibar (PRON gli) (VERB dice)) (PUNCT “) (f (ibar (VERB Hai)) (compc (sn (NOUN ragione)))) (PUNCT ,) (f (sn (DET la) (NOUN pastasciutta)) (ibar (AUX è)) (compc (sa (ADJ buona)))) (PUNCT ,) (CCONJ ma) (cp (sp (ADP per) (sv2 (VERB stare) (compin (sp (ADP in) (sn (NOUN salute)))))) (fc (f (ibar (AUX devi) (VERB mangiare)) (compt (sq (DET un) (ADV po') (sc (ADP di) (sq (PRON tutto)))))) (CCONJ e) (f (sn (ibar (ADV non) (ADV solamente)) (PRON quello) (f2 (PRON che) (f (ibar (PRON ti) (VERB piace))))) (PUNCT ,) (f (ibar (VERB capisci))))))))) (PUNCT ?) (PUNCT ”) (PUNCT .)));5.88 ± 2.01;4,74933177;content
196;13;devi;dovere;AUX;aux;mangiare;(ROOT (dirsp (cp (sn (DET Il) (NOUN giorno) (savv (ADV dopo))) (fc (f (sn (DET la) (NOUN mamma)) (ibar (VERB cerca)) (compt (sv2 (ADP di) (VERB farlo) (VERB riflettere)))) (CCONJ e) (f (ibar (PRON gli) (VERB dice)) (PUNCT “) (f (ibar (VERB Hai)) (compc (sn (NOUN ragione)))) (PUNCT ,) (f (sn (DET la) (NOUN pastasciutta)) (ibar (AUX è)) (compc (sa (ADJ buona)))) (PUNCT ,) (CCONJ ma) (cp (sp (ADP per) (sv2 (VERB stare) (compin (sp (ADP in) (sn (NOUN salute)))))) (fc (f (ibar (AUX devi) (VERB mangiare)) (compt (sq (DET un) (ADV po') (sc (ADP di) (sq (PRON tutto)))))) (CCONJ e) (f (sn (ibar (ADV non) (ADV solamente)) (PRON quello) (f2 (PRON che) (f (ibar (PRON ti) (VERB piace))))) (PUNCT ,) (f (ibar (VERB capisci))))))))) (PUNCT ?) (PUNCT ”) (PUNCT .)));;5,770421013;function
197;13;mangiare;mangiare;VERB;conj;cerca;(ROOT (dirsp (cp (sn (DET Il) (NOUN giorno) (savv (ADV dopo))) (fc (f (sn (DET la) (NOUN mamma)) (ibar (VERB cerca)) (compt (sv2 (ADP di) (VERB farlo) (VERB riflettere)))) (CCONJ e) (f (ibar (PRON gli) (VERB dice)) (PUNCT “) (f (ibar (VERB Hai)) (compc (sn (NOUN ragione)))) (PUNCT ,) (f (sn (DET la) (NOUN pastasciutta)) (ibar (AUX è)) (compc (sa (ADJ buona)))) (PUNCT ,) (CCONJ ma) (cp (sp (ADP per) (sv2 (VERB stare) (compin (sp (ADP in) (sn (NOUN salute)))))) (fc (f (ibar (AUX devi) (VERB mangiare)) (compt (sq (DET un) (ADV po') (sc (ADP di) (sq (PRON tutto)))))) (CCONJ e) (f (sn (ibar (ADV non) (ADV solamente)) (PRON quello) (f2 (PRON che) (f (ibar (PRON ti) (VERB piace))))) (PUNCT ,) (f (ibar (VERB capisci))))))))) (PUNCT ?) (PUNCT ”) (PUNCT .)));3.24 ± 1.74;5,112999615;content
198;13;un;uno;DET;det;po';(ROOT (dirsp (cp (sn (DET Il) (NOUN giorno) (savv (ADV dopo))) (fc (f (sn (DET la) (NOUN mamma)) (ibar (VERB cerca)) (compt (sv2 (ADP di) (VERB farlo) (VERB riflettere)))) (CCONJ e) (f (ibar (PRON gli) (VERB dice)) (PUNCT “) (f (ibar (VERB Hai)) (compc (sn (NOUN ragione)))) (PUNCT ,) (f (sn (DET la) (NOUN pastasciutta)) (ibar (AUX è)) (compc (sa (ADJ buona)))) (PUNCT ,) (CCONJ ma) (cp (sp (ADP per) (sv2 (VERB stare) (compin (sp (ADP in) (sn (NOUN salute)))))) (fc (f (ibar (AUX devi) (VERB mangiare)) (compt (sq (DET un) (ADV po') (sc (ADP di) (sq (PRON tutto)))))) (CCONJ e) (f (sn (ibar (ADV non) (ADV solamente)) (PRON quello) (f2 (PRON che) (f (ibar (PRON ti) (VERB piace))))) (PUNCT ,) (f (ibar (VERB capisci))))))))) (PUNCT ?) (PUNCT ”) (PUNCT .)));;7,065833912;function
199;13;po;poco;ADV;advmod;mangiare;(ROOT (dirsp (cp (sn (DET Il) (NOUN giorno) (savv (ADV dopo))) (fc (f (sn (DET la) (NOUN mamma)) (ibar (VERB cerca)) (compt (sv2 (ADP di) (VERB farlo) (VERB riflettere)))) (CCONJ e) (f (ibar (PRON gli) (VERB dice)) (PUNCT “) (f (ibar (VERB Hai)) (compc (sn (NOUN ragione)))) (PUNCT ,) (f (sn (DET la) (NOUN pastasciutta)) (ibar (AUX è)) (compc (sa (ADJ buona)))) (PUNCT ,) (CCONJ ma) (cp (sp (ADP per) (sv2 (VERB stare) (compin (sp (ADP in) (sn (NOUN salute)))))) (fc (f (ibar (AUX devi) (VERB mangiare)) (compt (sq (DET un) (ADV po') (sc (ADP di) (sq (PRON tutto)))))) (CCONJ e) (f (sn (ibar (ADV non) (ADV solamente)) (PRON quello) (f2 (PRON che) (f (ibar (PRON ti) (VERB piace))))) (PUNCT ,) (f (ibar (VERB capisci))))))))) (PUNCT ?) (PUNCT ”) (PUNCT .)));;4,399095757;function
200;13;di;di;ADP;case;tutto;(ROOT (dirsp (cp (sn (DET Il) (NOUN giorno) (savv (ADV dopo))) (fc (f (sn (DET la) (NOUN mamma)) (ibar (VERB cerca)) (compt (sv2 (ADP di) (VERB farlo) (VERB riflettere)))) (CCONJ e) (f (ibar (PRON gli) (VERB dice)) (PUNCT “) (f (ibar (VERB Hai)) (compc (sn (NOUN ragione)))) (PUNCT ,) (f (sn (DET la) (NOUN pastasciutta)) (ibar (AUX è)) (compc (sa (ADJ buona)))) (PUNCT ,) (CCONJ ma) (cp (sp (ADP per) (sv2 (VERB stare) (compin (sp (ADP in) (sn (NOUN salute)))))) (fc (f (ibar (AUX devi) (VERB mangiare)) (compt (sq (DET un) (ADV po') (sc (ADP di) (sq (PRON tutto)))))) (CCONJ e) (f (sn (ibar (ADV non) (ADV solamente)) (PRON quello) (f2 (PRON che) (f (ibar (PRON ti) (VERB piace))))) (PUNCT ,) (f (ibar (VERB capisci))))))))) (PUNCT ?) (PUNCT ”) (PUNCT .)));;7,232814475;function
201;13;tutto;tutto;PRON;nmod;po';(ROOT (dirsp (cp (sn (DET Il) (NOUN giorno) (savv (ADV dopo))) (fc (f (sn (DET la) (NOUN mamma)) (ibar (VERB cerca)) (compt (sv2 (ADP di) (VERB farlo) (VERB riflettere)))) (CCONJ e) (f (ibar (PRON gli) (VERB dice)) (PUNCT “) (f (ibar (VERB Hai)) (compc (sn (NOUN ragione)))) (PUNCT ,) (f (sn (DET la) (NOUN pastasciutta)) (ibar (AUX è)) (compc (sa (ADJ buona)))) (PUNCT ,) (CCONJ ma) (cp (sp (ADP per) (sv2 (VERB stare) (compin (sp (ADP in) (sn (NOUN salute)))))) (fc (f (ibar (AUX devi) (VERB mangiare)) (compt (sq (DET un) (ADV po') (sc (ADP di) (sq (PRON tutto)))))) (CCONJ e) (f (sn (ibar (ADV non) (ADV solamente)) (PRON quello) (f2 (PRON che) (f (ibar (PRON ti) (VERB piace))))) (PUNCT ,) (f (ibar (VERB capisci))))))))) (PUNCT ?) (PUNCT ”) (PUNCT .)));;6,306603623;function
202;13;e;e;CCONJ;cc;quello;(ROOT (dirsp (cp (sn (DET Il) (NOUN giorno) (savv (ADV dopo))) (fc (f (sn (DET la) (NOUN mamma)) (ibar (VERB cerca)) (compt (sv2 (ADP di) (VERB farlo) (VERB riflettere)))) (CCONJ e) (f (ibar (PRON gli) (VERB dice)) (PUNCT “) (f (ibar (VERB Hai)) (compc (sn (NOUN ragione)))) (PUNCT ,) (f (sn (DET la) (NOUN pastasciutta)) (ibar (AUX è)) (compc (sa (ADJ buona)))) (PUNCT ,) (CCONJ ma) (cp (sp (ADP per) (sv2 (VERB stare) (compin (sp (ADP in) (sn (NOUN salute)))))) (fc (f (ibar (AUX devi) (VERB mangiare)) (compt (sq (DET un) (ADV po') (sc (ADP di) (sq (PRON tutto)))))) (CCONJ e) (f (sn (ibar (ADV non) (ADV solamente)) (PRON quello) (f2 (PRON che) (f (ibar (PRON ti) (VERB piace))))) (PUNCT ,) (f (ibar (VERB capisci))))))))) (PUNCT ?) (PUNCT ”) (PUNCT .)));;2,741151583;function
203;13;non;non;ADV;advmod;solamente;(ROOT (dirsp (cp (sn (DET Il) (NOUN giorno) (savv (ADV dopo))) (fc (f (sn (DET la) (NOUN mamma)) (ibar (VERB cerca)) (compt (sv2 (ADP di) (VERB farlo) (VERB riflettere)))) (CCONJ e) (f (ibar (PRON gli) (VERB dice)) (PUNCT “) (f (ibar (VERB Hai)) (compc (sn (NOUN ragione)))) (PUNCT ,) (f (sn (DET la) (NOUN pastasciutta)) (ibar (AUX è)) (compc (sa (ADJ buona)))) (PUNCT ,) (CCONJ ma) (cp (sp (ADP per) (sv2 (VERB stare) (compin (sp (ADP in) (sn (NOUN salute)))))) (fc (f (ibar (AUX devi) (VERB mangiare)) (compt (sq (DET un) (ADV po') (sc (ADP di) (sq (PRON tutto)))))) (CCONJ e) (f (sn (ibar (ADV non) (ADV solamente)) (PRON quello) (f2 (PRON che) (f (ibar (PRON ti) (VERB piace))))) (PUNCT ,) (f (ibar (VERB capisci))))))))) (PUNCT ?) (PUNCT ”) (PUNCT .)));;7,259198169;function
204;13;solamente;solamente;ADV;advmod;quello;(ROOT (dirsp (cp (sn (DET Il) (NOUN giorno) (savv (ADV dopo))) (fc (f (sn (DET la) (NOUN mamma)) (ibar (VERB cerca)) (compt (sv2 (ADP di) (VERB farlo) (VERB riflettere)))) (CCONJ e) (f (ibar (PRON gli) (VERB dice)) (PUNCT “) (f (ibar (VERB Hai)) (compc (sn (NOUN ragione)))) (PUNCT ,) (f (sn (DET la) (NOUN pastasciutta)) (ibar (AUX è)) (compc (sa (ADJ buona)))) (PUNCT ,) (CCONJ ma) (cp (sp (ADP per) (sv2 (VERB stare) (compin (sp (ADP in) (sn (NOUN salute)))))) (fc (f (ibar (AUX devi) (VERB mangiare)) (compt (sq (DET un) (ADV po') (sc (ADP di) (sq (PRON tutto)))))) (CCONJ e) (f (sn (ibar (ADV non) (ADV solamente)) (PRON quello) (f2 (PRON che) (f (ibar (PRON ti) (VERB piace))))) (PUNCT ,) (f (ibar (VERB capisci))))))))) (PUNCT ?) (PUNCT ”) (PUNCT .)));;4,39653354;function
205;13;quello;quello;PRON;conj;tutto;(ROOT (dirsp (cp (sn (DET Il) (NOUN giorno) (savv (ADV dopo))) (fc (f (sn (DET la) (NOUN mamma)) (ibar (VERB cerca)) (compt (sv2 (ADP di) (VERB farlo) (VERB riflettere)))) (CCONJ e) (f (ibar (PRON gli) (VERB dice)) (PUNCT “) (f (ibar (VERB Hai)) (compc (sn (NOUN ragione)))) (PUNCT ,) (f (sn (DET la) (NOUN pastasciutta)) (ibar (AUX è)) (compc (sa (ADJ buona)))) (PUNCT ,) (CCONJ ma) (cp (sp (ADP per) (sv2 (VERB stare) (compin (sp (ADP in) (sn (NOUN salute)))))) (fc (f (ibar (AUX devi) (VERB mangiare)) (compt (sq (DET un) (ADV po') (sc (ADP di) (sq (PRON tutto)))))) (CCONJ e) (f (sn (ibar (ADV non) (ADV solamente)) (PRON quello) (f2 (PRON che) (f (ibar (PRON ti) (VERB piace))))) (PUNCT ,) (f (ibar (VERB capisci))))))))) (PUNCT ?) (PUNCT ”) (PUNCT .)));;6,160949149;function
206;13;che;che;PRON;nsubj;piace;(ROOT (dirsp (cp (sn (DET Il) (NOUN giorno) (savv (ADV dopo))) (fc (f (sn (DET la) (NOUN mamma)) (ibar (VERB cerca)) (compt (sv2 (ADP di) (VERB farlo) (VERB riflettere)))) (CCONJ e) (f (ibar (PRON gli) (VERB dice)) (PUNCT “) (f (ibar (VERB Hai)) (compc (sn (NOUN ragione)))) (PUNCT ,) (f (sn (DET la) (NOUN pastasciutta)) (ibar (AUX è)) (compc (sa (ADJ buona)))) (PUNCT ,) (CCONJ ma) (cp (sp (ADP per) (sv2 (VERB stare) (compin (sp (ADP in) (sn (NOUN salute)))))) (fc (f (ibar (AUX devi) (VERB mangiare)) (compt (sq (DET un) (ADV po') (sc (ADP di) (sq (PRON tutto)))))) (CCONJ e) (f (sn (ibar (ADV non) (ADV solamente)) (PRON quello) (f2 (PRON che) (f (ibar (PRON ti) (VERB piace))))) (PUNCT ,) (f (ibar (VERB capisci))))))))) (PUNCT ?) (PUNCT ”) (PUNCT .)));;7,250456545;function
207;13;ti;ti;PRON;obj;piace;(ROOT (dirsp (cp (sn (DET Il) (NOUN giorno) (savv (ADV dopo))) (fc (f (sn (DET la) (NOUN mamma)) (ibar (VERB cerca)) (compt (sv2 (ADP di) (VERB farlo) (VERB riflettere)))) (CCONJ e) (f (ibar (PRON gli) (VERB dice)) (PUNCT “) (f (ibar (VERB Hai)) (compc (sn (NOUN ragione)))) (PUNCT ,) (f (sn (DET la) (NOUN pastasciutta)) (ibar (AUX è)) (compc (sa (ADJ buona)))) (PUNCT ,) (CCONJ ma) (cp (sp (ADP per) (sv2 (VERB stare) (compin (sp (ADP in) (sn (NOUN salute)))))) (fc (f (ibar (AUX devi) (VERB mangiare)) (compt (sq (DET un) (ADV po') (sc (ADP di) (sq (PRON tutto)))))) (CCONJ e) (f (sn (ibar (ADV non) (ADV solamente)) (PRON quello) (f2 (PRON che) (f (ibar (PRON ti) (VERB piace))))) (PUNCT ,) (f (ibar (VERB capisci))))))))) (PUNCT ?) (PUNCT ”) (PUNCT .)));;6,615643201;function
208;13;piace;piacere;VERB;acl:relcl;quello;(ROOT (dirsp (cp (sn (DET Il) (NOUN giorno) (savv (ADV dopo))) (fc (f (sn (DET la) (NOUN mamma)) (ibar (VERB cerca)) (compt (sv2 (ADP di) (VERB farlo) (VERB riflettere)))) (CCONJ e) (f (ibar (PRON gli) (VERB dice)) (PUNCT “) (f (ibar (VERB Hai)) (compc (sn (NOUN ragione)))) (PUNCT ,) (f (sn (DET la) (NOUN pastasciutta)) (ibar (AUX è)) (compc (sa (ADJ buona)))) (PUNCT ,) (CCONJ ma) (cp (sp (ADP per) (sv2 (VERB stare) (compin (sp (ADP in) (sn (NOUN salute)))))) (fc (f (ibar (AUX devi) (VERB mangiare)) (compt (sq (DET un) (ADV po') (sc (ADP di) (sq (PRON tutto)))))) (CCONJ e) (f (sn (ibar (ADV non) (ADV solamente)) (PRON quello) (f2 (PRON che) (f (ibar (PRON ti) (VERB piace))))) (PUNCT ,) (f (ibar (VERB capisci))))))))) (PUNCT ?) (PUNCT ”) (PUNCT .)));7.64 ± 3.16;5,587732603;content
209;13;capisci;capire;VERB;conj;cerca;(ROOT (dirsp (cp (sn (DET Il) (NOUN giorno) (savv (ADV dopo))) (fc (f (sn (DET la) (NOUN mamma)) (ibar (VERB cerca)) (compt (sv2 (ADP di) (VERB farlo) (VERB riflettere)))) (CCONJ e) (f (ibar (PRON gli) (VERB dice)) (PUNCT “) (f (ibar (VERB Hai)) (compc (sn (NOUN ragione)))) (PUNCT ,) (f (sn (DET la) (NOUN pastasciutta)) (ibar (AUX è)) (compc (sa (ADJ buona)))) (PUNCT ,) (CCONJ ma) (cp (sp (ADP per) (sv2 (VERB stare) (compin (sp (ADP in) (sn (NOUN salute)))))) (fc (f (ibar (AUX devi) (VERB mangiare)) (compt (sq (DET un) (ADV po') (sc (ADP di) (sq (PRON tutto)))))) (CCONJ e) (f (sn (ibar (ADV non) (ADV solamente)) (PRON quello) (f2 (PRON che) (f (ibar (PRON ti) (VERB piace))))) (PUNCT ,) (f (ibar (VERB capisci))))))))) (PUNCT ?) (PUNCT ”) (PUNCT .)));;5,05359118;content
210;14;a;a;ADP;case;me;(ROOT (dirsp (PUNCT “) (cp (sp (ADP A) (sn (PRON me))) (f (ibar (VERB piace)) (compt (sn (DET la) (NOUN pastasciutta))))) (PUNCT ”) (fp (PUNCT ,) (f (ibar (VERB ripete)) (compt (sn (PROPN Lupetto) (PUNCT .)))))));;7,004335738;function
211;14;me;me;PRON;obl;piace;(ROOT (dirsp (PUNCT “) (cp (sp (ADP A) (sn (PRON me))) (f (ibar (VERB piace)) (compt (sn (DET la) (NOUN pastasciutta))))) (PUNCT ”) (fp (PUNCT ,) (f (ibar (VERB ripete)) (compt (sn (PROPN Lupetto) (PUNCT .)))))));;6,337855516;function
212;14;piace;piacere;VERB;root;ROOT;(ROOT (dirsp (PUNCT “) (cp (sp (ADP A) (sn (PRON me))) (f (ibar (VERB piace)) (compt (sn (DET la) (NOUN pastasciutta))))) (PUNCT ”) (fp (PUNCT ,) (f (ibar (VERB ripete)) (compt (sn (PROPN Lupetto) (PUNCT .)))))));7.64 ± 3.16;5,587732603;content
213;14;la;il;DET;det;pastasciutta;(ROOT (dirsp (PUNCT “) (cp (sp (ADP A) (sn (PRON me))) (f (ibar (VERB piace)) (compt (sn (DET la) (NOUN pastasciutta))))) (PUNCT ”) (fp (PUNCT ,) (f (ibar (VERB ripete)) (compt (sn (PROPN Lupetto) (PUNCT .)))))));;7,055331658;function
214;14;pastasciutta;pastasciutta;NOUN;nsubj;piace;(ROOT (dirsp (PUNCT “) (cp (sp (ADP A) (sn (PRON me))) (f (ibar (VERB piace)) (compt (sn (DET la) (NOUN pastasciutta))))) (PUNCT ”) (fp (PUNCT ,) (f (ibar (VERB ripete)) (compt (sn (PROPN Lupetto) (PUNCT .)))))));;2,145165739;content
215;14;ripete;ripetere;VERB;parataxis;piace;(ROOT (dirsp (PUNCT “) (cp (sp (ADP A) (sn (PRON me))) (f (ibar (VERB piace)) (compt (sn (DET la) (NOUN pastasciutta))))) (PUNCT ”) (fp (PUNCT ,) (f (ibar (VERB ripete)) (compt (sn (PROPN Lupetto) (PUNCT .)))))));;3,466234585;content
216;14;lupetto;Lupetto;PROPN;nsubj;ripete;(ROOT (dirsp (PUNCT “) (cp (sp (ADP A) (sn (PRON me))) (f (ibar (VERB piace)) (compt (sn (DET la) (NOUN pastasciutta))))) (PUNCT ”) (fp (PUNCT ,) (f (ibar (VERB ripete)) (compt (sn (PROPN Lupetto) (PUNCT .)))))));;2,433961279;content
217;15;più;più;ADV;advmod;tardi;(ROOT (cp (savv (ADV Più) (ADV tardi)) (fc (f (coord (sn (PROPN Lupetto)) (CCONJ e) (sn (DET il) (NOUN papà))) (ibar (VERB cucinano)) (compt (sn (DET le) (NOUN lasagne)))) (PUNCT ,) (f (sn (PROPN Lupetto)) (ibar (VERB dispone)) (compt (sn (DET gli) (NOUN strati) (spd (ADP di) (sn (NOUN pasta)))) (sp (ADP in) (sn (DET la) (NOUN teglia))))) (CCONJ e) (f (sn (DET il) (NOUN papà)) (ibar (VERB aggiunge)) (compt (coord (sn (DET il) (NOUN ragù)) (CCONJ e) (sn (sq (DET alcune)) (sa (ADJ piccole)) (NOUN verdure) (PUNCT .))))))));;6,382555861;function
218;15;tardi;tardi;ADV;advmod;cucinano;(ROOT (cp (savv (ADV Più) (ADV tardi)) (fc (f (coord (sn (PROPN Lupetto)) (CCONJ e) (sn (DET il) (NOUN papà))) (ibar (VERB cucinano)) (compt (sn (DET le) (NOUN lasagne)))) (PUNCT ,) (f (sn (PROPN Lupetto)) (ibar (VERB dispone)) (compt (sn (DET gli) (NOUN strati) (spd (ADP di) (sn (NOUN pasta)))) (sp (ADP in) (sn (DET la) (NOUN teglia))))) (CCONJ e) (f (sn (DET il) (NOUN papà)) (ibar (VERB aggiunge)) (compt (coord (sn (DET il) (NOUN ragù)) (CCONJ e) (sn (sq (DET alcune)) (sa (ADJ piccole)) (NOUN verdure) (PUNCT .))))))));;5,285795974;function
219;15;lupetto;Lupetto;PROPN;nsubj;cucinano;(ROOT (cp (savv (ADV Più) (ADV tardi)) (fc (f (coord (sn (PROPN Lupetto)) (CCONJ e) (sn (DET il) (NOUN papà))) (ibar (VERB cucinano)) (compt (sn (DET le) (NOUN lasagne)))) (PUNCT ,) (f (sn (PROPN Lupetto)) (ibar (VERB dispone)) (compt (sn (DET gli) (NOUN strati) (spd (ADP di) (sn (NOUN pasta)))) (sp (ADP in) (sn (DET la) (NOUN teglia))))) (CCONJ e) (f (sn (DET il) (NOUN papà)) (ibar (VERB aggiunge)) (compt (coord (sn (DET il) (NOUN ragù)) (CCONJ e) (sn (sq (DET alcune)) (sa (ADJ piccole)) (NOUN verdure) (PUNCT .))))))));;2,433961279;content
220;15;e;e;CCONJ;cc;papà;(ROOT (cp (savv (ADV Più) (ADV tardi)) (fc (f (coord (sn (PROPN Lupetto)) (CCONJ e) (sn (DET il) (NOUN papà))) (ibar (VERB cucinano)) (compt (sn (DET le) (NOUN lasagne)))) (PUNCT ,) (f (sn (PROPN Lupetto)) (ibar (VERB dispone)) (compt (sn (DET gli) (NOUN strati) (spd (ADP di) (sn (NOUN pasta)))) (sp (ADP in) (sn (DET la) (NOUN teglia))))) (CCONJ e) (f (sn (DET il) (NOUN papà)) (ibar (VERB aggiunge)) (compt (coord (sn (DET il) (NOUN ragù)) (CCONJ e) (sn (sq (DET alcune)) (sa (ADJ piccole)) (NOUN verdure) (PUNCT .))))))));;2,741151583;function
221;15;il;il;DET;det;papà;(ROOT (cp (savv (ADV Più) (ADV tardi)) (fc (f (coord (sn (PROPN Lupetto)) (CCONJ e) (sn (DET il) (NOUN papà))) (ibar (VERB cucinano)) (compt (sn (DET le) (NOUN lasagne)))) (PUNCT ,) (f (sn (PROPN Lupetto)) (ibar (VERB dispone)) (compt (sn (DET gli) (NOUN strati) (spd (ADP di) (sn (NOUN pasta)))) (sp (ADP in) (sn (DET la) (NOUN teglia))))) (CCONJ e) (f (sn (DET il) (NOUN papà)) (ibar (VERB aggiunge)) (compt (coord (sn (DET il) (NOUN ragù)) (CCONJ e) (sn (sq (DET alcune)) (sa (ADJ piccole)) (NOUN verdure) (PUNCT .))))))));;7,039560886;function
222;15;papà;papà;NOUN;conj;Lupetto;(ROOT (cp (savv (ADV Più) (ADV tardi)) (fc (f (coord (sn (PROPN Lupetto)) (CCONJ e) (sn (DET il) (NOUN papà))) (ibar (VERB cucinano)) (compt (sn (DET le) (NOUN lasagne)))) (PUNCT ,) (f (sn (PROPN Lupetto)) (ibar (VERB dispone)) (compt (sn (DET gli) (NOUN strati) (spd (ADP di) (sn (NOUN pasta)))) (sp (ADP in) (sn (DET la) (NOUN teglia))))) (CCONJ e) (f (sn (DET il) (NOUN papà)) (ibar (VERB aggiunge)) (compt (coord (sn (DET il) (NOUN ragù)) (CCONJ e) (sn (sq (DET alcune)) (sa (ADJ piccole)) (NOUN verdure) (PUNCT .))))))));2.20 ± 1.12;5,588106908;content
223;15;cucinano;cucinare;VERB;root;ROOT;(ROOT (cp (savv (ADV Più) (ADV tardi)) (fc (f (coord (sn (PROPN Lupetto)) (CCONJ e) (sn (DET il) (NOUN papà))) (ibar (VERB cucinano)) (compt (sn (DET le) (NOUN lasagne)))) (PUNCT ,) (f (sn (PROPN Lupetto)) (ibar (VERB dispone)) (compt (sn (DET gli) (NOUN strati) (spd (ADP di) (sn (NOUN pasta)))) (sp (ADP in) (sn (DET la) (NOUN teglia))))) (CCONJ e) (f (sn (DET il) (NOUN papà)) (ibar (VERB aggiunge)) (compt (coord (sn (DET il) (NOUN ragù)) (CCONJ e) (sn (sq (DET alcune)) (sa (ADJ piccole)) (NOUN verdure) (PUNCT .))))))));5.72 ± 2.75;2,722402147;content
224;15;le;il;DET;det;lasagne;(ROOT (cp (savv (ADV Più) (ADV tardi)) (fc (f (coord (sn (PROPN Lupetto)) (CCONJ e) (sn (DET il) (NOUN papà))) (ibar (VERB cucinano)) (compt (sn (DET le) (NOUN lasagne)))) (PUNCT ,) (f (sn (PROPN Lupetto)) (ibar (VERB dispone)) (compt (sn (DET gli) (NOUN strati) (spd (ADP di) (sn (NOUN pasta)))) (sp (ADP in) (sn (DET la) (NOUN teglia))))) (CCONJ e) (f (sn (DET il) (NOUN papà)) (ibar (VERB aggiunge)) (compt (coord (sn (DET il) (NOUN ragù)) (CCONJ e) (sn (sq (DET alcune)) (sa (ADJ piccole)) (NOUN verdure) (PUNCT .))))))));;6,624997683;function
225;15;lasagne;lasagna;NOUN;obj;cucinano;(ROOT (cp (savv (ADV Più) (ADV tardi)) (fc (f (coord (sn (PROPN Lupetto)) (CCONJ e) (sn (DET il) (NOUN papà))) (ibar (VERB cucinano)) (compt (sn (DET le) (NOUN lasagne)))) (PUNCT ,) (f (sn (PROPN Lupetto)) (ibar (VERB dispone)) (compt (sn (DET gli) (NOUN strati) (spd (ADP di) (sn (NOUN pasta)))) (sp (ADP in) (sn (DET la) (NOUN teglia))))) (CCONJ e) (f (sn (DET il) (NOUN papà)) (ibar (VERB aggiunge)) (compt (coord (sn (DET il) (NOUN ragù)) (CCONJ e) (sn (sq (DET alcune)) (sa (ADJ piccole)) (NOUN verdure) (PUNCT .))))))));;3,296433415;content
226;15;lupetto;Lupetto;PROPN;nsubj;dispone;(ROOT (cp (savv (ADV Più) (ADV tardi)) (fc (f (coord (sn (PROPN Lupetto)) (CCONJ e) (sn (DET il) (NOUN papà))) (ibar (VERB cucinano)) (compt (sn (DET le) (NOUN lasagne)))) (PUNCT ,) (f (sn (PROPN Lupetto)) (ibar (VERB dispone)) (compt (sn (DET gli) (NOUN strati) (spd (ADP di) (sn (NOUN pasta)))) (sp (ADP in) (sn (DET la) (NOUN teglia))))) (CCONJ e) (f (sn (DET il) (NOUN papà)) (ibar (VERB aggiunge)) (compt (coord (sn (DET il) (NOUN ragù)) (CCONJ e) (sn (sq (DET alcune)) (sa (ADJ piccole)) (NOUN verdure) (PUNCT .))))))));;2,433961279;content
227;15;dispone;disporre;VERB;conj;cucinano;(ROOT (cp (savv (ADV Più) (ADV tardi)) (fc (f (coord (sn (PROPN Lupetto)) (CCONJ e) (sn (DET il) (NOUN papà))) (ibar (VERB cucinano)) (compt (sn (DET le) (NOUN lasagne)))) (PUNCT ,) (f (sn (PROPN Lupetto)) (ibar (VERB dispone)) (compt (sn (DET gli) (NOUN strati) (spd (ADP di) (sn (NOUN pasta)))) (sp (ADP in) (sn (DET la) (NOUN teglia))))) (CCONJ e) (f (sn (DET il) (NOUN papà)) (ibar (VERB aggiunge)) (compt (coord (sn (DET il) (NOUN ragù)) (CCONJ e) (sn (sq (DET alcune)) (sa (ADJ piccole)) (NOUN verdure) (PUNCT .))))))));;3,016998033;content
228;15;gli;il;DET;det;strati;(ROOT (cp (savv (ADV Più) (ADV tardi)) (fc (f (coord (sn (PROPN Lupetto)) (CCONJ e) (sn (DET il) (NOUN papà))) (ibar (VERB cucinano)) (compt (sn (DET le) (NOUN lasagne)))) (PUNCT ,) (f (sn (PROPN Lupetto)) (ibar (VERB dispone)) (compt (sn (DET gli) (NOUN strati) (spd (ADP di) (sn (NOUN pasta)))) (sp (ADP in) (sn (DET la) (NOUN teglia))))) (CCONJ e) (f (sn (DET il) (NOUN papà)) (ibar (VERB aggiunge)) (compt (coord (sn (DET il) (NOUN ragù)) (CCONJ e) (sn (sq (DET alcune)) (sa (ADJ piccole)) (NOUN verdure) (PUNCT .))))))));;6,227520191;function
229;15;strati;strato;NOUN;obj;dispone;(ROOT (cp (savv (ADV Più) (ADV tardi)) (fc (f (coord (sn (PROPN Lupetto)) (CCONJ e) (sn (DET il) (NOUN papà))) (ibar (VERB cucinano)) (compt (sn (DET le) (NOUN lasagne)))) (PUNCT ,) (f (sn (PROPN Lupetto)) (ibar (VERB dispone)) (compt (sn (DET gli) (NOUN strati) (spd (ADP di) (sn (NOUN pasta)))) (sp (ADP in) (sn (DET la) (NOUN teglia))))) (CCONJ e) (f (sn (DET il) (NOUN papà)) (ibar (VERB aggiunge)) (compt (coord (sn (DET il) (NOUN ragù)) (CCONJ e) (sn (sq (DET alcune)) (sa (ADJ piccole)) (NOUN verdure) (PUNCT .))))))));8.60 ± 3.21;3,393683917;content
230;15;di;di;ADP;case;pasta;(ROOT (cp (savv (ADV Più) (ADV tardi)) (fc (f (coord (sn (PROPN Lupetto)) (CCONJ e) (sn (DET il) (NOUN papà))) (ibar (VERB cucinano)) (compt (sn (DET le) (NOUN lasagne)))) (PUNCT ,) (f (sn (PROPN Lupetto)) (ibar (VERB dispone)) (compt (sn (DET gli) (NOUN strati) (spd (ADP di) (sn (NOUN pasta)))) (sp (ADP in) (sn (DET la) (NOUN teglia))))) (CCONJ e) (f (sn (DET il) (NOUN papà)) (ibar (VERB aggiunge)) (compt (coord (sn (DET il) (NOUN ragù)) (CCONJ e) (sn (sq (DET alcune)) (sa (ADJ piccole)) (NOUN verdure) (PUNCT .))))))));;7,232814475;function
231;15;pasta;pasta;NOUN;nmod;strati;(ROOT (cp (savv (ADV Più) (ADV tardi)) (fc (f (coord (sn (PROPN Lupetto)) (CCONJ e) (sn (DET il) (NOUN papà))) (ibar (VERB cucinano)) (compt (sn (DET le) (NOUN lasagne)))) (PUNCT ,) (f (sn (PROPN Lupetto)) (ibar (VERB dispone)) (compt (sn (DET gli) (NOUN strati) (spd (ADP di) (sn (NOUN pasta)))) (sp (ADP in) (sn (DET la) (NOUN teglia))))) (CCONJ e) (f (sn (DET il) (NOUN papà)) (ibar (VERB aggiunge)) (compt (coord (sn (DET il) (NOUN ragù)) (CCONJ e) (sn (sq (DET alcune)) (sa (ADJ piccole)) (NOUN verdure) (PUNCT .))))))));3.68 ± 1.52;3,993012488;content
232;15;nella;in;ADP;case;teglia;(ROOT (cp (savv (ADV Più) (ADV tardi)) (fc (f (coord (sn (PROPN Lupetto)) (CCONJ e) (sn (DET il) (NOUN papà))) (ibar (VERB cucinano)) (compt (sn (DET le) (NOUN lasagne)))) (PUNCT ,) (f (sn (PROPN Lupetto)) (ibar (VERB dispone)) (compt (sn (DET gli) (NOUN strati) (spd (ADP di) (sn (NOUN pasta)))) (sp (ADP in) (sn (DET la) (NOUN teglia))))) (CCONJ e) (f (sn (DET il) (NOUN papà)) (ibar (VERB aggiunge)) (compt (coord (sn (DET il) (NOUN ragù)) (CCONJ e) (sn (sq (DET alcune)) (sa (ADJ piccole)) (NOUN verdure) (PUNCT .))))))));;5,876803742;function
233;15;teglia;teglia;NOUN;obl;dispone;(ROOT (cp (savv (ADV Più) (ADV tardi)) (fc (f (coord (sn (PROPN Lupetto)) (CCONJ e) (sn (DET il) (NOUN papà))) (ibar (VERB cucinano)) (compt (sn (DET le) (NOUN lasagne)))) (PUNCT ,) (f (sn (PROPN Lupetto)) (ibar (VERB dispone)) (compt (sn (DET gli) (NOUN strati) (spd (ADP di) (sn (NOUN pasta)))) (sp (ADP in) (sn (DET la) (NOUN teglia))))) (CCONJ e) (f (sn (DET il) (NOUN papà)) (ibar (VERB aggiunge)) (compt (coord (sn (DET il) (NOUN ragù)) (CCONJ e) (sn (sq (DET alcune)) (sa (ADJ piccole)) (NOUN verdure) (PUNCT .))))))));7.44 ± 2.92;2,668044485;content
234;15;e;e;CCONJ;cc;aggiunge;(ROOT (cp (savv (ADV Più) (ADV tardi)) (fc (f (coord (sn (PROPN Lupetto)) (CCONJ e) (sn (DET il) (NOUN papà))) (ibar (VERB cucinano)) (compt (sn (DET le) (NOUN lasagne)))) (PUNCT ,) (f (sn (PROPN Lupetto)) (ibar (VERB dispone)) (compt (sn (DET gli) (NOUN strati) (spd (ADP di) (sn (NOUN pasta)))) (sp (ADP in) (sn (DET la) (NOUN teglia))))) (CCONJ e) (f (sn (DET il) (NOUN papà)) (ibar (VERB aggiunge)) (compt (coord (sn (DET il) (NOUN ragù)) (CCONJ e) (sn (sq (DET alcune)) (sa (ADJ piccole)) (NOUN verdure) (PUNCT .))))))));;2,741151583;function
235;15;il;il;DET;det;papà;(ROOT (cp (savv (ADV Più) (ADV tardi)) (fc (f (coord (sn (PROPN Lupetto)) (CCONJ e) (sn (DET il) (NOUN papà))) (ibar (VERB cucinano)) (compt (sn (DET le) (NOUN lasagne)))) (PUNCT ,) (f (sn (PROPN Lupetto)) (ibar (VERB dispone)) (compt (sn (DET gli) (NOUN strati) (spd (ADP di) (sn (NOUN pasta)))) (sp (ADP in) (sn (DET la) (NOUN teglia))))) (CCONJ e) (f (sn (DET il) (NOUN papà)) (ibar (VERB aggiunge)) (compt (coord (sn (DET il) (NOUN ragù)) (CCONJ e) (sn (sq (DET alcune)) (sa (ADJ piccole)) (NOUN verdure) (PUNCT .))))))));;7,039560886;function
236;15;papà;papà;NOUN;nsubj;aggiunge;(ROOT (cp (savv (ADV Più) (ADV tardi)) (fc (f (coord (sn (PROPN Lupetto)) (CCONJ e) (sn (DET il) (NOUN papà))) (ibar (VERB cucinano)) (compt (sn (DET le) (NOUN lasagne)))) (PUNCT ,) (f (sn (PROPN Lupetto)) (ibar (VERB dispone)) (compt (sn (DET gli) (NOUN strati) (spd (ADP di) (sn (NOUN pasta)))) (sp (ADP in) (sn (DET la) (NOUN teglia))))) (CCONJ e) (f (sn (DET il) (NOUN papà)) (ibar (VERB aggiunge)) (compt (coord (sn (DET il) (NOUN ragù)) (CCONJ e) (sn (sq (DET alcune)) (sa (ADJ piccole)) (NOUN verdure) (PUNCT .))))))));2.20 ± 1.12;5,588106908;content
237;15;aggiunge;aggiungere;VERB;conj;cucinano;(ROOT (cp (savv (ADV Più) (ADV tardi)) (fc (f (coord (sn (PROPN Lupetto)) (CCONJ e) (sn (DET il) (NOUN papà))) (ibar (VERB cucinano)) (compt (sn (DET le) (NOUN lasagne)))) (PUNCT ,) (f (sn (PROPN Lupetto)) (ibar (VERB dispone)) (compt (sn (DET gli) (NOUN strati) (spd (ADP di) (sn (NOUN pasta)))) (sp (ADP in) (sn (DET la) (NOUN teglia))))) (CCONJ e) (f (sn (DET il) (NOUN papà)) (ibar (VERB aggiunge)) (compt (coord (sn (DET il) (NOUN ragù)) (CCONJ e) (sn (sq (DET alcune)) (sa (ADJ piccole)) (NOUN verdure) (PUNCT .))))))));;3,268291135;content
238;15;il;il;DET;det;ragù;(ROOT (cp (savv (ADV Più) (ADV tardi)) (fc (f (coord (sn (PROPN Lupetto)) (CCONJ e) (sn (DET il) (NOUN papà))) (ibar (VERB cucinano)) (compt (sn (DET le) (NOUN lasagne)))) (PUNCT ,) (f (sn (PROPN Lupetto)) (ibar (VERB dispone)) (compt (sn (DET gli) (NOUN strati) (spd (ADP di) (sn (NOUN pasta)))) (sp (ADP in) (sn (DET la) (NOUN teglia))))) (CCONJ e) (f (sn (DET il) (NOUN papà)) (ibar (VERB aggiunge)) (compt (coord (sn (DET il) (NOUN ragù)) (CCONJ e) (sn (sq (DET alcune)) (sa (ADJ piccole)) (NOUN verdure) (PUNCT .))))))));;7,039560886;function
239;15;ragù;ragù;NOUN;obj;aggiunge;(ROOT (cp (savv (ADV Più) (ADV tardi)) (fc (f (coord (sn (PROPN Lupetto)) (CCONJ e) (sn (DET il) (NOUN papà))) (ibar (VERB cucinano)) (compt (sn (DET le) (NOUN lasagne)))) (PUNCT ,) (f (sn (PROPN Lupetto)) (ibar (VERB dispone)) (compt (sn (DET gli) (NOUN strati) (spd (ADP di) (sn (NOUN pasta)))) (sp (ADP in) (sn (DET la) (NOUN teglia))))) (CCONJ e) (f (sn (DET il) (NOUN papà)) (ibar (VERB aggiunge)) (compt (coord (sn (DET il) (NOUN ragù)) (CCONJ e) (sn (sq (DET alcune)) (sa (ADJ piccole)) (NOUN verdure) (PUNCT .))))))));;2,741151583;content
240;15;e;e;CCONJ;cc;verdure;(ROOT (cp (savv (ADV Più) (ADV tardi)) (fc (f (coord (sn (PROPN Lupetto)) (CCONJ e) (sn (DET il) (NOUN papà))) (ibar (VERB cucinano)) (compt (sn (DET le) (NOUN lasagne)))) (PUNCT ,) (f (sn (PROPN Lupetto)) (ibar (VERB dispone)) (compt (sn (DET gli) (NOUN strati) (spd (ADP di) (sn (NOUN pasta)))) (sp (ADP in) (sn (DET la) (NOUN teglia))))) (CCONJ e) (f (sn (DET il) (NOUN papà)) (ibar (VERB aggiunge)) (compt (coord (sn (DET il) (NOUN ragù)) (CCONJ e) (sn (sq (DET alcune)) (sa (ADJ piccole)) (NOUN verdure) (PUNCT .))))))));;2,741151583;function
241;15;alcune;alcuno;DET;det;verdure;(ROOT (cp (savv (ADV Più) (ADV tardi)) (fc (f (coord (sn (PROPN Lupetto)) (CCONJ e) (sn (DET il) (NOUN papà))) (ibar (VERB cucinano)) (compt (sn (DET le) (NOUN lasagne)))) (PUNCT ,) (f (sn (PROPN Lupetto)) (ibar (VERB dispone)) (compt (sn (DET gli) (NOUN strati) (spd (ADP di) (sn (NOUN pasta)))) (sp (ADP in) (sn (DET la) (NOUN teglia))))) (CCONJ e) (f (sn (DET il) (NOUN papà)) (ibar (VERB aggiunge)) (compt (coord (sn (DET il) (NOUN ragù)) (CCONJ e) (sn (sq (DET alcune)) (sa (ADJ piccole)) (NOUN verdure) (PUNCT .))))))));;4,893008951;function
242;15;piccole;piccolo;ADJ;amod;verdure;(ROOT (cp (savv (ADV Più) (ADV tardi)) (fc (f (coord (sn (PROPN Lupetto)) (CCONJ e) (sn (DET il) (NOUN papà))) (ibar (VERB cucinano)) (compt (sn (DET le) (NOUN lasagne)))) (PUNCT ,) (f (sn (PROPN Lupetto)) (ibar (VERB dispone)) (compt (sn (DET gli) (NOUN strati) (spd (ADP di) (sn (NOUN pasta)))) (sp (ADP in) (sn (DET la) (NOUN teglia))))) (CCONJ e) (f (sn (DET il) (NOUN papà)) (ibar (VERB aggiunge)) (compt (coord (sn (DET il) (NOUN ragù)) (CCONJ e) (sn (sq (DET alcune)) (sa (ADJ piccole)) (NOUN verdure) (PUNCT .))))))));4.12 ± 3.18;4,427838194;content
243;15;verdure;verdura;NOUN;conj;ragù;(ROOT (cp (savv (ADV Più) (ADV tardi)) (fc (f (coord (sn (PROPN Lupetto)) (CCONJ e) (sn (DET il) (NOUN papà))) (ibar (VERB cucinano)) (compt (sn (DET le) (NOUN lasagne)))) (PUNCT ,) (f (sn (PROPN Lupetto)) (ibar (VERB dispone)) (compt (sn (DET gli) (NOUN strati) (spd (ADP di) (sn (NOUN pasta)))) (sp (ADP in) (sn (DET la) (NOUN teglia))))) (CCONJ e) (f (sn (DET il) (NOUN papà)) (ibar (VERB aggiunge)) (compt (coord (sn (DET il) (NOUN ragù)) (CCONJ e) (sn (sq (DET alcune)) (sa (ADJ piccole)) (NOUN verdure) (PUNCT .))))))));;3,685773252;content
244;16;ah;ah;INTJ;discourse;protesta;(ROOT (dirsp (PUNCT “) (cp (INTJ Ah) (INTJ no!)) (PUNCT ”) (PUNCT ,) (sn (NOUN protesta) (sn (PROPN Lupetto) (PUNCT .)))));;2,25162107;function
245;16;no;no;INTJ;discourse;protesta;(ROOT (dirsp (PUNCT “) (cp (INTJ Ah) (INTJ no!)) (PUNCT ”) (PUNCT ,) (sn (NOUN protesta) (sn (PROPN Lupetto) (PUNCT .)))));;6,605764599;function
246;16;protesta;protesta;NOUN;root;ROOT;(ROOT (dirsp (PUNCT “) (cp (INTJ Ah) (INTJ no!)) (PUNCT ”) (PUNCT ,) (sn (NOUN protesta) (sn (PROPN Lupetto) (PUNCT .)))));;3,650315718;content
247;16;lupetto;Lupetto;PROPN;nmod;protesta;(ROOT (dirsp (PUNCT “) (cp (INTJ Ah) (INTJ no!)) (PUNCT ”) (PUNCT ,) (sn (NOUN protesta) (sn (PROPN Lupetto) (PUNCT .)))));;2,433961279;content
248;17;le;il;DET;det;verdure;(ROOT (dirsp (PUNCT “) (f (sn (DET Le) (NOUN verdure)) (ibar (ADV non) (PRON mi) (VERB piacciono)) (PUNCT ”) (PUNCT .))));;6,624997683;function
249;17;verdure;verdura;NOUN;nsubj;piacciono;(ROOT (dirsp (PUNCT “) (f (sn (DET Le) (NOUN verdure)) (ibar (ADV non) (PRON mi) (VERB piacciono)) (PUNCT ”) (PUNCT .))));;3,685773252;content
250;17;non;non;ADV;advmod;piacciono;(ROOT (dirsp (PUNCT “) (f (sn (DET Le) (NOUN verdure)) (ibar (ADV non) (PRON mi) (VERB piacciono)) (PUNCT ”) (PUNCT .))));;7,259198169;function
251;17;mi;mi;PRON;iobj;piacciono;(ROOT (dirsp (PUNCT “) (f (sn (DET Le) (NOUN verdure)) (ibar (ADV non) (PRON mi) (VERB piacciono)) (PUNCT ”) (PUNCT .))));;6,769601972;function
252;17;piacciono;piacere;VERB;root;ROOT;(ROOT (dirsp (PUNCT “) (f (sn (DET Le) (NOUN verdure)) (ibar (ADV non) (PRON mi) (VERB piacciono)) (PUNCT ”) (PUNCT .))));7.64 ± 3.16;4,914296797;content
253;18;vedrai;vedere;VERB;root;ROOT;(ROOT (dirsp (PUNCT “) (f (ibar (VERB Vedrai)) (compt (fs (SCONJ quando) (f3 (sn (DET le) (NOUN assaggi)))))) (PUNCT ”) (fp (PUNCT ,) (f (ibar (PRON gli) (VERB dice)) (compt (sn (DET il) (NOUN papà) (PUNCT .)))))));4.60 ± 1.50;4,627959949;content
254;18;quando;quando;SCONJ;mark;assaggi;(ROOT (dirsp (PUNCT “) (f (ibar (VERB Vedrai)) (compt (fs (SCONJ quando) (f3 (sn (DET le) (NOUN assaggi)))))) (PUNCT ”) (fp (PUNCT ,) (f (ibar (PRON gli) (VERB dice)) (compt (sn (DET il) (NOUN papà) (PUNCT .)))))));;6,212844009;function
255;18;le;il;DET;det;assaggi;(ROOT (dirsp (PUNCT “) (f (ibar (VERB Vedrai)) (compt (fs (SCONJ quando) (f3 (sn (DET le) (NOUN assaggi)))))) (PUNCT ”) (fp (PUNCT ,) (f (ibar (PRON gli) (VERB dice)) (compt (sn (DET il) (NOUN papà) (PUNCT .)))))));;6,624997683;function
256;18;assaggi;assaggio;NOUN;ccomp;Vedrai;(ROOT (dirsp (PUNCT “) (f (ibar (VERB Vedrai)) (compt (fs (SCONJ quando) (f3 (sn (DET le) (NOUN assaggi)))))) (PUNCT ”) (fp (PUNCT ,) (f (ibar (PRON gli) (VERB dice)) (compt (sn (DET il) (NOUN papà) (PUNCT .)))))));;3,195244604;content
257;18;gli;gli;PRON;iobj;dice;(ROOT (dirsp (PUNCT “) (f (ibar (VERB Vedrai)) (compt (fs (SCONJ quando) (f3 (sn (DET le) (NOUN assaggi)))))) (PUNCT ”) (fp (PUNCT ,) (f (ibar (PRON gli) (VERB dice)) (compt (sn (DET il) (NOUN papà) (PUNCT .)))))));;6,227520191;function
258;18;dice;dire;VERB;parataxis;Vedrai;(ROOT (dirsp (PUNCT “) (f (ibar (VERB Vedrai)) (compt (fs (SCONJ quando) (f3 (sn (DET le) (NOUN assaggi)))))) (PUNCT ”) (fp (PUNCT ,) (f (ibar (PRON gli) (VERB dice)) (compt (sn (DET il) (NOUN papà) (PUNCT .)))))));4.08 ± 1.73;5,609257672;content
259;18;il;il;DET;det;papà;(ROOT (dirsp (PUNCT “) (f (ibar (VERB Vedrai)) (compt (fs (SCONJ quando) (f3 (sn (DET le) (NOUN assaggi)))))) (PUNCT ”) (fp (PUNCT ,) (f (ibar (PRON gli) (VERB dice)) (compt (sn (DET il) (NOUN papà) (PUNCT .)))))));;7,039560886;function
260;18;papà;papà;NOUN;nsubj;dice;(ROOT (dirsp (PUNCT “) (f (ibar (VERB Vedrai)) (compt (fs (SCONJ quando) (f3 (sn (DET le) (NOUN assaggi)))))) (PUNCT ”) (fp (PUNCT ,) (f (ibar (PRON gli) (VERB dice)) (compt (sn (DET il) (NOUN papà) (PUNCT .)))))));2.20 ± 1.12;5,588106908;content
261;19;ecco;ecco;INTJ;discourse;pronte;(ROOT (cp (cp (INTJ Ecco)) (PUNCT ,) (f (sn (DET le) (NOUN lasagne)) (ibar (AUX sono)) (compc (sa (ADJ pronte)))) (PUNCT ,) (sn (INTJ mmm)) (PUNCT ,) (f2 (DET che) (ibar (NOUN profumino))) (PUNCT ,) (fc (ADV però) (f (sn (PROPN Lupetto)) (ibar (AUX è)) (compc (sp (ADP su) (sn (DET le) (NOUN spine)))))) (PUNCT ,) (f (ibar (PRON si) (VERB domanda)) (compt (fs (SCONJ se) (f (ir_infl (PRON gli) (VERB piaceranno) (PUNCT .))))))));;5,695815269;function
262;19;le;il;DET;det;lasagne;(ROOT (cp (cp (INTJ Ecco)) (PUNCT ,) (f (sn (DET le) (NOUN lasagne)) (ibar (AUX sono)) (compc (sa (ADJ pronte)))) (PUNCT ,) (sn (INTJ mmm)) (PUNCT ,) (f2 (DET che) (ibar (NOUN profumino))) (PUNCT ,) (fc (ADV però) (f (sn (PROPN Lupetto)) (ibar (AUX è)) (compc (sp (ADP su) (sn (DET le) (NOUN spine)))))) (PUNCT ,) (f (ibar (PRON si) (VERB domanda)) (compt (fs (SCONJ se) (f (ir_infl (PRON gli) (VERB piaceranno) (PUNCT .))))))));;6,624997683;function
263;19;lasagne;lasagna;NOUN;nsubj;pronte;(ROOT (cp (cp (INTJ Ecco)) (PUNCT ,) (f (sn (DET le) (NOUN lasagne)) (ibar (AUX sono)) (compc (sa (ADJ pronte)))) (PUNCT ,) (sn (INTJ mmm)) (PUNCT ,) (f2 (DET che) (ibar (NOUN profumino))) (PUNCT ,) (fc (ADV però) (f (sn (PROPN Lupetto)) (ibar (AUX è)) (compc (sp (ADP su) (sn (DET le) (NOUN spine)))))) (PUNCT ,) (f (ibar (PRON si) (VERB domanda)) (compt (fs (SCONJ se) (f (ir_infl (PRON gli) (VERB piaceranno) (PUNCT .))))))));;3,296433415;content
264;19;sono;essere;AUX;cop;pronte;(ROOT (cp (cp (INTJ Ecco)) (PUNCT ,) (f (sn (DET le) (NOUN lasagne)) (ibar (AUX sono)) (compc (sa (ADJ pronte)))) (PUNCT ,) (sn (INTJ mmm)) (PUNCT ,) (f2 (DET che) (ibar (NOUN profumino))) (PUNCT ,) (fc (ADV però) (f (sn (PROPN Lupetto)) (ibar (AUX è)) (compc (sp (ADP su) (sn (DET le) (NOUN spine)))))) (PUNCT ,) (f (ibar (PRON si) (VERB domanda)) (compt (fs (SCONJ se) (f (ir_infl (PRON gli) (VERB piaceranno) (PUNCT .))))))));;6,768130002;function
265;19;pronte;pronto;ADJ;root;ROOT;(ROOT (cp (cp (INTJ Ecco)) (PUNCT ,) (f (sn (DET le) (NOUN lasagne)) (ibar (AUX sono)) (compc (sa (ADJ pronte)))) (PUNCT ,) (sn (INTJ mmm)) (PUNCT ,) (f2 (DET che) (ibar (NOUN profumino))) (PUNCT ,) (fc (ADV però) (f (sn (PROPN Lupetto)) (ibar (AUX è)) (compc (sp (ADP su) (sn (DET le) (NOUN spine)))))) (PUNCT ,) (f (ibar (PRON si) (VERB domanda)) (compt (fs (SCONJ se) (f (ir_infl (PRON gli) (VERB piaceranno) (PUNCT .))))))));;4,027563772;content
266;19;mmm;mmm;INTJ;discourse;pronte;(ROOT (cp (cp (INTJ Ecco)) (PUNCT ,) (f (sn (DET le) (NOUN lasagne)) (ibar (AUX sono)) (compc (sa (ADJ pronte)))) (PUNCT ,) (sn (INTJ mmm)) (PUNCT ,) (f2 (DET che) (ibar (NOUN profumino))) (PUNCT ,) (fc (ADV però) (f (sn (PROPN Lupetto)) (ibar (AUX è)) (compc (sp (ADP su) (sn (DET le) (NOUN spine)))))) (PUNCT ,) (f (ibar (PRON si) (VERB domanda)) (compt (fs (SCONJ se) (f (ir_infl (PRON gli) (VERB piaceranno) (PUNCT .))))))));;4,347017861;function
267;19;che;che;DET;det;profumino;(ROOT (cp (cp (INTJ Ecco)) (PUNCT ,) (f (sn (DET le) (NOUN lasagne)) (ibar (AUX sono)) (compc (sa (ADJ pronte)))) (PUNCT ,) (sn (INTJ mmm)) (PUNCT ,) (f2 (DET che) (ibar (NOUN profumino))) (PUNCT ,) (fc (ADV però) (f (sn (PROPN Lupetto)) (ibar (AUX è)) (compc (sp (ADP su) (sn (DET le) (NOUN spine)))))) (PUNCT ,) (f (ibar (PRON si) (VERB domanda)) (compt (fs (SCONJ se) (f (ir_infl (PRON gli) (VERB piaceranno) (PUNCT .))))))));;7,250456545;function
268;19;profumino;profumino;NOUN;conj;pronte;(ROOT (cp (cp (INTJ Ecco)) (PUNCT ,) (f (sn (DET le) (NOUN lasagne)) (ibar (AUX sono)) (compc (sa (ADJ pronte)))) (PUNCT ,) (sn (INTJ mmm)) (PUNCT ,) (f2 (DET che) (ibar (NOUN profumino))) (PUNCT ,) (fc (ADV però) (f (sn (PROPN Lupetto)) (ibar (AUX è)) (compc (sp (ADP su) (sn (DET le) (NOUN spine)))))) (PUNCT ,) (f (ibar (PRON si) (VERB domanda)) (compt (fs (SCONJ se) (f (ir_infl (PRON gli) (VERB piaceranno) (PUNCT .))))))));;3,083017833;content
269;19;però;però;ADV;advmod;spine;(ROOT (cp (cp (INTJ Ecco)) (PUNCT ,) (f (sn (DET le) (NOUN lasagne)) (ibar (AUX sono)) (compc (sa (ADJ pronte)))) (PUNCT ,) (sn (INTJ mmm)) (PUNCT ,) (f2 (DET che) (ibar (NOUN profumino))) (PUNCT ,) (fc (ADV però) (f (sn (PROPN Lupetto)) (ibar (AUX è)) (compc (sp (ADP su) (sn (DET le) (NOUN spine)))))) (PUNCT ,) (f (ibar (PRON si) (VERB domanda)) (compt (fs (SCONJ se) (f (ir_infl (PRON gli) (VERB piaceranno) (PUNCT .))))))));;5,274174947;function
270;19;lupetto;Lupetto;PROPN;nsubj;spine;(ROOT (cp (cp (INTJ Ecco)) (PUNCT ,) (f (sn (DET le) (NOUN lasagne)) (ibar (AUX sono)) (compc (sa (ADJ pronte)))) (PUNCT ,) (sn (INTJ mmm)) (PUNCT ,) (f2 (DET che) (ibar (NOUN profumino))) (PUNCT ,) (fc (ADV però) (f (sn (PROPN Lupetto)) (ibar (AUX è)) (compc (sp (ADP su) (sn (DET le) (NOUN spine)))))) (PUNCT ,) (f (ibar (PRON si) (VERB domanda)) (compt (fs (SCONJ se) (f (ir_infl (PRON gli) (VERB piaceranno) (PUNCT .))))))));;2,433961279;content
271;19;è;essere;AUX;cop;spine;(ROOT (cp (cp (INTJ Ecco)) (PUNCT ,) (f (sn (DET le) (NOUN lasagne)) (ibar (AUX sono)) (compc (sa (ADJ pronte)))) (PUNCT ,) (sn (INTJ mmm)) (PUNCT ,) (f2 (DET che) (ibar (NOUN profumino))) (PUNCT ,) (fc (ADV però) (f (sn (PROPN Lupetto)) (ibar (AUX è)) (compc (sp (ADP su) (sn (DET le) (NOUN spine)))))) (PUNCT ,) (f (ibar (PRON si) (VERB domanda)) (compt (fs (SCONJ se) (f (ir_infl (PRON gli) (VERB piaceranno) (PUNCT .))))))));;7,249521761;function
272;19;sulle;su;ADP;case;spine;(ROOT (cp (cp (INTJ Ecco)) (PUNCT ,) (f (sn (DET le) (NOUN lasagne)) (ibar (AUX sono)) (compc (sa (ADJ pronte)))) (PUNCT ,) (sn (INTJ mmm)) (PUNCT ,) (f2 (DET che) (ibar (NOUN profumino))) (PUNCT ,) (fc (ADV però) (f (sn (PROPN Lupetto)) (ibar (AUX è)) (compc (sp (ADP su) (sn (DET le) (NOUN spine)))))) (PUNCT ,) (f (ibar (PRON si) (VERB domanda)) (compt (fs (SCONJ se) (f (ir_infl (PRON gli) (VERB piaceranno) (PUNCT .))))))));;5,056412152;function
273;19;spine;spina;NOUN;conj;pronte;(ROOT (cp (cp (INTJ Ecco)) (PUNCT ,) (f (sn (DET le) (NOUN lasagne)) (ibar (AUX sono)) (compc (sa (ADJ pronte)))) (PUNCT ,) (sn (INTJ mmm)) (PUNCT ,) (f2 (DET che) (ibar (NOUN profumino))) (PUNCT ,) (fc (ADV però) (f (sn (PROPN Lupetto)) (ibar (AUX è)) (compc (sp (ADP su) (sn (DET le) (NOUN spine)))))) (PUNCT ,) (f (ibar (PRON si) (VERB domanda)) (compt (fs (SCONJ se) (f (ir_infl (PRON gli) (VERB piaceranno) (PUNCT .))))))));6.00 ± 2.58;3,500553397;content
274;19;si;si;PRON;expl;domanda;(ROOT (cp (cp (INTJ Ecco)) (PUNCT ,) (f (sn (DET le) (NOUN lasagne)) (ibar (AUX sono)) (compc (sa (ADJ pronte)))) (PUNCT ,) (sn (INTJ mmm)) (PUNCT ,) (f2 (DET che) (ibar (NOUN profumino))) (PUNCT ,) (fc (ADV però) (f (sn (PROPN Lupetto)) (ibar (AUX è)) (compc (sp (ADP su) (sn (DET le) (NOUN spine)))))) (PUNCT ,) (f (ibar (PRON si) (VERB domanda)) (compt (fs (SCONJ se) (f (ir_infl (PRON gli) (VERB piaceranno) (PUNCT .))))))));;6,553884221;function
275;19;domanda;domandare;VERB;conj;pronte;(ROOT (cp (cp (INTJ Ecco)) (PUNCT ,) (f (sn (DET le) (NOUN lasagne)) (ibar (AUX sono)) (compc (sa (ADJ pronte)))) (PUNCT ,) (sn (INTJ mmm)) (PUNCT ,) (f2 (DET che) (ibar (NOUN profumino))) (PUNCT ,) (fc (ADV però) (f (sn (PROPN Lupetto)) (ibar (AUX è)) (compc (sp (ADP su) (sn (DET le) (NOUN spine)))))) (PUNCT ,) (f (ibar (PRON si) (VERB domanda)) (compt (fs (SCONJ se) (f (ir_infl (PRON gli) (VERB piaceranno) (PUNCT .))))))));;5,180684418;content
276;19;se;se;SCONJ;mark;piaceranno;(ROOT (cp (cp (INTJ Ecco)) (PUNCT ,) (f (sn (DET le) (NOUN lasagne)) (ibar (AUX sono)) (compc (sa (ADJ pronte)))) (PUNCT ,) (sn (INTJ mmm)) (PUNCT ,) (f2 (DET che) (ibar (NOUN profumino))) (PUNCT ,) (fc (ADV però) (f (sn (PROPN Lupetto)) (ibar (AUX è)) (compc (sp (ADP su) (sn (DET le) (NOUN spine)))))) (PUNCT ,) (f (ibar (PRON si) (VERB domanda)) (compt (fs (SCONJ se) (f (ir_infl (PRON gli) (VERB piaceranno) (PUNCT .))))))));;6,583110863;function
277;19;gli;gli;PRON;iobj;piaceranno;(ROOT (cp (cp (INTJ Ecco)) (PUNCT ,) (f (sn (DET le) (NOUN lasagne)) (ibar (AUX sono)) (compc (sa (ADJ pronte)))) (PUNCT ,) (sn (INTJ mmm)) (PUNCT ,) (f2 (DET che) (ibar (NOUN profumino))) (PUNCT ,) (fc (ADV però) (f (sn (PROPN Lupetto)) (ibar (AUX è)) (compc (sp (ADP su) (sn (DET le) (NOUN spine)))))) (PUNCT ,) (f (ibar (PRON si) (VERB domanda)) (compt (fs (SCONJ se) (f (ir_infl (PRON gli) (VERB piaceranno) (PUNCT .))))))));;6,227520191;function
278;19;piaceranno;piacere;VERB;ccomp;domanda;(ROOT (cp (cp (INTJ Ecco)) (PUNCT ,) (f (sn (DET le) (NOUN lasagne)) (ibar (AUX sono)) (compc (sa (ADJ pronte)))) (PUNCT ,) (sn (INTJ mmm)) (PUNCT ,) (f2 (DET che) (ibar (NOUN profumino))) (PUNCT ,) (fc (ADV però) (f (sn (PROPN Lupetto)) (ibar (AUX è)) (compc (sp (ADP su) (sn (DET le) (NOUN spine)))))) (PUNCT ,) (f (ibar (PRON si) (VERB domanda)) (compt (fs (SCONJ se) (f (ir_infl (PRON gli) (VERB piaceranno) (PUNCT .))))))));7.64 ± 3.16;3,236246209;content
279;20;lupetto;lupetto;NOUN;nsubj;assaggia;(ROOT (fc (f (sn (NOUN Lupetto)) (ibar (VERB assaggia)) (compt (sn (DET le) (NOUN lasagne)))) (PUNCT ,) (f (ibar (AUX sono)) (compc (sa (ADJ deliziose)))) (CCONJ e) (f (ibar (PRON ne) (VERB vuole)) (compt (savv (ADV ancora) (PUNCT .))))));;2,433961279;content
280;20;assaggia;assaggiare;VERB;root;ROOT;(ROOT (fc (f (sn (NOUN Lupetto)) (ibar (VERB assaggia)) (compt (sn (DET le) (NOUN lasagne)))) (PUNCT ,) (f (ibar (AUX sono)) (compc (sa (ADJ deliziose)))) (CCONJ e) (f (ibar (PRON ne) (VERB vuole)) (compt (savv (ADV ancora) (PUNCT .))))));;3,420092933;content
281;20;le;il;DET;det;lasagne;(ROOT (fc (f (sn (NOUN Lupetto)) (ibar (VERB assaggia)) (compt (sn (DET le) (NOUN lasagne)))) (PUNCT ,) (f (ibar (AUX sono)) (compc (sa (ADJ deliziose)))) (CCONJ e) (f (ibar (PRON ne) (VERB vuole)) (compt (savv (ADV ancora) (PUNCT .))))));;6,624997683;function
282;20;lasagne;lasagna;NOUN;obj;assaggia;(ROOT (fc (f (sn (NOUN Lupetto)) (ibar (VERB assaggia)) (compt (sn (DET le) (NOUN lasagne)))) (PUNCT ,) (f (ibar (AUX sono)) (compc (sa (ADJ deliziose)))) (CCONJ e) (f (ibar (PRON ne) (VERB vuole)) (compt (savv (ADV ancora) (PUNCT .))))));;3,296433415;content
283;20;sono;essere;AUX;cop;deliziose;(ROOT (fc (f (sn (NOUN Lupetto)) (ibar (VERB assaggia)) (compt (sn (DET le) (NOUN lasagne)))) (PUNCT ,) (f (ibar (AUX sono)) (compc (sa (ADJ deliziose)))) (CCONJ e) (f (ibar (PRON ne) (VERB vuole)) (compt (savv (ADV ancora) (PUNCT .))))));;6,768130002;function
284;20;deliziose;delizioso;ADJ;conj;assaggia;(ROOT (fc (f (sn (NOUN Lupetto)) (ibar (VERB assaggia)) (compt (sn (DET le) (NOUN lasagne)))) (PUNCT ,) (f (ibar (AUX sono)) (compc (sa (ADJ deliziose)))) (CCONJ e) (f (ibar (PRON ne) (VERB vuole)) (compt (savv (ADV ancora) (PUNCT .))))));;3,338599554;content
285;20;e;e;CCONJ;cc;vuole;(ROOT (fc (f (sn (NOUN Lupetto)) (ibar (VERB assaggia)) (compt (sn (DET le) (NOUN lasagne)))) (PUNCT ,) (f (ibar (AUX sono)) (compc (sa (ADJ deliziose)))) (CCONJ e) (f (ibar (PRON ne) (VERB vuole)) (compt (savv (ADV ancora) (PUNCT .))))));;2,741151583;function
286;20;ne;ne;PRON;iobj;vuole;(ROOT (fc (f (sn (NOUN Lupetto)) (ibar (VERB assaggia)) (compt (sn (DET le) (NOUN lasagne)))) (PUNCT ,) (f (ibar (AUX sono)) (compc (sa (ADJ deliziose)))) (CCONJ e) (f (ibar (PRON ne) (VERB vuole)) (compt (savv (ADV ancora) (PUNCT .))))));;6,201935117;function
287;20;vuole;volere;VERB;conj;assaggia;(ROOT (fc (f (sn (NOUN Lupetto)) (ibar (VERB assaggia)) (compt (sn (DET le) (NOUN lasagne)))) (PUNCT ,) (f (ibar (AUX sono)) (compc (sa (ADJ deliziose)))) (CCONJ e) (f (ibar (PRON ne) (VERB vuole)) (compt (savv (ADV ancora) (PUNCT .))))));;5,745182159;content
288;20;ancora;ancora;ADV;advmod;vuole;(ROOT (fc (f (sn (NOUN Lupetto)) (ibar (VERB assaggia)) (compt (sn (DET le) (NOUN lasagne)))) (PUNCT ,) (f (ibar (AUX sono)) (compc (sa (ADJ deliziose)))) (CCONJ e) (f (ibar (PRON ne) (VERB vuole)) (compt (savv (ADV ancora) (PUNCT .))))));;6,01813737;function
289;21;ah;ah;INTJ;discourse;no;(ROOT (dirsp (PUNCT “) (cp (INTJ Ah) (INTJ no)) (PUNCT !)));;2,25162107;function
290;21;no;no;INTJ;root;ROOT;(ROOT (dirsp (PUNCT “) (cp (INTJ Ah) (INTJ no)) (PUNCT !)));;6,605764599;function
291;22;le;il;DET;det;lasagne;(ROOT (dirsp (f (sn (DET Le) (NOUN lasagne)) (ibar (AUX sono)) (compc (sp (ADV solo) (ADP per) (sn (PRON me))))) (PUNCT ”) (PUNCT ,) (f (ibar (PRON lo) (VERB prende)) (compt (sp (ADP in) (sn (NOUN giro))) (sn (DET il) (NOUN papà) (PUNCT .))))));;6,624997683;function
292;22;lasagne;lasagna;NOUN;nsubj;me;(ROOT (dirsp (f (sn (DET Le) (NOUN lasagne)) (ibar (AUX sono)) (compc (sp (ADV solo) (ADP per) (sn (PRON me))))) (PUNCT ”) (PUNCT ,) (f (ibar (PRON lo) (VERB prende)) (compt (sp (ADP in) (sn (NOUN giro))) (sn (DET il) (NOUN papà) (PUNCT .))))));;3,296433415;content
293;22;sono;essere;AUX;cop;me;(ROOT (dirsp (f (sn (DET Le) (NOUN lasagne)) (ibar (AUX sono)) (compc (sp (ADV solo) (ADP per) (sn (PRON me))))) (PUNCT ”) (PUNCT ,) (f (ibar (PRON lo) (VERB prende)) (compt (sp (ADP in) (sn (NOUN giro))) (sn (DET il) (NOUN papà) (PUNCT .))))));;6,768130002;function
294;22;solo;solo;ADV;advmod;me;(ROOT (dirsp (f (sn (DET Le) (NOUN lasagne)) (ibar (AUX sono)) (compc (sp (ADV solo) (ADP per) (sn (PRON me))))) (PUNCT ”) (PUNCT ,) (f (ibar (PRON lo) (VERB prende)) (compt (sp (ADP in) (sn (NOUN giro))) (sn (DET il) (NOUN papà) (PUNCT .))))));4.60 ± 2.14;6,359323473;function
295;22;per;per;ADP;case;me;(ROOT (dirsp (f (sn (DET Le) (NOUN lasagne)) (ibar (AUX sono)) (compc (sp (ADV solo) (ADP per) (sn (PRON me))))) (PUNCT ”) (PUNCT ,) (f (ibar (PRON lo) (VERB prende)) (compt (sp (ADP in) (sn (NOUN giro))) (sn (DET il) (NOUN papà) (PUNCT .))))));;6,912435835;function
296;22;me;me;PRON;root;ROOT;(ROOT (dirsp (f (sn (DET Le) (NOUN lasagne)) (ibar (AUX sono)) (compc (sp (ADV solo) (ADP per) (sn (PRON me))))) (PUNCT ”) (PUNCT ,) (f (ibar (PRON lo) (VERB prende)) (compt (sp (ADP in) (sn (NOUN giro))) (sn (DET il) (NOUN papà) (PUNCT .))))));;6,337855516;function
297;22;lo;lo;PRON;obj;prende;(ROOT (dirsp (f (sn (DET Le) (NOUN lasagne)) (ibar (AUX sono)) (compc (sp (ADV solo) (ADP per) (sn (PRON me))))) (PUNCT ”) (PUNCT ,) (f (ibar (PRON lo) (VERB prende)) (compt (sp (ADP in) (sn (NOUN giro))) (sn (DET il) (NOUN papà) (PUNCT .))))));;6,655915487;function
298;22;prende;prendere;VERB;parataxis;me;(ROOT (dirsp (f (sn (DET Le) (NOUN lasagne)) (ibar (AUX sono)) (compc (sp (ADV solo) (ADP per) (sn (PRON me))))) (PUNCT ”) (PUNCT ,) (f (ibar (PRON lo) (VERB prende)) (compt (sp (ADP in) (sn (NOUN giro))) (sn (DET il) (NOUN papà) (PUNCT .))))));4.36 ± 1.89;4,869987548;content
299;22;in;in;ADP;case;giro;(ROOT (dirsp (f (sn (DET Le) (NOUN lasagne)) (ibar (AUX sono)) (compc (sp (ADV solo) (ADP per) (sn (PRON me))))) (PUNCT ”) (PUNCT ,) (f (ibar (PRON lo) (VERB prende)) (compt (sp (ADP in) (sn (NOUN giro))) (sn (DET il) (NOUN papà) (PUNCT .))))));;6,797274494;function
300;22;giro;giro;NOUN;obl;prende;(ROOT (dirsp (f (sn (DET Le) (NOUN lasagne)) (ibar (AUX sono)) (compc (sp (ADV solo) (ADP per) (sn (PRON me))))) (PUNCT ”) (PUNCT ,) (f (ibar (PRON lo) (VERB prende)) (compt (sp (ADP in) (sn (NOUN giro))) (sn (DET il) (NOUN papà) (PUNCT .))))));;5,36483757;content
301;22;il;il;DET;det;papà;(ROOT (dirsp (f (sn (DET Le) (NOUN lasagne)) (ibar (AUX sono)) (compc (sp (ADV solo) (ADP per) (sn (PRON me))))) (PUNCT ”) (PUNCT ,) (f (ibar (PRON lo) (VERB prende)) (compt (sp (ADP in) (sn (NOUN giro))) (sn (DET il) (NOUN papà) (PUNCT .))))));;7,039560886;function
302;22;papà;papà;NOUN;nsubj;prende;(ROOT (dirsp (f (sn (DET Le) (NOUN lasagne)) (ibar (AUX sono)) (compc (sp (ADV solo) (ADP per) (sn (PRON me))))) (PUNCT ”) (PUNCT ,) (f (ibar (PRON lo) (VERB prende)) (compt (sp (ADP in) (sn (NOUN giro))) (sn (DET il) (NOUN papà) (PUNCT .))))));2.20 ± 1.12;5,588106908;content
303;23;hai;avere;AUX;aux;detto;(ROOT (dirsp (PUNCT “) (f (ibar (AUX Hai) (VERB detto)) (compt (fac (SCONJ che) (f (ibar (ADV non) (PRON ti) (VERB piacevano)) (compt (sn (DET le) (NOUN verdure))))) (PUNCT ”) (PUNCT .)))));;6,477590733;function
304;23;detto;dire;VERB;root;ROOT;(ROOT (dirsp (PUNCT “) (f (ibar (AUX Hai) (VERB detto)) (compt (fac (SCONJ che) (f (ibar (ADV non) (PRON ti) (VERB piacevano)) (compt (sn (DET le) (NOUN verdure))))) (PUNCT ”) (PUNCT .)))));4.08 ± 1.73;6,180297396;content
305;23;che;che;SCONJ;mark;piacevano;(ROOT (dirsp (PUNCT “) (f (ibar (AUX Hai) (VERB detto)) (compt (fac (SCONJ che) (f (ibar (ADV non) (PRON ti) (VERB piacevano)) (compt (sn (DET le) (NOUN verdure))))) (PUNCT ”) (PUNCT .)))));;7,250456545;function
306;23;non;non;ADV;advmod;piacevano;(ROOT (dirsp (PUNCT “) (f (ibar (AUX Hai) (VERB detto)) (compt (fac (SCONJ che) (f (ibar (ADV non) (PRON ti) (VERB piacevano)) (compt (sn (DET le) (NOUN verdure))))) (PUNCT ”) (PUNCT .)))));;7,259198169;function
307;23;ti;ti;PRON;iobj;piacevano;(ROOT (dirsp (PUNCT “) (f (ibar (AUX Hai) (VERB detto)) (compt (fac (SCONJ che) (f (ibar (ADV non) (PRON ti) (VERB piacevano)) (compt (sn (DET le) (NOUN verdure))))) (PUNCT ”) (PUNCT .)))));;6,615643201;function
308;23;piacevano;piacere;VERB;ccomp;detto;(ROOT (dirsp (PUNCT “) (f (ibar (AUX Hai) (VERB detto)) (compt (fac (SCONJ che) (f (ibar (ADV non) (PRON ti) (VERB piacevano)) (compt (sn (DET le) (NOUN verdure))))) (PUNCT ”) (PUNCT .)))));7.64 ± 3.16;3,711406763;content
309;23;le;il;DET;det;verdure;(ROOT (dirsp (PUNCT “) (f (ibar (AUX Hai) (VERB detto)) (compt (fac (SCONJ che) (f (ibar (ADV non) (PRON ti) (VERB piacevano)) (compt (sn (DET le) (NOUN verdure))))) (PUNCT ”) (PUNCT .)))));;6,624997683;function
310;23;verdure;verdura;NOUN;nsubj;piacevano;(ROOT (dirsp (PUNCT “) (f (ibar (AUX Hai) (VERB detto)) (compt (fac (SCONJ che) (f (ibar (ADV non) (PRON ti) (VERB piacevano)) (compt (sn (DET le) (NOUN verdure))))) (PUNCT ”) (PUNCT .)))));;3,685773252;content
311;24;le;il;DET;det;verdure;(ROOT (dirsp (PUNCT “) (f (sn (DET Le) (NOUN verdure)) (ibar (VERB fanno)) (compt (savv (ADV bene)) (sp (ADP a) (sn (DET la) (NOUN salute))))) (PUNCT ”) (fp (PUNCT ,) (fc (f (ibar (VERB risponde)) (compt (sn (PROPN Lupetto)))) (CCONJ e) (f (ibar (PRON se) (PRON ne) (VERB prende)) (compt (sn (DET un') (sa (ADJ enorme)) (NOUN cucchiaiata) (PUNCT .))))))));;6,624997683;function
312;24;verdure;verdura;NOUN;nsubj;fanno;(ROOT (dirsp (PUNCT “) (f (sn (DET Le) (NOUN verdure)) (ibar (VERB fanno)) (compt (savv (ADV bene)) (sp (ADP a) (sn (DET la) (NOUN salute))))) (PUNCT ”) (fp (PUNCT ,) (fc (f (ibar (VERB risponde)) (compt (sn (PROPN Lupetto)))) (CCONJ e) (f (ibar (PRON se) (PRON ne) (VERB prende)) (compt (sn (DET un') (sa (ADJ enorme)) (NOUN cucchiaiata) (PUNCT .))))))));;3,685773252;content
313;24;fanno;fare;VERB;root;ROOT;(ROOT (dirsp (PUNCT “) (f (sn (DET Le) (NOUN verdure)) (ibar (VERB fanno)) (compt (savv (ADV bene)) (sp (ADP a) (sn (DET la) (NOUN salute))))) (PUNCT ”) (fp (PUNCT ,) (fc (f (ibar (VERB risponde)) (compt (sn (PROPN Lupetto)))) (CCONJ e) (f (ibar (PRON se) (PRON ne) (VERB prende)) (compt (sn (DET un') (sa (ADJ enorme)) (NOUN cucchiaiata) (PUNCT .))))))));4.40 ± 2.22;5,244769657;content
314;24;bene;bene;ADV;advmod;fanno;(ROOT (dirsp (PUNCT “) (f (sn (DET Le) (NOUN verdure)) (ibar (VERB fanno)) (compt (savv (ADV bene)) (sp (ADP a) (sn (DET la) (NOUN salute))))) (PUNCT ”) (fp (PUNCT ,) (fc (f (ibar (VERB risponde)) (compt (sn (PROPN Lupetto)))) (CCONJ e) (f (ibar (PRON se) (PRON ne) (VERB prende)) (compt (sn (DET un') (sa (ADJ enorme)) (NOUN cucchiaiata) (PUNCT .))))))));;6,454992194;function
315;24;alla;a;ADP;case;salute;(ROOT (dirsp (PUNCT “) (f (sn (DET Le) (NOUN verdure)) (ibar (VERB fanno)) (compt (savv (ADV bene)) (sp (ADP a) (sn (DET la) (NOUN salute))))) (PUNCT ”) (fp (PUNCT ,) (fc (f (ibar (VERB risponde)) (compt (sn (PROPN Lupetto)))) (CCONJ e) (f (ibar (PRON se) (PRON ne) (VERB prende)) (compt (sn (DET un') (sa (ADJ enorme)) (NOUN cucchiaiata) (PUNCT .))))))));;6,135386161;function
316;24;salute;salute;NOUN;obl;fanno;(ROOT (dirsp (PUNCT “) (f (sn (DET Le) (NOUN verdure)) (ibar (VERB fanno)) (compt (savv (ADV bene)) (sp (ADP a) (sn (DET la) (NOUN salute))))) (PUNCT ”) (fp (PUNCT ,) (fc (f (ibar (VERB risponde)) (compt (sn (PROPN Lupetto)))) (CCONJ e) (f (ibar (PRON se) (PRON ne) (VERB prende)) (compt (sn (DET un') (sa (ADJ enorme)) (NOUN cucchiaiata) (PUNCT .))))))));5.88 ± 2.01;4,74933177;content
317;24;risponde;rispondere;VERB;parataxis;fanno;(ROOT (dirsp (PUNCT “) (f (sn (DET Le) (NOUN verdure)) (ibar (VERB fanno)) (compt (savv (ADV bene)) (sp (ADP a) (sn (DET la) (NOUN salute))))) (PUNCT ”) (fp (PUNCT ,) (fc (f (ibar (VERB risponde)) (compt (sn (PROPN Lupetto)))) (CCONJ e) (f (ibar (PRON se) (PRON ne) (VERB prende)) (compt (sn (DET un') (sa (ADJ enorme)) (NOUN cucchiaiata) (PUNCT .))))))));3.88 ± 1.59;4,376323713;content
318;24;lupetto;Lupetto;PROPN;nsubj;risponde;(ROOT (dirsp (PUNCT “) (f (sn (DET Le) (NOUN verdure)) (ibar (VERB fanno)) (compt (savv (ADV bene)) (sp (ADP a) (sn (DET la) (NOUN salute))))) (PUNCT ”) (fp (PUNCT ,) (fc (f (ibar (VERB risponde)) (compt (sn (PROPN Lupetto)))) (CCONJ e) (f (ibar (PRON se) (PRON ne) (VERB prende)) (compt (sn (DET un') (sa (ADJ enorme)) (NOUN cucchiaiata) (PUNCT .))))))));;2,433961279;content
319;24;e;e;CCONJ;cc;prende;(ROOT (dirsp (PUNCT “) (f (sn (DET Le) (NOUN verdure)) (ibar (VERB fanno)) (compt (savv (ADV bene)) (sp (ADP a) (sn (DET la) (NOUN salute))))) (PUNCT ”) (fp (PUNCT ,) (fc (f (ibar (VERB risponde)) (compt (sn (PROPN Lupetto)))) (CCONJ e) (f (ibar (PRON se) (PRON ne) (VERB prende)) (compt (sn (DET un') (sa (ADJ enorme)) (NOUN cucchiaiata) (PUNCT .))))))));;2,741151583;function
320;24;se;se;PRON;expl;prende;(ROOT (dirsp (PUNCT “) (f (sn (DET Le) (NOUN verdure)) (ibar (VERB fanno)) (compt (savv (ADV bene)) (sp (ADP a) (sn (DET la) (NOUN salute))))) (PUNCT ”) (fp (PUNCT ,) (fc (f (ibar (VERB risponde)) (compt (sn (PROPN Lupetto)))) (CCONJ e) (f (ibar (PRON se) (PRON ne) (VERB prende)) (compt (sn (DET un') (sa (ADJ enorme)) (NOUN cucchiaiata) (PUNCT .))))))));;6,583110863;function
321;24;ne;ne;PRON;iobj;prende;(ROOT (dirsp (PUNCT “) (f (sn (DET Le) (NOUN verdure)) (ibar (VERB fanno)) (compt (savv (ADV bene)) (sp (ADP a) (sn (DET la) (NOUN salute))))) (PUNCT ”) (fp (PUNCT ,) (fc (f (ibar (VERB risponde)) (compt (sn (PROPN Lupetto)))) (CCONJ e) (f (ibar (PRON se) (PRON ne) (VERB prende)) (compt (sn (DET un') (sa (ADJ enorme)) (NOUN cucchiaiata) (PUNCT .))))))));;6,201935117;function
322;24;prende;prendere;VERB;conj;fanno;(ROOT (dirsp (PUNCT “) (f (sn (DET Le) (NOUN verdure)) (ibar (VERB fanno)) (compt (savv (ADV bene)) (sp (ADP a) (sn (DET la) (NOUN salute))))) (PUNCT ”) (fp (PUNCT ,) (fc (f (ibar (VERB risponde)) (compt (sn (PROPN Lupetto)))) (CCONJ e) (f (ibar (PRON se) (PRON ne) (VERB prende)) (compt (sn (DET un') (sa (ADJ enorme)) (NOUN cucchiaiata) (PUNCT .))))))));4.36 ± 1.89;4,869987548;content
323;24;un;uno;DET;det;cucchiaiata;(ROOT (dirsp (PUNCT “) (f (sn (DET Le) (NOUN verdure)) (ibar (VERB fanno)) (compt (savv (ADV bene)) (sp (ADP a) (sn (DET la) (NOUN salute))))) (PUNCT ”) (fp (PUNCT ,) (fc (f (ibar (VERB risponde)) (compt (sn (PROPN Lupetto)))) (CCONJ e) (f (ibar (PRON se) (PRON ne) (VERB prende)) (compt (sn (DET un') (sa (ADJ enorme)) (NOUN cucchiaiata) (PUNCT .))))))));;7,065833912;function
324;24;enorme;enorme;ADJ;amod;cucchiaiata;(ROOT (dirsp (PUNCT “) (f (sn (DET Le) (NOUN verdure)) (ibar (VERB fanno)) (compt (savv (ADV bene)) (sp (ADP a) (sn (DET la) (NOUN salute))))) (PUNCT ”) (fp (PUNCT ,) (fc (f (ibar (VERB risponde)) (compt (sn (PROPN Lupetto)))) (CCONJ e) (f (ibar (PRON se) (PRON ne) (VERB prende)) (compt (sn (DET un') (sa (ADJ enorme)) (NOUN cucchiaiata) (PUNCT .))))))));;4,620756226;content
325;24;cucchiaiata;cucchiaiata;NOUN;obj;prende;(ROOT (dirsp (PUNCT “) (f (sn (DET Le) (NOUN verdure)) (ibar (VERB fanno)) (compt (savv (ADV bene)) (sp (ADP a) (sn (DET la) (NOUN salute))))) (PUNCT ”) (fp (PUNCT ,) (fc (f (ibar (VERB risponde)) (compt (sn (PROPN Lupetto)))) (CCONJ e) (f (ibar (PRON se) (PRON ne) (VERB prende)) (compt (sn (DET un') (sa (ADJ enorme)) (NOUN cucchiaiata) (PUNCT .))))))));;2,321256999;content
