token_id;sentence_ids;tokens_no_punct;lemma_no_punct;PoS;depparse;head;constituency;AoA(m+sd);Zipf_freq;type_of_words
1;0;una;uno;DET;det;bambina;(ROOT (f3 (sn (DET Una) (NOUN bambina) (sp (ADP senza) (sn (NOUN nome) (PUNCT .))))));;6,801817508;function
2;0;bambina;bambino;NOUN;root;ROOT;(ROOT (f3 (sn (DET Una) (NOUN bambina) (sp (ADP senza) (sn (NOUN nome) (PUNCT .))))));3.20 ± 1.12;4,98282431;content
3;0;senza;senza;ADP;case;nome;(ROOT (f3 (sn (DET Una) (NOUN bambina) (sp (ADP senza) (sn (NOUN nome) (PUNCT .))))));;5,710022415;function
4;0;nome;nome;NOUN;nmod;bambina;(ROOT (f3 (sn (DET Una) (NOUN bambina) (sp (ADP senza) (sn (NOUN nome) (PUNCT .))))));3.64 ± 1.75;5,545943498;content
5;1;c;ci;PRON;expl;era;(ROOT (dirsp (f (ibar (PRON C') (VERB era)) (compc (sn (DET una) (NOUN bambina) (f2 (PRON che) (f (ibar (VERB aveva)) (compc (sn (DET un) (NOUN nome)) (sc (ADP come) (sn (sq (DET tutti)) (DET i) (NOUN bambini) (spd (ADP di) (sn (DET il) (NOUN mondo))))))))))) (PUNCT :) (fc (f (ibar (AUX era)) (compc (sa (ADJ allegra)))) (PUNCT ,) (CCONJ e) (f (ibar (VERB andava)) (compin (savv (ADV spesso)) (sv2 (ADP a) (VERB giocare) (compt (sp (ADP in) (sn (NOUN giardino) (PUNCT .))))))))));;6,166704172;function
6;1;era;essere;VERB;root;ROOT;(ROOT (dirsp (f (ibar (PRON C') (VERB era)) (compc (sn (DET una) (NOUN bambina) (f2 (PRON che) (f (ibar (VERB aveva)) (compc (sn (DET un) (NOUN nome)) (sc (ADP come) (sn (sq (DET tutti)) (DET i) (NOUN bambini) (spd (ADP di) (sn (DET il) (NOUN mondo))))))))))) (PUNCT :) (fc (f (ibar (AUX era)) (compc (sa (ADJ allegra)))) (PUNCT ,) (CCONJ e) (f (ibar (VERB andava)) (compin (savv (ADV spesso)) (sv2 (ADP a) (VERB giocare) (compt (sp (ADP in) (sn (NOUN giardino) (PUNCT .))))))))));;6,283626334;content
7;1;una;uno;DET;det;bambina;(ROOT (dirsp (f (ibar (PRON C') (VERB era)) (compc (sn (DET una) (NOUN bambina) (f2 (PRON che) (f (ibar (VERB aveva)) (compc (sn (DET un) (NOUN nome)) (sc (ADP come) (sn (sq (DET tutti)) (DET i) (NOUN bambini) (spd (ADP di) (sn (DET il) (NOUN mondo))))))))))) (PUNCT :) (fc (f (ibar (AUX era)) (compc (sa (ADJ allegra)))) (PUNCT ,) (CCONJ e) (f (ibar (VERB andava)) (compin (savv (ADV spesso)) (sv2 (ADP a) (VERB giocare) (compt (sp (ADP in) (sn (NOUN giardino) (PUNCT .))))))))));;6,801817508;function
8;1;bambina;bambino;NOUN;nsubj;era;(ROOT (dirsp (f (ibar (PRON C') (VERB era)) (compc (sn (DET una) (NOUN bambina) (f2 (PRON che) (f (ibar (VERB aveva)) (compc (sn (DET un) (NOUN nome)) (sc (ADP come) (sn (sq (DET tutti)) (DET i) (NOUN bambini) (spd (ADP di) (sn (DET il) (NOUN mondo))))))))))) (PUNCT :) (fc (f (ibar (AUX era)) (compc (sa (ADJ allegra)))) (PUNCT ,) (CCONJ e) (f (ibar (VERB andava)) (compin (savv (ADV spesso)) (sv2 (ADP a) (VERB giocare) (compt (sp (ADP in) (sn (NOUN giardino) (PUNCT .))))))))));3.20 ± 1.12;4,98282431;content
9;1;che;che;PRON;nsubj;aveva;(ROOT (dirsp (f (ibar (PRON C') (VERB era)) (compc (sn (DET una) (NOUN bambina) (f2 (PRON che) (f (ibar (VERB aveva)) (compc (sn (DET un) (NOUN nome)) (sc (ADP come) (sn (sq (DET tutti)) (DET i) (NOUN bambini) (spd (ADP di) (sn (DET il) (NOUN mondo))))))))))) (PUNCT :) (fc (f (ibar (AUX era)) (compc (sa (ADJ allegra)))) (PUNCT ,) (CCONJ e) (f (ibar (VERB andava)) (compin (savv (ADV spesso)) (sv2 (ADP a) (VERB giocare) (compt (sp (ADP in) (sn (NOUN giardino) (PUNCT .))))))))));;7,250456545;function
10;1;aveva;avere;VERB;acl:relcl;bambina;(ROOT (dirsp (f (ibar (PRON C') (VERB era)) (compc (sn (DET una) (NOUN bambina) (f2 (PRON che) (f (ibar (VERB aveva)) (compc (sn (DET un) (NOUN nome)) (sc (ADP come) (sn (sq (DET tutti)) (DET i) (NOUN bambini) (spd (ADP di) (sn (DET il) (NOUN mondo))))))))))) (PUNCT :) (fc (f (ibar (AUX era)) (compc (sa (ADJ allegra)))) (PUNCT ,) (CCONJ e) (f (ibar (VERB andava)) (compin (savv (ADV spesso)) (sv2 (ADP a) (VERB giocare) (compt (sp (ADP in) (sn (NOUN giardino) (PUNCT .))))))))));;5,632280537;content
11;1;un;uno;DET;det;nome;(ROOT (dirsp (f (ibar (PRON C') (VERB era)) (compc (sn (DET una) (NOUN bambina) (f2 (PRON che) (f (ibar (VERB aveva)) (compc (sn (DET un) (NOUN nome)) (sc (ADP come) (sn (sq (DET tutti)) (DET i) (NOUN bambini) (spd (ADP di) (sn (DET il) (NOUN mondo))))))))))) (PUNCT :) (fc (f (ibar (AUX era)) (compc (sa (ADJ allegra)))) (PUNCT ,) (CCONJ e) (f (ibar (VERB andava)) (compin (savv (ADV spesso)) (sv2 (ADP a) (VERB giocare) (compt (sp (ADP in) (sn (NOUN giardino) (PUNCT .))))))))));;7,065833912;function
12;1;nome;nome;NOUN;obj;aveva;(ROOT (dirsp (f (ibar (PRON C') (VERB era)) (compc (sn (DET una) (NOUN bambina) (f2 (PRON che) (f (ibar (VERB aveva)) (compc (sn (DET un) (NOUN nome)) (sc (ADP come) (sn (sq (DET tutti)) (DET i) (NOUN bambini) (spd (ADP di) (sn (DET il) (NOUN mondo))))))))))) (PUNCT :) (fc (f (ibar (AUX era)) (compc (sa (ADJ allegra)))) (PUNCT ,) (CCONJ e) (f (ibar (VERB andava)) (compin (savv (ADV spesso)) (sv2 (ADP a) (VERB giocare) (compt (sp (ADP in) (sn (NOUN giardino) (PUNCT .))))))))));3.64 ± 1.75;5,545943498;content
13;1;come;come;ADP;case;bambini;(ROOT (dirsp (f (ibar (PRON C') (VERB era)) (compc (sn (DET una) (NOUN bambina) (f2 (PRON che) (f (ibar (VERB aveva)) (compc (sn (DET un) (NOUN nome)) (sc (ADP come) (sn (sq (DET tutti)) (DET i) (NOUN bambini) (spd (ADP di) (sn (DET il) (NOUN mondo))))))))))) (PUNCT :) (fc (f (ibar (AUX era)) (compc (sa (ADJ allegra)))) (PUNCT ,) (CCONJ e) (f (ibar (VERB andava)) (compin (savv (ADV spesso)) (sv2 (ADP a) (VERB giocare) (compt (sp (ADP in) (sn (NOUN giardino) (PUNCT .))))))))));;6,562704781;function
14;1;tutti;tutto;DET;det:predet;bambini;(ROOT (dirsp (f (ibar (PRON C') (VERB era)) (compc (sn (DET una) (NOUN bambina) (f2 (PRON che) (f (ibar (VERB aveva)) (compc (sn (DET un) (NOUN nome)) (sc (ADP come) (sn (sq (DET tutti)) (DET i) (NOUN bambini) (spd (ADP di) (sn (DET il) (NOUN mondo))))))))))) (PUNCT :) (fc (f (ibar (AUX era)) (compc (sa (ADJ allegra)))) (PUNCT ,) (CCONJ e) (f (ibar (VERB andava)) (compin (savv (ADV spesso)) (sv2 (ADP a) (VERB giocare) (compt (sp (ADP in) (sn (NOUN giardino) (PUNCT .))))))))));;6,110511188;function
15;1;i;il;DET;det;bambini;(ROOT (dirsp (f (ibar (PRON C') (VERB era)) (compc (sn (DET una) (NOUN bambina) (f2 (PRON che) (f (ibar (VERB aveva)) (compc (sn (DET un) (NOUN nome)) (sc (ADP come) (sn (sq (DET tutti)) (DET i) (NOUN bambini) (spd (ADP di) (sn (DET il) (NOUN mondo))))))))))) (PUNCT :) (fc (f (ibar (AUX era)) (compc (sa (ADJ allegra)))) (PUNCT ,) (CCONJ e) (f (ibar (VERB andava)) (compin (savv (ADV spesso)) (sv2 (ADP a) (VERB giocare) (compt (sp (ADP in) (sn (NOUN giardino) (PUNCT .))))))))));;6,584780852;function
16;1;bambini;bambino;NOUN;obl;aveva;(ROOT (dirsp (f (ibar (PRON C') (VERB era)) (compc (sn (DET una) (NOUN bambina) (f2 (PRON che) (f (ibar (VERB aveva)) (compc (sn (DET un) (NOUN nome)) (sc (ADP come) (sn (sq (DET tutti)) (DET i) (NOUN bambini) (spd (ADP di) (sn (DET il) (NOUN mondo))))))))))) (PUNCT :) (fc (f (ibar (AUX era)) (compc (sa (ADJ allegra)))) (PUNCT ,) (CCONJ e) (f (ibar (VERB andava)) (compin (savv (ADV spesso)) (sv2 (ADP a) (VERB giocare) (compt (sp (ADP in) (sn (NOUN giardino) (PUNCT .))))))))));3.20 ± 1.12;5,274801932;content
17;1;del;di;ADP;case;mondo;(ROOT (dirsp (f (ibar (PRON C') (VERB era)) (compc (sn (DET una) (NOUN bambina) (f2 (PRON che) (f (ibar (VERB aveva)) (compc (sn (DET un) (NOUN nome)) (sc (ADP come) (sn (sq (DET tutti)) (DET i) (NOUN bambini) (spd (ADP di) (sn (DET il) (NOUN mondo))))))))))) (PUNCT :) (fc (f (ibar (AUX era)) (compc (sa (ADJ allegra)))) (PUNCT ,) (CCONJ e) (f (ibar (VERB andava)) (compin (savv (ADV spesso)) (sv2 (ADP a) (VERB giocare) (compt (sp (ADP in) (sn (NOUN giardino) (PUNCT .))))))))));;6,41186379;function
18;1;mondo;mondo;NOUN;nmod;bambini;(ROOT (dirsp (f (ibar (PRON C') (VERB era)) (compc (sn (DET una) (NOUN bambina) (f2 (PRON che) (f (ibar (VERB aveva)) (compc (sn (DET un) (NOUN nome)) (sc (ADP come) (sn (sq (DET tutti)) (DET i) (NOUN bambini) (spd (ADP di) (sn (DET il) (NOUN mondo))))))))))) (PUNCT :) (fc (f (ibar (AUX era)) (compc (sa (ADJ allegra)))) (PUNCT ,) (CCONJ e) (f (ibar (VERB andava)) (compin (savv (ADV spesso)) (sv2 (ADP a) (VERB giocare) (compt (sp (ADP in) (sn (NOUN giardino) (PUNCT .))))))))));4.72 ± 1.97;5,533168209;content
19;1;era;essere;AUX;cop;allegra;(ROOT (dirsp (f (ibar (PRON C') (VERB era)) (compc (sn (DET una) (NOUN bambina) (f2 (PRON che) (f (ibar (VERB aveva)) (compc (sn (DET un) (NOUN nome)) (sc (ADP come) (sn (sq (DET tutti)) (DET i) (NOUN bambini) (spd (ADP di) (sn (DET il) (NOUN mondo))))))))))) (PUNCT :) (fc (f (ibar (AUX era)) (compc (sa (ADJ allegra)))) (PUNCT ,) (CCONJ e) (f (ibar (VERB andava)) (compin (savv (ADV spesso)) (sv2 (ADP a) (VERB giocare) (compt (sp (ADP in) (sn (NOUN giardino) (PUNCT .))))))))));;6,283626334;function
20;1;allegra;allegro;ADJ;parataxis;era;(ROOT (dirsp (f (ibar (PRON C') (VERB era)) (compc (sn (DET una) (NOUN bambina) (f2 (PRON che) (f (ibar (VERB aveva)) (compc (sn (DET un) (NOUN nome)) (sc (ADP come) (sn (sq (DET tutti)) (DET i) (NOUN bambini) (spd (ADP di) (sn (DET il) (NOUN mondo))))))))))) (PUNCT :) (fc (f (ibar (AUX era)) (compc (sa (ADJ allegra)))) (PUNCT ,) (CCONJ e) (f (ibar (VERB andava)) (compin (savv (ADV spesso)) (sv2 (ADP a) (VERB giocare) (compt (sp (ADP in) (sn (NOUN giardino) (PUNCT .))))))))));4.16 ± 1.52;3,71271488;content
21;1;e;e;CCONJ;cc;andava;(ROOT (dirsp (f (ibar (PRON C') (VERB era)) (compc (sn (DET una) (NOUN bambina) (f2 (PRON che) (f (ibar (VERB aveva)) (compc (sn (DET un) (NOUN nome)) (sc (ADP come) (sn (sq (DET tutti)) (DET i) (NOUN bambini) (spd (ADP di) (sn (DET il) (NOUN mondo))))))))))) (PUNCT :) (fc (f (ibar (AUX era)) (compc (sa (ADJ allegra)))) (PUNCT ,) (CCONJ e) (f (ibar (VERB andava)) (compin (savv (ADV spesso)) (sv2 (ADP a) (VERB giocare) (compt (sp (ADP in) (sn (NOUN giardino) (PUNCT .))))))))));;2,741151583;function
22;1;andava;andare;VERB;conj;allegra;(ROOT (dirsp (f (ibar (PRON C') (VERB era)) (compc (sn (DET una) (NOUN bambina) (f2 (PRON che) (f (ibar (VERB aveva)) (compc (sn (DET un) (NOUN nome)) (sc (ADP come) (sn (sq (DET tutti)) (DET i) (NOUN bambini) (spd (ADP di) (sn (DET il) (NOUN mondo))))))))))) (PUNCT :) (fc (f (ibar (AUX era)) (compc (sa (ADJ allegra)))) (PUNCT ,) (CCONJ e) (f (ibar (VERB andava)) (compin (savv (ADV spesso)) (sv2 (ADP a) (VERB giocare) (compt (sp (ADP in) (sn (NOUN giardino) (PUNCT .))))))))));4.20 ± 1.44;4,594729841;content
23;1;spesso;spesso;ADV;advmod;andava;(ROOT (dirsp (f (ibar (PRON C') (VERB era)) (compc (sn (DET una) (NOUN bambina) (f2 (PRON che) (f (ibar (VERB aveva)) (compc (sn (DET un) (NOUN nome)) (sc (ADP come) (sn (sq (DET tutti)) (DET i) (NOUN bambini) (spd (ADP di) (sn (DET il) (NOUN mondo))))))))))) (PUNCT :) (fc (f (ibar (AUX era)) (compc (sa (ADJ allegra)))) (PUNCT ,) (CCONJ e) (f (ibar (VERB andava)) (compin (savv (ADV spesso)) (sv2 (ADP a) (VERB giocare) (compt (sp (ADP in) (sn (NOUN giardino) (PUNCT .))))))))));;4,871213408;function
24;1;a;a;ADP;mark;giocare;(ROOT (dirsp (f (ibar (PRON C') (VERB era)) (compc (sn (DET una) (NOUN bambina) (f2 (PRON che) (f (ibar (VERB aveva)) (compc (sn (DET un) (NOUN nome)) (sc (ADP come) (sn (sq (DET tutti)) (DET i) (NOUN bambini) (spd (ADP di) (sn (DET il) (NOUN mondo))))))))))) (PUNCT :) (fc (f (ibar (AUX era)) (compc (sa (ADJ allegra)))) (PUNCT ,) (CCONJ e) (f (ibar (VERB andava)) (compin (savv (ADV spesso)) (sv2 (ADP a) (VERB giocare) (compt (sp (ADP in) (sn (NOUN giardino) (PUNCT .))))))))));;7,004335738;function
25;1;giocare;giocare;VERB;xcomp;andava;(ROOT (dirsp (f (ibar (PRON C') (VERB era)) (compc (sn (DET una) (NOUN bambina) (f2 (PRON che) (f (ibar (VERB aveva)) (compc (sn (DET un) (NOUN nome)) (sc (ADP come) (sn (sq (DET tutti)) (DET i) (NOUN bambini) (spd (ADP di) (sn (DET il) (NOUN mondo))))))))))) (PUNCT :) (fc (f (ibar (AUX era)) (compc (sa (ADJ allegra)))) (PUNCT ,) (CCONJ e) (f (ibar (VERB andava)) (compin (savv (ADV spesso)) (sv2 (ADP a) (VERB giocare) (compt (sp (ADP in) (sn (NOUN giardino) (PUNCT .))))))))));2.96 ± 1.24;4,973825636;content
26;1;in;in;ADP;case;giardino;(ROOT (dirsp (f (ibar (PRON C') (VERB era)) (compc (sn (DET una) (NOUN bambina) (f2 (PRON che) (f (ibar (VERB aveva)) (compc (sn (DET un) (NOUN nome)) (sc (ADP come) (sn (sq (DET tutti)) (DET i) (NOUN bambini) (spd (ADP di) (sn (DET il) (NOUN mondo))))))))))) (PUNCT :) (fc (f (ibar (AUX era)) (compc (sa (ADJ allegra)))) (PUNCT ,) (CCONJ e) (f (ibar (VERB andava)) (compin (savv (ADV spesso)) (sv2 (ADP a) (VERB giocare) (compt (sp (ADP in) (sn (NOUN giardino) (PUNCT .))))))))));;6,797274494;function
27;1;giardino;giardino;NOUN;obl;giocare;(ROOT (dirsp (f (ibar (PRON C') (VERB era)) (compc (sn (DET una) (NOUN bambina) (f2 (PRON che) (f (ibar (VERB aveva)) (compc (sn (DET un) (NOUN nome)) (sc (ADP come) (sn (sq (DET tutti)) (DET i) (NOUN bambini) (spd (ADP di) (sn (DET il) (NOUN mondo))))))))))) (PUNCT :) (fc (f (ibar (AUX era)) (compc (sa (ADJ allegra)))) (PUNCT ,) (CCONJ e) (f (ibar (VERB andava)) (compin (savv (ADV spesso)) (sv2 (ADP a) (VERB giocare) (compt (sp (ADP in) (sn (NOUN giardino) (PUNCT .))))))))));4.28 ± 1.37;4,462997018;content
28;2;un;uno;DET;det;giorno;(ROOT (fc (cp (sn (DET Un) (NOUN giorno)) (f (ibar (VERB lanciò)) (compt (sn (DET la) (NOUN palla)) (sp (ADP a) (DET il) (ADP di) (ADV là) (ADP di) (sn (DET una) (NOUN siepe)))))) (CCONJ e) (cp (fp (PUNCT ,) (fs (SCONJ quando) (f (ibar (VERB andò)) (compin (sv2 (ADP a) (VERB cercar) (compt (PRON la))))))) (f (ibar (ADV non) (PRON la) (VERB trovò)))) (PUNCT .)));;7,065833912;function
29;2;giorno;giorno;NOUN;obl;lanciò;(ROOT (fc (cp (sn (DET Un) (NOUN giorno)) (f (ibar (VERB lanciò)) (compt (sn (DET la) (NOUN palla)) (sp (ADP a) (DET il) (ADP di) (ADV là) (ADP di) (sn (DET una) (NOUN siepe)))))) (CCONJ e) (cp (fp (PUNCT ,) (fs (SCONJ quando) (f (ibar (VERB andò)) (compin (sv2 (ADP a) (VERB cercar) (compt (PRON la))))))) (f (ibar (ADV non) (PRON la) (VERB trovò)))) (PUNCT .)));3.80 ± 1.76;5,731502947;content
30;2;lanciò;lanciare;VERB;root;ROOT;(ROOT (fc (cp (sn (DET Un) (NOUN giorno)) (f (ibar (VERB lanciò)) (compt (sn (DET la) (NOUN palla)) (sp (ADP a) (DET il) (ADP di) (ADV là) (ADP di) (sn (DET una) (NOUN siepe)))))) (CCONJ e) (cp (fp (PUNCT ,) (fs (SCONJ quando) (f (ibar (VERB andò)) (compin (sv2 (ADP a) (VERB cercar) (compt (PRON la))))))) (f (ibar (ADV non) (PRON la) (VERB trovò)))) (PUNCT .)));4.52 ± 2.00;3,020227003;content
31;2;la;il;DET;det;palla;(ROOT (fc (cp (sn (DET Un) (NOUN giorno)) (f (ibar (VERB lanciò)) (compt (sn (DET la) (NOUN palla)) (sp (ADP a) (DET il) (ADP di) (ADV là) (ADP di) (sn (DET una) (NOUN siepe)))))) (CCONJ e) (cp (fp (PUNCT ,) (fs (SCONJ quando) (f (ibar (VERB andò)) (compin (sv2 (ADP a) (VERB cercar) (compt (PRON la))))))) (f (ibar (ADV non) (PRON la) (VERB trovò)))) (PUNCT .)));;7,055331658;function
32;2;palla;palla;NOUN;obj;lanciò;(ROOT (fc (cp (sn (DET Un) (NOUN giorno)) (f (ibar (VERB lanciò)) (compt (sn (DET la) (NOUN palla)) (sp (ADP a) (DET il) (ADP di) (ADV là) (ADP di) (sn (DET una) (NOUN siepe)))))) (CCONJ e) (cp (fp (PUNCT ,) (fs (SCONJ quando) (f (ibar (VERB andò)) (compin (sv2 (ADP a) (VERB cercar) (compt (PRON la))))))) (f (ibar (ADV non) (PRON la) (VERB trovò)))) (PUNCT .)));2.64 ± 1.32;4,670354567;content
33;2;al;a;ADP;case;di;(ROOT (fc (cp (sn (DET Un) (NOUN giorno)) (f (ibar (VERB lanciò)) (compt (sn (DET la) (NOUN palla)) (sp (ADP a) (DET il) (ADP di) (ADV là) (ADP di) (sn (DET una) (NOUN siepe)))))) (CCONJ e) (cp (fp (PUNCT ,) (fs (SCONJ quando) (f (ibar (VERB andò)) (compin (sv2 (ADP a) (VERB cercar) (compt (PRON la))))))) (f (ibar (ADV non) (PRON la) (VERB trovò)))) (PUNCT .)));;6,335583043;function
34;2;di;di;ADP;obl;lanciò;(ROOT (fc (cp (sn (DET Un) (NOUN giorno)) (f (ibar (VERB lanciò)) (compt (sn (DET la) (NOUN palla)) (sp (ADP a) (DET il) (ADP di) (ADV là) (ADP di) (sn (DET una) (NOUN siepe)))))) (CCONJ e) (cp (fp (PUNCT ,) (fs (SCONJ quando) (f (ibar (VERB andò)) (compin (sv2 (ADP a) (VERB cercar) (compt (PRON la))))))) (f (ibar (ADV non) (PRON la) (VERB trovò)))) (PUNCT .)));;7,232814475;function
35;2;là;là;ADV;fixed;di;(ROOT (fc (cp (sn (DET Un) (NOUN giorno)) (f (ibar (VERB lanciò)) (compt (sn (DET la) (NOUN palla)) (sp (ADP a) (DET il) (ADP di) (ADV là) (ADP di) (sn (DET una) (NOUN siepe)))))) (CCONJ e) (cp (fp (PUNCT ,) (fs (SCONJ quando) (f (ibar (VERB andò)) (compin (sv2 (ADP a) (VERB cercar) (compt (PRON la))))))) (f (ibar (ADV non) (PRON la) (VERB trovò)))) (PUNCT .)));;;function
36;2;di;di;ADP;case;siepe;(ROOT (fc (cp (sn (DET Un) (NOUN giorno)) (f (ibar (VERB lanciò)) (compt (sn (DET la) (NOUN palla)) (sp (ADP a) (DET il) (ADP di) (ADV là) (ADP di) (sn (DET una) (NOUN siepe)))))) (CCONJ e) (cp (fp (PUNCT ,) (fs (SCONJ quando) (f (ibar (VERB andò)) (compin (sv2 (ADP a) (VERB cercar) (compt (PRON la))))))) (f (ibar (ADV non) (PRON la) (VERB trovò)))) (PUNCT .)));;7,232814475;function
37;2;una;uno;DET;det;siepe;(ROOT (fc (cp (sn (DET Un) (NOUN giorno)) (f (ibar (VERB lanciò)) (compt (sn (DET la) (NOUN palla)) (sp (ADP a) (DET il) (ADP di) (ADV là) (ADP di) (sn (DET una) (NOUN siepe)))))) (CCONJ e) (cp (fp (PUNCT ,) (fs (SCONJ quando) (f (ibar (VERB andò)) (compin (sv2 (ADP a) (VERB cercar) (compt (PRON la))))))) (f (ibar (ADV non) (PRON la) (VERB trovò)))) (PUNCT .)));;6,801817508;function
38;2;siepe;siepe;NOUN;obl;lanciò;(ROOT (fc (cp (sn (DET Un) (NOUN giorno)) (f (ibar (VERB lanciò)) (compt (sn (DET la) (NOUN palla)) (sp (ADP a) (DET il) (ADP di) (ADV là) (ADP di) (sn (DET una) (NOUN siepe)))))) (CCONJ e) (cp (fp (PUNCT ,) (fs (SCONJ quando) (f (ibar (VERB andò)) (compin (sv2 (ADP a) (VERB cercar) (compt (PRON la))))))) (f (ibar (ADV non) (PRON la) (VERB trovò)))) (PUNCT .)));;2,939111257;content
39;2;e;e;CCONJ;cc;trovò;(ROOT (fc (cp (sn (DET Un) (NOUN giorno)) (f (ibar (VERB lanciò)) (compt (sn (DET la) (NOUN palla)) (sp (ADP a) (DET il) (ADP di) (ADV là) (ADP di) (sn (DET una) (NOUN siepe)))))) (CCONJ e) (cp (fp (PUNCT ,) (fs (SCONJ quando) (f (ibar (VERB andò)) (compin (sv2 (ADP a) (VERB cercar) (compt (PRON la))))))) (f (ibar (ADV non) (PRON la) (VERB trovò)))) (PUNCT .)));;2,741151583;function
40;2;quando;quando;SCONJ;mark;andò;(ROOT (fc (cp (sn (DET Un) (NOUN giorno)) (f (ibar (VERB lanciò)) (compt (sn (DET la) (NOUN palla)) (sp (ADP a) (DET il) (ADP di) (ADV là) (ADP di) (sn (DET una) (NOUN siepe)))))) (CCONJ e) (cp (fp (PUNCT ,) (fs (SCONJ quando) (f (ibar (VERB andò)) (compin (sv2 (ADP a) (VERB cercar) (compt (PRON la))))))) (f (ibar (ADV non) (PRON la) (VERB trovò)))) (PUNCT .)));;6,212844009;function
41;2;andò;andare;VERB;advcl;trovò;(ROOT (fc (cp (sn (DET Un) (NOUN giorno)) (f (ibar (VERB lanciò)) (compt (sn (DET la) (NOUN palla)) (sp (ADP a) (DET il) (ADP di) (ADV là) (ADP di) (sn (DET una) (NOUN siepe)))))) (CCONJ e) (cp (fp (PUNCT ,) (fs (SCONJ quando) (f (ibar (VERB andò)) (compin (sv2 (ADP a) (VERB cercar) (compt (PRON la))))))) (f (ibar (ADV non) (PRON la) (VERB trovò)))) (PUNCT .)));4.20 ± 1.44;4,231723291;content
42;2;a;a;ADP;mark;cercar;(ROOT (fc (cp (sn (DET Un) (NOUN giorno)) (f (ibar (VERB lanciò)) (compt (sn (DET la) (NOUN palla)) (sp (ADP a) (DET il) (ADP di) (ADV là) (ADP di) (sn (DET una) (NOUN siepe)))))) (CCONJ e) (cp (fp (PUNCT ,) (fs (SCONJ quando) (f (ibar (VERB andò)) (compin (sv2 (ADP a) (VERB cercar) (compt (PRON la))))))) (f (ibar (ADV non) (PRON la) (VERB trovò)))) (PUNCT .)));;7,004335738;function
43;2;cercarla;cercare;VERB;xcomp;andò;(ROOT (fc (cp (sn (DET Un) (NOUN giorno)) (f (ibar (VERB lanciò)) (compt (sn (DET la) (NOUN palla)) (sp (ADP a) (DET il) (ADP di) (ADV là) (ADP di) (sn (DET una) (NOUN siepe)))))) (CCONJ e) (cp (fp (PUNCT ,) (fs (SCONJ quando) (f (ibar (VERB andò)) (compin (sv2 (ADP a) (VERB cercar) (compt (PRON la))))))) (f (ibar (ADV non) (PRON la) (VERB trovò)))) (PUNCT .)));4.72 ± 2.28;3,863021088;content
44;2;non;non;ADV;advmod;trovò;(ROOT (fc (cp (sn (DET Un) (NOUN giorno)) (f (ibar (VERB lanciò)) (compt (sn (DET la) (NOUN palla)) (sp (ADP a) (DET il) (ADP di) (ADV là) (ADP di) (sn (DET una) (NOUN siepe)))))) (CCONJ e) (cp (fp (PUNCT ,) (fs (SCONJ quando) (f (ibar (VERB andò)) (compin (sv2 (ADP a) (VERB cercar) (compt (PRON la))))))) (f (ibar (ADV non) (PRON la) (VERB trovò)))) (PUNCT .)));;7,259198169;function
45;2;la;la;PRON;obj;trovò;(ROOT (fc (cp (sn (DET Un) (NOUN giorno)) (f (ibar (VERB lanciò)) (compt (sn (DET la) (NOUN palla)) (sp (ADP a) (DET il) (ADP di) (ADV là) (ADP di) (sn (DET una) (NOUN siepe)))))) (CCONJ e) (cp (fp (PUNCT ,) (fs (SCONJ quando) (f (ibar (VERB andò)) (compin (sv2 (ADP a) (VERB cercar) (compt (PRON la))))))) (f (ibar (ADV non) (PRON la) (VERB trovò)))) (PUNCT .)));;7,055331658;function
46;2;trovò;trovare;VERB;conj;lanciò;(ROOT (fc (cp (sn (DET Un) (NOUN giorno)) (f (ibar (VERB lanciò)) (compt (sn (DET la) (NOUN palla)) (sp (ADP a) (DET il) (ADP di) (ADV là) (ADP di) (sn (DET una) (NOUN siepe)))))) (CCONJ e) (cp (fp (PUNCT ,) (fs (SCONJ quando) (f (ibar (VERB andò)) (compin (sv2 (ADP a) (VERB cercar) (compt (PRON la))))))) (f (ibar (ADV non) (PRON la) (VERB trovò)))) (PUNCT .)));4.24 ± 1.61;3,799449264;content
47;3;cerca;cercare;VERB;root;ROOT;(ROOT (fc (f (ibar (VERB Cerca)) (compt (savv (ADV qua)))) (PUNCT ,) (f (ibar (VERB cerca)) (compt (savv (ADV là)))) (PUNCT ,) (f (sn (DET la) (NOUN palla)) (ibar (ADV non) (PRON c') (VERB era))) (dirsp (PUNCT :) (fc (f (sn (DET la) (NOUN bambina)) (ibar (AUX era) (VERB stupita))) (CCONJ e) (ADV anche) (f3 (sa (sq (DET un) (ADV po')) (ADJ spaventata) (PUNCT .)))))));4.72 ± 2.28;5,003535817;content
48;3;qua;qua;ADV;advmod;Cerca;(ROOT (fc (f (ibar (VERB Cerca)) (compt (savv (ADV qua)))) (PUNCT ,) (f (ibar (VERB cerca)) (compt (savv (ADV là)))) (PUNCT ,) (f (sn (DET la) (NOUN palla)) (ibar (ADV non) (PRON c') (VERB era))) (dirsp (PUNCT :) (fc (f (sn (DET la) (NOUN bambina)) (ibar (AUX era) (VERB stupita))) (CCONJ e) (ADV anche) (f3 (sa (sq (DET un) (ADV po')) (ADJ spaventata) (PUNCT .)))))));;5,522856403;function
49;3;cerca;cercare;VERB;conj;Cerca;(ROOT (fc (f (ibar (VERB Cerca)) (compt (savv (ADV qua)))) (PUNCT ,) (f (ibar (VERB cerca)) (compt (savv (ADV là)))) (PUNCT ,) (f (sn (DET la) (NOUN palla)) (ibar (ADV non) (PRON c') (VERB era))) (dirsp (PUNCT :) (fc (f (sn (DET la) (NOUN bambina)) (ibar (AUX era) (VERB stupita))) (CCONJ e) (ADV anche) (f3 (sa (sq (DET un) (ADV po')) (ADJ spaventata) (PUNCT .)))))));4.72 ± 2.28;5,003535817;content
50;3;là;là;ADV;advmod;cerca;(ROOT (fc (f (ibar (VERB Cerca)) (compt (savv (ADV qua)))) (PUNCT ,) (f (ibar (VERB cerca)) (compt (savv (ADV là)))) (PUNCT ,) (f (sn (DET la) (NOUN palla)) (ibar (ADV non) (PRON c') (VERB era))) (dirsp (PUNCT :) (fc (f (sn (DET la) (NOUN bambina)) (ibar (AUX era) (VERB stupita))) (CCONJ e) (ADV anche) (f3 (sa (sq (DET un) (ADV po')) (ADJ spaventata) (PUNCT .)))))));;;function
51;3;la;il;DET;det;palla;(ROOT (fc (f (ibar (VERB Cerca)) (compt (savv (ADV qua)))) (PUNCT ,) (f (ibar (VERB cerca)) (compt (savv (ADV là)))) (PUNCT ,) (f (sn (DET la) (NOUN palla)) (ibar (ADV non) (PRON c') (VERB era))) (dirsp (PUNCT :) (fc (f (sn (DET la) (NOUN bambina)) (ibar (AUX era) (VERB stupita))) (CCONJ e) (ADV anche) (f3 (sa (sq (DET un) (ADV po')) (ADJ spaventata) (PUNCT .)))))));;7,055331658;function
52;3;palla;palla;NOUN;nsubj;era;(ROOT (fc (f (ibar (VERB Cerca)) (compt (savv (ADV qua)))) (PUNCT ,) (f (ibar (VERB cerca)) (compt (savv (ADV là)))) (PUNCT ,) (f (sn (DET la) (NOUN palla)) (ibar (ADV non) (PRON c') (VERB era))) (dirsp (PUNCT :) (fc (f (sn (DET la) (NOUN bambina)) (ibar (AUX era) (VERB stupita))) (CCONJ e) (ADV anche) (f3 (sa (sq (DET un) (ADV po')) (ADJ spaventata) (PUNCT .)))))));2.64 ± 1.32;4,670354567;content
53;3;non;non;ADV;advmod;era;(ROOT (fc (f (ibar (VERB Cerca)) (compt (savv (ADV qua)))) (PUNCT ,) (f (ibar (VERB cerca)) (compt (savv (ADV là)))) (PUNCT ,) (f (sn (DET la) (NOUN palla)) (ibar (ADV non) (PRON c') (VERB era))) (dirsp (PUNCT :) (fc (f (sn (DET la) (NOUN bambina)) (ibar (AUX era) (VERB stupita))) (CCONJ e) (ADV anche) (f3 (sa (sq (DET un) (ADV po')) (ADJ spaventata) (PUNCT .)))))));;7,259198169;function
54;3;c;ci;PRON;expl;era;(ROOT (fc (f (ibar (VERB Cerca)) (compt (savv (ADV qua)))) (PUNCT ,) (f (ibar (VERB cerca)) (compt (savv (ADV là)))) (PUNCT ,) (f (sn (DET la) (NOUN palla)) (ibar (ADV non) (PRON c') (VERB era))) (dirsp (PUNCT :) (fc (f (sn (DET la) (NOUN bambina)) (ibar (AUX era) (VERB stupita))) (CCONJ e) (ADV anche) (f3 (sa (sq (DET un) (ADV po')) (ADJ spaventata) (PUNCT .)))))));;6,166704172;function
55;3;era;essere;VERB;conj;Cerca;(ROOT (fc (f (ibar (VERB Cerca)) (compt (savv (ADV qua)))) (PUNCT ,) (f (ibar (VERB cerca)) (compt (savv (ADV là)))) (PUNCT ,) (f (sn (DET la) (NOUN palla)) (ibar (ADV non) (PRON c') (VERB era))) (dirsp (PUNCT :) (fc (f (sn (DET la) (NOUN bambina)) (ibar (AUX era) (VERB stupita))) (CCONJ e) (ADV anche) (f3 (sa (sq (DET un) (ADV po')) (ADJ spaventata) (PUNCT .)))))));;6,283626334;content
56;3;la;il;DET;det;bambina;(ROOT (fc (f (ibar (VERB Cerca)) (compt (savv (ADV qua)))) (PUNCT ,) (f (ibar (VERB cerca)) (compt (savv (ADV là)))) (PUNCT ,) (f (sn (DET la) (NOUN palla)) (ibar (ADV non) (PRON c') (VERB era))) (dirsp (PUNCT :) (fc (f (sn (DET la) (NOUN bambina)) (ibar (AUX era) (VERB stupita))) (CCONJ e) (ADV anche) (f3 (sa (sq (DET un) (ADV po')) (ADJ spaventata) (PUNCT .)))))));;7,055331658;function
57;3;bambina;bambino;NOUN;nsubj;stupita;(ROOT (fc (f (ibar (VERB Cerca)) (compt (savv (ADV qua)))) (PUNCT ,) (f (ibar (VERB cerca)) (compt (savv (ADV là)))) (PUNCT ,) (f (sn (DET la) (NOUN palla)) (ibar (ADV non) (PRON c') (VERB era))) (dirsp (PUNCT :) (fc (f (sn (DET la) (NOUN bambina)) (ibar (AUX era) (VERB stupita))) (CCONJ e) (ADV anche) (f3 (sa (sq (DET un) (ADV po')) (ADJ spaventata) (PUNCT .)))))));3.20 ± 1.12;4,98282431;content
58;3;era;essere;AUX;cop;stupita;(ROOT (fc (f (ibar (VERB Cerca)) (compt (savv (ADV qua)))) (PUNCT ,) (f (ibar (VERB cerca)) (compt (savv (ADV là)))) (PUNCT ,) (f (sn (DET la) (NOUN palla)) (ibar (ADV non) (PRON c') (VERB era))) (dirsp (PUNCT :) (fc (f (sn (DET la) (NOUN bambina)) (ibar (AUX era) (VERB stupita))) (CCONJ e) (ADV anche) (f3 (sa (sq (DET un) (ADV po')) (ADJ spaventata) (PUNCT .)))))));;6,283626334;function
59;3;stupita;stupito;VERB;parataxis;Cerca;(ROOT (fc (f (ibar (VERB Cerca)) (compt (savv (ADV qua)))) (PUNCT ,) (f (ibar (VERB cerca)) (compt (savv (ADV là)))) (PUNCT ,) (f (sn (DET la) (NOUN palla)) (ibar (ADV non) (PRON c') (VERB era))) (dirsp (PUNCT :) (fc (f (sn (DET la) (NOUN bambina)) (ibar (AUX era) (VERB stupita))) (CCONJ e) (ADV anche) (f3 (sa (sq (DET un) (ADV po')) (ADJ spaventata) (PUNCT .)))))));8.68 ± 3.54;3,074584665;content
60;3;e;e;CCONJ;cc;spaventata;(ROOT (fc (f (ibar (VERB Cerca)) (compt (savv (ADV qua)))) (PUNCT ,) (f (ibar (VERB cerca)) (compt (savv (ADV là)))) (PUNCT ,) (f (sn (DET la) (NOUN palla)) (ibar (ADV non) (PRON c') (VERB era))) (dirsp (PUNCT :) (fc (f (sn (DET la) (NOUN bambina)) (ibar (AUX era) (VERB stupita))) (CCONJ e) (ADV anche) (f3 (sa (sq (DET un) (ADV po')) (ADJ spaventata) (PUNCT .)))))));;2,741151583;function
61;3;anche;anche;ADV;advmod;po';(ROOT (fc (f (ibar (VERB Cerca)) (compt (savv (ADV qua)))) (PUNCT ,) (f (ibar (VERB cerca)) (compt (savv (ADV là)))) (PUNCT ,) (f (sn (DET la) (NOUN palla)) (ibar (ADV non) (PRON c') (VERB era))) (dirsp (PUNCT :) (fc (f (sn (DET la) (NOUN bambina)) (ibar (AUX era) (VERB stupita))) (CCONJ e) (ADV anche) (f3 (sa (sq (DET un) (ADV po')) (ADJ spaventata) (PUNCT .)))))));;6,115086172;function
62;3;un;uno;DET;det;po';(ROOT (fc (f (ibar (VERB Cerca)) (compt (savv (ADV qua)))) (PUNCT ,) (f (ibar (VERB cerca)) (compt (savv (ADV là)))) (PUNCT ,) (f (sn (DET la) (NOUN palla)) (ibar (ADV non) (PRON c') (VERB era))) (dirsp (PUNCT :) (fc (f (sn (DET la) (NOUN bambina)) (ibar (AUX era) (VERB stupita))) (CCONJ e) (ADV anche) (f3 (sa (sq (DET un) (ADV po')) (ADJ spaventata) (PUNCT .)))))));;7,065833912;function
63;3;po;poco;ADV;advmod;spaventata;(ROOT (fc (f (ibar (VERB Cerca)) (compt (savv (ADV qua)))) (PUNCT ,) (f (ibar (VERB cerca)) (compt (savv (ADV là)))) (PUNCT ,) (f (sn (DET la) (NOUN palla)) (ibar (ADV non) (PRON c') (VERB era))) (dirsp (PUNCT :) (fc (f (sn (DET la) (NOUN bambina)) (ibar (AUX era) (VERB stupita))) (CCONJ e) (ADV anche) (f3 (sa (sq (DET un) (ADV po')) (ADJ spaventata) (PUNCT .)))))));;4,399095757;function
64;3;spaventata;spaventato;ADJ;conj;stupita;(ROOT (fc (f (ibar (VERB Cerca)) (compt (savv (ADV qua)))) (PUNCT ,) (f (ibar (VERB cerca)) (compt (savv (ADV là)))) (PUNCT ,) (f (sn (DET la) (NOUN palla)) (ibar (ADV non) (PRON c') (VERB era))) (dirsp (PUNCT :) (fc (f (sn (DET la) (NOUN bambina)) (ibar (AUX era) (VERB stupita))) (CCONJ e) (ADV anche) (f3 (sa (sq (DET un) (ADV po')) (ADJ spaventata) (PUNCT .)))))));6.52 ± 2.22;4,354233719;content
65;4;a;a;ADP;case;tratto;(ROOT (cp (sp (ADP A) (sn (DET un) (NOUN tratto))) (f (ibar (VERB sentì)) (compt (sn (DET una) (NOUN vocina) (PUNCT ,) (savv (ADP in) (ADV alto))))) (PUNCT :)));;7,004335738;function
66;4;un;uno;DET;det;tratto;(ROOT (cp (sp (ADP A) (sn (DET un) (NOUN tratto))) (f (ibar (VERB sentì)) (compt (sn (DET una) (NOUN vocina) (PUNCT ,) (savv (ADP in) (ADV alto))))) (PUNCT :)));;7,065833912;function
67;4;tratto;tratto;NOUN;obl;sentì;(ROOT (cp (sp (ADP A) (sn (DET un) (NOUN tratto))) (f (ibar (VERB sentì)) (compt (sn (DET una) (NOUN vocina) (PUNCT ,) (savv (ADP in) (ADV alto))))) (PUNCT :)));;4,201223187;content
68;4;sentì;sentire;VERB;root;ROOT;(ROOT (cp (sp (ADP A) (sn (DET un) (NOUN tratto))) (f (ibar (VERB sentì)) (compt (sn (DET una) (NOUN vocina) (PUNCT ,) (savv (ADP in) (ADV alto))))) (PUNCT :)));4.24 ± 1.67;3,420092933;content
69;4;una;uno;DET;det;vocina;(ROOT (cp (sp (ADP A) (sn (DET un) (NOUN tratto))) (f (ibar (VERB sentì)) (compt (sn (DET una) (NOUN vocina) (PUNCT ,) (savv (ADP in) (ADV alto))))) (PUNCT :)));;6,801817508;function
70;4;vocina;vocina;NOUN;obj;sentì;(ROOT (cp (sp (ADP A) (sn (DET un) (NOUN tratto))) (f (ibar (VERB sentì)) (compt (sn (DET una) (NOUN vocina) (PUNCT ,) (savv (ADP in) (ADV alto))))) (PUNCT :)));;2,965440196;content
71;4;in;in;ADP;case;alto;(ROOT (cp (sp (ADP A) (sn (DET un) (NOUN tratto))) (f (ibar (VERB sentì)) (compt (sn (DET una) (NOUN vocina) (PUNCT ,) (savv (ADP in) (ADV alto))))) (PUNCT :)));;6,797274494;function
72;4;alto;alto;ADV;obl;sentì;(ROOT (cp (sp (ADP A) (sn (DET un) (NOUN tratto))) (f (ibar (VERB sentì)) (compt (sn (DET una) (NOUN vocina) (PUNCT ,) (savv (ADP in) (ADV alto))))) (PUNCT :)));4.04 ± 1.10;4,974719651;function
73;5;è;essere;AUX;cop;tua;(ROOT (cp_int (PUNCT -) (f (ibar (AUX È)) (compc (sn (DET tua)) (sn (sa (DET questa)) (sa (ADJ bella)) (NOUN palla)))) (PUNCT ,) (sa (ADJ piccolina)) (PUNCT ?)));;7,249521761;function
74;5;tua;tuo;DET;root;ROOT;(ROOT (cp_int (PUNCT -) (f (ibar (AUX È)) (compc (sn (DET tua)) (sn (sa (DET questa)) (sa (ADJ bella)) (NOUN palla)))) (PUNCT ,) (sa (ADJ piccolina)) (PUNCT ?)));;6,037748803;function
75;5;questa;questo;DET;det;palla;(ROOT (cp_int (PUNCT -) (f (ibar (AUX È)) (compc (sn (DET tua)) (sn (sa (DET questa)) (sa (ADJ bella)) (NOUN palla)))) (PUNCT ,) (sa (ADJ piccolina)) (PUNCT ?)));;6,209842069;function
76;5;bella;bello;ADJ;amod;palla;(ROOT (cp_int (PUNCT -) (f (ibar (AUX È)) (compc (sn (DET tua)) (sn (sa (DET questa)) (sa (ADJ bella)) (NOUN palla)))) (PUNCT ,) (sa (ADJ piccolina)) (PUNCT ?)));3.80 ± 2.35;5,484893151;content
77;5;palla;palla;NOUN;nsubj;tua;(ROOT (cp_int (PUNCT -) (f (ibar (AUX È)) (compc (sn (DET tua)) (sn (sa (DET questa)) (sa (ADJ bella)) (NOUN palla)))) (PUNCT ,) (sa (ADJ piccolina)) (PUNCT ?)));2.64 ± 1.32;4,670354567;content
78;5;piccolina;piccolo;ADJ;amod;palla;(ROOT (cp_int (PUNCT -) (f (ibar (AUX È)) (compc (sn (DET tua)) (sn (sa (DET questa)) (sa (ADJ bella)) (NOUN palla)))) (PUNCT ,) (sa (ADJ piccolina)) (PUNCT ?)));4.12 ± 3.18;3,746017679;content
79;6;la;il;DET;det;bambina;(ROOT (fc (f (sn (DET La) (NOUN bambina)) (ibar (VERB guardò)) (compin (savv (ADV su)))) (CCONJ e) (f (ibar (VERB vide)) (compt (sn (DET un) (NOUN omettino) (sa (ADJ magro)) (fp (PUNCT ,) (sv3 (VERB seduto) (compin (sp (ADP a) (sn (NOUN cavallo) (spd (ADP di) (sn (DET un) (NOUN ramo))))))) (PUNCT ,))))) (f (ibar (VERB aveva)) (compc (sn (DET la) (NOUN palla)) (sp (ADP tra) (sn (DET le) (NOUN mani))))) (PUNCT .)));;7,055331658;function
80;6;bambina;bambino;NOUN;nsubj;guardò;(ROOT (fc (f (sn (DET La) (NOUN bambina)) (ibar (VERB guardò)) (compin (savv (ADV su)))) (CCONJ e) (f (ibar (VERB vide)) (compt (sn (DET un) (NOUN omettino) (sa (ADJ magro)) (fp (PUNCT ,) (sv3 (VERB seduto) (compin (sp (ADP a) (sn (NOUN cavallo) (spd (ADP di) (sn (DET un) (NOUN ramo))))))) (PUNCT ,))))) (f (ibar (VERB aveva)) (compc (sn (DET la) (NOUN palla)) (sp (ADP tra) (sn (DET le) (NOUN mani))))) (PUNCT .)));3.20 ± 1.12;4,98282431;content
81;6;guardò;guardare;VERB;root;ROOT;(ROOT (fc (f (sn (DET La) (NOUN bambina)) (ibar (VERB guardò)) (compin (savv (ADV su)))) (CCONJ e) (f (ibar (VERB vide)) (compt (sn (DET un) (NOUN omettino) (sa (ADJ magro)) (fp (PUNCT ,) (sv3 (VERB seduto) (compin (sp (ADP a) (sn (NOUN cavallo) (spd (ADP di) (sn (DET un) (NOUN ramo))))))) (PUNCT ,))))) (f (ibar (VERB aveva)) (compc (sn (DET la) (NOUN palla)) (sp (ADP tra) (sn (DET le) (NOUN mani))))) (PUNCT .)));5.08 ± 1.68;3,365564423;content
82;6;su;su;ADV;advmod;guardò;(ROOT (fc (f (sn (DET La) (NOUN bambina)) (ibar (VERB guardò)) (compin (savv (ADV su)))) (CCONJ e) (f (ibar (VERB vide)) (compt (sn (DET un) (NOUN omettino) (sa (ADJ magro)) (fp (PUNCT ,) (sv3 (VERB seduto) (compin (sp (ADP a) (sn (NOUN cavallo) (spd (ADP di) (sn (DET un) (NOUN ramo))))))) (PUNCT ,))))) (f (ibar (VERB aveva)) (compc (sn (DET la) (NOUN palla)) (sp (ADP tra) (sn (DET le) (NOUN mani))))) (PUNCT .)));;6,000068652;function
83;6;e;e;CCONJ;cc;vide;(ROOT (fc (f (sn (DET La) (NOUN bambina)) (ibar (VERB guardò)) (compin (savv (ADV su)))) (CCONJ e) (f (ibar (VERB vide)) (compt (sn (DET un) (NOUN omettino) (sa (ADJ magro)) (fp (PUNCT ,) (sv3 (VERB seduto) (compin (sp (ADP a) (sn (NOUN cavallo) (spd (ADP di) (sn (DET un) (NOUN ramo))))))) (PUNCT ,))))) (f (ibar (VERB aveva)) (compc (sn (DET la) (NOUN palla)) (sp (ADP tra) (sn (DET le) (NOUN mani))))) (PUNCT .)));;2,741151583;function
84;6;vide;vedere;VERB;conj;guardò;(ROOT (fc (f (sn (DET La) (NOUN bambina)) (ibar (VERB guardò)) (compin (savv (ADV su)))) (CCONJ e) (f (ibar (VERB vide)) (compt (sn (DET un) (NOUN omettino) (sa (ADJ magro)) (fp (PUNCT ,) (sv3 (VERB seduto) (compin (sp (ADP a) (sn (NOUN cavallo) (spd (ADP di) (sn (DET un) (NOUN ramo))))))) (PUNCT ,))))) (f (ibar (VERB aveva)) (compc (sn (DET la) (NOUN palla)) (sp (ADP tra) (sn (DET le) (NOUN mani))))) (PUNCT .)));4.60 ± 1.50;3,892491215;content
85;6;un;uno;DET;det;omettino;(ROOT (fc (f (sn (DET La) (NOUN bambina)) (ibar (VERB guardò)) (compin (savv (ADV su)))) (CCONJ e) (f (ibar (VERB vide)) (compt (sn (DET un) (NOUN omettino) (sa (ADJ magro)) (fp (PUNCT ,) (sv3 (VERB seduto) (compin (sp (ADP a) (sn (NOUN cavallo) (spd (ADP di) (sn (DET un) (NOUN ramo))))))) (PUNCT ,))))) (f (ibar (VERB aveva)) (compc (sn (DET la) (NOUN palla)) (sp (ADP tra) (sn (DET le) (NOUN mani))))) (PUNCT .)));;7,065833912;function
86;6;omettino;omettino;NOUN;obj;vide;(ROOT (fc (f (sn (DET La) (NOUN bambina)) (ibar (VERB guardò)) (compin (savv (ADV su)))) (CCONJ e) (f (ibar (VERB vide)) (compt (sn (DET un) (NOUN omettino) (sa (ADJ magro)) (fp (PUNCT ,) (sv3 (VERB seduto) (compin (sp (ADP a) (sn (NOUN cavallo) (spd (ADP di) (sn (DET un) (NOUN ramo))))))) (PUNCT ,))))) (f (ibar (VERB aveva)) (compc (sn (DET la) (NOUN palla)) (sp (ADP tra) (sn (DET le) (NOUN mani))))) (PUNCT .)));;1,491953226;content
87;6;magro;magro;ADJ;amod;omettino;(ROOT (fc (f (sn (DET La) (NOUN bambina)) (ibar (VERB guardò)) (compin (savv (ADV su)))) (CCONJ e) (f (ibar (VERB vide)) (compt (sn (DET un) (NOUN omettino) (sa (ADJ magro)) (fp (PUNCT ,) (sv3 (VERB seduto) (compin (sp (ADP a) (sn (NOUN cavallo) (spd (ADP di) (sn (DET un) (NOUN ramo))))))) (PUNCT ,))))) (f (ibar (VERB aveva)) (compc (sn (DET la) (NOUN palla)) (sp (ADP tra) (sn (DET le) (NOUN mani))))) (PUNCT .)));;3,672365859;content
88;6;seduto;sedere;VERB;acl;omettino;(ROOT (fc (f (sn (DET La) (NOUN bambina)) (ibar (VERB guardò)) (compin (savv (ADV su)))) (CCONJ e) (f (ibar (VERB vide)) (compt (sn (DET un) (NOUN omettino) (sa (ADJ magro)) (fp (PUNCT ,) (sv3 (VERB seduto) (compin (sp (ADP a) (sn (NOUN cavallo) (spd (ADP di) (sn (DET un) (NOUN ramo))))))) (PUNCT ,))))) (f (ibar (VERB aveva)) (compc (sn (DET la) (NOUN palla)) (sp (ADP tra) (sn (DET le) (NOUN mani))))) (PUNCT .)));;4,624852996;content
89;6;a;a;ADP;case;cavallo;(ROOT (fc (f (sn (DET La) (NOUN bambina)) (ibar (VERB guardò)) (compin (savv (ADV su)))) (CCONJ e) (f (ibar (VERB vide)) (compt (sn (DET un) (NOUN omettino) (sa (ADJ magro)) (fp (PUNCT ,) (sv3 (VERB seduto) (compin (sp (ADP a) (sn (NOUN cavallo) (spd (ADP di) (sn (DET un) (NOUN ramo))))))) (PUNCT ,))))) (f (ibar (VERB aveva)) (compc (sn (DET la) (NOUN palla)) (sp (ADP tra) (sn (DET le) (NOUN mani))))) (PUNCT .)));;7,004335738;function
90;6;cavallo;cavallo;NOUN;obl;seduto;(ROOT (fc (f (sn (DET La) (NOUN bambina)) (ibar (VERB guardò)) (compin (savv (ADV su)))) (CCONJ e) (f (ibar (VERB vide)) (compt (sn (DET un) (NOUN omettino) (sa (ADJ magro)) (fp (PUNCT ,) (sv3 (VERB seduto) (compin (sp (ADP a) (sn (NOUN cavallo) (spd (ADP di) (sn (DET un) (NOUN ramo))))))) (PUNCT ,))))) (f (ibar (VERB aveva)) (compc (sn (DET la) (NOUN palla)) (sp (ADP tra) (sn (DET le) (NOUN mani))))) (PUNCT .)));3.92 ± 1.53;4,765822219;content
91;6;di;di;ADP;case;ramo;(ROOT (fc (f (sn (DET La) (NOUN bambina)) (ibar (VERB guardò)) (compin (savv (ADV su)))) (CCONJ e) (f (ibar (VERB vide)) (compt (sn (DET un) (NOUN omettino) (sa (ADJ magro)) (fp (PUNCT ,) (sv3 (VERB seduto) (compin (sp (ADP a) (sn (NOUN cavallo) (spd (ADP di) (sn (DET un) (NOUN ramo))))))) (PUNCT ,))))) (f (ibar (VERB aveva)) (compc (sn (DET la) (NOUN palla)) (sp (ADP tra) (sn (DET le) (NOUN mani))))) (PUNCT .)));;7,232814475;function
92;6;un;uno;DET;det;ramo;(ROOT (fc (f (sn (DET La) (NOUN bambina)) (ibar (VERB guardò)) (compin (savv (ADV su)))) (CCONJ e) (f (ibar (VERB vide)) (compt (sn (DET un) (NOUN omettino) (sa (ADJ magro)) (fp (PUNCT ,) (sv3 (VERB seduto) (compin (sp (ADP a) (sn (NOUN cavallo) (spd (ADP di) (sn (DET un) (NOUN ramo))))))) (PUNCT ,))))) (f (ibar (VERB aveva)) (compc (sn (DET la) (NOUN palla)) (sp (ADP tra) (sn (DET le) (NOUN mani))))) (PUNCT .)));;7,065833912;function
93;6;ramo;ramo;NOUN;nmod;cavallo;(ROOT (fc (f (sn (DET La) (NOUN bambina)) (ibar (VERB guardò)) (compin (savv (ADV su)))) (CCONJ e) (f (ibar (VERB vide)) (compt (sn (DET un) (NOUN omettino) (sa (ADJ magro)) (fp (PUNCT ,) (sv3 (VERB seduto) (compin (sp (ADP a) (sn (NOUN cavallo) (spd (ADP di) (sn (DET un) (NOUN ramo))))))) (PUNCT ,))))) (f (ibar (VERB aveva)) (compc (sn (DET la) (NOUN palla)) (sp (ADP tra) (sn (DET le) (NOUN mani))))) (PUNCT .)));;3,70146824;content
94;6;aveva;avere;VERB;conj;guardò;(ROOT (fc (f (sn (DET La) (NOUN bambina)) (ibar (VERB guardò)) (compin (savv (ADV su)))) (CCONJ e) (f (ibar (VERB vide)) (compt (sn (DET un) (NOUN omettino) (sa (ADJ magro)) (fp (PUNCT ,) (sv3 (VERB seduto) (compin (sp (ADP a) (sn (NOUN cavallo) (spd (ADP di) (sn (DET un) (NOUN ramo))))))) (PUNCT ,))))) (f (ibar (VERB aveva)) (compc (sn (DET la) (NOUN palla)) (sp (ADP tra) (sn (DET le) (NOUN mani))))) (PUNCT .)));;5,632280537;content
95;6;la;il;DET;det;palla;(ROOT (fc (f (sn (DET La) (NOUN bambina)) (ibar (VERB guardò)) (compin (savv (ADV su)))) (CCONJ e) (f (ibar (VERB vide)) (compt (sn (DET un) (NOUN omettino) (sa (ADJ magro)) (fp (PUNCT ,) (sv3 (VERB seduto) (compin (sp (ADP a) (sn (NOUN cavallo) (spd (ADP di) (sn (DET un) (NOUN ramo))))))) (PUNCT ,))))) (f (ibar (VERB aveva)) (compc (sn (DET la) (NOUN palla)) (sp (ADP tra) (sn (DET le) (NOUN mani))))) (PUNCT .)));;7,055331658;function
96;6;palla;palla;NOUN;obj;aveva;(ROOT (fc (f (sn (DET La) (NOUN bambina)) (ibar (VERB guardò)) (compin (savv (ADV su)))) (CCONJ e) (f (ibar (VERB vide)) (compt (sn (DET un) (NOUN omettino) (sa (ADJ magro)) (fp (PUNCT ,) (sv3 (VERB seduto) (compin (sp (ADP a) (sn (NOUN cavallo) (spd (ADP di) (sn (DET un) (NOUN ramo))))))) (PUNCT ,))))) (f (ibar (VERB aveva)) (compc (sn (DET la) (NOUN palla)) (sp (ADP tra) (sn (DET le) (NOUN mani))))) (PUNCT .)));2.64 ± 1.32;4,670354567;content
97;6;tra;tra;ADP;case;mani;(ROOT (fc (f (sn (DET La) (NOUN bambina)) (ibar (VERB guardò)) (compin (savv (ADV su)))) (CCONJ e) (f (ibar (VERB vide)) (compt (sn (DET un) (NOUN omettino) (sa (ADJ magro)) (fp (PUNCT ,) (sv3 (VERB seduto) (compin (sp (ADP a) (sn (NOUN cavallo) (spd (ADP di) (sn (DET un) (NOUN ramo))))))) (PUNCT ,))))) (f (ibar (VERB aveva)) (compc (sn (DET la) (NOUN palla)) (sp (ADP tra) (sn (DET le) (NOUN mani))))) (PUNCT .)));;5,670548919;function
98;6;le;il;DET;det;mani;(ROOT (fc (f (sn (DET La) (NOUN bambina)) (ibar (VERB guardò)) (compin (savv (ADV su)))) (CCONJ e) (f (ibar (VERB vide)) (compt (sn (DET un) (NOUN omettino) (sa (ADJ magro)) (fp (PUNCT ,) (sv3 (VERB seduto) (compin (sp (ADP a) (sn (NOUN cavallo) (spd (ADP di) (sn (DET un) (NOUN ramo))))))) (PUNCT ,))))) (f (ibar (VERB aveva)) (compc (sn (DET la) (NOUN palla)) (sp (ADP tra) (sn (DET le) (NOUN mani))))) (PUNCT .)));;6,624997683;function
99;6;mani;mano;NOUN;obl;aveva;(ROOT (fc (f (sn (DET La) (NOUN bambina)) (ibar (VERB guardò)) (compin (savv (ADV su)))) (CCONJ e) (f (ibar (VERB vide)) (compt (sn (DET un) (NOUN omettino) (sa (ADJ magro)) (fp (PUNCT ,) (sv3 (VERB seduto) (compin (sp (ADP a) (sn (NOUN cavallo) (spd (ADP di) (sn (DET un) (NOUN ramo))))))) (PUNCT ,))))) (f (ibar (VERB aveva)) (compc (sn (DET la) (NOUN palla)) (sp (ADP tra) (sn (DET le) (NOUN mani))))) (PUNCT .)));3.08 ± 0.86;5,2980314;content
100;7;certo;certo;ADV;root;ROOT;(ROOT (fp (PUNCT -) (cp (savv (ADV Certo)) (fint (SCONJ che) (f (ibar (AUX è)) (compc (sa (DET mia)))))) (PUNCT !)));;5,876302159;function
101;7;che;che;SCONJ;mark;mia;(ROOT (fp (PUNCT -) (cp (savv (ADV Certo)) (fint (SCONJ che) (f (ibar (AUX è)) (compc (sa (DET mia)))))) (PUNCT !)));;7,250456545;function
102;7;è;essere;AUX;cop;mia;(ROOT (fp (PUNCT -) (cp (savv (ADV Certo)) (fint (SCONJ che) (f (ibar (AUX è)) (compc (sa (DET mia)))))) (PUNCT !)));;7,249521761;function
103;7;mia;mio;DET;ccomp;Certo;(ROOT (fp (PUNCT -) (cp (savv (ADV Certo)) (fint (SCONJ che) (f (ibar (AUX è)) (compc (sa (DET mia)))))) (PUNCT !)));;6,242274517;function
104;8;dammela;Dammela;PROPN;parataxis;disse;(ROOT (cp (f3 (sn (PROPN Dammela))) (PUNCT !) (PUNCT -) (f (ibar (VERB disse)) (compt (sn (DET la) (NOUN bambina) (PUNCT .))))));;3,859774878;content
105;8;disse;dire;VERB;root;ROOT;(ROOT (cp (f3 (sn (PROPN Dammela))) (PUNCT !) (PUNCT -) (f (ibar (VERB disse)) (compt (sn (DET la) (NOUN bambina) (PUNCT .))))));4.08 ± 1.73;4,869305017;content
106;8;la;il;DET;det;bambina;(ROOT (cp (f3 (sn (PROPN Dammela))) (PUNCT !) (PUNCT -) (f (ibar (VERB disse)) (compt (sn (DET la) (NOUN bambina) (PUNCT .))))));;7,055331658;function
107;8;bambina;bambino;NOUN;nsubj;disse;(ROOT (cp (f3 (sn (PROPN Dammela))) (PUNCT !) (PUNCT -) (f (ibar (VERB disse)) (compt (sn (DET la) (NOUN bambina) (PUNCT .))))));3.20 ± 1.12;4,98282431;content
108;9;e;e;CCONJ;cc;dai;(ROOT (cp_int (cp (fp (PUNCT -) (fc (CCONJ E) (cp (sn (PRON tu)))) (fp (PUNCT ,) (fint (PRON cosa) (f (ibar (PRON mi) (VERB dai)))) (PUNCT ,))) (f3 (sp (ADP in) (sn (NOUN cambio))))) (PUNCT ?)));;2,741151583;function
109;9;tu;tu;PRON;nsubj;dai;(ROOT (cp_int (cp (fp (PUNCT -) (fc (CCONJ E) (cp (sn (PRON tu)))) (fp (PUNCT ,) (fint (PRON cosa) (f (ibar (PRON mi) (VERB dai)))) (PUNCT ,))) (f3 (sp (ADP in) (sn (NOUN cambio))))) (PUNCT ?)));;6,414765586;function
110;9;cosa;cosa;PRON;obj;dai;(ROOT (cp_int (cp (fp (PUNCT -) (fc (CCONJ E) (cp (sn (PRON tu)))) (fp (PUNCT ,) (fint (PRON cosa) (f (ibar (PRON mi) (VERB dai)))) (PUNCT ,))) (f3 (sp (ADP in) (sn (NOUN cambio))))) (PUNCT ?)));;6,632253028;function
111;9;mi;mi;PRON;iobj;dai;(ROOT (cp_int (cp (fp (PUNCT -) (fc (CCONJ E) (cp (sn (PRON tu)))) (fp (PUNCT ,) (fint (PRON cosa) (f (ibar (PRON mi) (VERB dai)))) (PUNCT ,))) (f3 (sp (ADP in) (sn (NOUN cambio))))) (PUNCT ?)));;6,769601972;function
112;9;dai;dare;VERB;root;ROOT;(ROOT (cp_int (cp (fp (PUNCT -) (fc (CCONJ E) (cp (sn (PRON tu)))) (fp (PUNCT ,) (fint (PRON cosa) (f (ibar (PRON mi) (VERB dai)))) (PUNCT ,))) (f3 (sp (ADP in) (sn (NOUN cambio))))) (PUNCT ?)));4.60 ± 2.29;5,723658505;content
113;9;in;in;ADP;case;cambio;(ROOT (cp_int (cp (fp (PUNCT -) (fc (CCONJ E) (cp (sn (PRON tu)))) (fp (PUNCT ,) (fint (PRON cosa) (f (ibar (PRON mi) (VERB dai)))) (PUNCT ,))) (f3 (sp (ADP in) (sn (NOUN cambio))))) (PUNCT ?)));;6,797274494;function
114;9;cambio;cambio;NOUN;obl;dai;(ROOT (cp_int (cp (fp (PUNCT -) (fc (CCONJ E) (cp (sn (PRON tu)))) (fp (PUNCT ,) (fint (PRON cosa) (f (ibar (PRON mi) (VERB dai)))) (PUNCT ,))) (f3 (sp (ADP in) (sn (NOUN cambio))))) (PUNCT ?)));;4,695122149;content
115;10;disse;dire;VERB;root;ROOT;(ROOT (f (ibar (VERB disse)) (compt (sn (DET l') (NOUN ometto))) (PUNCT .)));4.08 ± 1.73;4,869305017;content
116;10;l;il;DET;det;ometto;(ROOT (f (ibar (VERB disse)) (compt (sn (DET l') (NOUN ometto))) (PUNCT .)));;6,640107629;function
117;10;ometto;ometto;NOUN;nsubj;disse;(ROOT (f (ibar (VERB disse)) (compt (sn (DET l') (NOUN ometto))) (PUNCT .)));;3,795689115;content
118;11;niente;niente;PRON;root;ROOT;(ROOT (fp (PUNCT -) (sn (PRON Niente)) (PUNCT !)));;6,061505616;function
119;12;la;il;DET;det;palla;(ROOT (dirsp (f (sn (DET La) (NOUN palla)) (ibar (AUX è)) (compc (sa (DET mia)))) (PUNCT !) (PUNCT -) (f (ibar (VERB ribatté)) (compt (sn (DET la) (NOUN bambina) (PUNCT .))))));;7,055331658;function
120;12;palla;palla;NOUN;nsubj;mia;(ROOT (dirsp (f (sn (DET La) (NOUN palla)) (ibar (AUX è)) (compc (sa (DET mia)))) (PUNCT !) (PUNCT -) (f (ibar (VERB ribatté)) (compt (sn (DET la) (NOUN bambina) (PUNCT .))))));2.64 ± 1.32;4,670354567;content
121;12;è;essere;AUX;cop;mia;(ROOT (dirsp (f (sn (DET La) (NOUN palla)) (ibar (AUX è)) (compc (sa (DET mia)))) (PUNCT !) (PUNCT -) (f (ibar (VERB ribatté)) (compt (sn (DET la) (NOUN bambina) (PUNCT .))))));;7,249521761;function
122;12;mia;mio;DET;root;ROOT;(ROOT (dirsp (f (sn (DET La) (NOUN palla)) (ibar (AUX è)) (compc (sa (DET mia)))) (PUNCT !) (PUNCT -) (f (ibar (VERB ribatté)) (compt (sn (DET la) (NOUN bambina) (PUNCT .))))));;6,242274517;function
123;12;ribatté;ribattere;VERB;parataxis;mia;(ROOT (dirsp (f (sn (DET La) (NOUN palla)) (ibar (AUX è)) (compc (sa (DET mia)))) (PUNCT !) (PUNCT -) (f (ibar (VERB ribatté)) (compt (sn (DET la) (NOUN bambina) (PUNCT .))))));;1,367014489;content
124;12;la;il;DET;det;bambina;(ROOT (dirsp (f (sn (DET La) (NOUN palla)) (ibar (AUX è)) (compc (sa (DET mia)))) (PUNCT !) (PUNCT -) (f (ibar (VERB ribatté)) (compt (sn (DET la) (NOUN bambina) (PUNCT .))))));;7,055331658;function
125;12;bambina;bambino;NOUN;nsubj;ribatté;(ROOT (dirsp (f (sn (DET La) (NOUN palla)) (ibar (AUX è)) (compc (sa (DET mia)))) (PUNCT !) (PUNCT -) (f (ibar (VERB ribatté)) (compt (sn (DET la) (NOUN bambina) (PUNCT .))))));3.20 ± 1.12;4,98282431;content
126;13;ma;ma;CCONJ;cc;ho;(ROOT (dirsp (PUNCT -) (fc (CCONJ Ma) (cp (savv (ADV adesso)) (f (ibar (PRON ce) (PRON l') (VERB ho)) (compc (sn (PRON io)))))) (PUNCT !)));;6,662005813;function
127;13;adesso;adesso;ADV;advmod;ho;(ROOT (dirsp (PUNCT -) (fc (CCONJ Ma) (cp (savv (ADV adesso)) (f (ibar (PRON ce) (PRON l') (VERB ho)) (compc (sn (PRON io)))))) (PUNCT !)));;5,836954264;function
128;13;ce;ce;PRON;expl;ho;(ROOT (dirsp (PUNCT -) (fc (CCONJ Ma) (cp (savv (ADV adesso)) (f (ibar (PRON ce) (PRON l') (VERB ho)) (compc (sn (PRON io)))))) (PUNCT !)));;5,67812526;function
129;13;l;lo;PRON;obj;ho;(ROOT (dirsp (PUNCT -) (fc (CCONJ Ma) (cp (savv (ADV adesso)) (f (ibar (PRON ce) (PRON l') (VERB ho)) (compc (sn (PRON io)))))) (PUNCT !)));;6,640107629;function
130;13;ho;avere;VERB;root;ROOT;(ROOT (dirsp (PUNCT -) (fc (CCONJ Ma) (cp (savv (ADV adesso)) (f (ibar (PRON ce) (PRON l') (VERB ho)) (compc (sn (PRON io)))))) (PUNCT !)));;6,720262455;content
131;13;io;io;PRON;nsubj;ho;(ROOT (dirsp (PUNCT -) (fc (CCONJ Ma) (cp (savv (ADV adesso)) (f (ibar (PRON ce) (PRON l') (VERB ho)) (compc (sn (PRON io)))))) (PUNCT !)));;6,536707533;function
132;14;non;non;ADV;advmod;ho;(ROOT (fc (fp (PUNCT -) (f (ibar (ADV Non) (VERB ho)) (compc (sq (PRON niente) (sv2 (ADP da) (VERB darti))))) (PUNCT !) (PUNCT -)) (f (ibar (VERB disse)) (compt (sn (DET la) (NOUN bambina)))) (PUNCT .)));;7,259198169;function
133;14;ho;avere;VERB;root;ROOT;(ROOT (fc (fp (PUNCT -) (f (ibar (ADV Non) (VERB ho)) (compc (sq (PRON niente) (sv2 (ADP da) (VERB darti))))) (PUNCT !) (PUNCT -)) (f (ibar (VERB disse)) (compt (sn (DET la) (NOUN bambina)))) (PUNCT .)));;6,720262455;content
134;14;niente;niente;PRON;obj;ho;(ROOT (fc (fp (PUNCT -) (f (ibar (ADV Non) (VERB ho)) (compc (sq (PRON niente) (sv2 (ADP da) (VERB darti))))) (PUNCT !) (PUNCT -)) (f (ibar (VERB disse)) (compt (sn (DET la) (NOUN bambina)))) (PUNCT .)));;6,061505616;function
135;14;da;da;ADP;mark;darti;(ROOT (fc (fp (PUNCT -) (f (ibar (ADV Non) (VERB ho)) (compc (sq (PRON niente) (sv2 (ADP da) (VERB darti))))) (PUNCT !) (PUNCT -)) (f (ibar (VERB disse)) (compt (sn (DET la) (NOUN bambina)))) (PUNCT .)));;6,577812618;function
136;14;darti;dare;VERB;acl;niente;(ROOT (fc (fp (PUNCT -) (f (ibar (ADV Non) (VERB ho)) (compc (sq (PRON niente) (sv2 (ADP da) (VERB darti))))) (PUNCT !) (PUNCT -)) (f (ibar (VERB disse)) (compt (sn (DET la) (NOUN bambina)))) (PUNCT .)));4.60 ± 2.29;4,635826393;content
137;14;disse;dire;VERB;parataxis;ho;(ROOT (fc (fp (PUNCT -) (f (ibar (ADV Non) (VERB ho)) (compc (sq (PRON niente) (sv2 (ADP da) (VERB darti))))) (PUNCT !) (PUNCT -)) (f (ibar (VERB disse)) (compt (sn (DET la) (NOUN bambina)))) (PUNCT .)));4.08 ± 1.73;4,869305017;content
138;14;la;il;DET;det;bambina;(ROOT (fc (fp (PUNCT -) (f (ibar (ADV Non) (VERB ho)) (compc (sq (PRON niente) (sv2 (ADP da) (VERB darti))))) (PUNCT !) (PUNCT -)) (f (ibar (VERB disse)) (compt (sn (DET la) (NOUN bambina)))) (PUNCT .)));;7,055331658;function
139;14;bambina;bambino;NOUN;nsubj;disse;(ROOT (fc (fp (PUNCT -) (f (ibar (ADV Non) (VERB ho)) (compc (sq (PRON niente) (sv2 (ADP da) (VERB darti))))) (PUNCT !) (PUNCT -)) (f (ibar (VERB disse)) (compt (sn (DET la) (NOUN bambina)))) (PUNCT .)));3.20 ± 1.12;4,98282431;content
140;15;si;sì;INTJ;root;ROOT;(ROOT (cp (cp_int (dirsp (PUNCT -) (ibar (INTJ Si)) (fint (SCONJ che) (f (ibar (PRON ce) (PRON l') (VERB hai))))) (PUNCT :)) (f (ir_infl (VERB dammi)) (compt (sn (DET il) (sa (DET tuo)) (NOUN nome)))) (PUNCT !)));;6,553884221;function
141;15;che;che;SCONJ;mark;hai;(ROOT (cp (cp_int (dirsp (PUNCT -) (ibar (INTJ Si)) (fint (SCONJ che) (f (ibar (PRON ce) (PRON l') (VERB hai))))) (PUNCT :)) (f (ir_infl (VERB dammi)) (compt (sn (DET il) (sa (DET tuo)) (NOUN nome)))) (PUNCT !)));;7,250456545;function
142;15;ce;ce;PRON;expl;hai;(ROOT (cp (cp_int (dirsp (PUNCT -) (ibar (INTJ Si)) (fint (SCONJ che) (f (ibar (PRON ce) (PRON l') (VERB hai))))) (PUNCT :)) (f (ir_infl (VERB dammi)) (compt (sn (DET il) (sa (DET tuo)) (NOUN nome)))) (PUNCT !)));;5,67812526;function
143;15;l;lo;PRON;obj;hai;(ROOT (cp (cp_int (dirsp (PUNCT -) (ibar (INTJ Si)) (fint (SCONJ che) (f (ibar (PRON ce) (PRON l') (VERB hai))))) (PUNCT :)) (f (ir_infl (VERB dammi)) (compt (sn (DET il) (sa (DET tuo)) (NOUN nome)))) (PUNCT !)));;6,640107629;function
144;15;hai;avere;VERB;ccomp;Si;(ROOT (cp (cp_int (dirsp (PUNCT -) (ibar (INTJ Si)) (fint (SCONJ che) (f (ibar (PRON ce) (PRON l') (VERB hai))))) (PUNCT :)) (f (ir_infl (VERB dammi)) (compt (sn (DET il) (sa (DET tuo)) (NOUN nome)))) (PUNCT !)));;6,477590733;content
145;15;dammi;dare;VERB;parataxis;Si;(ROOT (cp (cp_int (dirsp (PUNCT -) (ibar (INTJ Si)) (fint (SCONJ che) (f (ibar (PRON ce) (PRON l') (VERB hai))))) (PUNCT :)) (f (ir_infl (VERB dammi)) (compt (sn (DET il) (sa (DET tuo)) (NOUN nome)))) (PUNCT !)));4.60 ± 2.29;5,126984347;content
146;15;il;il;DET;det;nome;(ROOT (cp (cp_int (dirsp (PUNCT -) (ibar (INTJ Si)) (fint (SCONJ che) (f (ibar (PRON ce) (PRON l') (VERB hai))))) (PUNCT :)) (f (ir_infl (VERB dammi)) (compt (sn (DET il) (sa (DET tuo)) (NOUN nome)))) (PUNCT !)));;7,039560886;function
147;15;tuo;tuo;DET;det:poss;nome;(ROOT (cp (cp_int (dirsp (PUNCT -) (ibar (INTJ Si)) (fint (SCONJ che) (f (ibar (PRON ce) (PRON l') (VERB hai))))) (PUNCT :)) (f (ir_infl (VERB dammi)) (compt (sn (DET il) (sa (DET tuo)) (NOUN nome)))) (PUNCT !)));;6,080045574;function
148;15;nome;nome;NOUN;obj;dammi;(ROOT (cp (cp_int (dirsp (PUNCT -) (ibar (INTJ Si)) (fint (SCONJ che) (f (ibar (PRON ce) (PRON l') (VERB hai))))) (PUNCT :)) (f (ir_infl (VERB dammi)) (compt (sn (DET il) (sa (DET tuo)) (NOUN nome)))) (PUNCT !)));3.64 ± 1.75;5,545943498;content
149;16;pensando;pensare;VERB;advcl;disse;(ROOT (dirsp (cp (sv5 (VERB Pensando) (compt (fac (SCONJ che) (f (sn (DET l') (NOUN ometto)) (ir_infl (VERB scherzasse)) (compt (sn (DET la) (NOUN bambina))))))) (f (ibar (PRON gli) (VERB disse)))) (PUNCT :) (fc (f (ibar (VERB va)) (compin (savv (ADV bene)))) (PUNCT ,) (f (ibar (PRON te) (PRON lo) (VERB do))) (PUNCT ,) (f (ibar (VERB butta)) (compt (sn (DET la) (NOUN palla))))) (PUNCT !)));;4,98282431;content
150;16;che;che;SCONJ;mark;scherzasse;(ROOT (dirsp (cp (sv5 (VERB Pensando) (compt (fac (SCONJ che) (f (sn (DET l') (NOUN ometto)) (ir_infl (VERB scherzasse)) (compt (sn (DET la) (NOUN bambina))))))) (f (ibar (PRON gli) (VERB disse)))) (PUNCT :) (fc (f (ibar (VERB va)) (compin (savv (ADV bene)))) (PUNCT ,) (f (ibar (PRON te) (PRON lo) (VERB do))) (PUNCT ,) (f (ibar (VERB butta)) (compt (sn (DET la) (NOUN palla))))) (PUNCT !)));;7,250456545;function
151;16;l;il;DET;det;ometto;(ROOT (dirsp (cp (sv5 (VERB Pensando) (compt (fac (SCONJ che) (f (sn (DET l') (NOUN ometto)) (ir_infl (VERB scherzasse)) (compt (sn (DET la) (NOUN bambina))))))) (f (ibar (PRON gli) (VERB disse)))) (PUNCT :) (fc (f (ibar (VERB va)) (compin (savv (ADV bene)))) (PUNCT ,) (f (ibar (PRON te) (PRON lo) (VERB do))) (PUNCT ,) (f (ibar (VERB butta)) (compt (sn (DET la) (NOUN palla))))) (PUNCT !)));;6,640107629;function
152;16;ometto;ometto;NOUN;nsubj;scherzasse;(ROOT (dirsp (cp (sv5 (VERB Pensando) (compt (fac (SCONJ che) (f (sn (DET l') (NOUN ometto)) (ir_infl (VERB scherzasse)) (compt (sn (DET la) (NOUN bambina))))))) (f (ibar (PRON gli) (VERB disse)))) (PUNCT :) (fc (f (ibar (VERB va)) (compin (savv (ADV bene)))) (PUNCT ,) (f (ibar (PRON te) (PRON lo) (VERB do))) (PUNCT ,) (f (ibar (VERB butta)) (compt (sn (DET la) (NOUN palla))))) (PUNCT !)));;3,795689115;content
153;16;scherzasse;scherzare;VERB;ccomp;Pensando;(ROOT (dirsp (cp (sv5 (VERB Pensando) (compt (fac (SCONJ che) (f (sn (DET l') (NOUN ometto)) (ir_infl (VERB scherzasse)) (compt (sn (DET la) (NOUN bambina))))))) (f (ibar (PRON gli) (VERB disse)))) (PUNCT :) (fc (f (ibar (VERB va)) (compin (savv (ADV bene)))) (PUNCT ,) (f (ibar (PRON te) (PRON lo) (VERB do))) (PUNCT ,) (f (ibar (VERB butta)) (compt (sn (DET la) (NOUN palla))))) (PUNCT !)));;2,367014489;content
154;16;la;il;DET;det;bambina;(ROOT (dirsp (cp (sv5 (VERB Pensando) (compt (fac (SCONJ che) (f (sn (DET l') (NOUN ometto)) (ir_infl (VERB scherzasse)) (compt (sn (DET la) (NOUN bambina))))))) (f (ibar (PRON gli) (VERB disse)))) (PUNCT :) (fc (f (ibar (VERB va)) (compin (savv (ADV bene)))) (PUNCT ,) (f (ibar (PRON te) (PRON lo) (VERB do))) (PUNCT ,) (f (ibar (VERB butta)) (compt (sn (DET la) (NOUN palla))))) (PUNCT !)));;7,055331658;function
155;16;bambina;bambino;NOUN;obj;scherzasse;(ROOT (dirsp (cp (sv5 (VERB Pensando) (compt (fac (SCONJ che) (f (sn (DET l') (NOUN ometto)) (ir_infl (VERB scherzasse)) (compt (sn (DET la) (NOUN bambina))))))) (f (ibar (PRON gli) (VERB disse)))) (PUNCT :) (fc (f (ibar (VERB va)) (compin (savv (ADV bene)))) (PUNCT ,) (f (ibar (PRON te) (PRON lo) (VERB do))) (PUNCT ,) (f (ibar (VERB butta)) (compt (sn (DET la) (NOUN palla))))) (PUNCT !)));3.20 ± 1.12;4,98282431;content
156;16;gli;gli;PRON;iobj;disse;(ROOT (dirsp (cp (sv5 (VERB Pensando) (compt (fac (SCONJ che) (f (sn (DET l') (NOUN ometto)) (ir_infl (VERB scherzasse)) (compt (sn (DET la) (NOUN bambina))))))) (f (ibar (PRON gli) (VERB disse)))) (PUNCT :) (fc (f (ibar (VERB va)) (compin (savv (ADV bene)))) (PUNCT ,) (f (ibar (PRON te) (PRON lo) (VERB do))) (PUNCT ,) (f (ibar (VERB butta)) (compt (sn (DET la) (NOUN palla))))) (PUNCT !)));;6,227520191;function
157;16;disse;dire;VERB;root;ROOT;(ROOT (dirsp (cp (sv5 (VERB Pensando) (compt (fac (SCONJ che) (f (sn (DET l') (NOUN ometto)) (ir_infl (VERB scherzasse)) (compt (sn (DET la) (NOUN bambina))))))) (f (ibar (PRON gli) (VERB disse)))) (PUNCT :) (fc (f (ibar (VERB va)) (compin (savv (ADV bene)))) (PUNCT ,) (f (ibar (PRON te) (PRON lo) (VERB do))) (PUNCT ,) (f (ibar (VERB butta)) (compt (sn (DET la) (NOUN palla))))) (PUNCT !)));4.08 ± 1.73;4,869305017;content
158;16;va;andare;VERB;parataxis;disse;(ROOT (dirsp (cp (sv5 (VERB Pensando) (compt (fac (SCONJ che) (f (sn (DET l') (NOUN ometto)) (ir_infl (VERB scherzasse)) (compt (sn (DET la) (NOUN bambina))))))) (f (ibar (PRON gli) (VERB disse)))) (PUNCT :) (fc (f (ibar (VERB va)) (compin (savv (ADV bene)))) (PUNCT ,) (f (ibar (PRON te) (PRON lo) (VERB do))) (PUNCT ,) (f (ibar (VERB butta)) (compt (sn (DET la) (NOUN palla))))) (PUNCT !)));4.20 ± 1.44;6,162363764;content
159;16;bene;bene;ADV;advmod;va;(ROOT (dirsp (cp (sv5 (VERB Pensando) (compt (fac (SCONJ che) (f (sn (DET l') (NOUN ometto)) (ir_infl (VERB scherzasse)) (compt (sn (DET la) (NOUN bambina))))))) (f (ibar (PRON gli) (VERB disse)))) (PUNCT :) (fc (f (ibar (VERB va)) (compin (savv (ADV bene)))) (PUNCT ,) (f (ibar (PRON te) (PRON lo) (VERB do))) (PUNCT ,) (f (ibar (VERB butta)) (compt (sn (DET la) (NOUN palla))))) (PUNCT !)));;6,454992194;function
160;16;te;te;PRON;expl;do;(ROOT (dirsp (cp (sv5 (VERB Pensando) (compt (fac (SCONJ che) (f (sn (DET l') (NOUN ometto)) (ir_infl (VERB scherzasse)) (compt (sn (DET la) (NOUN bambina))))))) (f (ibar (PRON gli) (VERB disse)))) (PUNCT :) (fc (f (ibar (VERB va)) (compin (savv (ADV bene)))) (PUNCT ,) (f (ibar (PRON te) (PRON lo) (VERB do))) (PUNCT ,) (f (ibar (VERB butta)) (compt (sn (DET la) (NOUN palla))))) (PUNCT !)));;6,290869614;function
161;16;lo;lo;PRON;obj;do;(ROOT (dirsp (cp (sv5 (VERB Pensando) (compt (fac (SCONJ che) (f (sn (DET l') (NOUN ometto)) (ir_infl (VERB scherzasse)) (compt (sn (DET la) (NOUN bambina))))))) (f (ibar (PRON gli) (VERB disse)))) (PUNCT :) (fc (f (ibar (VERB va)) (compin (savv (ADV bene)))) (PUNCT ,) (f (ibar (PRON te) (PRON lo) (VERB do))) (PUNCT ,) (f (ibar (VERB butta)) (compt (sn (DET la) (NOUN palla))))) (PUNCT !)));;6,655915487;function
162;16;do;dare;VERB;parataxis;disse;(ROOT (dirsp (cp (sv5 (VERB Pensando) (compt (fac (SCONJ che) (f (sn (DET l') (NOUN ometto)) (ir_infl (VERB scherzasse)) (compt (sn (DET la) (NOUN bambina))))))) (f (ibar (PRON gli) (VERB disse)))) (PUNCT :) (fc (f (ibar (VERB va)) (compin (savv (ADV bene)))) (PUNCT ,) (f (ibar (PRON te) (PRON lo) (VERB do))) (PUNCT ,) (f (ibar (VERB butta)) (compt (sn (DET la) (NOUN palla))))) (PUNCT !)));4.60 ± 2.29;4,860565477;content
163;16;butta;buttare;VERB;parataxis;disse;(ROOT (dirsp (cp (sv5 (VERB Pensando) (compt (fac (SCONJ che) (f (sn (DET l') (NOUN ometto)) (ir_infl (VERB scherzasse)) (compt (sn (DET la) (NOUN bambina))))))) (f (ibar (PRON gli) (VERB disse)))) (PUNCT :) (fc (f (ibar (VERB va)) (compin (savv (ADV bene)))) (PUNCT ,) (f (ibar (PRON te) (PRON lo) (VERB do))) (PUNCT ,) (f (ibar (VERB butta)) (compt (sn (DET la) (NOUN palla))))) (PUNCT !)));4.20 ± 1.55;4,275856805;content
164;16;la;il;DET;det;palla;(ROOT (dirsp (cp (sv5 (VERB Pensando) (compt (fac (SCONJ che) (f (sn (DET l') (NOUN ometto)) (ir_infl (VERB scherzasse)) (compt (sn (DET la) (NOUN bambina))))))) (f (ibar (PRON gli) (VERB disse)))) (PUNCT :) (fc (f (ibar (VERB va)) (compin (savv (ADV bene)))) (PUNCT ,) (f (ibar (PRON te) (PRON lo) (VERB do))) (PUNCT ,) (f (ibar (VERB butta)) (compt (sn (DET la) (NOUN palla))))) (PUNCT !)));;7,055331658;function
165;16;palla;palla;NOUN;obj;butta;(ROOT (dirsp (cp (sv5 (VERB Pensando) (compt (fac (SCONJ che) (f (sn (DET l') (NOUN ometto)) (ir_infl (VERB scherzasse)) (compt (sn (DET la) (NOUN bambina))))))) (f (ibar (PRON gli) (VERB disse)))) (PUNCT :) (fc (f (ibar (VERB va)) (compin (savv (ADV bene)))) (PUNCT ,) (f (ibar (PRON te) (PRON lo) (VERB do))) (PUNCT ,) (f (ibar (VERB butta)) (compt (sn (DET la) (NOUN palla))))) (PUNCT !)));2.64 ± 1.32;4,670354567;content
166;17;quello;quello;PRON;nsubj;sorrise;(ROOT (fc (f (sn (PRON Quello)) (ibar (VERB sorrise))) (PUNCT ,) (f (ibar (VERB lasciò)) (compt (sv2 (VERB cadere) (compt (sn (DET la) (NOUN palla)))))) (PUNCT ,) (f (sn (PRON lei)) (ibar (PRON la) (VERB prese))) (CCONJ e) (f (ibar (VERB tornò)) (compin (sp (ADP a) (sn (NOUN casa))))) (dirsp (PUNCT :) (fc (CCONJ ma) (f (ibar (PRON si) (VERB sentiva)) (compc (sa (ADJ strana)))))) (PUNCT .)));;6,160949149;function
167;17;sorrise;sorridere;VERB;root;ROOT;(ROOT (fc (f (sn (PRON Quello)) (ibar (VERB sorrise))) (PUNCT ,) (f (ibar (VERB lasciò)) (compt (sv2 (VERB cadere) (compt (sn (DET la) (NOUN palla)))))) (PUNCT ,) (f (sn (PRON lei)) (ibar (PRON la) (VERB prese))) (CCONJ e) (f (ibar (VERB tornò)) (compin (sp (ADP a) (sn (NOUN casa))))) (dirsp (PUNCT :) (fc (CCONJ ma) (f (ibar (PRON si) (VERB sentiva)) (compc (sa (ADJ strana)))))) (PUNCT .)));;2,668044485;content
168;17;lasciò;lasciare;VERB;conj;sorrise;(ROOT (fc (f (sn (PRON Quello)) (ibar (VERB sorrise))) (PUNCT ,) (f (ibar (VERB lasciò)) (compt (sv2 (VERB cadere) (compt (sn (DET la) (NOUN palla)))))) (PUNCT ,) (f (sn (PRON lei)) (ibar (PRON la) (VERB prese))) (CCONJ e) (f (ibar (VERB tornò)) (compin (sp (ADP a) (sn (NOUN casa))))) (dirsp (PUNCT :) (fc (CCONJ ma) (f (ibar (PRON si) (VERB sentiva)) (compc (sa (ADJ strana)))))) (PUNCT .)));;3,840258089;content
169;17;cadere;cadere;VERB;xcomp;lasciò;(ROOT (fc (f (sn (PRON Quello)) (ibar (VERB sorrise))) (PUNCT ,) (f (ibar (VERB lasciò)) (compt (sv2 (VERB cadere) (compt (sn (DET la) (NOUN palla)))))) (PUNCT ,) (f (sn (PRON lei)) (ibar (PRON la) (VERB prese))) (CCONJ e) (f (ibar (VERB tornò)) (compin (sp (ADP a) (sn (NOUN casa))))) (dirsp (PUNCT :) (fc (CCONJ ma) (f (ibar (PRON si) (VERB sentiva)) (compc (sa (ADJ strana)))))) (PUNCT .)));2.88 ± 1.45;4,505211891;content
170;17;la;il;DET;det;palla;(ROOT (fc (f (sn (PRON Quello)) (ibar (VERB sorrise))) (PUNCT ,) (f (ibar (VERB lasciò)) (compt (sv2 (VERB cadere) (compt (sn (DET la) (NOUN palla)))))) (PUNCT ,) (f (sn (PRON lei)) (ibar (PRON la) (VERB prese))) (CCONJ e) (f (ibar (VERB tornò)) (compin (sp (ADP a) (sn (NOUN casa))))) (dirsp (PUNCT :) (fc (CCONJ ma) (f (ibar (PRON si) (VERB sentiva)) (compc (sa (ADJ strana)))))) (PUNCT .)));;7,055331658;function
171;17;palla;palla;NOUN;obj;cadere;(ROOT (fc (f (sn (PRON Quello)) (ibar (VERB sorrise))) (PUNCT ,) (f (ibar (VERB lasciò)) (compt (sv2 (VERB cadere) (compt (sn (DET la) (NOUN palla)))))) (PUNCT ,) (f (sn (PRON lei)) (ibar (PRON la) (VERB prese))) (CCONJ e) (f (ibar (VERB tornò)) (compin (sp (ADP a) (sn (NOUN casa))))) (dirsp (PUNCT :) (fc (CCONJ ma) (f (ibar (PRON si) (VERB sentiva)) (compc (sa (ADJ strana)))))) (PUNCT .)));2.64 ± 1.32;4,670354567;content
172;17;lei;lei;PRON;nsubj;prese;(ROOT (fc (f (sn (PRON Quello)) (ibar (VERB sorrise))) (PUNCT ,) (f (ibar (VERB lasciò)) (compt (sv2 (VERB cadere) (compt (sn (DET la) (NOUN palla)))))) (PUNCT ,) (f (sn (PRON lei)) (ibar (PRON la) (VERB prese))) (CCONJ e) (f (ibar (VERB tornò)) (compin (sp (ADP a) (sn (NOUN casa))))) (dirsp (PUNCT :) (fc (CCONJ ma) (f (ibar (PRON si) (VERB sentiva)) (compc (sa (ADJ strana)))))) (PUNCT .)));;6,235566848;function
173;17;la;la;PRON;obj;prese;(ROOT (fc (f (sn (PRON Quello)) (ibar (VERB sorrise))) (PUNCT ,) (f (ibar (VERB lasciò)) (compt (sv2 (VERB cadere) (compt (sn (DET la) (NOUN palla)))))) (PUNCT ,) (f (sn (PRON lei)) (ibar (PRON la) (VERB prese))) (CCONJ e) (f (ibar (VERB tornò)) (compin (sp (ADP a) (sn (NOUN casa))))) (dirsp (PUNCT :) (fc (CCONJ ma) (f (ibar (PRON si) (VERB sentiva)) (compc (sa (ADJ strana)))))) (PUNCT .)));;7,055331658;function
174;17;prese;prendere;VERB;conj;sorrise;(ROOT (fc (f (sn (PRON Quello)) (ibar (VERB sorrise))) (PUNCT ,) (f (ibar (VERB lasciò)) (compt (sv2 (VERB cadere) (compt (sn (DET la) (NOUN palla)))))) (PUNCT ,) (f (sn (PRON lei)) (ibar (PRON la) (VERB prese))) (CCONJ e) (f (ibar (VERB tornò)) (compin (sp (ADP a) (sn (NOUN casa))))) (dirsp (PUNCT :) (fc (CCONJ ma) (f (ibar (PRON si) (VERB sentiva)) (compc (sa (ADJ strana)))))) (PUNCT .)));4.36 ± 1.89;4,3610382;content
175;17;e;e;CCONJ;cc;tornò;(ROOT (fc (f (sn (PRON Quello)) (ibar (VERB sorrise))) (PUNCT ,) (f (ibar (VERB lasciò)) (compt (sv2 (VERB cadere) (compt (sn (DET la) (NOUN palla)))))) (PUNCT ,) (f (sn (PRON lei)) (ibar (PRON la) (VERB prese))) (CCONJ e) (f (ibar (VERB tornò)) (compin (sp (ADP a) (sn (NOUN casa))))) (dirsp (PUNCT :) (fc (CCONJ ma) (f (ibar (PRON si) (VERB sentiva)) (compc (sa (ADJ strana)))))) (PUNCT .)));;2,741151583;function
176;17;tornò;tornare;VERB;conj;sorrise;(ROOT (fc (f (sn (PRON Quello)) (ibar (VERB sorrise))) (PUNCT ,) (f (ibar (VERB lasciò)) (compt (sv2 (VERB cadere) (compt (sn (DET la) (NOUN palla)))))) (PUNCT ,) (f (sn (PRON lei)) (ibar (PRON la) (VERB prese))) (CCONJ e) (f (ibar (VERB tornò)) (compin (sp (ADP a) (sn (NOUN casa))))) (dirsp (PUNCT :) (fc (CCONJ ma) (f (ibar (PRON si) (VERB sentiva)) (compc (sa (ADJ strana)))))) (PUNCT .)));;3,802115291;content
177;17;a;a;ADP;case;casa;(ROOT (fc (f (sn (PRON Quello)) (ibar (VERB sorrise))) (PUNCT ,) (f (ibar (VERB lasciò)) (compt (sv2 (VERB cadere) (compt (sn (DET la) (NOUN palla)))))) (PUNCT ,) (f (sn (PRON lei)) (ibar (PRON la) (VERB prese))) (CCONJ e) (f (ibar (VERB tornò)) (compin (sp (ADP a) (sn (NOUN casa))))) (dirsp (PUNCT :) (fc (CCONJ ma) (f (ibar (PRON si) (VERB sentiva)) (compc (sa (ADJ strana)))))) (PUNCT .)));;7,004335738;function
178;17;casa;casa;NOUN;obl;tornò;(ROOT (fc (f (sn (PRON Quello)) (ibar (VERB sorrise))) (PUNCT ,) (f (ibar (VERB lasciò)) (compt (sv2 (VERB cadere) (compt (sn (DET la) (NOUN palla)))))) (PUNCT ,) (f (sn (PRON lei)) (ibar (PRON la) (VERB prese))) (CCONJ e) (f (ibar (VERB tornò)) (compin (sp (ADP a) (sn (NOUN casa))))) (dirsp (PUNCT :) (fc (CCONJ ma) (f (ibar (PRON si) (VERB sentiva)) (compc (sa (ADJ strana)))))) (PUNCT .)));3.40 ± 1.63;6,003702937;content
179;17;ma;ma;CCONJ;cc;sentiva;(ROOT (fc (f (sn (PRON Quello)) (ibar (VERB sorrise))) (PUNCT ,) (f (ibar (VERB lasciò)) (compt (sv2 (VERB cadere) (compt (sn (DET la) (NOUN palla)))))) (PUNCT ,) (f (sn (PRON lei)) (ibar (PRON la) (VERB prese))) (CCONJ e) (f (ibar (VERB tornò)) (compin (sp (ADP a) (sn (NOUN casa))))) (dirsp (PUNCT :) (fc (CCONJ ma) (f (ibar (PRON si) (VERB sentiva)) (compc (sa (ADJ strana)))))) (PUNCT .)));;6,662005813;function
180;17;si;si;PRON;expl;sentiva;(ROOT (fc (f (sn (PRON Quello)) (ibar (VERB sorrise))) (PUNCT ,) (f (ibar (VERB lasciò)) (compt (sv2 (VERB cadere) (compt (sn (DET la) (NOUN palla)))))) (PUNCT ,) (f (sn (PRON lei)) (ibar (PRON la) (VERB prese))) (CCONJ e) (f (ibar (VERB tornò)) (compin (sp (ADP a) (sn (NOUN casa))))) (dirsp (PUNCT :) (fc (CCONJ ma) (f (ibar (PRON si) (VERB sentiva)) (compc (sa (ADJ strana)))))) (PUNCT .)));;6,553884221;function
181;17;sentiva;sentire;VERB;conj;sorrise;(ROOT (fc (f (sn (PRON Quello)) (ibar (VERB sorrise))) (PUNCT ,) (f (ibar (VERB lasciò)) (compt (sv2 (VERB cadere) (compt (sn (DET la) (NOUN palla)))))) (PUNCT ,) (f (sn (PRON lei)) (ibar (PRON la) (VERB prese))) (CCONJ e) (f (ibar (VERB tornò)) (compin (sp (ADP a) (sn (NOUN casa))))) (dirsp (PUNCT :) (fc (CCONJ ma) (f (ibar (PRON si) (VERB sentiva)) (compc (sa (ADJ strana)))))) (PUNCT .)));4.24 ± 1.67;4,000146152;content
182;17;strana;strano;ADJ;xcomp;sentiva;(ROOT (fc (f (sn (PRON Quello)) (ibar (VERB sorrise))) (PUNCT ,) (f (ibar (VERB lasciò)) (compt (sv2 (VERB cadere) (compt (sn (DET la) (NOUN palla)))))) (PUNCT ,) (f (sn (PRON lei)) (ibar (PRON la) (VERB prese))) (CCONJ e) (f (ibar (VERB tornò)) (compin (sp (ADP a) (sn (NOUN casa))))) (dirsp (PUNCT :) (fc (CCONJ ma) (f (ibar (PRON si) (VERB sentiva)) (compc (sa (ADJ strana)))))) (PUNCT .)));5.88 ± 2.11;4,629939958;content
183;18;e;e;CCONJ;cc;sentì;(ROOT (fc (CCONJ E) (cp (sa (ADV più) (ADJ strana)) (f (ibar (PRON si) (VERB sentì)))) (PUNCT ,) (fs (SCONJ quando) (f (ibar (PRON si) (VERB accorse)) (compin (fac (SCONJ che) (f (ibar (PRON la) (VERB salutavano)) (compt (sp (ADP senza) (savv (ADV più)) (sv2 (VERB dire) (compt (sn (DET il) (sa (DET suo)) (NOUN nome))))))))))) (PUNCT :) (cp (savv (ADV poi)) (fp (PUNCT ,) (sn (INTJ pensandoci)) (PUNCT ,)) (f (ibar (PRON si) (VERB accorse)) (compin (fac (SCONJ che) (f (sn (ADV nemmeno) (PRON lei)) (ibar (PRON lo) (VERB ricordava))))))) (PUNCT .)));;2,741151583;function
184;18;più;più;ADV;advmod;strana;(ROOT (fc (CCONJ E) (cp (sa (ADV più) (ADJ strana)) (f (ibar (PRON si) (VERB sentì)))) (PUNCT ,) (fs (SCONJ quando) (f (ibar (PRON si) (VERB accorse)) (compin (fac (SCONJ che) (f (ibar (PRON la) (VERB salutavano)) (compt (sp (ADP senza) (savv (ADV più)) (sv2 (VERB dire) (compt (sn (DET il) (sa (DET suo)) (NOUN nome))))))))))) (PUNCT :) (cp (savv (ADV poi)) (fp (PUNCT ,) (sn (INTJ pensandoci)) (PUNCT ,)) (f (ibar (PRON si) (VERB accorse)) (compin (fac (SCONJ che) (f (sn (ADV nemmeno) (PRON lei)) (ibar (PRON lo) (VERB ricordava))))))) (PUNCT .)));;6,382555861;function
185;18;strana;strano;ADJ;amod;sentì;(ROOT (fc (CCONJ E) (cp (sa (ADV più) (ADJ strana)) (f (ibar (PRON si) (VERB sentì)))) (PUNCT ,) (fs (SCONJ quando) (f (ibar (PRON si) (VERB accorse)) (compin (fac (SCONJ che) (f (ibar (PRON la) (VERB salutavano)) (compt (sp (ADP senza) (savv (ADV più)) (sv2 (VERB dire) (compt (sn (DET il) (sa (DET suo)) (NOUN nome))))))))))) (PUNCT :) (cp (savv (ADV poi)) (fp (PUNCT ,) (sn (INTJ pensandoci)) (PUNCT ,)) (f (ibar (PRON si) (VERB accorse)) (compin (fac (SCONJ che) (f (sn (ADV nemmeno) (PRON lei)) (ibar (PRON lo) (VERB ricordava))))))) (PUNCT .)));5.88 ± 2.11;4,629939958;content
186;18;si;si;PRON;expl;sentì;(ROOT (fc (CCONJ E) (cp (sa (ADV più) (ADJ strana)) (f (ibar (PRON si) (VERB sentì)))) (PUNCT ,) (fs (SCONJ quando) (f (ibar (PRON si) (VERB accorse)) (compin (fac (SCONJ che) (f (ibar (PRON la) (VERB salutavano)) (compt (sp (ADP senza) (savv (ADV più)) (sv2 (VERB dire) (compt (sn (DET il) (sa (DET suo)) (NOUN nome))))))))))) (PUNCT :) (cp (savv (ADV poi)) (fp (PUNCT ,) (sn (INTJ pensandoci)) (PUNCT ,)) (f (ibar (PRON si) (VERB accorse)) (compin (fac (SCONJ che) (f (sn (ADV nemmeno) (PRON lei)) (ibar (PRON lo) (VERB ricordava))))))) (PUNCT .)));;6,553884221;function
187;18;sentì;sentire;VERB;root;ROOT;(ROOT (fc (CCONJ E) (cp (sa (ADV più) (ADJ strana)) (f (ibar (PRON si) (VERB sentì)))) (PUNCT ,) (fs (SCONJ quando) (f (ibar (PRON si) (VERB accorse)) (compin (fac (SCONJ che) (f (ibar (PRON la) (VERB salutavano)) (compt (sp (ADP senza) (savv (ADV più)) (sv2 (VERB dire) (compt (sn (DET il) (sa (DET suo)) (NOUN nome))))))))))) (PUNCT :) (cp (savv (ADV poi)) (fp (PUNCT ,) (sn (INTJ pensandoci)) (PUNCT ,)) (f (ibar (PRON si) (VERB accorse)) (compin (fac (SCONJ che) (f (sn (ADV nemmeno) (PRON lei)) (ibar (PRON lo) (VERB ricordava))))))) (PUNCT .)));4.24 ± 1.67;3,420092933;content
188;18;quando;quando;SCONJ;mark;accorse;(ROOT (fc (CCONJ E) (cp (sa (ADV più) (ADJ strana)) (f (ibar (PRON si) (VERB sentì)))) (PUNCT ,) (fs (SCONJ quando) (f (ibar (PRON si) (VERB accorse)) (compin (fac (SCONJ che) (f (ibar (PRON la) (VERB salutavano)) (compt (sp (ADP senza) (savv (ADV più)) (sv2 (VERB dire) (compt (sn (DET il) (sa (DET suo)) (NOUN nome))))))))))) (PUNCT :) (cp (savv (ADV poi)) (fp (PUNCT ,) (sn (INTJ pensandoci)) (PUNCT ,)) (f (ibar (PRON si) (VERB accorse)) (compin (fac (SCONJ che) (f (sn (ADV nemmeno) (PRON lei)) (ibar (PRON lo) (VERB ricordava))))))) (PUNCT .)));;6,212844009;function
189;18;si;si;PRON;expl;accorse;(ROOT (fc (CCONJ E) (cp (sa (ADV più) (ADJ strana)) (f (ibar (PRON si) (VERB sentì)))) (PUNCT ,) (fs (SCONJ quando) (f (ibar (PRON si) (VERB accorse)) (compin (fac (SCONJ che) (f (ibar (PRON la) (VERB salutavano)) (compt (sp (ADP senza) (savv (ADV più)) (sv2 (VERB dire) (compt (sn (DET il) (sa (DET suo)) (NOUN nome))))))))))) (PUNCT :) (cp (savv (ADV poi)) (fp (PUNCT ,) (sn (INTJ pensandoci)) (PUNCT ,)) (f (ibar (PRON si) (VERB accorse)) (compin (fac (SCONJ che) (f (sn (ADV nemmeno) (PRON lei)) (ibar (PRON lo) (VERB ricordava))))))) (PUNCT .)));;6,553884221;function
190;18;accorse;accorrere;VERB;advcl;sentì;(ROOT (fc (CCONJ E) (cp (sa (ADV più) (ADJ strana)) (f (ibar (PRON si) (VERB sentì)))) (PUNCT ,) (fs (SCONJ quando) (f (ibar (PRON si) (VERB accorse)) (compin (fac (SCONJ che) (f (ibar (PRON la) (VERB salutavano)) (compt (sp (ADP senza) (savv (ADV più)) (sv2 (VERB dire) (compt (sn (DET il) (sa (DET suo)) (NOUN nome))))))))))) (PUNCT :) (cp (savv (ADV poi)) (fp (PUNCT ,) (sn (INTJ pensandoci)) (PUNCT ,)) (f (ibar (PRON si) (VERB accorse)) (compin (fac (SCONJ che) (f (sn (ADV nemmeno) (PRON lei)) (ibar (PRON lo) (VERB ricordava))))))) (PUNCT .)));;2,93128592;content
191;18;che;che;SCONJ;mark;salutavano;(ROOT (fc (CCONJ E) (cp (sa (ADV più) (ADJ strana)) (f (ibar (PRON si) (VERB sentì)))) (PUNCT ,) (fs (SCONJ quando) (f (ibar (PRON si) (VERB accorse)) (compin (fac (SCONJ che) (f (ibar (PRON la) (VERB salutavano)) (compt (sp (ADP senza) (savv (ADV più)) (sv2 (VERB dire) (compt (sn (DET il) (sa (DET suo)) (NOUN nome))))))))))) (PUNCT :) (cp (savv (ADV poi)) (fp (PUNCT ,) (sn (INTJ pensandoci)) (PUNCT ,)) (f (ibar (PRON si) (VERB accorse)) (compin (fac (SCONJ che) (f (sn (ADV nemmeno) (PRON lei)) (ibar (PRON lo) (VERB ricordava))))))) (PUNCT .)));;7,250456545;function
192;18;la;la;PRON;obj;salutavano;(ROOT (fc (CCONJ E) (cp (sa (ADV più) (ADJ strana)) (f (ibar (PRON si) (VERB sentì)))) (PUNCT ,) (fs (SCONJ quando) (f (ibar (PRON si) (VERB accorse)) (compin (fac (SCONJ che) (f (ibar (PRON la) (VERB salutavano)) (compt (sp (ADP senza) (savv (ADV più)) (sv2 (VERB dire) (compt (sn (DET il) (sa (DET suo)) (NOUN nome))))))))))) (PUNCT :) (cp (savv (ADV poi)) (fp (PUNCT ,) (sn (INTJ pensandoci)) (PUNCT ,)) (f (ibar (PRON si) (VERB accorse)) (compin (fac (SCONJ che) (f (sn (ADV nemmeno) (PRON lei)) (ibar (PRON lo) (VERB ricordava))))))) (PUNCT .)));;7,055331658;function
193;18;salutavano;salutare;VERB;ccomp;accorse;(ROOT (fc (CCONJ E) (cp (sa (ADV più) (ADJ strana)) (f (ibar (PRON si) (VERB sentì)))) (PUNCT ,) (fs (SCONJ quando) (f (ibar (PRON si) (VERB accorse)) (compin (fac (SCONJ che) (f (ibar (PRON la) (VERB salutavano)) (compt (sp (ADP senza) (savv (ADV più)) (sv2 (VERB dire) (compt (sn (DET il) (sa (DET suo)) (NOUN nome))))))))))) (PUNCT :) (cp (savv (ADV poi)) (fp (PUNCT ,) (sn (INTJ pensandoci)) (PUNCT ,)) (f (ibar (PRON si) (VERB accorse)) (compin (fac (SCONJ che) (f (sn (ADV nemmeno) (PRON lei)) (ibar (PRON lo) (VERB ricordava))))))) (PUNCT .)));3.60 ± 1.50;2,003836587;content
194;18;senza;senza;ADP;mark;dire;(ROOT (fc (CCONJ E) (cp (sa (ADV più) (ADJ strana)) (f (ibar (PRON si) (VERB sentì)))) (PUNCT ,) (fs (SCONJ quando) (f (ibar (PRON si) (VERB accorse)) (compin (fac (SCONJ che) (f (ibar (PRON la) (VERB salutavano)) (compt (sp (ADP senza) (savv (ADV più)) (sv2 (VERB dire) (compt (sn (DET il) (sa (DET suo)) (NOUN nome))))))))))) (PUNCT :) (cp (savv (ADV poi)) (fp (PUNCT ,) (sn (INTJ pensandoci)) (PUNCT ,)) (f (ibar (PRON si) (VERB accorse)) (compin (fac (SCONJ che) (f (sn (ADV nemmeno) (PRON lei)) (ibar (PRON lo) (VERB ricordava))))))) (PUNCT .)));;5,710022415;function
195;18;più;più;ADV;advmod;dire;(ROOT (fc (CCONJ E) (cp (sa (ADV più) (ADJ strana)) (f (ibar (PRON si) (VERB sentì)))) (PUNCT ,) (fs (SCONJ quando) (f (ibar (PRON si) (VERB accorse)) (compin (fac (SCONJ che) (f (ibar (PRON la) (VERB salutavano)) (compt (sp (ADP senza) (savv (ADV più)) (sv2 (VERB dire) (compt (sn (DET il) (sa (DET suo)) (NOUN nome))))))))))) (PUNCT :) (cp (savv (ADV poi)) (fp (PUNCT ,) (sn (INTJ pensandoci)) (PUNCT ,)) (f (ibar (PRON si) (VERB accorse)) (compin (fac (SCONJ che) (f (sn (ADV nemmeno) (PRON lei)) (ibar (PRON lo) (VERB ricordava))))))) (PUNCT .)));;6,382555861;function
196;18;dire;dire;VERB;advcl;salutavano;(ROOT (fc (CCONJ E) (cp (sa (ADV più) (ADJ strana)) (f (ibar (PRON si) (VERB sentì)))) (PUNCT ,) (fs (SCONJ quando) (f (ibar (PRON si) (VERB accorse)) (compin (fac (SCONJ che) (f (ibar (PRON la) (VERB salutavano)) (compt (sp (ADP senza) (savv (ADV più)) (sv2 (VERB dire) (compt (sn (DET il) (sa (DET suo)) (NOUN nome))))))))))) (PUNCT :) (cp (savv (ADV poi)) (fp (PUNCT ,) (sn (INTJ pensandoci)) (PUNCT ,)) (f (ibar (PRON si) (VERB accorse)) (compin (fac (SCONJ che) (f (sn (ADV nemmeno) (PRON lei)) (ibar (PRON lo) (VERB ricordava))))))) (PUNCT .)));4.08 ± 1.73;5,98002779;content
197;18;il;il;DET;det;nome;(ROOT (fc (CCONJ E) (cp (sa (ADV più) (ADJ strana)) (f (ibar (PRON si) (VERB sentì)))) (PUNCT ,) (fs (SCONJ quando) (f (ibar (PRON si) (VERB accorse)) (compin (fac (SCONJ che) (f (ibar (PRON la) (VERB salutavano)) (compt (sp (ADP senza) (savv (ADV più)) (sv2 (VERB dire) (compt (sn (DET il) (sa (DET suo)) (NOUN nome))))))))))) (PUNCT :) (cp (savv (ADV poi)) (fp (PUNCT ,) (sn (INTJ pensandoci)) (PUNCT ,)) (f (ibar (PRON si) (VERB accorse)) (compin (fac (SCONJ che) (f (sn (ADV nemmeno) (PRON lei)) (ibar (PRON lo) (VERB ricordava))))))) (PUNCT .)));;7,039560886;function
198;18;suo;suo;DET;det:poss;nome;(ROOT (fc (CCONJ E) (cp (sa (ADV più) (ADJ strana)) (f (ibar (PRON si) (VERB sentì)))) (PUNCT ,) (fs (SCONJ quando) (f (ibar (PRON si) (VERB accorse)) (compin (fac (SCONJ che) (f (ibar (PRON la) (VERB salutavano)) (compt (sp (ADP senza) (savv (ADV più)) (sv2 (VERB dire) (compt (sn (DET il) (sa (DET suo)) (NOUN nome))))))))))) (PUNCT :) (cp (savv (ADV poi)) (fp (PUNCT ,) (sn (INTJ pensandoci)) (PUNCT ,)) (f (ibar (PRON si) (VERB accorse)) (compin (fac (SCONJ che) (f (sn (ADV nemmeno) (PRON lei)) (ibar (PRON lo) (VERB ricordava))))))) (PUNCT .)));;6,051850878;function
199;18;nome;nome;NOUN;obj;dire;(ROOT (fc (CCONJ E) (cp (sa (ADV più) (ADJ strana)) (f (ibar (PRON si) (VERB sentì)))) (PUNCT ,) (fs (SCONJ quando) (f (ibar (PRON si) (VERB accorse)) (compin (fac (SCONJ che) (f (ibar (PRON la) (VERB salutavano)) (compt (sp (ADP senza) (savv (ADV più)) (sv2 (VERB dire) (compt (sn (DET il) (sa (DET suo)) (NOUN nome))))))))))) (PUNCT :) (cp (savv (ADV poi)) (fp (PUNCT ,) (sn (INTJ pensandoci)) (PUNCT ,)) (f (ibar (PRON si) (VERB accorse)) (compin (fac (SCONJ che) (f (sn (ADV nemmeno) (PRON lei)) (ibar (PRON lo) (VERB ricordava))))))) (PUNCT .)));3.64 ± 1.75;5,545943498;content
200;18;poi;poi;ADV;advmod;accorse;(ROOT (fc (CCONJ E) (cp (sa (ADV più) (ADJ strana)) (f (ibar (PRON si) (VERB sentì)))) (PUNCT ,) (fs (SCONJ quando) (f (ibar (PRON si) (VERB accorse)) (compin (fac (SCONJ che) (f (ibar (PRON la) (VERB salutavano)) (compt (sp (ADP senza) (savv (ADV più)) (sv2 (VERB dire) (compt (sn (DET il) (sa (DET suo)) (NOUN nome))))))))))) (PUNCT :) (cp (savv (ADV poi)) (fp (PUNCT ,) (sn (INTJ pensandoci)) (PUNCT ,)) (f (ibar (PRON si) (VERB accorse)) (compin (fac (SCONJ che) (f (sn (ADV nemmeno) (PRON lei)) (ibar (PRON lo) (VERB ricordava))))))) (PUNCT .)));;5,853751865;function
201;18;pensandoci;pensandoci;INTJ;discourse;accorse;(ROOT (fc (CCONJ E) (cp (sa (ADV più) (ADJ strana)) (f (ibar (PRON si) (VERB sentì)))) (PUNCT ,) (fs (SCONJ quando) (f (ibar (PRON si) (VERB accorse)) (compin (fac (SCONJ che) (f (ibar (PRON la) (VERB salutavano)) (compt (sp (ADP senza) (savv (ADV più)) (sv2 (VERB dire) (compt (sn (DET il) (sa (DET suo)) (NOUN nome))))))))))) (PUNCT :) (cp (savv (ADV poi)) (fp (PUNCT ,) (sn (INTJ pensandoci)) (PUNCT ,)) (f (ibar (PRON si) (VERB accorse)) (compin (fac (SCONJ che) (f (sn (ADV nemmeno) (PRON lei)) (ibar (PRON lo) (VERB ricordava))))))) (PUNCT .)));;3,032908035;function
202;18;si;si;PRON;expl;accorse;(ROOT (fc (CCONJ E) (cp (sa (ADV più) (ADJ strana)) (f (ibar (PRON si) (VERB sentì)))) (PUNCT ,) (fs (SCONJ quando) (f (ibar (PRON si) (VERB accorse)) (compin (fac (SCONJ che) (f (ibar (PRON la) (VERB salutavano)) (compt (sp (ADP senza) (savv (ADV più)) (sv2 (VERB dire) (compt (sn (DET il) (sa (DET suo)) (NOUN nome))))))))))) (PUNCT :) (cp (savv (ADV poi)) (fp (PUNCT ,) (sn (INTJ pensandoci)) (PUNCT ,)) (f (ibar (PRON si) (VERB accorse)) (compin (fac (SCONJ che) (f (sn (ADV nemmeno) (PRON lei)) (ibar (PRON lo) (VERB ricordava))))))) (PUNCT .)));;6,553884221;function
203;18;accorse;accorrere;VERB;parataxis;sentì;(ROOT (fc (CCONJ E) (cp (sa (ADV più) (ADJ strana)) (f (ibar (PRON si) (VERB sentì)))) (PUNCT ,) (fs (SCONJ quando) (f (ibar (PRON si) (VERB accorse)) (compin (fac (SCONJ che) (f (ibar (PRON la) (VERB salutavano)) (compt (sp (ADP senza) (savv (ADV più)) (sv2 (VERB dire) (compt (sn (DET il) (sa (DET suo)) (NOUN nome))))))))))) (PUNCT :) (cp (savv (ADV poi)) (fp (PUNCT ,) (sn (INTJ pensandoci)) (PUNCT ,)) (f (ibar (PRON si) (VERB accorse)) (compin (fac (SCONJ che) (f (sn (ADV nemmeno) (PRON lei)) (ibar (PRON lo) (VERB ricordava))))))) (PUNCT .)));;2,93128592;content
204;18;che;che;SCONJ;mark;ricordava;(ROOT (fc (CCONJ E) (cp (sa (ADV più) (ADJ strana)) (f (ibar (PRON si) (VERB sentì)))) (PUNCT ,) (fs (SCONJ quando) (f (ibar (PRON si) (VERB accorse)) (compin (fac (SCONJ che) (f (ibar (PRON la) (VERB salutavano)) (compt (sp (ADP senza) (savv (ADV più)) (sv2 (VERB dire) (compt (sn (DET il) (sa (DET suo)) (NOUN nome))))))))))) (PUNCT :) (cp (savv (ADV poi)) (fp (PUNCT ,) (sn (INTJ pensandoci)) (PUNCT ,)) (f (ibar (PRON si) (VERB accorse)) (compin (fac (SCONJ che) (f (sn (ADV nemmeno) (PRON lei)) (ibar (PRON lo) (VERB ricordava))))))) (PUNCT .)));;7,250456545;function
205;18;nemmeno;nemmeno;ADV;advmod;ricordava;(ROOT (fc (CCONJ E) (cp (sa (ADV più) (ADJ strana)) (f (ibar (PRON si) (VERB sentì)))) (PUNCT ,) (fs (SCONJ quando) (f (ibar (PRON si) (VERB accorse)) (compin (fac (SCONJ che) (f (ibar (PRON la) (VERB salutavano)) (compt (sp (ADP senza) (savv (ADV più)) (sv2 (VERB dire) (compt (sn (DET il) (sa (DET suo)) (NOUN nome))))))))))) (PUNCT :) (cp (savv (ADV poi)) (fp (PUNCT ,) (sn (INTJ pensandoci)) (PUNCT ,)) (f (ibar (PRON si) (VERB accorse)) (compin (fac (SCONJ che) (f (sn (ADV nemmeno) (PRON lei)) (ibar (PRON lo) (VERB ricordava))))))) (PUNCT .)));;5,368733783;function
206;18;lei;lei;PRON;nsubj;ricordava;(ROOT (fc (CCONJ E) (cp (sa (ADV più) (ADJ strana)) (f (ibar (PRON si) (VERB sentì)))) (PUNCT ,) (fs (SCONJ quando) (f (ibar (PRON si) (VERB accorse)) (compin (fac (SCONJ che) (f (ibar (PRON la) (VERB salutavano)) (compt (sp (ADP senza) (savv (ADV più)) (sv2 (VERB dire) (compt (sn (DET il) (sa (DET suo)) (NOUN nome))))))))))) (PUNCT :) (cp (savv (ADV poi)) (fp (PUNCT ,) (sn (INTJ pensandoci)) (PUNCT ,)) (f (ibar (PRON si) (VERB accorse)) (compin (fac (SCONJ che) (f (sn (ADV nemmeno) (PRON lei)) (ibar (PRON lo) (VERB ricordava))))))) (PUNCT .)));;6,235566848;function
207;18;lo;lo;PRON;obj;ricordava;(ROOT (fc (CCONJ E) (cp (sa (ADV più) (ADJ strana)) (f (ibar (PRON si) (VERB sentì)))) (PUNCT ,) (fs (SCONJ quando) (f (ibar (PRON si) (VERB accorse)) (compin (fac (SCONJ che) (f (ibar (PRON la) (VERB salutavano)) (compt (sp (ADP senza) (savv (ADV più)) (sv2 (VERB dire) (compt (sn (DET il) (sa (DET suo)) (NOUN nome))))))))))) (PUNCT :) (cp (savv (ADV poi)) (fp (PUNCT ,) (sn (INTJ pensandoci)) (PUNCT ,)) (f (ibar (PRON si) (VERB accorse)) (compin (fac (SCONJ che) (f (sn (ADV nemmeno) (PRON lei)) (ibar (PRON lo) (VERB ricordava))))))) (PUNCT .)));;6,655915487;function
208;18;ricordava;ricordare;VERB;ccomp;accorse;(ROOT (fc (CCONJ E) (cp (sa (ADV più) (ADJ strana)) (f (ibar (PRON si) (VERB sentì)))) (PUNCT ,) (fs (SCONJ quando) (f (ibar (PRON si) (VERB accorse)) (compin (fac (SCONJ che) (f (ibar (PRON la) (VERB salutavano)) (compt (sp (ADP senza) (savv (ADV più)) (sv2 (VERB dire) (compt (sn (DET il) (sa (DET suo)) (NOUN nome))))))))))) (PUNCT :) (cp (savv (ADV poi)) (fp (PUNCT ,) (sn (INTJ pensandoci)) (PUNCT ,)) (f (ibar (PRON si) (VERB accorse)) (compin (fac (SCONJ che) (f (sn (ADV nemmeno) (PRON lei)) (ibar (PRON lo) (VERB ricordava))))))) (PUNCT .)));;3,516233602;content
209;19;mamma;mamma;NOUN;root;ROOT;(ROOT (f3 (PUNCT -) (sn (NOUN Mamma)) (PUNCT !)));1.88 ± 1.27;5,66327005;content
210;20;come;come;ADV;advmod;chiamo;(ROOT (fint (ADV Come) (f (ibar (PRON mi) (VERB chiamo))) (PUNCT ,) (sn (PRON io)) (PUNCT ?)));;6,562704781;function
211;20;mi;mi;PRON;iobj;chiamo;(ROOT (fint (ADV Come) (f (ibar (PRON mi) (VERB chiamo))) (PUNCT ,) (sn (PRON io)) (PUNCT ?)));;6,769601972;function
212;20;chiamo;chiamare;VERB;root;ROOT;(ROOT (fint (ADV Come) (f (ibar (PRON mi) (VERB chiamo))) (PUNCT ,) (sn (PRON io)) (PUNCT ?)));;5,117162751;content
213;20;io;io;PRON;nsubj;chiamo;(ROOT (fint (ADV Come) (f (ibar (PRON mi) (VERB chiamo))) (PUNCT ,) (sn (PRON io)) (PUNCT ?)));;6,536707533;function
214;21;disse;dire;VERB;root;ROOT;(ROOT (fp (PUNCT -) (f (ibar (VERB disse)) (savv (ADV allora)) (compt (sn (DET la) (NOUN bambina)) (sp (ADP a) (sn (sa (DET sua)) (NOUN madre) (PUNCT .)))))));4.08 ± 1.73;4,869305017;content
215;21;allora;allora;ADV;advmod;disse;(ROOT (fp (PUNCT -) (f (ibar (VERB disse)) (savv (ADV allora)) (compt (sn (DET la) (NOUN bambina)) (sp (ADP a) (sn (sa (DET sua)) (NOUN madre) (PUNCT .)))))));;6,072527547;function
216;21;la;il;DET;det;bambina;(ROOT (fp (PUNCT -) (f (ibar (VERB disse)) (savv (ADV allora)) (compt (sn (DET la) (NOUN bambina)) (sp (ADP a) (sn (sa (DET sua)) (NOUN madre) (PUNCT .)))))));;7,055331658;function
217;21;bambina;bambino;NOUN;nsubj;disse;(ROOT (fp (PUNCT -) (f (ibar (VERB disse)) (savv (ADV allora)) (compt (sn (DET la) (NOUN bambina)) (sp (ADP a) (sn (sa (DET sua)) (NOUN madre) (PUNCT .)))))));3.20 ± 1.12;4,98282431;content
218;21;a;a;ADP;case;madre;(ROOT (fp (PUNCT -) (f (ibar (VERB disse)) (savv (ADV allora)) (compt (sn (DET la) (NOUN bambina)) (sp (ADP a) (sn (sa (DET sua)) (NOUN madre) (PUNCT .)))))));;7,004335738;function
219;21;sua;suo;DET;det:poss;madre;(ROOT (fp (PUNCT -) (f (ibar (VERB disse)) (savv (ADV allora)) (compt (sn (DET la) (NOUN bambina)) (sp (ADP a) (sn (sa (DET sua)) (NOUN madre) (PUNCT .)))))));;6,022524285;function
220;21;madre;madre;NOUN;obl;disse;(ROOT (fp (PUNCT -) (f (ibar (VERB disse)) (savv (ADV allora)) (compt (sn (DET la) (NOUN bambina)) (sp (ADP a) (sn (sa (DET sua)) (NOUN madre) (PUNCT .)))))));2.68 ± 1.46;5,647691483;content
221;22;tu;tu;PRON;root;ROOT;(ROOT (cp_int (fp (PUNCT -) (sn (PRON Tu))) (PUNCT ?)));;6,414765586;function
222;23;non;non;ADV;advmod;hai;(ROOT (fc (f (ibar (ADV Non) (VERB hai)) (compc (sn (sq (DET nessun)) (NOUN nome)))) (fp (PUNCT -) (f (ibar (VERB disse)) (compt (sn (DET la) (NOUN mamma) (PUNCT .)))))));;7,259198169;function
223;23;hai;avere;VERB;root;ROOT;(ROOT (fc (f (ibar (ADV Non) (VERB hai)) (compc (sn (sq (DET nessun)) (NOUN nome)))) (fp (PUNCT -) (f (ibar (VERB disse)) (compt (sn (DET la) (NOUN mamma) (PUNCT .)))))));;6,477590733;content
224;23;nessun;nessuno;DET;det;nome;(ROOT (fc (f (ibar (ADV Non) (VERB hai)) (compc (sn (sq (DET nessun)) (NOUN nome)))) (fp (PUNCT -) (f (ibar (VERB disse)) (compt (sn (DET la) (NOUN mamma) (PUNCT .)))))));;5,345377636;function
225;23;nome;nome;NOUN;obj;hai;(ROOT (fc (f (ibar (ADV Non) (VERB hai)) (compc (sn (sq (DET nessun)) (NOUN nome)))) (fp (PUNCT -) (f (ibar (VERB disse)) (compt (sn (DET la) (NOUN mamma) (PUNCT .)))))));3.64 ± 1.75;5,545943498;content
226;23;disse;dire;VERB;parataxis;hai;(ROOT (fc (f (ibar (ADV Non) (VERB hai)) (compc (sn (sq (DET nessun)) (NOUN nome)))) (fp (PUNCT -) (f (ibar (VERB disse)) (compt (sn (DET la) (NOUN mamma) (PUNCT .)))))));4.08 ± 1.73;4,869305017;content
227;23;la;il;DET;det;mamma;(ROOT (fc (f (ibar (ADV Non) (VERB hai)) (compc (sn (sq (DET nessun)) (NOUN nome)))) (fp (PUNCT -) (f (ibar (VERB disse)) (compt (sn (DET la) (NOUN mamma) (PUNCT .)))))));;7,055331658;function
228;23;mamma;mamma;NOUN;nsubj;disse;(ROOT (fc (f (ibar (ADV Non) (VERB hai)) (compc (sn (sq (DET nessun)) (NOUN nome)))) (fp (PUNCT -) (f (ibar (VERB disse)) (compt (sn (DET la) (NOUN mamma) (PUNCT .)))))));1.88 ± 1.27;5,66327005;content
229;24;la;il;DET;det;bambina;(ROOT (fc (f (sn (DET La) (NOUN bambina)) (ibar (VERB andò)) (compin (sv2 (ADP a) (VERB guardare) (compt (sn (DET i) (sa (DET suoi)) (NOUN libri) (fp (PUNCT ,) (sn (DET i) (sa (DET suoi)) (NOUN quaderni)) (PUNCT ,))))))) (CCONJ e) (f (ibar (VERB vide)) (compt (fac (SCONJ che) (f (ibar (ADV non) (PRON c') (VERB era)) (compc (sn (sq (DET nessun)) (NOUN nome))))))) (PUNCT .)));;7,055331658;function
230;24;bambina;bambino;NOUN;nsubj;andò;(ROOT (fc (f (sn (DET La) (NOUN bambina)) (ibar (VERB andò)) (compin (sv2 (ADP a) (VERB guardare) (compt (sn (DET i) (sa (DET suoi)) (NOUN libri) (fp (PUNCT ,) (sn (DET i) (sa (DET suoi)) (NOUN quaderni)) (PUNCT ,))))))) (CCONJ e) (f (ibar (VERB vide)) (compt (fac (SCONJ che) (f (ibar (ADV non) (PRON c') (VERB era)) (compc (sn (sq (DET nessun)) (NOUN nome))))))) (PUNCT .)));3.20 ± 1.12;4,98282431;content
231;24;andò;andare;VERB;root;ROOT;(ROOT (fc (f (sn (DET La) (NOUN bambina)) (ibar (VERB andò)) (compin (sv2 (ADP a) (VERB guardare) (compt (sn (DET i) (sa (DET suoi)) (NOUN libri) (fp (PUNCT ,) (sn (DET i) (sa (DET suoi)) (NOUN quaderni)) (PUNCT ,))))))) (CCONJ e) (f (ibar (VERB vide)) (compt (fac (SCONJ che) (f (ibar (ADV non) (PRON c') (VERB era)) (compc (sn (sq (DET nessun)) (NOUN nome))))))) (PUNCT .)));4.20 ± 1.44;4,231723291;content
232;24;a;a;ADP;mark;guardare;(ROOT (fc (f (sn (DET La) (NOUN bambina)) (ibar (VERB andò)) (compin (sv2 (ADP a) (VERB guardare) (compt (sn (DET i) (sa (DET suoi)) (NOUN libri) (fp (PUNCT ,) (sn (DET i) (sa (DET suoi)) (NOUN quaderni)) (PUNCT ,))))))) (CCONJ e) (f (ibar (VERB vide)) (compt (fac (SCONJ che) (f (ibar (ADV non) (PRON c') (VERB era)) (compc (sn (sq (DET nessun)) (NOUN nome))))))) (PUNCT .)));;7,004335738;function
233;24;guardare;guardare;VERB;xcomp;andò;(ROOT (fc (f (sn (DET La) (NOUN bambina)) (ibar (VERB andò)) (compin (sv2 (ADP a) (VERB guardare) (compt (sn (DET i) (sa (DET suoi)) (NOUN libri) (fp (PUNCT ,) (sn (DET i) (sa (DET suoi)) (NOUN quaderni)) (PUNCT ,))))))) (CCONJ e) (f (ibar (VERB vide)) (compt (fac (SCONJ che) (f (ibar (ADV non) (PRON c') (VERB era)) (compc (sn (sq (DET nessun)) (NOUN nome))))))) (PUNCT .)));5.08 ± 1.68;5,011387421;content
234;24;i;il;DET;det;libri;(ROOT (fc (f (sn (DET La) (NOUN bambina)) (ibar (VERB andò)) (compin (sv2 (ADP a) (VERB guardare) (compt (sn (DET i) (sa (DET suoi)) (NOUN libri) (fp (PUNCT ,) (sn (DET i) (sa (DET suoi)) (NOUN quaderni)) (PUNCT ,))))))) (CCONJ e) (f (ibar (VERB vide)) (compt (fac (SCONJ che) (f (ibar (ADV non) (PRON c') (VERB era)) (compc (sn (sq (DET nessun)) (NOUN nome))))))) (PUNCT .)));;6,584780852;function
235;24;suoi;suo;DET;det:poss;libri;(ROOT (fc (f (sn (DET La) (NOUN bambina)) (ibar (VERB andò)) (compin (sv2 (ADP a) (VERB guardare) (compt (sn (DET i) (sa (DET suoi)) (NOUN libri) (fp (PUNCT ,) (sn (DET i) (sa (DET suoi)) (NOUN quaderni)) (PUNCT ,))))))) (CCONJ e) (f (ibar (VERB vide)) (compt (fac (SCONJ che) (f (ibar (ADV non) (PRON c') (VERB era)) (compc (sn (sq (DET nessun)) (NOUN nome))))))) (PUNCT .)));;5,498344383;function
236;24;libri;libro;NOUN;obj;guardare;(ROOT (fc (f (sn (DET La) (NOUN bambina)) (ibar (VERB andò)) (compin (sv2 (ADP a) (VERB guardare) (compt (sn (DET i) (sa (DET suoi)) (NOUN libri) (fp (PUNCT ,) (sn (DET i) (sa (DET suoi)) (NOUN quaderni)) (PUNCT ,))))))) (CCONJ e) (f (ibar (VERB vide)) (compt (fac (SCONJ che) (f (ibar (ADV non) (PRON c') (VERB era)) (compc (sn (sq (DET nessun)) (NOUN nome))))))) (PUNCT .)));4.20 ± 1.41;4,634811777;content
237;24;i;il;DET;det;quaderni;(ROOT (fc (f (sn (DET La) (NOUN bambina)) (ibar (VERB andò)) (compin (sv2 (ADP a) (VERB guardare) (compt (sn (DET i) (sa (DET suoi)) (NOUN libri) (fp (PUNCT ,) (sn (DET i) (sa (DET suoi)) (NOUN quaderni)) (PUNCT ,))))))) (CCONJ e) (f (ibar (VERB vide)) (compt (fac (SCONJ che) (f (ibar (ADV non) (PRON c') (VERB era)) (compc (sn (sq (DET nessun)) (NOUN nome))))))) (PUNCT .)));;6,584780852;function
238;24;suoi;suo;DET;det:poss;quaderni;(ROOT (fc (f (sn (DET La) (NOUN bambina)) (ibar (VERB andò)) (compin (sv2 (ADP a) (VERB guardare) (compt (sn (DET i) (sa (DET suoi)) (NOUN libri) (fp (PUNCT ,) (sn (DET i) (sa (DET suoi)) (NOUN quaderni)) (PUNCT ,))))))) (CCONJ e) (f (ibar (VERB vide)) (compt (fac (SCONJ che) (f (ibar (ADV non) (PRON c') (VERB era)) (compc (sn (sq (DET nessun)) (NOUN nome))))))) (PUNCT .)));;5,498344383;function
239;24;quaderni;quaderno;NOUN;conj;libri;(ROOT (fc (f (sn (DET La) (NOUN bambina)) (ibar (VERB andò)) (compin (sv2 (ADP a) (VERB guardare) (compt (sn (DET i) (sa (DET suoi)) (NOUN libri) (fp (PUNCT ,) (sn (DET i) (sa (DET suoi)) (NOUN quaderni)) (PUNCT ,))))))) (CCONJ e) (f (ibar (VERB vide)) (compt (fac (SCONJ che) (f (ibar (ADV non) (PRON c') (VERB era)) (compc (sn (sq (DET nessun)) (NOUN nome))))))) (PUNCT .)));4.56 ± 1.23;3,013744875;content
240;24;e;e;CCONJ;cc;vide;(ROOT (fc (f (sn (DET La) (NOUN bambina)) (ibar (VERB andò)) (compin (sv2 (ADP a) (VERB guardare) (compt (sn (DET i) (sa (DET suoi)) (NOUN libri) (fp (PUNCT ,) (sn (DET i) (sa (DET suoi)) (NOUN quaderni)) (PUNCT ,))))))) (CCONJ e) (f (ibar (VERB vide)) (compt (fac (SCONJ che) (f (ibar (ADV non) (PRON c') (VERB era)) (compc (sn (sq (DET nessun)) (NOUN nome))))))) (PUNCT .)));;2,741151583;function
241;24;vide;vedere;VERB;conj;andò;(ROOT (fc (f (sn (DET La) (NOUN bambina)) (ibar (VERB andò)) (compin (sv2 (ADP a) (VERB guardare) (compt (sn (DET i) (sa (DET suoi)) (NOUN libri) (fp (PUNCT ,) (sn (DET i) (sa (DET suoi)) (NOUN quaderni)) (PUNCT ,))))))) (CCONJ e) (f (ibar (VERB vide)) (compt (fac (SCONJ che) (f (ibar (ADV non) (PRON c') (VERB era)) (compc (sn (sq (DET nessun)) (NOUN nome))))))) (PUNCT .)));4.60 ± 1.50;3,892491215;content
242;24;che;che;SCONJ;mark;era;(ROOT (fc (f (sn (DET La) (NOUN bambina)) (ibar (VERB andò)) (compin (sv2 (ADP a) (VERB guardare) (compt (sn (DET i) (sa (DET suoi)) (NOUN libri) (fp (PUNCT ,) (sn (DET i) (sa (DET suoi)) (NOUN quaderni)) (PUNCT ,))))))) (CCONJ e) (f (ibar (VERB vide)) (compt (fac (SCONJ che) (f (ibar (ADV non) (PRON c') (VERB era)) (compc (sn (sq (DET nessun)) (NOUN nome))))))) (PUNCT .)));;7,250456545;function
243;24;non;non;ADV;advmod;era;(ROOT (fc (f (sn (DET La) (NOUN bambina)) (ibar (VERB andò)) (compin (sv2 (ADP a) (VERB guardare) (compt (sn (DET i) (sa (DET suoi)) (NOUN libri) (fp (PUNCT ,) (sn (DET i) (sa (DET suoi)) (NOUN quaderni)) (PUNCT ,))))))) (CCONJ e) (f (ibar (VERB vide)) (compt (fac (SCONJ che) (f (ibar (ADV non) (PRON c') (VERB era)) (compc (sn (sq (DET nessun)) (NOUN nome))))))) (PUNCT .)));;7,259198169;function
244;24;c;ci;PRON;expl;era;(ROOT (fc (f (sn (DET La) (NOUN bambina)) (ibar (VERB andò)) (compin (sv2 (ADP a) (VERB guardare) (compt (sn (DET i) (sa (DET suoi)) (NOUN libri) (fp (PUNCT ,) (sn (DET i) (sa (DET suoi)) (NOUN quaderni)) (PUNCT ,))))))) (CCONJ e) (f (ibar (VERB vide)) (compt (fac (SCONJ che) (f (ibar (ADV non) (PRON c') (VERB era)) (compc (sn (sq (DET nessun)) (NOUN nome))))))) (PUNCT .)));;6,166704172;function
245;24;era;essere;VERB;ccomp;vide;(ROOT (fc (f (sn (DET La) (NOUN bambina)) (ibar (VERB andò)) (compin (sv2 (ADP a) (VERB guardare) (compt (sn (DET i) (sa (DET suoi)) (NOUN libri) (fp (PUNCT ,) (sn (DET i) (sa (DET suoi)) (NOUN quaderni)) (PUNCT ,))))))) (CCONJ e) (f (ibar (VERB vide)) (compt (fac (SCONJ che) (f (ibar (ADV non) (PRON c') (VERB era)) (compc (sn (sq (DET nessun)) (NOUN nome))))))) (PUNCT .)));;6,283626334;content
246;24;nessun;nessuno;DET;det;nome;(ROOT (fc (f (sn (DET La) (NOUN bambina)) (ibar (VERB andò)) (compin (sv2 (ADP a) (VERB guardare) (compt (sn (DET i) (sa (DET suoi)) (NOUN libri) (fp (PUNCT ,) (sn (DET i) (sa (DET suoi)) (NOUN quaderni)) (PUNCT ,))))))) (CCONJ e) (f (ibar (VERB vide)) (compt (fac (SCONJ che) (f (ibar (ADV non) (PRON c') (VERB era)) (compc (sn (sq (DET nessun)) (NOUN nome))))))) (PUNCT .)));;5,345377636;function
247;24;nome;nome;NOUN;nsubj;era;(ROOT (fc (f (sn (DET La) (NOUN bambina)) (ibar (VERB andò)) (compin (sv2 (ADP a) (VERB guardare) (compt (sn (DET i) (sa (DET suoi)) (NOUN libri) (fp (PUNCT ,) (sn (DET i) (sa (DET suoi)) (NOUN quaderni)) (PUNCT ,))))))) (CCONJ e) (f (ibar (VERB vide)) (compt (fac (SCONJ che) (f (ibar (ADV non) (PRON c') (VERB era)) (compc (sn (sq (DET nessun)) (NOUN nome))))))) (PUNCT .)));3.64 ± 1.75;5,545943498;content
248;25;tu;tu;PRON;nsubj;scendi;(ROOT (cp (fp (PUNCT -) (sn (PRON Tu)) (PUNCT ,)) (f (ibar (VERB scendi)) (compin (sv2 (ADP a) (VERB fare) (compt (sn (NOUN merenda)))))) (PUNCT !)));;6,414765586;function
249;25;scendi;scendere;VERB;root;ROOT;(ROOT (cp (fp (PUNCT -) (sn (PRON Tu)) (PUNCT ,)) (f (ibar (VERB scendi)) (compin (sv2 (ADP a) (VERB fare) (compt (sn (NOUN merenda)))))) (PUNCT !)));4.76 ± 2.26;4,334718434;content
250;25;a;a;ADP;mark;fare;(ROOT (cp (fp (PUNCT -) (sn (PRON Tu)) (PUNCT ,)) (f (ibar (VERB scendi)) (compin (sv2 (ADP a) (VERB fare) (compt (sn (NOUN merenda)))))) (PUNCT !)));;7,004335738;function
251;25;fare;fare;VERB;xcomp;scendi;(ROOT (cp (fp (PUNCT -) (sn (PRON Tu)) (PUNCT ,)) (f (ibar (VERB scendi)) (compin (sv2 (ADP a) (VERB fare) (compt (sn (NOUN merenda)))))) (PUNCT !)));4.40 ± 2.22;6,231286207;content
252;25;merenda;merenda;NOUN;obj;fare;(ROOT (cp (fp (PUNCT -) (sn (PRON Tu)) (PUNCT ,)) (f (ibar (VERB scendi)) (compin (sv2 (ADP a) (VERB fare) (compt (sn (NOUN merenda)))))) (PUNCT !)));;3,279059319;content
253;26;gridò;gridare;VERB;root;ROOT;(ROOT (fc (PUNCT -) (f (ibar (VERB gridò)) (compt (sn (DET la) (NOUN mamma) (spd (ADP di) (savv (ADV sotto) (PUNCT .))))))));4.44 ± 2.08;2,894214608;content
254;26;la;il;DET;det;mamma;(ROOT (fc (PUNCT -) (f (ibar (VERB gridò)) (compt (sn (DET la) (NOUN mamma) (spd (ADP di) (savv (ADV sotto) (PUNCT .))))))));;7,055331658;function
255;26;mamma;mamma;NOUN;nsubj;gridò;(ROOT (fc (PUNCT -) (f (ibar (VERB gridò)) (compt (sn (DET la) (NOUN mamma) (spd (ADP di) (savv (ADV sotto) (PUNCT .))))))));1.88 ± 1.27;5,66327005;content
256;26;di;di;ADP;case;sotto;(ROOT (fc (PUNCT -) (f (ibar (VERB gridò)) (compt (sn (DET la) (NOUN mamma) (spd (ADP di) (savv (ADV sotto) (PUNCT .))))))));;7,232814475;function
257;26;sotto;sotto;ADV;advmod;mamma;(ROOT (fc (PUNCT -) (f (ibar (VERB gridò)) (compt (sn (DET la) (NOUN mamma) (spd (ADP di) (savv (ADV sotto) (PUNCT .))))))));;5,502104716;function
258;27;la;il;DET;det;mamma;"(ROOT (dirsp (PUNCT "") (f (sn (DET la) (NOUN mamma)) (ibar (PRON mi) (AUX ha) (ADV sempre) (VERB detto)) (compt (sv2 (ADP di) (ADV non) (VERB chiamare) (compt (sq (PRON nessuno)) (sp (ADP con) (sn (DET un) (PUNCT “) (INTJ Tu”) (PUNCT …))))))) (f (ibar (AUX È)) (compc (fs (SCONJ perché) (cp (sn (ADV proprio) (PRON io)) (sn (DET un) (NOUN nome)) (f (ibar (ADV non) (PRON ce) (PRON l') (VERB ho))))))) (PUNCT "") (PUNCT ,) (f (ibar (VERB pensò)) (compin (sp (ADP con) (sn (NOUN tristezza))))) (PUNCT .)))";;7,055331658;function
259;27;mamma;mamma;NOUN;nsubj;detto;"(ROOT (dirsp (PUNCT "") (f (sn (DET la) (NOUN mamma)) (ibar (PRON mi) (AUX ha) (ADV sempre) (VERB detto)) (compt (sv2 (ADP di) (ADV non) (VERB chiamare) (compt (sq (PRON nessuno)) (sp (ADP con) (sn (DET un) (PUNCT “) (INTJ Tu”) (PUNCT …))))))) (f (ibar (AUX È)) (compc (fs (SCONJ perché) (cp (sn (ADV proprio) (PRON io)) (sn (DET un) (NOUN nome)) (f (ibar (ADV non) (PRON ce) (PRON l') (VERB ho))))))) (PUNCT "") (PUNCT ,) (f (ibar (VERB pensò)) (compin (sp (ADP con) (sn (NOUN tristezza))))) (PUNCT .)))";1.88 ± 1.27;5,66327005;content
260;27;mi;mi;PRON;iobj;detto;"(ROOT (dirsp (PUNCT "") (f (sn (DET la) (NOUN mamma)) (ibar (PRON mi) (AUX ha) (ADV sempre) (VERB detto)) (compt (sv2 (ADP di) (ADV non) (VERB chiamare) (compt (sq (PRON nessuno)) (sp (ADP con) (sn (DET un) (PUNCT “) (INTJ Tu”) (PUNCT …))))))) (f (ibar (AUX È)) (compc (fs (SCONJ perché) (cp (sn (ADV proprio) (PRON io)) (sn (DET un) (NOUN nome)) (f (ibar (ADV non) (PRON ce) (PRON l') (VERB ho))))))) (PUNCT "") (PUNCT ,) (f (ibar (VERB pensò)) (compin (sp (ADP con) (sn (NOUN tristezza))))) (PUNCT .)))";;6,769601972;function
261;27;ha;avere;AUX;aux;detto;"(ROOT (dirsp (PUNCT "") (f (sn (DET la) (NOUN mamma)) (ibar (PRON mi) (AUX ha) (ADV sempre) (VERB detto)) (compt (sv2 (ADP di) (ADV non) (VERB chiamare) (compt (sq (PRON nessuno)) (sp (ADP con) (sn (DET un) (PUNCT “) (INTJ Tu”) (PUNCT …))))))) (f (ibar (AUX È)) (compc (fs (SCONJ perché) (cp (sn (ADV proprio) (PRON io)) (sn (DET un) (NOUN nome)) (f (ibar (ADV non) (PRON ce) (PRON l') (VERB ho))))))) (PUNCT "") (PUNCT ,) (f (ibar (VERB pensò)) (compin (sp (ADP con) (sn (NOUN tristezza))))) (PUNCT .)))";;6,684018637;function
262;27;sempre;sempre;ADV;advmod;detto;"(ROOT (dirsp (PUNCT "") (f (sn (DET la) (NOUN mamma)) (ibar (PRON mi) (AUX ha) (ADV sempre) (VERB detto)) (compt (sv2 (ADP di) (ADV non) (VERB chiamare) (compt (sq (PRON nessuno)) (sp (ADP con) (sn (DET un) (PUNCT “) (INTJ Tu”) (PUNCT …))))))) (f (ibar (AUX È)) (compc (fs (SCONJ perché) (cp (sn (ADV proprio) (PRON io)) (sn (DET un) (NOUN nome)) (f (ibar (ADV non) (PRON ce) (PRON l') (VERB ho))))))) (PUNCT "") (PUNCT ,) (f (ibar (VERB pensò)) (compin (sp (ADP con) (sn (NOUN tristezza))))) (PUNCT .)))";;5,921350175;function
263;27;detto;dire;VERB;root;ROOT;"(ROOT (dirsp (PUNCT "") (f (sn (DET la) (NOUN mamma)) (ibar (PRON mi) (AUX ha) (ADV sempre) (VERB detto)) (compt (sv2 (ADP di) (ADV non) (VERB chiamare) (compt (sq (PRON nessuno)) (sp (ADP con) (sn (DET un) (PUNCT “) (INTJ Tu”) (PUNCT …))))))) (f (ibar (AUX È)) (compc (fs (SCONJ perché) (cp (sn (ADV proprio) (PRON io)) (sn (DET un) (NOUN nome)) (f (ibar (ADV non) (PRON ce) (PRON l') (VERB ho))))))) (PUNCT "") (PUNCT ,) (f (ibar (VERB pensò)) (compin (sp (ADP con) (sn (NOUN tristezza))))) (PUNCT .)))";4.08 ± 1.73;6,180297396;content
264;27;di;di;ADP;mark;chiamare;"(ROOT (dirsp (PUNCT "") (f (sn (DET la) (NOUN mamma)) (ibar (PRON mi) (AUX ha) (ADV sempre) (VERB detto)) (compt (sv2 (ADP di) (ADV non) (VERB chiamare) (compt (sq (PRON nessuno)) (sp (ADP con) (sn (DET un) (PUNCT “) (INTJ Tu”) (PUNCT …))))))) (f (ibar (AUX È)) (compc (fs (SCONJ perché) (cp (sn (ADV proprio) (PRON io)) (sn (DET un) (NOUN nome)) (f (ibar (ADV non) (PRON ce) (PRON l') (VERB ho))))))) (PUNCT "") (PUNCT ,) (f (ibar (VERB pensò)) (compin (sp (ADP con) (sn (NOUN tristezza))))) (PUNCT .)))";;7,232814475;function
265;27;non;non;ADV;advmod;chiamare;"(ROOT (dirsp (PUNCT "") (f (sn (DET la) (NOUN mamma)) (ibar (PRON mi) (AUX ha) (ADV sempre) (VERB detto)) (compt (sv2 (ADP di) (ADV non) (VERB chiamare) (compt (sq (PRON nessuno)) (sp (ADP con) (sn (DET un) (PUNCT “) (INTJ Tu”) (PUNCT …))))))) (f (ibar (AUX È)) (compc (fs (SCONJ perché) (cp (sn (ADV proprio) (PRON io)) (sn (DET un) (NOUN nome)) (f (ibar (ADV non) (PRON ce) (PRON l') (VERB ho))))))) (PUNCT "") (PUNCT ,) (f (ibar (VERB pensò)) (compin (sp (ADP con) (sn (NOUN tristezza))))) (PUNCT .)))";;7,259198169;function
266;27;chiamare;chiamare;VERB;xcomp;detto;"(ROOT (dirsp (PUNCT "") (f (sn (DET la) (NOUN mamma)) (ibar (PRON mi) (AUX ha) (ADV sempre) (VERB detto)) (compt (sv2 (ADP di) (ADV non) (VERB chiamare) (compt (sq (PRON nessuno)) (sp (ADP con) (sn (DET un) (PUNCT “) (INTJ Tu”) (PUNCT …))))))) (f (ibar (AUX È)) (compc (fs (SCONJ perché) (cp (sn (ADV proprio) (PRON io)) (sn (DET un) (NOUN nome)) (f (ibar (ADV non) (PRON ce) (PRON l') (VERB ho))))))) (PUNCT "") (PUNCT ,) (f (ibar (VERB pensò)) (compin (sp (ADP con) (sn (NOUN tristezza))))) (PUNCT .)))";;4,993662758;content
267;27;nessuno;nessuno;PRON;obj;chiamare;"(ROOT (dirsp (PUNCT "") (f (sn (DET la) (NOUN mamma)) (ibar (PRON mi) (AUX ha) (ADV sempre) (VERB detto)) (compt (sv2 (ADP di) (ADV non) (VERB chiamare) (compt (sq (PRON nessuno)) (sp (ADP con) (sn (DET un) (PUNCT “) (INTJ Tu”) (PUNCT …))))))) (f (ibar (AUX È)) (compc (fs (SCONJ perché) (cp (sn (ADV proprio) (PRON io)) (sn (DET un) (NOUN nome)) (f (ibar (ADV non) (PRON ce) (PRON l') (VERB ho))))))) (PUNCT "") (PUNCT ,) (f (ibar (VERB pensò)) (compin (sp (ADP con) (sn (NOUN tristezza))))) (PUNCT .)))";;5,7664863;function
268;27;con;con;ADP;case;Tu”;"(ROOT (dirsp (PUNCT "") (f (sn (DET la) (NOUN mamma)) (ibar (PRON mi) (AUX ha) (ADV sempre) (VERB detto)) (compt (sv2 (ADP di) (ADV non) (VERB chiamare) (compt (sq (PRON nessuno)) (sp (ADP con) (sn (DET un) (PUNCT “) (INTJ Tu”) (PUNCT …))))))) (f (ibar (AUX È)) (compc (fs (SCONJ perché) (cp (sn (ADV proprio) (PRON io)) (sn (DET un) (NOUN nome)) (f (ibar (ADV non) (PRON ce) (PRON l') (VERB ho))))))) (PUNCT "") (PUNCT ,) (f (ibar (VERB pensò)) (compin (sp (ADP con) (sn (NOUN tristezza))))) (PUNCT .)))";;6,620271703;function
269;27;un;uno;DET;det;Tu”;"(ROOT (dirsp (PUNCT "") (f (sn (DET la) (NOUN mamma)) (ibar (PRON mi) (AUX ha) (ADV sempre) (VERB detto)) (compt (sv2 (ADP di) (ADV non) (VERB chiamare) (compt (sq (PRON nessuno)) (sp (ADP con) (sn (DET un) (PUNCT “) (INTJ Tu”) (PUNCT …))))))) (f (ibar (AUX È)) (compc (fs (SCONJ perché) (cp (sn (ADV proprio) (PRON io)) (sn (DET un) (NOUN nome)) (f (ibar (ADV non) (PRON ce) (PRON l') (VERB ho))))))) (PUNCT "") (PUNCT ,) (f (ibar (VERB pensò)) (compin (sp (ADP con) (sn (NOUN tristezza))))) (PUNCT .)))";;7,065833912;function
270;27;tu”;Tu”;INTJ;obl;chiamare;"(ROOT (dirsp (PUNCT "") (f (sn (DET la) (NOUN mamma)) (ibar (PRON mi) (AUX ha) (ADV sempre) (VERB detto)) (compt (sv2 (ADP di) (ADV non) (VERB chiamare) (compt (sq (PRON nessuno)) (sp (ADP con) (sn (DET un) (PUNCT “) (INTJ Tu”) (PUNCT …))))))) (f (ibar (AUX È)) (compc (fs (SCONJ perché) (cp (sn (ADV proprio) (PRON io)) (sn (DET un) (NOUN nome)) (f (ibar (ADV non) (PRON ce) (PRON l') (VERB ho))))))) (PUNCT "") (PUNCT ,) (f (ibar (VERB pensò)) (compin (sp (ADP con) (sn (NOUN tristezza))))) (PUNCT .)))";;;function
271;27;è;essere;AUX;parataxis;detto;"(ROOT (dirsp (PUNCT "") (f (sn (DET la) (NOUN mamma)) (ibar (PRON mi) (AUX ha) (ADV sempre) (VERB detto)) (compt (sv2 (ADP di) (ADV non) (VERB chiamare) (compt (sq (PRON nessuno)) (sp (ADP con) (sn (DET un) (PUNCT “) (INTJ Tu”) (PUNCT …))))))) (f (ibar (AUX È)) (compc (fs (SCONJ perché) (cp (sn (ADV proprio) (PRON io)) (sn (DET un) (NOUN nome)) (f (ibar (ADV non) (PRON ce) (PRON l') (VERB ho))))))) (PUNCT "") (PUNCT ,) (f (ibar (VERB pensò)) (compin (sp (ADP con) (sn (NOUN tristezza))))) (PUNCT .)))";;7,249521761;function
272;27;perché;perché;SCONJ;mark;ho;"(ROOT (dirsp (PUNCT "") (f (sn (DET la) (NOUN mamma)) (ibar (PRON mi) (AUX ha) (ADV sempre) (VERB detto)) (compt (sv2 (ADP di) (ADV non) (VERB chiamare) (compt (sq (PRON nessuno)) (sp (ADP con) (sn (DET un) (PUNCT “) (INTJ Tu”) (PUNCT …))))))) (f (ibar (AUX È)) (compc (fs (SCONJ perché) (cp (sn (ADV proprio) (PRON io)) (sn (DET un) (NOUN nome)) (f (ibar (ADV non) (PRON ce) (PRON l') (VERB ho))))))) (PUNCT "") (PUNCT ,) (f (ibar (VERB pensò)) (compin (sp (ADP con) (sn (NOUN tristezza))))) (PUNCT .)))";;5,965637226;function
273;27;proprio;proprio;ADV;advmod;io;"(ROOT (dirsp (PUNCT "") (f (sn (DET la) (NOUN mamma)) (ibar (PRON mi) (AUX ha) (ADV sempre) (VERB detto)) (compt (sv2 (ADP di) (ADV non) (VERB chiamare) (compt (sq (PRON nessuno)) (sp (ADP con) (sn (DET un) (PUNCT “) (INTJ Tu”) (PUNCT …))))))) (f (ibar (AUX È)) (compc (fs (SCONJ perché) (cp (sn (ADV proprio) (PRON io)) (sn (DET un) (NOUN nome)) (f (ibar (ADV non) (PRON ce) (PRON l') (VERB ho))))))) (PUNCT "") (PUNCT ,) (f (ibar (VERB pensò)) (compin (sp (ADP con) (sn (NOUN tristezza))))) (PUNCT .)))";;5,884320377;function
274;27;io;io;PRON;nsubj;ho;"(ROOT (dirsp (PUNCT "") (f (sn (DET la) (NOUN mamma)) (ibar (PRON mi) (AUX ha) (ADV sempre) (VERB detto)) (compt (sv2 (ADP di) (ADV non) (VERB chiamare) (compt (sq (PRON nessuno)) (sp (ADP con) (sn (DET un) (PUNCT “) (INTJ Tu”) (PUNCT …))))))) (f (ibar (AUX È)) (compc (fs (SCONJ perché) (cp (sn (ADV proprio) (PRON io)) (sn (DET un) (NOUN nome)) (f (ibar (ADV non) (PRON ce) (PRON l') (VERB ho))))))) (PUNCT "") (PUNCT ,) (f (ibar (VERB pensò)) (compin (sp (ADP con) (sn (NOUN tristezza))))) (PUNCT .)))";;6,536707533;function
275;27;un;uno;DET;det;nome;"(ROOT (dirsp (PUNCT "") (f (sn (DET la) (NOUN mamma)) (ibar (PRON mi) (AUX ha) (ADV sempre) (VERB detto)) (compt (sv2 (ADP di) (ADV non) (VERB chiamare) (compt (sq (PRON nessuno)) (sp (ADP con) (sn (DET un) (PUNCT “) (INTJ Tu”) (PUNCT …))))))) (f (ibar (AUX È)) (compc (fs (SCONJ perché) (cp (sn (ADV proprio) (PRON io)) (sn (DET un) (NOUN nome)) (f (ibar (ADV non) (PRON ce) (PRON l') (VERB ho))))))) (PUNCT "") (PUNCT ,) (f (ibar (VERB pensò)) (compin (sp (ADP con) (sn (NOUN tristezza))))) (PUNCT .)))";;7,065833912;function
276;27;nome;nome;NOUN;nsubj;ho;"(ROOT (dirsp (PUNCT "") (f (sn (DET la) (NOUN mamma)) (ibar (PRON mi) (AUX ha) (ADV sempre) (VERB detto)) (compt (sv2 (ADP di) (ADV non) (VERB chiamare) (compt (sq (PRON nessuno)) (sp (ADP con) (sn (DET un) (PUNCT “) (INTJ Tu”) (PUNCT …))))))) (f (ibar (AUX È)) (compc (fs (SCONJ perché) (cp (sn (ADV proprio) (PRON io)) (sn (DET un) (NOUN nome)) (f (ibar (ADV non) (PRON ce) (PRON l') (VERB ho))))))) (PUNCT "") (PUNCT ,) (f (ibar (VERB pensò)) (compin (sp (ADP con) (sn (NOUN tristezza))))) (PUNCT .)))";3.64 ± 1.75;5,545943498;content
277;27;non;non;ADV;advmod;ho;"(ROOT (dirsp (PUNCT "") (f (sn (DET la) (NOUN mamma)) (ibar (PRON mi) (AUX ha) (ADV sempre) (VERB detto)) (compt (sv2 (ADP di) (ADV non) (VERB chiamare) (compt (sq (PRON nessuno)) (sp (ADP con) (sn (DET un) (PUNCT “) (INTJ Tu”) (PUNCT …))))))) (f (ibar (AUX È)) (compc (fs (SCONJ perché) (cp (sn (ADV proprio) (PRON io)) (sn (DET un) (NOUN nome)) (f (ibar (ADV non) (PRON ce) (PRON l') (VERB ho))))))) (PUNCT "") (PUNCT ,) (f (ibar (VERB pensò)) (compin (sp (ADP con) (sn (NOUN tristezza))))) (PUNCT .)))";;7,259198169;function
278;27;ce;ce;PRON;expl;ho;"(ROOT (dirsp (PUNCT "") (f (sn (DET la) (NOUN mamma)) (ibar (PRON mi) (AUX ha) (ADV sempre) (VERB detto)) (compt (sv2 (ADP di) (ADV non) (VERB chiamare) (compt (sq (PRON nessuno)) (sp (ADP con) (sn (DET un) (PUNCT “) (INTJ Tu”) (PUNCT …))))))) (f (ibar (AUX È)) (compc (fs (SCONJ perché) (cp (sn (ADV proprio) (PRON io)) (sn (DET un) (NOUN nome)) (f (ibar (ADV non) (PRON ce) (PRON l') (VERB ho))))))) (PUNCT "") (PUNCT ,) (f (ibar (VERB pensò)) (compin (sp (ADP con) (sn (NOUN tristezza))))) (PUNCT .)))";;5,67812526;function
279;27;l;lo;PRON;obj;ho;"(ROOT (dirsp (PUNCT "") (f (sn (DET la) (NOUN mamma)) (ibar (PRON mi) (AUX ha) (ADV sempre) (VERB detto)) (compt (sv2 (ADP di) (ADV non) (VERB chiamare) (compt (sq (PRON nessuno)) (sp (ADP con) (sn (DET un) (PUNCT “) (INTJ Tu”) (PUNCT …))))))) (f (ibar (AUX È)) (compc (fs (SCONJ perché) (cp (sn (ADV proprio) (PRON io)) (sn (DET un) (NOUN nome)) (f (ibar (ADV non) (PRON ce) (PRON l') (VERB ho))))))) (PUNCT "") (PUNCT ,) (f (ibar (VERB pensò)) (compin (sp (ADP con) (sn (NOUN tristezza))))) (PUNCT .)))";;6,640107629;function
280;27;ho;avere;VERB;parataxis;detto;"(ROOT (dirsp (PUNCT "") (f (sn (DET la) (NOUN mamma)) (ibar (PRON mi) (AUX ha) (ADV sempre) (VERB detto)) (compt (sv2 (ADP di) (ADV non) (VERB chiamare) (compt (sq (PRON nessuno)) (sp (ADP con) (sn (DET un) (PUNCT “) (INTJ Tu”) (PUNCT …))))))) (f (ibar (AUX È)) (compc (fs (SCONJ perché) (cp (sn (ADV proprio) (PRON io)) (sn (DET un) (NOUN nome)) (f (ibar (ADV non) (PRON ce) (PRON l') (VERB ho))))))) (PUNCT "") (PUNCT ,) (f (ibar (VERB pensò)) (compin (sp (ADP con) (sn (NOUN tristezza))))) (PUNCT .)))";;6,720262455;content
281;27;pensò;pensare;VERB;parataxis;detto;"(ROOT (dirsp (PUNCT "") (f (sn (DET la) (NOUN mamma)) (ibar (PRON mi) (AUX ha) (ADV sempre) (VERB detto)) (compt (sv2 (ADP di) (ADV non) (VERB chiamare) (compt (sq (PRON nessuno)) (sp (ADP con) (sn (DET un) (PUNCT “) (INTJ Tu”) (PUNCT …))))))) (f (ibar (AUX È)) (compc (fs (SCONJ perché) (cp (sn (ADV proprio) (PRON io)) (sn (DET un) (NOUN nome)) (f (ibar (ADV non) (PRON ce) (PRON l') (VERB ho))))))) (PUNCT "") (PUNCT ,) (f (ibar (VERB pensò)) (compin (sp (ADP con) (sn (NOUN tristezza))))) (PUNCT .)))";;3,538253245;content
282;27;con;con;ADP;case;tristezza;"(ROOT (dirsp (PUNCT "") (f (sn (DET la) (NOUN mamma)) (ibar (PRON mi) (AUX ha) (ADV sempre) (VERB detto)) (compt (sv2 (ADP di) (ADV non) (VERB chiamare) (compt (sq (PRON nessuno)) (sp (ADP con) (sn (DET un) (PUNCT “) (INTJ Tu”) (PUNCT …))))))) (f (ibar (AUX È)) (compc (fs (SCONJ perché) (cp (sn (ADV proprio) (PRON io)) (sn (DET un) (NOUN nome)) (f (ibar (ADV non) (PRON ce) (PRON l') (VERB ho))))))) (PUNCT "") (PUNCT ,) (f (ibar (VERB pensò)) (compin (sp (ADP con) (sn (NOUN tristezza))))) (PUNCT .)))";;6,620271703;function
283;27;tristezza;tristezza;NOUN;obl;pensò;"(ROOT (dirsp (PUNCT "") (f (sn (DET la) (NOUN mamma)) (ibar (PRON mi) (AUX ha) (ADV sempre) (VERB detto)) (compt (sv2 (ADP di) (ADV non) (VERB chiamare) (compt (sq (PRON nessuno)) (sp (ADP con) (sn (DET un) (PUNCT “) (INTJ Tu”) (PUNCT …))))))) (f (ibar (AUX È)) (compc (fs (SCONJ perché) (cp (sn (ADV proprio) (PRON io)) (sn (DET un) (NOUN nome)) (f (ibar (ADV non) (PRON ce) (PRON l') (VERB ho))))))) (PUNCT "") (PUNCT ,) (f (ibar (VERB pensò)) (compin (sp (ADP con) (sn (NOUN tristezza))))) (PUNCT .)))";;3,935216213;content
284;28;allora;allora;ADV;advmod;prese;(ROOT (fc (ADV Allora) (cp (fp (PUNCT ,) (sv5 (VERB piangendo)) (PUNCT ,)) (fc (f (sn (DET la) (NOUN bambina)) (ibar (VERB prese)) (compt (sn (DET la) (NOUN palla)))) (PUNCT ,) (f (ibar (VERB andò)) (compin (sp (ADP a) (sn (DET il) (NOUN giardino))))) (PUNCT ,) (f (ibar (VERB arrivò)) (compin (sp (ADP sotto) (sn (DET l') (NOUN albero))))))) (PUNCT .)));;6,072527547;function
285;28;piangendo;piangere;VERB;advcl;prese;(ROOT (fc (ADV Allora) (cp (fp (PUNCT ,) (sv5 (VERB piangendo)) (PUNCT ,)) (fc (f (sn (DET la) (NOUN bambina)) (ibar (VERB prese)) (compt (sn (DET la) (NOUN palla)))) (PUNCT ,) (f (ibar (VERB andò)) (compin (sp (ADP a) (sn (DET il) (NOUN giardino))))) (PUNCT ,) (f (ibar (VERB arrivò)) (compin (sp (ADP sotto) (sn (DET l') (NOUN albero))))))) (PUNCT .)));3.60 ± 2.02;4,181039996;content
286;28;la;il;DET;det;bambina;(ROOT (fc (ADV Allora) (cp (fp (PUNCT ,) (sv5 (VERB piangendo)) (PUNCT ,)) (fc (f (sn (DET la) (NOUN bambina)) (ibar (VERB prese)) (compt (sn (DET la) (NOUN palla)))) (PUNCT ,) (f (ibar (VERB andò)) (compin (sp (ADP a) (sn (DET il) (NOUN giardino))))) (PUNCT ,) (f (ibar (VERB arrivò)) (compin (sp (ADP sotto) (sn (DET l') (NOUN albero))))))) (PUNCT .)));;7,055331658;function
287;28;bambina;bambino;NOUN;nsubj;prese;(ROOT (fc (ADV Allora) (cp (fp (PUNCT ,) (sv5 (VERB piangendo)) (PUNCT ,)) (fc (f (sn (DET la) (NOUN bambina)) (ibar (VERB prese)) (compt (sn (DET la) (NOUN palla)))) (PUNCT ,) (f (ibar (VERB andò)) (compin (sp (ADP a) (sn (DET il) (NOUN giardino))))) (PUNCT ,) (f (ibar (VERB arrivò)) (compin (sp (ADP sotto) (sn (DET l') (NOUN albero))))))) (PUNCT .)));3.20 ± 1.12;4,98282431;content
288;28;prese;prendere;VERB;root;ROOT;(ROOT (fc (ADV Allora) (cp (fp (PUNCT ,) (sv5 (VERB piangendo)) (PUNCT ,)) (fc (f (sn (DET la) (NOUN bambina)) (ibar (VERB prese)) (compt (sn (DET la) (NOUN palla)))) (PUNCT ,) (f (ibar (VERB andò)) (compin (sp (ADP a) (sn (DET il) (NOUN giardino))))) (PUNCT ,) (f (ibar (VERB arrivò)) (compin (sp (ADP sotto) (sn (DET l') (NOUN albero))))))) (PUNCT .)));4.36 ± 1.89;4,3610382;content
289;28;la;il;DET;det;palla;(ROOT (fc (ADV Allora) (cp (fp (PUNCT ,) (sv5 (VERB piangendo)) (PUNCT ,)) (fc (f (sn (DET la) (NOUN bambina)) (ibar (VERB prese)) (compt (sn (DET la) (NOUN palla)))) (PUNCT ,) (f (ibar (VERB andò)) (compin (sp (ADP a) (sn (DET il) (NOUN giardino))))) (PUNCT ,) (f (ibar (VERB arrivò)) (compin (sp (ADP sotto) (sn (DET l') (NOUN albero))))))) (PUNCT .)));;7,055331658;function
290;28;palla;palla;NOUN;obj;prese;(ROOT (fc (ADV Allora) (cp (fp (PUNCT ,) (sv5 (VERB piangendo)) (PUNCT ,)) (fc (f (sn (DET la) (NOUN bambina)) (ibar (VERB prese)) (compt (sn (DET la) (NOUN palla)))) (PUNCT ,) (f (ibar (VERB andò)) (compin (sp (ADP a) (sn (DET il) (NOUN giardino))))) (PUNCT ,) (f (ibar (VERB arrivò)) (compin (sp (ADP sotto) (sn (DET l') (NOUN albero))))))) (PUNCT .)));2.64 ± 1.32;4,670354567;content
291;28;andò;andare;VERB;conj;prese;(ROOT (fc (ADV Allora) (cp (fp (PUNCT ,) (sv5 (VERB piangendo)) (PUNCT ,)) (fc (f (sn (DET la) (NOUN bambina)) (ibar (VERB prese)) (compt (sn (DET la) (NOUN palla)))) (PUNCT ,) (f (ibar (VERB andò)) (compin (sp (ADP a) (sn (DET il) (NOUN giardino))))) (PUNCT ,) (f (ibar (VERB arrivò)) (compin (sp (ADP sotto) (sn (DET l') (NOUN albero))))))) (PUNCT .)));4.20 ± 1.44;4,231723291;content
292;28;al;a;ADP;case;giardino;(ROOT (fc (ADV Allora) (cp (fp (PUNCT ,) (sv5 (VERB piangendo)) (PUNCT ,)) (fc (f (sn (DET la) (NOUN bambina)) (ibar (VERB prese)) (compt (sn (DET la) (NOUN palla)))) (PUNCT ,) (f (ibar (VERB andò)) (compin (sp (ADP a) (sn (DET il) (NOUN giardino))))) (PUNCT ,) (f (ibar (VERB arrivò)) (compin (sp (ADP sotto) (sn (DET l') (NOUN albero))))))) (PUNCT .)));;6,335583043;function
293;28;giardino;giardino;NOUN;obl;andò;(ROOT (fc (ADV Allora) (cp (fp (PUNCT ,) (sv5 (VERB piangendo)) (PUNCT ,)) (fc (f (sn (DET la) (NOUN bambina)) (ibar (VERB prese)) (compt (sn (DET la) (NOUN palla)))) (PUNCT ,) (f (ibar (VERB andò)) (compin (sp (ADP a) (sn (DET il) (NOUN giardino))))) (PUNCT ,) (f (ibar (VERB arrivò)) (compin (sp (ADP sotto) (sn (DET l') (NOUN albero))))))) (PUNCT .)));4.28 ± 1.37;4,462997018;content
294;28;arrivò;arrivare;VERB;conj;prese;(ROOT (fc (ADV Allora) (cp (fp (PUNCT ,) (sv5 (VERB piangendo)) (PUNCT ,)) (fc (f (sn (DET la) (NOUN bambina)) (ibar (VERB prese)) (compt (sn (DET la) (NOUN palla)))) (PUNCT ,) (f (ibar (VERB andò)) (compin (sp (ADP a) (sn (DET il) (NOUN giardino))))) (PUNCT ,) (f (ibar (VERB arrivò)) (compin (sp (ADP sotto) (sn (DET l') (NOUN albero))))))) (PUNCT .)));;3,97589694;content
295;28;sotto;sotto;ADP;case;albero;(ROOT (fc (ADV Allora) (cp (fp (PUNCT ,) (sv5 (VERB piangendo)) (PUNCT ,)) (fc (f (sn (DET la) (NOUN bambina)) (ibar (VERB prese)) (compt (sn (DET la) (NOUN palla)))) (PUNCT ,) (f (ibar (VERB andò)) (compin (sp (ADP a) (sn (DET il) (NOUN giardino))))) (PUNCT ,) (f (ibar (VERB arrivò)) (compin (sp (ADP sotto) (sn (DET l') (NOUN albero))))))) (PUNCT .)));;5,502104716;function
296;28;l;il;DET;det;albero;(ROOT (fc (ADV Allora) (cp (fp (PUNCT ,) (sv5 (VERB piangendo)) (PUNCT ,)) (fc (f (sn (DET la) (NOUN bambina)) (ibar (VERB prese)) (compt (sn (DET la) (NOUN palla)))) (PUNCT ,) (f (ibar (VERB andò)) (compin (sp (ADP a) (sn (DET il) (NOUN giardino))))) (PUNCT ,) (f (ibar (VERB arrivò)) (compin (sp (ADP sotto) (sn (DET l') (NOUN albero))))))) (PUNCT .)));;6,640107629;function
297;28;albero;albero;NOUN;obl;arrivò;(ROOT (fc (ADV Allora) (cp (fp (PUNCT ,) (sv5 (VERB piangendo)) (PUNCT ,)) (fc (f (sn (DET la) (NOUN bambina)) (ibar (VERB prese)) (compt (sn (DET la) (NOUN palla)))) (PUNCT ,) (f (ibar (VERB andò)) (compin (sp (ADP a) (sn (DET il) (NOUN giardino))))) (PUNCT ,) (f (ibar (VERB arrivò)) (compin (sp (ADP sotto) (sn (DET l') (NOUN albero))))))) (PUNCT .)));3.56 ± 1.19;4,603299767;content
298;29;l;il;DET;det;omettino;(ROOT (f (sn (DET L') (NOUN omettino)) (ibar (AUX era)) (ADV ancora) (ADV lassù) (PUNCT ,) (sp (ADP con) (sn (DET la) (NOUN mano) (sa (ADJ chiusa)))) (CCONJ e) (f (ibar (VERB sorrideva))) (PUNCT .)));;6,640107629;function
299;29;omettino;omettino;NOUN;nsubj;lassù;(ROOT (f (sn (DET L') (NOUN omettino)) (ibar (AUX era)) (ADV ancora) (ADV lassù) (PUNCT ,) (sp (ADP con) (sn (DET la) (NOUN mano) (sa (ADJ chiusa)))) (CCONJ e) (f (ibar (VERB sorrideva))) (PUNCT .)));;1,491953226;content
300;29;era;essere;AUX;cop;lassù;(ROOT (f (sn (DET L') (NOUN omettino)) (ibar (AUX era)) (ADV ancora) (ADV lassù) (PUNCT ,) (sp (ADP con) (sn (DET la) (NOUN mano) (sa (ADJ chiusa)))) (CCONJ e) (f (ibar (VERB sorrideva))) (PUNCT .)));;6,283626334;function
301;29;ancora;ancora;ADV;advmod;lassù;(ROOT (f (sn (DET L') (NOUN omettino)) (ibar (AUX era)) (ADV ancora) (ADV lassù) (PUNCT ,) (sp (ADP con) (sn (DET la) (NOUN mano) (sa (ADJ chiusa)))) (CCONJ e) (f (ibar (VERB sorrideva))) (PUNCT .)));;6,01813737;function
302;29;lassù;lassù;ADV;root;ROOT;(ROOT (f (sn (DET L') (NOUN omettino)) (ibar (AUX era)) (ADV ancora) (ADV lassù) (PUNCT ,) (sp (ADP con) (sn (DET la) (NOUN mano) (sa (ADJ chiusa)))) (CCONJ e) (f (ibar (VERB sorrideva))) (PUNCT .)));;4,510341619;function
303;29;con;con;ADP;case;mano;(ROOT (f (sn (DET L') (NOUN omettino)) (ibar (AUX era)) (ADV ancora) (ADV lassù) (PUNCT ,) (sp (ADP con) (sn (DET la) (NOUN mano) (sa (ADJ chiusa)))) (CCONJ e) (f (ibar (VERB sorrideva))) (PUNCT .)));;6,620271703;function
304;29;la;il;DET;det;mano;(ROOT (f (sn (DET L') (NOUN omettino)) (ibar (AUX era)) (ADV ancora) (ADV lassù) (PUNCT ,) (sp (ADP con) (sn (DET la) (NOUN mano) (sa (ADJ chiusa)))) (CCONJ e) (f (ibar (VERB sorrideva))) (PUNCT .)));;7,055331658;function
305;29;mano;mano;NOUN;obl;lassù;(ROOT (f (sn (DET L') (NOUN omettino)) (ibar (AUX era)) (ADV ancora) (ADV lassù) (PUNCT ,) (sp (ADP con) (sn (DET la) (NOUN mano) (sa (ADJ chiusa)))) (CCONJ e) (f (ibar (VERB sorrideva))) (PUNCT .)));3.08 ± 0.86;5,382388218;content
306;29;chiusa;chiuso;ADJ;amod;mano;(ROOT (f (sn (DET L') (NOUN omettino)) (ibar (AUX era)) (ADV ancora) (ADV lassù) (PUNCT ,) (sp (ADP con) (sn (DET la) (NOUN mano) (sa (ADJ chiusa)))) (CCONJ e) (f (ibar (VERB sorrideva))) (PUNCT .)));;4,556691918;content
307;29;e;e;CCONJ;cc;sorrideva;(ROOT (f (sn (DET L') (NOUN omettino)) (ibar (AUX era)) (ADV ancora) (ADV lassù) (PUNCT ,) (sp (ADP con) (sn (DET la) (NOUN mano) (sa (ADJ chiusa)))) (CCONJ e) (f (ibar (VERB sorrideva))) (PUNCT .)));;2,741151583;function
308;29;sorrideva;sorridere;VERB;conj;lassù;(ROOT (f (sn (DET L') (NOUN omettino)) (ibar (AUX era)) (ADV ancora) (ADV lassù) (PUNCT ,) (sp (ADP con) (sn (DET la) (NOUN mano) (sa (ADJ chiusa)))) (CCONJ e) (f (ibar (VERB sorrideva))) (PUNCT .)));;3,010467166;content
309;30;ridammi;ridare;VERB;root;ROOT;(ROOT (cp (fp (PUNCT -) (f (ibar (VERB Ridammi)) (compt (sn (DET il) (sa (DET mio)) (NOUN nome)))) (PUNCT !) (PUNCT -)) (f (ibar (VERB gridò)) (compt (sn (DET la) (NOUN bambina)))) (PUNCT .)));;3,6644102;content
310;30;il;il;DET;det;nome;(ROOT (cp (fp (PUNCT -) (f (ibar (VERB Ridammi)) (compt (sn (DET il) (sa (DET mio)) (NOUN nome)))) (PUNCT !) (PUNCT -)) (f (ibar (VERB gridò)) (compt (sn (DET la) (NOUN bambina)))) (PUNCT .)));;7,039560886;function
311;30;mio;mio;DET;det:poss;nome;(ROOT (cp (fp (PUNCT -) (f (ibar (VERB Ridammi)) (compt (sn (DET il) (sa (DET mio)) (NOUN nome)))) (PUNCT !) (PUNCT -)) (f (ibar (VERB gridò)) (compt (sn (DET la) (NOUN bambina)))) (PUNCT .)));;6,336217551;function
312;30;nome;nome;NOUN;obj;Ridammi;(ROOT (cp (fp (PUNCT -) (f (ibar (VERB Ridammi)) (compt (sn (DET il) (sa (DET mio)) (NOUN nome)))) (PUNCT !) (PUNCT -)) (f (ibar (VERB gridò)) (compt (sn (DET la) (NOUN bambina)))) (PUNCT .)));3.64 ± 1.75;5,545943498;content
313;30;gridò;gridare;VERB;parataxis;Ridammi;(ROOT (cp (fp (PUNCT -) (f (ibar (VERB Ridammi)) (compt (sn (DET il) (sa (DET mio)) (NOUN nome)))) (PUNCT !) (PUNCT -)) (f (ibar (VERB gridò)) (compt (sn (DET la) (NOUN bambina)))) (PUNCT .)));4.44 ± 2.08;2,894214608;content
314;30;la;il;DET;det;bambina;(ROOT (cp (fp (PUNCT -) (f (ibar (VERB Ridammi)) (compt (sn (DET il) (sa (DET mio)) (NOUN nome)))) (PUNCT !) (PUNCT -)) (f (ibar (VERB gridò)) (compt (sn (DET la) (NOUN bambina)))) (PUNCT .)));;7,055331658;function
315;30;bambina;bambino;NOUN;nsubj;gridò;(ROOT (cp (fp (PUNCT -) (f (ibar (VERB Ridammi)) (compt (sn (DET il) (sa (DET mio)) (NOUN nome)))) (PUNCT !) (PUNCT -)) (f (ibar (VERB gridò)) (compt (sn (DET la) (NOUN bambina)))) (PUNCT .)));3.20 ± 1.12;4,98282431;content
316;31;ti;ti;PRON;iobj;darò;(ROOT (f (ir_infl (PRON Ti) (VERB darò)) (compt (sn (DET la) (NOUN palla))) (PUNCT ,) (fs (SCONJ se) (f (ibar (VERB vuoi) (PUNCT .))))));;6,615643201;function
317;31;darò;dare;VERB;root;ROOT;(ROOT (f (ir_infl (PRON Ti) (VERB darò)) (compt (sn (DET la) (NOUN palla))) (PUNCT ,) (fs (SCONJ se) (f (ibar (VERB vuoi) (PUNCT .))))));4.60 ± 2.29;4,676928416;content
318;31;la;il;DET;det;palla;(ROOT (f (ir_infl (PRON Ti) (VERB darò)) (compt (sn (DET la) (NOUN palla))) (PUNCT ,) (fs (SCONJ se) (f (ibar (VERB vuoi) (PUNCT .))))));;7,055331658;function
319;31;palla;palla;NOUN;obj;darò;(ROOT (f (ir_infl (PRON Ti) (VERB darò)) (compt (sn (DET la) (NOUN palla))) (PUNCT ,) (fs (SCONJ se) (f (ibar (VERB vuoi) (PUNCT .))))));2.64 ± 1.32;4,670354567;content
320;31;se;se;SCONJ;mark;vuoi;(ROOT (f (ir_infl (PRON Ti) (VERB darò)) (compt (sn (DET la) (NOUN palla))) (PUNCT ,) (fs (SCONJ se) (f (ibar (VERB vuoi) (PUNCT .))))));;6,583110863;function
321;31;vuoi;volere;VERB;advcl;darò;(ROOT (f (ir_infl (PRON Ti) (VERB darò)) (compt (sn (DET la) (NOUN palla))) (PUNCT ,) (fs (SCONJ se) (f (ibar (VERB vuoi) (PUNCT .))))));;5,995743909;content
322;32;tieniti;tienire;VERB;root;ROOT;(ROOT (cp_int (dirsp (PUNCT -) (f (ibar (VERB Tieniti)) (compt (coord (sn (DET la) (NOUN palla)) (fp (PUNCT ,) (sa (ADJ piccolina)) (PUNCT ,)) (CCONJ e) (ADV anche) (sn (DET il) (sa (DET tuo)) (NOUN nome))))) (dirsp (PUNCT :) (fc (CCONJ e) (cp (sn (DET un') (sa (ADJ altra)) (NOUN volta)) (PUNCT ,) (sv2 (ADV non) (VERB dar) (compt (PRON lo) (sp (ADP a) (sq (PRON nessuno))))) (PUNCT ,) (sa (VERB capito)))))) (PUNCT ?)));;3,949835122;content
323;32;la;il;DET;det;palla;(ROOT (cp_int (dirsp (PUNCT -) (f (ibar (VERB Tieniti)) (compt (coord (sn (DET la) (NOUN palla)) (fp (PUNCT ,) (sa (ADJ piccolina)) (PUNCT ,)) (CCONJ e) (ADV anche) (sn (DET il) (sa (DET tuo)) (NOUN nome))))) (dirsp (PUNCT :) (fc (CCONJ e) (cp (sn (DET un') (sa (ADJ altra)) (NOUN volta)) (PUNCT ,) (sv2 (ADV non) (VERB dar) (compt (PRON lo) (sp (ADP a) (sq (PRON nessuno))))) (PUNCT ,) (sa (VERB capito)))))) (PUNCT ?)));;7,055331658;function
324;32;palla;palla;NOUN;obj;Tieniti;(ROOT (cp_int (dirsp (PUNCT -) (f (ibar (VERB Tieniti)) (compt (coord (sn (DET la) (NOUN palla)) (fp (PUNCT ,) (sa (ADJ piccolina)) (PUNCT ,)) (CCONJ e) (ADV anche) (sn (DET il) (sa (DET tuo)) (NOUN nome))))) (dirsp (PUNCT :) (fc (CCONJ e) (cp (sn (DET un') (sa (ADJ altra)) (NOUN volta)) (PUNCT ,) (sv2 (ADV non) (VERB dar) (compt (PRON lo) (sp (ADP a) (sq (PRON nessuno))))) (PUNCT ,) (sa (VERB capito)))))) (PUNCT ?)));2.64 ± 1.32;4,670354567;content
325;32;piccolina;piccolo;ADJ;amod;palla;(ROOT (cp_int (dirsp (PUNCT -) (f (ibar (VERB Tieniti)) (compt (coord (sn (DET la) (NOUN palla)) (fp (PUNCT ,) (sa (ADJ piccolina)) (PUNCT ,)) (CCONJ e) (ADV anche) (sn (DET il) (sa (DET tuo)) (NOUN nome))))) (dirsp (PUNCT :) (fc (CCONJ e) (cp (sn (DET un') (sa (ADJ altra)) (NOUN volta)) (PUNCT ,) (sv2 (ADV non) (VERB dar) (compt (PRON lo) (sp (ADP a) (sq (PRON nessuno))))) (PUNCT ,) (sa (VERB capito)))))) (PUNCT ?)));4.12 ± 3.18;3,746017679;content
326;32;e;e;CCONJ;cc;nome;(ROOT (cp_int (dirsp (PUNCT -) (f (ibar (VERB Tieniti)) (compt (coord (sn (DET la) (NOUN palla)) (fp (PUNCT ,) (sa (ADJ piccolina)) (PUNCT ,)) (CCONJ e) (ADV anche) (sn (DET il) (sa (DET tuo)) (NOUN nome))))) (dirsp (PUNCT :) (fc (CCONJ e) (cp (sn (DET un') (sa (ADJ altra)) (NOUN volta)) (PUNCT ,) (sv2 (ADV non) (VERB dar) (compt (PRON lo) (sp (ADP a) (sq (PRON nessuno))))) (PUNCT ,) (sa (VERB capito)))))) (PUNCT ?)));;2,741151583;function
327;32;anche;anche;ADV;advmod;nome;(ROOT (cp_int (dirsp (PUNCT -) (f (ibar (VERB Tieniti)) (compt (coord (sn (DET la) (NOUN palla)) (fp (PUNCT ,) (sa (ADJ piccolina)) (PUNCT ,)) (CCONJ e) (ADV anche) (sn (DET il) (sa (DET tuo)) (NOUN nome))))) (dirsp (PUNCT :) (fc (CCONJ e) (cp (sn (DET un') (sa (ADJ altra)) (NOUN volta)) (PUNCT ,) (sv2 (ADV non) (VERB dar) (compt (PRON lo) (sp (ADP a) (sq (PRON nessuno))))) (PUNCT ,) (sa (VERB capito)))))) (PUNCT ?)));;6,115086172;function
328;32;il;il;DET;det;nome;(ROOT (cp_int (dirsp (PUNCT -) (f (ibar (VERB Tieniti)) (compt (coord (sn (DET la) (NOUN palla)) (fp (PUNCT ,) (sa (ADJ piccolina)) (PUNCT ,)) (CCONJ e) (ADV anche) (sn (DET il) (sa (DET tuo)) (NOUN nome))))) (dirsp (PUNCT :) (fc (CCONJ e) (cp (sn (DET un') (sa (ADJ altra)) (NOUN volta)) (PUNCT ,) (sv2 (ADV non) (VERB dar) (compt (PRON lo) (sp (ADP a) (sq (PRON nessuno))))) (PUNCT ,) (sa (VERB capito)))))) (PUNCT ?)));;7,039560886;function
329;32;tuo;tuo;DET;det:poss;nome;(ROOT (cp_int (dirsp (PUNCT -) (f (ibar (VERB Tieniti)) (compt (coord (sn (DET la) (NOUN palla)) (fp (PUNCT ,) (sa (ADJ piccolina)) (PUNCT ,)) (CCONJ e) (ADV anche) (sn (DET il) (sa (DET tuo)) (NOUN nome))))) (dirsp (PUNCT :) (fc (CCONJ e) (cp (sn (DET un') (sa (ADJ altra)) (NOUN volta)) (PUNCT ,) (sv2 (ADV non) (VERB dar) (compt (PRON lo) (sp (ADP a) (sq (PRON nessuno))))) (PUNCT ,) (sa (VERB capito)))))) (PUNCT ?)));;6,080045574;function
330;32;nome;nome;NOUN;conj;palla;(ROOT (cp_int (dirsp (PUNCT -) (f (ibar (VERB Tieniti)) (compt (coord (sn (DET la) (NOUN palla)) (fp (PUNCT ,) (sa (ADJ piccolina)) (PUNCT ,)) (CCONJ e) (ADV anche) (sn (DET il) (sa (DET tuo)) (NOUN nome))))) (dirsp (PUNCT :) (fc (CCONJ e) (cp (sn (DET un') (sa (ADJ altra)) (NOUN volta)) (PUNCT ,) (sv2 (ADV non) (VERB dar) (compt (PRON lo) (sp (ADP a) (sq (PRON nessuno))))) (PUNCT ,) (sa (VERB capito)))))) (PUNCT ?)));3.64 ± 1.75;5,545943498;content
331;32;e;e;CCONJ;cc;volta;(ROOT (cp_int (dirsp (PUNCT -) (f (ibar (VERB Tieniti)) (compt (coord (sn (DET la) (NOUN palla)) (fp (PUNCT ,) (sa (ADJ piccolina)) (PUNCT ,)) (CCONJ e) (ADV anche) (sn (DET il) (sa (DET tuo)) (NOUN nome))))) (dirsp (PUNCT :) (fc (CCONJ e) (cp (sn (DET un') (sa (ADJ altra)) (NOUN volta)) (PUNCT ,) (sv2 (ADV non) (VERB dar) (compt (PRON lo) (sp (ADP a) (sq (PRON nessuno))))) (PUNCT ,) (sa (VERB capito)))))) (PUNCT ?)));;2,741151583;function
332;32;un;uno;DET;det;volta;(ROOT (cp_int (dirsp (PUNCT -) (f (ibar (VERB Tieniti)) (compt (coord (sn (DET la) (NOUN palla)) (fp (PUNCT ,) (sa (ADJ piccolina)) (PUNCT ,)) (CCONJ e) (ADV anche) (sn (DET il) (sa (DET tuo)) (NOUN nome))))) (dirsp (PUNCT :) (fc (CCONJ e) (cp (sn (DET un') (sa (ADJ altra)) (NOUN volta)) (PUNCT ,) (sv2 (ADV non) (VERB dar) (compt (PRON lo) (sp (ADP a) (sq (PRON nessuno))))) (PUNCT ,) (sa (VERB capito)))))) (PUNCT ?)));;7,065833912;function
333;32;altra;altro;ADJ;amod;volta;(ROOT (cp_int (dirsp (PUNCT -) (f (ibar (VERB Tieniti)) (compt (coord (sn (DET la) (NOUN palla)) (fp (PUNCT ,) (sa (ADJ piccolina)) (PUNCT ,)) (CCONJ e) (ADV anche) (sn (DET il) (sa (DET tuo)) (NOUN nome))))) (dirsp (PUNCT :) (fc (CCONJ e) (cp (sn (DET un') (sa (ADJ altra)) (NOUN volta)) (PUNCT ,) (sv2 (ADV non) (VERB dar) (compt (PRON lo) (sp (ADP a) (sq (PRON nessuno))))) (PUNCT ,) (sa (VERB capito)))))) (PUNCT ?)));;5,649409994;content
334;32;volta;volta;NOUN;obl;dar;(ROOT (cp_int (dirsp (PUNCT -) (f (ibar (VERB Tieniti)) (compt (coord (sn (DET la) (NOUN palla)) (fp (PUNCT ,) (sa (ADJ piccolina)) (PUNCT ,)) (CCONJ e) (ADV anche) (sn (DET il) (sa (DET tuo)) (NOUN nome))))) (dirsp (PUNCT :) (fc (CCONJ e) (cp (sn (DET un') (sa (ADJ altra)) (NOUN volta)) (PUNCT ,) (sv2 (ADV non) (VERB dar) (compt (PRON lo) (sp (ADP a) (sq (PRON nessuno))))) (PUNCT ,) (sa (VERB capito)))))) (PUNCT ?)));;5,820011577;content
335;32;non;non;ADV;advmod;dar;(ROOT (cp_int (dirsp (PUNCT -) (f (ibar (VERB Tieniti)) (compt (coord (sn (DET la) (NOUN palla)) (fp (PUNCT ,) (sa (ADJ piccolina)) (PUNCT ,)) (CCONJ e) (ADV anche) (sn (DET il) (sa (DET tuo)) (NOUN nome))))) (dirsp (PUNCT :) (fc (CCONJ e) (cp (sn (DET un') (sa (ADJ altra)) (NOUN volta)) (PUNCT ,) (sv2 (ADV non) (VERB dar) (compt (PRON lo) (sp (ADP a) (sq (PRON nessuno))))) (PUNCT ,) (sa (VERB capito)))))) (PUNCT ?)));;7,259198169;function
336;32;darlo;dare;VERB;parataxis;Tieniti;(ROOT (cp_int (dirsp (PUNCT -) (f (ibar (VERB Tieniti)) (compt (coord (sn (DET la) (NOUN palla)) (fp (PUNCT ,) (sa (ADJ piccolina)) (PUNCT ,)) (CCONJ e) (ADV anche) (sn (DET il) (sa (DET tuo)) (NOUN nome))))) (dirsp (PUNCT :) (fc (CCONJ e) (cp (sn (DET un') (sa (ADJ altra)) (NOUN volta)) (PUNCT ,) (sv2 (ADV non) (VERB dar) (compt (PRON lo) (sp (ADP a) (sq (PRON nessuno))))) (PUNCT ,) (sa (VERB capito)))))) (PUNCT ?)));4.60 ± 2.29;3,612527157;content
337;32;a;a;ADP;case;nessuno;(ROOT (cp_int (dirsp (PUNCT -) (f (ibar (VERB Tieniti)) (compt (coord (sn (DET la) (NOUN palla)) (fp (PUNCT ,) (sa (ADJ piccolina)) (PUNCT ,)) (CCONJ e) (ADV anche) (sn (DET il) (sa (DET tuo)) (NOUN nome))))) (dirsp (PUNCT :) (fc (CCONJ e) (cp (sn (DET un') (sa (ADJ altra)) (NOUN volta)) (PUNCT ,) (sv2 (ADV non) (VERB dar) (compt (PRON lo) (sp (ADP a) (sq (PRON nessuno))))) (PUNCT ,) (sa (VERB capito)))))) (PUNCT ?)));;7,004335738;function
338;32;nessuno;nessuno;PRON;obl;dar;(ROOT (cp_int (dirsp (PUNCT -) (f (ibar (VERB Tieniti)) (compt (coord (sn (DET la) (NOUN palla)) (fp (PUNCT ,) (sa (ADJ piccolina)) (PUNCT ,)) (CCONJ e) (ADV anche) (sn (DET il) (sa (DET tuo)) (NOUN nome))))) (dirsp (PUNCT :) (fc (CCONJ e) (cp (sn (DET un') (sa (ADJ altra)) (NOUN volta)) (PUNCT ,) (sv2 (ADV non) (VERB dar) (compt (PRON lo) (sp (ADP a) (sq (PRON nessuno))))) (PUNCT ,) (sa (VERB capito)))))) (PUNCT ?)));;5,7664863;function
339;32;capito;capitare;VERB;conj;dar;(ROOT (cp_int (dirsp (PUNCT -) (f (ibar (VERB Tieniti)) (compt (coord (sn (DET la) (NOUN palla)) (fp (PUNCT ,) (sa (ADJ piccolina)) (PUNCT ,)) (CCONJ e) (ADV anche) (sn (DET il) (sa (DET tuo)) (NOUN nome))))) (dirsp (PUNCT :) (fc (CCONJ e) (cp (sn (DET un') (sa (ADJ altra)) (NOUN volta)) (PUNCT ,) (sv2 (ADV non) (VERB dar) (compt (PRON lo) (sp (ADP a) (sq (PRON nessuno))))) (PUNCT ,) (sa (VERB capito)))))) (PUNCT ?)));;5,491551317;content
340;33;aprì;aprire;VERB;root;ROOT;(ROOT (fc (f (ibar (VERB Aprì)) (compt (sn (DET la) (NOUN mano)))) (CCONJ e) (cp (savv (ADP a) (DET l') (ADJ improvviso)) (fc (f (sn (DET la) (NOUN bambina)) (ibar (VERB ricordò)) (compt (sv2 (ADP di) (VERB chiamar) (compt (PRON si) (sn (PROPN Antonella)))))) (CCONJ e) (f (ibar (PRON si) (VERB mise)) (compin (sv2 (ADP a) (VERB saltare) (compin (sp (ADP per) (sn (DET la) (NOUN gioia) (PUNCT .)))))))))));3.92 ± 1.35;3,275499508;content
341;33;la;il;DET;det;mano;(ROOT (fc (f (ibar (VERB Aprì)) (compt (sn (DET la) (NOUN mano)))) (CCONJ e) (cp (savv (ADP a) (DET l') (ADJ improvviso)) (fc (f (sn (DET la) (NOUN bambina)) (ibar (VERB ricordò)) (compt (sv2 (ADP di) (VERB chiamar) (compt (PRON si) (sn (PROPN Antonella)))))) (CCONJ e) (f (ibar (PRON si) (VERB mise)) (compin (sv2 (ADP a) (VERB saltare) (compin (sp (ADP per) (sn (DET la) (NOUN gioia) (PUNCT .)))))))))));;7,055331658;function
342;33;mano;mano;NOUN;obj;Aprì;(ROOT (fc (f (ibar (VERB Aprì)) (compt (sn (DET la) (NOUN mano)))) (CCONJ e) (cp (savv (ADP a) (DET l') (ADJ improvviso)) (fc (f (sn (DET la) (NOUN bambina)) (ibar (VERB ricordò)) (compt (sv2 (ADP di) (VERB chiamar) (compt (PRON si) (sn (PROPN Antonella)))))) (CCONJ e) (f (ibar (PRON si) (VERB mise)) (compin (sv2 (ADP a) (VERB saltare) (compin (sp (ADP per) (sn (DET la) (NOUN gioia) (PUNCT .)))))))))));3.08 ± 0.86;5,382388218;content
343;33;e;e;CCONJ;cc;ricordò;(ROOT (fc (f (ibar (VERB Aprì)) (compt (sn (DET la) (NOUN mano)))) (CCONJ e) (cp (savv (ADP a) (DET l') (ADJ improvviso)) (fc (f (sn (DET la) (NOUN bambina)) (ibar (VERB ricordò)) (compt (sv2 (ADP di) (VERB chiamar) (compt (PRON si) (sn (PROPN Antonella)))))) (CCONJ e) (f (ibar (PRON si) (VERB mise)) (compin (sv2 (ADP a) (VERB saltare) (compin (sp (ADP per) (sn (DET la) (NOUN gioia) (PUNCT .)))))))))));;2,741151583;function
344;33;all;a;ADP;case;improvviso;(ROOT (fc (f (ibar (VERB Aprì)) (compt (sn (DET la) (NOUN mano)))) (CCONJ e) (cp (savv (ADP a) (DET l') (ADJ improvviso)) (fc (f (sn (DET la) (NOUN bambina)) (ibar (VERB ricordò)) (compt (sv2 (ADP di) (VERB chiamar) (compt (PRON si) (sn (PROPN Antonella)))))) (CCONJ e) (f (ibar (PRON si) (VERB mise)) (compin (sv2 (ADP a) (VERB saltare) (compin (sp (ADP per) (sn (DET la) (NOUN gioia) (PUNCT .)))))))))));;5,81126753;function
345;33;improvviso;improvviso;ADJ;obl;ricordò;(ROOT (fc (f (ibar (VERB Aprì)) (compt (sn (DET la) (NOUN mano)))) (CCONJ e) (cp (savv (ADP a) (DET l') (ADJ improvviso)) (fc (f (sn (DET la) (NOUN bambina)) (ibar (VERB ricordò)) (compt (sv2 (ADP di) (VERB chiamar) (compt (PRON si) (sn (PROPN Antonella)))))) (CCONJ e) (f (ibar (PRON si) (VERB mise)) (compin (sv2 (ADP a) (VERB saltare) (compin (sp (ADP per) (sn (DET la) (NOUN gioia) (PUNCT .)))))))))));;4,516644088;content
346;33;la;il;DET;det;bambina;(ROOT (fc (f (ibar (VERB Aprì)) (compt (sn (DET la) (NOUN mano)))) (CCONJ e) (cp (savv (ADP a) (DET l') (ADJ improvviso)) (fc (f (sn (DET la) (NOUN bambina)) (ibar (VERB ricordò)) (compt (sv2 (ADP di) (VERB chiamar) (compt (PRON si) (sn (PROPN Antonella)))))) (CCONJ e) (f (ibar (PRON si) (VERB mise)) (compin (sv2 (ADP a) (VERB saltare) (compin (sp (ADP per) (sn (DET la) (NOUN gioia) (PUNCT .)))))))))));;7,055331658;function
347;33;bambina;bambino;NOUN;nsubj;ricordò;(ROOT (fc (f (ibar (VERB Aprì)) (compt (sn (DET la) (NOUN mano)))) (CCONJ e) (cp (savv (ADP a) (DET l') (ADJ improvviso)) (fc (f (sn (DET la) (NOUN bambina)) (ibar (VERB ricordò)) (compt (sv2 (ADP di) (VERB chiamar) (compt (PRON si) (sn (PROPN Antonella)))))) (CCONJ e) (f (ibar (PRON si) (VERB mise)) (compin (sv2 (ADP a) (VERB saltare) (compin (sp (ADP per) (sn (DET la) (NOUN gioia) (PUNCT .)))))))))));3.20 ± 1.12;4,98282431;content
348;33;ricordò;ricordare;VERB;conj;Aprì;(ROOT (fc (f (ibar (VERB Aprì)) (compt (sn (DET la) (NOUN mano)))) (CCONJ e) (cp (savv (ADP a) (DET l') (ADJ improvviso)) (fc (f (sn (DET la) (NOUN bambina)) (ibar (VERB ricordò)) (compt (sv2 (ADP di) (VERB chiamar) (compt (PRON si) (sn (PROPN Antonella)))))) (CCONJ e) (f (ibar (PRON si) (VERB mise)) (compin (sv2 (ADP a) (VERB saltare) (compin (sp (ADP per) (sn (DET la) (NOUN gioia) (PUNCT .)))))))))));;2,747225731;content
349;33;di;di;ADP;mark;chiamar;(ROOT (fc (f (ibar (VERB Aprì)) (compt (sn (DET la) (NOUN mano)))) (CCONJ e) (cp (savv (ADP a) (DET l') (ADJ improvviso)) (fc (f (sn (DET la) (NOUN bambina)) (ibar (VERB ricordò)) (compt (sv2 (ADP di) (VERB chiamar) (compt (PRON si) (sn (PROPN Antonella)))))) (CCONJ e) (f (ibar (PRON si) (VERB mise)) (compin (sv2 (ADP a) (VERB saltare) (compin (sp (ADP per) (sn (DET la) (NOUN gioia) (PUNCT .)))))))))));;7,232814475;function
350;33;chiamarsi;chiamare;VERB;xcomp;ricordò;(ROOT (fc (f (ibar (VERB Aprì)) (compt (sn (DET la) (NOUN mano)))) (CCONJ e) (cp (savv (ADP a) (DET l') (ADJ improvviso)) (fc (f (sn (DET la) (NOUN bambina)) (ibar (VERB ricordò)) (compt (sv2 (ADP di) (VERB chiamar) (compt (PRON si) (sn (PROPN Antonella)))))) (CCONJ e) (f (ibar (PRON si) (VERB mise)) (compin (sv2 (ADP a) (VERB saltare) (compin (sp (ADP per) (sn (DET la) (NOUN gioia) (PUNCT .)))))))))));;3,435200351;content
351;33;antonella;Antonella;PROPN;obj;chiamar;(ROOT (fc (f (ibar (VERB Aprì)) (compt (sn (DET la) (NOUN mano)))) (CCONJ e) (cp (savv (ADP a) (DET l') (ADJ improvviso)) (fc (f (sn (DET la) (NOUN bambina)) (ibar (VERB ricordò)) (compt (sv2 (ADP di) (VERB chiamar) (compt (PRON si) (sn (PROPN Antonella)))))) (CCONJ e) (f (ibar (PRON si) (VERB mise)) (compin (sv2 (ADP a) (VERB saltare) (compin (sp (ADP per) (sn (DET la) (NOUN gioia) (PUNCT .)))))))))));;;content
352;33;e;e;CCONJ;cc;mise;(ROOT (fc (f (ibar (VERB Aprì)) (compt (sn (DET la) (NOUN mano)))) (CCONJ e) (cp (savv (ADP a) (DET l') (ADJ improvviso)) (fc (f (sn (DET la) (NOUN bambina)) (ibar (VERB ricordò)) (compt (sv2 (ADP di) (VERB chiamar) (compt (PRON si) (sn (PROPN Antonella)))))) (CCONJ e) (f (ibar (PRON si) (VERB mise)) (compin (sv2 (ADP a) (VERB saltare) (compin (sp (ADP per) (sn (DET la) (NOUN gioia) (PUNCT .)))))))))));;2,741151583;function
353;33;si;si;PRON;expl;mise;(ROOT (fc (f (ibar (VERB Aprì)) (compt (sn (DET la) (NOUN mano)))) (CCONJ e) (cp (savv (ADP a) (DET l') (ADJ improvviso)) (fc (f (sn (DET la) (NOUN bambina)) (ibar (VERB ricordò)) (compt (sv2 (ADP di) (VERB chiamar) (compt (PRON si) (sn (PROPN Antonella)))))) (CCONJ e) (f (ibar (PRON si) (VERB mise)) (compin (sv2 (ADP a) (VERB saltare) (compin (sp (ADP per) (sn (DET la) (NOUN gioia) (PUNCT .)))))))))));;6,553884221;function
354;33;mise;mettere;VERB;conj;Aprì;(ROOT (fc (f (ibar (VERB Aprì)) (compt (sn (DET la) (NOUN mano)))) (CCONJ e) (cp (savv (ADP a) (DET l') (ADJ improvviso)) (fc (f (sn (DET la) (NOUN bambina)) (ibar (VERB ricordò)) (compt (sv2 (ADP di) (VERB chiamar) (compt (PRON si) (sn (PROPN Antonella)))))) (CCONJ e) (f (ibar (PRON si) (VERB mise)) (compin (sv2 (ADP a) (VERB saltare) (compin (sp (ADP per) (sn (DET la) (NOUN gioia) (PUNCT .)))))))))));4.28 ± 1.59;3,850364012;content
355;33;a;a;ADP;mark;saltare;(ROOT (fc (f (ibar (VERB Aprì)) (compt (sn (DET la) (NOUN mano)))) (CCONJ e) (cp (savv (ADP a) (DET l') (ADJ improvviso)) (fc (f (sn (DET la) (NOUN bambina)) (ibar (VERB ricordò)) (compt (sv2 (ADP di) (VERB chiamar) (compt (PRON si) (sn (PROPN Antonella)))))) (CCONJ e) (f (ibar (PRON si) (VERB mise)) (compin (sv2 (ADP a) (VERB saltare) (compin (sp (ADP per) (sn (DET la) (NOUN gioia) (PUNCT .)))))))))));;7,004335738;function
356;33;saltare;saltare;VERB;xcomp;mise;(ROOT (fc (f (ibar (VERB Aprì)) (compt (sn (DET la) (NOUN mano)))) (CCONJ e) (cp (savv (ADP a) (DET l') (ADJ improvviso)) (fc (f (sn (DET la) (NOUN bambina)) (ibar (VERB ricordò)) (compt (sv2 (ADP di) (VERB chiamar) (compt (PRON si) (sn (PROPN Antonella)))))) (CCONJ e) (f (ibar (PRON si) (VERB mise)) (compin (sv2 (ADP a) (VERB saltare) (compin (sp (ADP per) (sn (DET la) (NOUN gioia) (PUNCT .)))))))))));3.48 ± 1.66;4,683054764;content
357;33;per;per;ADP;case;gioia;(ROOT (fc (f (ibar (VERB Aprì)) (compt (sn (DET la) (NOUN mano)))) (CCONJ e) (cp (savv (ADP a) (DET l') (ADJ improvviso)) (fc (f (sn (DET la) (NOUN bambina)) (ibar (VERB ricordò)) (compt (sv2 (ADP di) (VERB chiamar) (compt (PRON si) (sn (PROPN Antonella)))))) (CCONJ e) (f (ibar (PRON si) (VERB mise)) (compin (sv2 (ADP a) (VERB saltare) (compin (sp (ADP per) (sn (DET la) (NOUN gioia) (PUNCT .)))))))))));;6,912435835;function
358;33;la;il;DET;det;gioia;(ROOT (fc (f (ibar (VERB Aprì)) (compt (sn (DET la) (NOUN mano)))) (CCONJ e) (cp (savv (ADP a) (DET l') (ADJ improvviso)) (fc (f (sn (DET la) (NOUN bambina)) (ibar (VERB ricordò)) (compt (sv2 (ADP di) (VERB chiamar) (compt (PRON si) (sn (PROPN Antonella)))))) (CCONJ e) (f (ibar (PRON si) (VERB mise)) (compin (sv2 (ADP a) (VERB saltare) (compin (sp (ADP per) (sn (DET la) (NOUN gioia) (PUNCT .)))))))))));;7,055331658;function
359;33;gioia;gioia;NOUN;obl;saltare;(ROOT (fc (f (ibar (VERB Aprì)) (compt (sn (DET la) (NOUN mano)))) (CCONJ e) (cp (savv (ADP a) (DET l') (ADJ improvviso)) (fc (f (sn (DET la) (NOUN bambina)) (ibar (VERB ricordò)) (compt (sv2 (ADP di) (VERB chiamar) (compt (PRON si) (sn (PROPN Antonella)))))) (CCONJ e) (f (ibar (PRON si) (VERB mise)) (compin (sv2 (ADP a) (VERB saltare) (compin (sp (ADP per) (sn (DET la) (NOUN gioia) (PUNCT .)))))))))));5.60 ± 2.08;4,379992239;content
360;34;corse;corsa;NOUN;root;ROOT;(ROOT (cp_int (fc (f3 (sn (NOUN Corse) (sp (ADP a) (sn (NOUN casa))))) (PUNCT ,) (CCONJ e) (f (sn (DET la) (NOUN mamma)) (ibar (VERB chiese))) (dirsp (PUNCT :) (PUNCT -) (fint (ADV dove) (f (sn (X is) (X i)) (VERB andata)) (PUNCT ,) (sn (PROPN Antonella))))) (PUNCT ?)));;3,872616622;content
361;34;a;a;ADP;case;casa;(ROOT (cp_int (fc (f3 (sn (NOUN Corse) (sp (ADP a) (sn (NOUN casa))))) (PUNCT ,) (CCONJ e) (f (sn (DET la) (NOUN mamma)) (ibar (VERB chiese))) (dirsp (PUNCT :) (PUNCT -) (fint (ADV dove) (f (sn (X is) (X i)) (VERB andata)) (PUNCT ,) (sn (PROPN Antonella))))) (PUNCT ?)));;7,004335738;function
362;34;casa;casa;NOUN;nmod;Corse;(ROOT (cp_int (fc (f3 (sn (NOUN Corse) (sp (ADP a) (sn (NOUN casa))))) (PUNCT ,) (CCONJ e) (f (sn (DET la) (NOUN mamma)) (ibar (VERB chiese))) (dirsp (PUNCT :) (PUNCT -) (fint (ADV dove) (f (sn (X is) (X i)) (VERB andata)) (PUNCT ,) (sn (PROPN Antonella))))) (PUNCT ?)));3.40 ± 1.63;6,003702937;content
363;34;e;e;CCONJ;cc;chiese;(ROOT (cp_int (fc (f3 (sn (NOUN Corse) (sp (ADP a) (sn (NOUN casa))))) (PUNCT ,) (CCONJ e) (f (sn (DET la) (NOUN mamma)) (ibar (VERB chiese))) (dirsp (PUNCT :) (PUNCT -) (fint (ADV dove) (f (sn (X is) (X i)) (VERB andata)) (PUNCT ,) (sn (PROPN Antonella))))) (PUNCT ?)));;2,741151583;function
364;34;la;il;DET;det;mamma;(ROOT (cp_int (fc (f3 (sn (NOUN Corse) (sp (ADP a) (sn (NOUN casa))))) (PUNCT ,) (CCONJ e) (f (sn (DET la) (NOUN mamma)) (ibar (VERB chiese))) (dirsp (PUNCT :) (PUNCT -) (fint (ADV dove) (f (sn (X is) (X i)) (VERB andata)) (PUNCT ,) (sn (PROPN Antonella))))) (PUNCT ?)));;7,055331658;function
365;34;mamma;mamma;NOUN;nsubj;chiese;(ROOT (cp_int (fc (f3 (sn (NOUN Corse) (sp (ADP a) (sn (NOUN casa))))) (PUNCT ,) (CCONJ e) (f (sn (DET la) (NOUN mamma)) (ibar (VERB chiese))) (dirsp (PUNCT :) (PUNCT -) (fint (ADV dove) (f (sn (X is) (X i)) (VERB andata)) (PUNCT ,) (sn (PROPN Antonella))))) (PUNCT ?)));1.88 ± 1.27;5,66327005;content
366;34;chiese;chiedere;VERB;conj;Corse;(ROOT (cp_int (fc (f3 (sn (NOUN Corse) (sp (ADP a) (sn (NOUN casa))))) (PUNCT ,) (CCONJ e) (f (sn (DET la) (NOUN mamma)) (ibar (VERB chiese))) (dirsp (PUNCT :) (PUNCT -) (fint (ADV dove) (f (sn (X is) (X i)) (VERB andata)) (PUNCT ,) (sn (PROPN Antonella))))) (PUNCT ?)));;4,030401277;content
367;34;dove;dove;ADV;advmod;is;(ROOT (cp_int (fc (f3 (sn (NOUN Corse) (sp (ADP a) (sn (NOUN casa))))) (PUNCT ,) (CCONJ e) (f (sn (DET la) (NOUN mamma)) (ibar (VERB chiese))) (dirsp (PUNCT :) (PUNCT -) (fint (ADV dove) (f (sn (X is) (X i)) (VERB andata)) (PUNCT ,) (sn (PROPN Antonella))))) (PUNCT ?)));;6,018789847;function
368;34;sei;is;X;parataxis;Corse;(ROOT (cp_int (fc (f3 (sn (NOUN Corse) (sp (ADP a) (sn (NOUN casa))))) (PUNCT ,) (CCONJ e) (f (sn (DET la) (NOUN mamma)) (ibar (VERB chiese))) (dirsp (PUNCT :) (PUNCT -) (fint (ADV dove) (f (sn (X is) (X i)) (VERB andata)) (PUNCT ,) (sn (PROPN Antonella))))) (PUNCT ?)));;6,430432922;NaN
369;34;andata;andare;VERB;acl;is;(ROOT (cp_int (fc (f3 (sn (NOUN Corse) (sp (ADP a) (sn (NOUN casa))))) (PUNCT ,) (CCONJ e) (f (sn (DET la) (NOUN mamma)) (ibar (VERB chiese))) (dirsp (PUNCT :) (PUNCT -) (fint (ADV dove) (f (sn (X is) (X i)) (VERB andata)) (PUNCT ,) (sn (PROPN Antonella))))) (PUNCT ?)));4.20 ± 1.44;5,303628751;content
370;34;antonella;Antonella;PROPN;conj;is;(ROOT (cp_int (fc (f3 (sn (NOUN Corse) (sp (ADP a) (sn (NOUN casa))))) (PUNCT ,) (CCONJ e) (f (sn (DET la) (NOUN mamma)) (ibar (VERB chiese))) (dirsp (PUNCT :) (PUNCT -) (fint (ADV dove) (f (sn (X is) (X i)) (VERB andata)) (PUNCT ,) (sn (PROPN Antonella))))) (PUNCT ?)));;;content
371;35;avevo;avere;AUX;aux;perso;(ROOT (dirsp (PUNCT -) (f (ibar (AUX Avevo) (VERB perso)) (compt (sn (DET una) (NOUN cosa) (sa (ADJ importante))))) (PUNCT ,) (f3 (sn (NOUN mamma))) (fp (PUNCT -) (f (ibar (VERB disse)) (compt (sn (DET la) (NOUN bambina)))) (PUNCT ,)) (CCONJ e) (f (ibar (PRON lo) (VERB disse)) (compt (savv (ADV così) (sa (ADJ seria))))) (PUNCT ,) (fac (SCONJ che) (f (sn (DET la) (NOUN mamma)) (ibar (PRON le) (VERB diede)) (compt (sn (DET un) (NOUN bacio)) (spd (ADP di) (sn (PRON quelli) (f2 (PRON che) (f (ibar (VERB fanno)) (compt (sn (NOUN rumore)))))))))) (PUNCT .)));;5,57360652;function
372;35;perso;perdere;VERB;root;ROOT;(ROOT (dirsp (PUNCT -) (f (ibar (AUX Avevo) (VERB perso)) (compt (sn (DET una) (NOUN cosa) (sa (ADJ importante))))) (PUNCT ,) (f3 (sn (NOUN mamma))) (fp (PUNCT -) (f (ibar (VERB disse)) (compt (sn (DET la) (NOUN bambina)))) (PUNCT ,)) (CCONJ e) (f (ibar (PRON lo) (VERB disse)) (compt (savv (ADV così) (sa (ADJ seria))))) (PUNCT ,) (fac (SCONJ che) (f (sn (DET la) (NOUN mamma)) (ibar (PRON le) (VERB diede)) (compt (sn (DET un) (NOUN bacio)) (spd (ADP di) (sn (PRON quelli) (f2 (PRON che) (f (ibar (VERB fanno)) (compt (sn (NOUN rumore)))))))))) (PUNCT .)));;5,292824891;content
373;35;una;uno;DET;det;cosa;(ROOT (dirsp (PUNCT -) (f (ibar (AUX Avevo) (VERB perso)) (compt (sn (DET una) (NOUN cosa) (sa (ADJ importante))))) (PUNCT ,) (f3 (sn (NOUN mamma))) (fp (PUNCT -) (f (ibar (VERB disse)) (compt (sn (DET la) (NOUN bambina)))) (PUNCT ,)) (CCONJ e) (f (ibar (PRON lo) (VERB disse)) (compt (savv (ADV così) (sa (ADJ seria))))) (PUNCT ,) (fac (SCONJ che) (f (sn (DET la) (NOUN mamma)) (ibar (PRON le) (VERB diede)) (compt (sn (DET un) (NOUN bacio)) (spd (ADP di) (sn (PRON quelli) (f2 (PRON che) (f (ibar (VERB fanno)) (compt (sn (NOUN rumore)))))))))) (PUNCT .)));;6,801817508;function
374;35;cosa;cosa;NOUN;obj;perso;(ROOT (dirsp (PUNCT -) (f (ibar (AUX Avevo) (VERB perso)) (compt (sn (DET una) (NOUN cosa) (sa (ADJ importante))))) (PUNCT ,) (f3 (sn (NOUN mamma))) (fp (PUNCT -) (f (ibar (VERB disse)) (compt (sn (DET la) (NOUN bambina)))) (PUNCT ,)) (CCONJ e) (f (ibar (PRON lo) (VERB disse)) (compt (savv (ADV così) (sa (ADJ seria))))) (PUNCT ,) (fac (SCONJ che) (f (sn (DET la) (NOUN mamma)) (ibar (PRON le) (VERB diede)) (compt (sn (DET un) (NOUN bacio)) (spd (ADP di) (sn (PRON quelli) (f2 (PRON che) (f (ibar (VERB fanno)) (compt (sn (NOUN rumore)))))))))) (PUNCT .)));;6,632253028;content
375;35;importante;importante;ADJ;amod;cosa;(ROOT (dirsp (PUNCT -) (f (ibar (AUX Avevo) (VERB perso)) (compt (sn (DET una) (NOUN cosa) (sa (ADJ importante))))) (PUNCT ,) (f3 (sn (NOUN mamma))) (fp (PUNCT -) (f (ibar (VERB disse)) (compt (sn (DET la) (NOUN bambina)))) (PUNCT ,)) (CCONJ e) (f (ibar (PRON lo) (VERB disse)) (compt (savv (ADV così) (sa (ADJ seria))))) (PUNCT ,) (fac (SCONJ che) (f (sn (DET la) (NOUN mamma)) (ibar (PRON le) (VERB diede)) (compt (sn (DET un) (NOUN bacio)) (spd (ADP di) (sn (PRON quelli) (f2 (PRON che) (f (ibar (VERB fanno)) (compt (sn (NOUN rumore)))))))))) (PUNCT .)));;5,281903918;content
376;35;mamma;mamma;NOUN;vocative;perso;(ROOT (dirsp (PUNCT -) (f (ibar (AUX Avevo) (VERB perso)) (compt (sn (DET una) (NOUN cosa) (sa (ADJ importante))))) (PUNCT ,) (f3 (sn (NOUN mamma))) (fp (PUNCT -) (f (ibar (VERB disse)) (compt (sn (DET la) (NOUN bambina)))) (PUNCT ,)) (CCONJ e) (f (ibar (PRON lo) (VERB disse)) (compt (savv (ADV così) (sa (ADJ seria))))) (PUNCT ,) (fac (SCONJ che) (f (sn (DET la) (NOUN mamma)) (ibar (PRON le) (VERB diede)) (compt (sn (DET un) (NOUN bacio)) (spd (ADP di) (sn (PRON quelli) (f2 (PRON che) (f (ibar (VERB fanno)) (compt (sn (NOUN rumore)))))))))) (PUNCT .)));1.88 ± 1.27;5,66327005;content
377;35;disse;dire;VERB;parataxis;perso;(ROOT (dirsp (PUNCT -) (f (ibar (AUX Avevo) (VERB perso)) (compt (sn (DET una) (NOUN cosa) (sa (ADJ importante))))) (PUNCT ,) (f3 (sn (NOUN mamma))) (fp (PUNCT -) (f (ibar (VERB disse)) (compt (sn (DET la) (NOUN bambina)))) (PUNCT ,)) (CCONJ e) (f (ibar (PRON lo) (VERB disse)) (compt (savv (ADV così) (sa (ADJ seria))))) (PUNCT ,) (fac (SCONJ che) (f (sn (DET la) (NOUN mamma)) (ibar (PRON le) (VERB diede)) (compt (sn (DET un) (NOUN bacio)) (spd (ADP di) (sn (PRON quelli) (f2 (PRON che) (f (ibar (VERB fanno)) (compt (sn (NOUN rumore)))))))))) (PUNCT .)));4.08 ± 1.73;4,869305017;content
378;35;la;il;DET;det;bambina;(ROOT (dirsp (PUNCT -) (f (ibar (AUX Avevo) (VERB perso)) (compt (sn (DET una) (NOUN cosa) (sa (ADJ importante))))) (PUNCT ,) (f3 (sn (NOUN mamma))) (fp (PUNCT -) (f (ibar (VERB disse)) (compt (sn (DET la) (NOUN bambina)))) (PUNCT ,)) (CCONJ e) (f (ibar (PRON lo) (VERB disse)) (compt (savv (ADV così) (sa (ADJ seria))))) (PUNCT ,) (fac (SCONJ che) (f (sn (DET la) (NOUN mamma)) (ibar (PRON le) (VERB diede)) (compt (sn (DET un) (NOUN bacio)) (spd (ADP di) (sn (PRON quelli) (f2 (PRON che) (f (ibar (VERB fanno)) (compt (sn (NOUN rumore)))))))))) (PUNCT .)));;7,055331658;function
379;35;bambina;bambino;NOUN;nsubj;disse;(ROOT (dirsp (PUNCT -) (f (ibar (AUX Avevo) (VERB perso)) (compt (sn (DET una) (NOUN cosa) (sa (ADJ importante))))) (PUNCT ,) (f3 (sn (NOUN mamma))) (fp (PUNCT -) (f (ibar (VERB disse)) (compt (sn (DET la) (NOUN bambina)))) (PUNCT ,)) (CCONJ e) (f (ibar (PRON lo) (VERB disse)) (compt (savv (ADV così) (sa (ADJ seria))))) (PUNCT ,) (fac (SCONJ che) (f (sn (DET la) (NOUN mamma)) (ibar (PRON le) (VERB diede)) (compt (sn (DET un) (NOUN bacio)) (spd (ADP di) (sn (PRON quelli) (f2 (PRON che) (f (ibar (VERB fanno)) (compt (sn (NOUN rumore)))))))))) (PUNCT .)));3.20 ± 1.12;4,98282431;content
380;35;e;e;CCONJ;cc;disse;(ROOT (dirsp (PUNCT -) (f (ibar (AUX Avevo) (VERB perso)) (compt (sn (DET una) (NOUN cosa) (sa (ADJ importante))))) (PUNCT ,) (f3 (sn (NOUN mamma))) (fp (PUNCT -) (f (ibar (VERB disse)) (compt (sn (DET la) (NOUN bambina)))) (PUNCT ,)) (CCONJ e) (f (ibar (PRON lo) (VERB disse)) (compt (savv (ADV così) (sa (ADJ seria))))) (PUNCT ,) (fac (SCONJ che) (f (sn (DET la) (NOUN mamma)) (ibar (PRON le) (VERB diede)) (compt (sn (DET un) (NOUN bacio)) (spd (ADP di) (sn (PRON quelli) (f2 (PRON che) (f (ibar (VERB fanno)) (compt (sn (NOUN rumore)))))))))) (PUNCT .)));;2,741151583;function
381;35;lo;lo;PRON;obj;disse;(ROOT (dirsp (PUNCT -) (f (ibar (AUX Avevo) (VERB perso)) (compt (sn (DET una) (NOUN cosa) (sa (ADJ importante))))) (PUNCT ,) (f3 (sn (NOUN mamma))) (fp (PUNCT -) (f (ibar (VERB disse)) (compt (sn (DET la) (NOUN bambina)))) (PUNCT ,)) (CCONJ e) (f (ibar (PRON lo) (VERB disse)) (compt (savv (ADV così) (sa (ADJ seria))))) (PUNCT ,) (fac (SCONJ che) (f (sn (DET la) (NOUN mamma)) (ibar (PRON le) (VERB diede)) (compt (sn (DET un) (NOUN bacio)) (spd (ADP di) (sn (PRON quelli) (f2 (PRON che) (f (ibar (VERB fanno)) (compt (sn (NOUN rumore)))))))))) (PUNCT .)));;6,655915487;function
382;35;disse;dire;VERB;conj;perso;(ROOT (dirsp (PUNCT -) (f (ibar (AUX Avevo) (VERB perso)) (compt (sn (DET una) (NOUN cosa) (sa (ADJ importante))))) (PUNCT ,) (f3 (sn (NOUN mamma))) (fp (PUNCT -) (f (ibar (VERB disse)) (compt (sn (DET la) (NOUN bambina)))) (PUNCT ,)) (CCONJ e) (f (ibar (PRON lo) (VERB disse)) (compt (savv (ADV così) (sa (ADJ seria))))) (PUNCT ,) (fac (SCONJ che) (f (sn (DET la) (NOUN mamma)) (ibar (PRON le) (VERB diede)) (compt (sn (DET un) (NOUN bacio)) (spd (ADP di) (sn (PRON quelli) (f2 (PRON che) (f (ibar (VERB fanno)) (compt (sn (NOUN rumore)))))))))) (PUNCT .)));4.08 ± 1.73;4,869305017;content
383;35;così;così;ADV;advmod;disse;(ROOT (dirsp (PUNCT -) (f (ibar (AUX Avevo) (VERB perso)) (compt (sn (DET una) (NOUN cosa) (sa (ADJ importante))))) (PUNCT ,) (f3 (sn (NOUN mamma))) (fp (PUNCT -) (f (ibar (VERB disse)) (compt (sn (DET la) (NOUN bambina)))) (PUNCT ,)) (CCONJ e) (f (ibar (PRON lo) (VERB disse)) (compt (savv (ADV così) (sa (ADJ seria))))) (PUNCT ,) (fac (SCONJ che) (f (sn (DET la) (NOUN mamma)) (ibar (PRON le) (VERB diede)) (compt (sn (DET un) (NOUN bacio)) (spd (ADP di) (sn (PRON quelli) (f2 (PRON che) (f (ibar (VERB fanno)) (compt (sn (NOUN rumore)))))))))) (PUNCT .)));;6,287788074;function
384;35;seria;serio;ADJ;xcomp;disse;(ROOT (dirsp (PUNCT -) (f (ibar (AUX Avevo) (VERB perso)) (compt (sn (DET una) (NOUN cosa) (sa (ADJ importante))))) (PUNCT ,) (f3 (sn (NOUN mamma))) (fp (PUNCT -) (f (ibar (VERB disse)) (compt (sn (DET la) (NOUN bambina)))) (PUNCT ,)) (CCONJ e) (f (ibar (PRON lo) (VERB disse)) (compt (savv (ADV così) (sa (ADJ seria))))) (PUNCT ,) (fac (SCONJ che) (f (sn (DET la) (NOUN mamma)) (ibar (PRON le) (VERB diede)) (compt (sn (DET un) (NOUN bacio)) (spd (ADP di) (sn (PRON quelli) (f2 (PRON che) (f (ibar (VERB fanno)) (compt (sn (NOUN rumore)))))))))) (PUNCT .)));6.80 ± 2.53;4,410245738;content
385;35;che;che;SCONJ;mark;diede;(ROOT (dirsp (PUNCT -) (f (ibar (AUX Avevo) (VERB perso)) (compt (sn (DET una) (NOUN cosa) (sa (ADJ importante))))) (PUNCT ,) (f3 (sn (NOUN mamma))) (fp (PUNCT -) (f (ibar (VERB disse)) (compt (sn (DET la) (NOUN bambina)))) (PUNCT ,)) (CCONJ e) (f (ibar (PRON lo) (VERB disse)) (compt (savv (ADV così) (sa (ADJ seria))))) (PUNCT ,) (fac (SCONJ che) (f (sn (DET la) (NOUN mamma)) (ibar (PRON le) (VERB diede)) (compt (sn (DET un) (NOUN bacio)) (spd (ADP di) (sn (PRON quelli) (f2 (PRON che) (f (ibar (VERB fanno)) (compt (sn (NOUN rumore)))))))))) (PUNCT .)));;7,250456545;function
386;35;la;il;DET;det;mamma;(ROOT (dirsp (PUNCT -) (f (ibar (AUX Avevo) (VERB perso)) (compt (sn (DET una) (NOUN cosa) (sa (ADJ importante))))) (PUNCT ,) (f3 (sn (NOUN mamma))) (fp (PUNCT -) (f (ibar (VERB disse)) (compt (sn (DET la) (NOUN bambina)))) (PUNCT ,)) (CCONJ e) (f (ibar (PRON lo) (VERB disse)) (compt (savv (ADV così) (sa (ADJ seria))))) (PUNCT ,) (fac (SCONJ che) (f (sn (DET la) (NOUN mamma)) (ibar (PRON le) (VERB diede)) (compt (sn (DET un) (NOUN bacio)) (spd (ADP di) (sn (PRON quelli) (f2 (PRON che) (f (ibar (VERB fanno)) (compt (sn (NOUN rumore)))))))))) (PUNCT .)));;7,055331658;function
387;35;mamma;mamma;NOUN;nsubj;diede;(ROOT (dirsp (PUNCT -) (f (ibar (AUX Avevo) (VERB perso)) (compt (sn (DET una) (NOUN cosa) (sa (ADJ importante))))) (PUNCT ,) (f3 (sn (NOUN mamma))) (fp (PUNCT -) (f (ibar (VERB disse)) (compt (sn (DET la) (NOUN bambina)))) (PUNCT ,)) (CCONJ e) (f (ibar (PRON lo) (VERB disse)) (compt (savv (ADV così) (sa (ADJ seria))))) (PUNCT ,) (fac (SCONJ che) (f (sn (DET la) (NOUN mamma)) (ibar (PRON le) (VERB diede)) (compt (sn (DET un) (NOUN bacio)) (spd (ADP di) (sn (PRON quelli) (f2 (PRON che) (f (ibar (VERB fanno)) (compt (sn (NOUN rumore)))))))))) (PUNCT .)));1.88 ± 1.27;5,66327005;content
388;35;le;le;PRON;iobj;diede;(ROOT (dirsp (PUNCT -) (f (ibar (AUX Avevo) (VERB perso)) (compt (sn (DET una) (NOUN cosa) (sa (ADJ importante))))) (PUNCT ,) (f3 (sn (NOUN mamma))) (fp (PUNCT -) (f (ibar (VERB disse)) (compt (sn (DET la) (NOUN bambina)))) (PUNCT ,)) (CCONJ e) (f (ibar (PRON lo) (VERB disse)) (compt (savv (ADV così) (sa (ADJ seria))))) (PUNCT ,) (fac (SCONJ che) (f (sn (DET la) (NOUN mamma)) (ibar (PRON le) (VERB diede)) (compt (sn (DET un) (NOUN bacio)) (spd (ADP di) (sn (PRON quelli) (f2 (PRON che) (f (ibar (VERB fanno)) (compt (sn (NOUN rumore)))))))))) (PUNCT .)));;6,624997683;function
389;35;diede;dare;VERB;advcl;disse;(ROOT (dirsp (PUNCT -) (f (ibar (AUX Avevo) (VERB perso)) (compt (sn (DET una) (NOUN cosa) (sa (ADJ importante))))) (PUNCT ,) (f3 (sn (NOUN mamma))) (fp (PUNCT -) (f (ibar (VERB disse)) (compt (sn (DET la) (NOUN bambina)))) (PUNCT ,)) (CCONJ e) (f (ibar (PRON lo) (VERB disse)) (compt (savv (ADV così) (sa (ADJ seria))))) (PUNCT ,) (fac (SCONJ che) (f (sn (DET la) (NOUN mamma)) (ibar (PRON le) (VERB diede)) (compt (sn (DET un) (NOUN bacio)) (spd (ADP di) (sn (PRON quelli) (f2 (PRON che) (f (ibar (VERB fanno)) (compt (sn (NOUN rumore)))))))))) (PUNCT .)));4.60 ± 2.29;3,965804996;content
390;35;un;uno;DET;det;bacio;(ROOT (dirsp (PUNCT -) (f (ibar (AUX Avevo) (VERB perso)) (compt (sn (DET una) (NOUN cosa) (sa (ADJ importante))))) (PUNCT ,) (f3 (sn (NOUN mamma))) (fp (PUNCT -) (f (ibar (VERB disse)) (compt (sn (DET la) (NOUN bambina)))) (PUNCT ,)) (CCONJ e) (f (ibar (PRON lo) (VERB disse)) (compt (savv (ADV così) (sa (ADJ seria))))) (PUNCT ,) (fac (SCONJ che) (f (sn (DET la) (NOUN mamma)) (ibar (PRON le) (VERB diede)) (compt (sn (DET un) (NOUN bacio)) (spd (ADP di) (sn (PRON quelli) (f2 (PRON che) (f (ibar (VERB fanno)) (compt (sn (NOUN rumore)))))))))) (PUNCT .)));;7,065833912;function
391;35;bacio;bacio;NOUN;obj;diede;(ROOT (dirsp (PUNCT -) (f (ibar (AUX Avevo) (VERB perso)) (compt (sn (DET una) (NOUN cosa) (sa (ADJ importante))))) (PUNCT ,) (f3 (sn (NOUN mamma))) (fp (PUNCT -) (f (ibar (VERB disse)) (compt (sn (DET la) (NOUN bambina)))) (PUNCT ,)) (CCONJ e) (f (ibar (PRON lo) (VERB disse)) (compt (savv (ADV così) (sa (ADJ seria))))) (PUNCT ,) (fac (SCONJ che) (f (sn (DET la) (NOUN mamma)) (ibar (PRON le) (VERB diede)) (compt (sn (DET un) (NOUN bacio)) (spd (ADP di) (sn (PRON quelli) (f2 (PRON che) (f (ibar (VERB fanno)) (compt (sn (NOUN rumore)))))))))) (PUNCT .)));4.76 ± 3.31;4,565396619;content
392;35;di;di;ADP;case;quelli;(ROOT (dirsp (PUNCT -) (f (ibar (AUX Avevo) (VERB perso)) (compt (sn (DET una) (NOUN cosa) (sa (ADJ importante))))) (PUNCT ,) (f3 (sn (NOUN mamma))) (fp (PUNCT -) (f (ibar (VERB disse)) (compt (sn (DET la) (NOUN bambina)))) (PUNCT ,)) (CCONJ e) (f (ibar (PRON lo) (VERB disse)) (compt (savv (ADV così) (sa (ADJ seria))))) (PUNCT ,) (fac (SCONJ che) (f (sn (DET la) (NOUN mamma)) (ibar (PRON le) (VERB diede)) (compt (sn (DET un) (NOUN bacio)) (spd (ADP di) (sn (PRON quelli) (f2 (PRON che) (f (ibar (VERB fanno)) (compt (sn (NOUN rumore)))))))))) (PUNCT .)));;7,232814475;function
393;35;quelli;quello;PRON;nmod;bacio;(ROOT (dirsp (PUNCT -) (f (ibar (AUX Avevo) (VERB perso)) (compt (sn (DET una) (NOUN cosa) (sa (ADJ importante))))) (PUNCT ,) (f3 (sn (NOUN mamma))) (fp (PUNCT -) (f (ibar (VERB disse)) (compt (sn (DET la) (NOUN bambina)))) (PUNCT ,)) (CCONJ e) (f (ibar (PRON lo) (VERB disse)) (compt (savv (ADV così) (sa (ADJ seria))))) (PUNCT ,) (fac (SCONJ che) (f (sn (DET la) (NOUN mamma)) (ibar (PRON le) (VERB diede)) (compt (sn (DET un) (NOUN bacio)) (spd (ADP di) (sn (PRON quelli) (f2 (PRON che) (f (ibar (VERB fanno)) (compt (sn (NOUN rumore)))))))))) (PUNCT .)));;5,26778204;function
394;35;che;che;PRON;nsubj;fanno;(ROOT (dirsp (PUNCT -) (f (ibar (AUX Avevo) (VERB perso)) (compt (sn (DET una) (NOUN cosa) (sa (ADJ importante))))) (PUNCT ,) (f3 (sn (NOUN mamma))) (fp (PUNCT -) (f (ibar (VERB disse)) (compt (sn (DET la) (NOUN bambina)))) (PUNCT ,)) (CCONJ e) (f (ibar (PRON lo) (VERB disse)) (compt (savv (ADV così) (sa (ADJ seria))))) (PUNCT ,) (fac (SCONJ che) (f (sn (DET la) (NOUN mamma)) (ibar (PRON le) (VERB diede)) (compt (sn (DET un) (NOUN bacio)) (spd (ADP di) (sn (PRON quelli) (f2 (PRON che) (f (ibar (VERB fanno)) (compt (sn (NOUN rumore)))))))))) (PUNCT .)));;7,250456545;function
395;35;fanno;fare;VERB;acl:relcl;quelli;(ROOT (dirsp (PUNCT -) (f (ibar (AUX Avevo) (VERB perso)) (compt (sn (DET una) (NOUN cosa) (sa (ADJ importante))))) (PUNCT ,) (f3 (sn (NOUN mamma))) (fp (PUNCT -) (f (ibar (VERB disse)) (compt (sn (DET la) (NOUN bambina)))) (PUNCT ,)) (CCONJ e) (f (ibar (PRON lo) (VERB disse)) (compt (savv (ADV così) (sa (ADJ seria))))) (PUNCT ,) (fac (SCONJ che) (f (sn (DET la) (NOUN mamma)) (ibar (PRON le) (VERB diede)) (compt (sn (DET un) (NOUN bacio)) (spd (ADP di) (sn (PRON quelli) (f2 (PRON che) (f (ibar (VERB fanno)) (compt (sn (NOUN rumore)))))))))) (PUNCT .)));4.40 ± 2.22;5,244769657;content
396;35;rumore;rumore;NOUN;obj;fanno;(ROOT (dirsp (PUNCT -) (f (ibar (AUX Avevo) (VERB perso)) (compt (sn (DET una) (NOUN cosa) (sa (ADJ importante))))) (PUNCT ,) (f3 (sn (NOUN mamma))) (fp (PUNCT -) (f (ibar (VERB disse)) (compt (sn (DET la) (NOUN bambina)))) (PUNCT ,)) (CCONJ e) (f (ibar (PRON lo) (VERB disse)) (compt (savv (ADV così) (sa (ADJ seria))))) (PUNCT ,) (fac (SCONJ che) (f (sn (DET la) (NOUN mamma)) (ibar (PRON le) (VERB diede)) (compt (sn (DET un) (NOUN bacio)) (spd (ADP di) (sn (PRON quelli) (f2 (PRON che) (f (ibar (VERB fanno)) (compt (sn (NOUN rumore)))))))))) (PUNCT .)));4.64 ± 2.12;4,60856097;content
