token_id;sentence_ids;tokens_no_punct;lemma_no_punct;PoS;depparse;head;constituency;AoA(m+sd);Zipf_freq;type_of_words
1;0;il;il;DET;det;paese;(ROOT (f3 (sn (DET Il) (NOUN paese) (spd (ADP di) (sn (DET i) (NOUN cani) (PUNCT .))))));;7,039560886;function
2;0;paese;paese;NOUN;root;ROOT;(ROOT (f3 (sn (DET Il) (NOUN paese) (spd (ADP di) (sn (DET i) (NOUN cani) (PUNCT .))))));;5,055196927;content
3;0;dei;di;ADP;case;cani;(ROOT (f3 (sn (DET Il) (NOUN paese) (spd (ADP di) (sn (DET i) (NOUN cani) (PUNCT .))))));;6,108229139;function
4;0;cani;cane;NOUN;nmod;paese;(ROOT (f3 (sn (DET Il) (NOUN paese) (spd (ADP di) (sn (DET i) (NOUN cani) (PUNCT .))))));2.76 ± 1.23;4,594472684;content
5;1;c;ci;PRON;expl;era;(ROOT (f (ibar (PRON C') (VERB era)) (compc (sn (DET una) (NOUN volta)) (sn (DET uno) (sa (ADJ strano)) (sa (ADJ piccolo)) (NOUN paese))) (PUNCT .)));;6,166704172;function
6;1;era;essere;VERB;root;ROOT;(ROOT (f (ibar (PRON C') (VERB era)) (compc (sn (DET una) (NOUN volta)) (sn (DET uno) (sa (ADJ strano)) (sa (ADJ piccolo)) (NOUN paese))) (PUNCT .)));;6,283626334;content
7;1;una;uno;DET;det;volta;(ROOT (f (ibar (PRON C') (VERB era)) (compc (sn (DET una) (NOUN volta)) (sn (DET uno) (sa (ADJ strano)) (sa (ADJ piccolo)) (NOUN paese))) (PUNCT .)));;6,801817508;function
8;1;volta;volta;NOUN;obl;era;(ROOT (f (ibar (PRON C') (VERB era)) (compc (sn (DET una) (NOUN volta)) (sn (DET uno) (sa (ADJ strano)) (sa (ADJ piccolo)) (NOUN paese))) (PUNCT .)));;5,820011577;content
9;1;uno;uno;DET;det;paese;(ROOT (f (ibar (PRON C') (VERB era)) (compc (sn (DET una) (NOUN volta)) (sn (DET uno) (sa (ADJ strano)) (sa (ADJ piccolo)) (NOUN paese))) (PUNCT .)));;6,015055575;function
10;1;strano;strano;ADJ;amod;paese;(ROOT (f (ibar (PRON C') (VERB era)) (compc (sn (DET una) (NOUN volta)) (sn (DET uno) (sa (ADJ strano)) (sa (ADJ piccolo)) (NOUN paese))) (PUNCT .)));5.88 ± 2.11;5,190553923;content
11;1;piccolo;piccolo;ADJ;amod;paese;(ROOT (f (ibar (PRON C') (VERB era)) (compc (sn (DET una) (NOUN volta)) (sn (DET uno) (sa (ADJ strano)) (sa (ADJ piccolo)) (NOUN paese))) (PUNCT .)));4.12 ± 3.18;5,291431625;content
12;1;paese;paese;NOUN;nsubj;era;(ROOT (f (ibar (PRON C') (VERB era)) (compc (sn (DET una) (NOUN volta)) (sn (DET uno) (sa (ADJ strano)) (sa (ADJ piccolo)) (NOUN paese))) (PUNCT .)));;5,055196927;content
13;2;era;essere;AUX;aux:pass;composto;(ROOT (fc (f (ibar (AUX Era) (VERB composto)) (comppas (sp (ADP in) (sq (PRON tutto))) (spd (ADP di) (sn (NUM novantanove) (NOUN casette))))) (PUNCT ,) (CCONJ e) (f (sn (sq (DET ogni)) (NOUN casetta)) (ibar (VERB aveva)) (compc (sn (DET un) (NOUN giardinetto)) (coord (sp (ADP con) (sn (DET un) (NOUN cancelletto))) (PUNCT ,) (CCONJ e) (sp (ADP dietro) (sn (DET il) (NOUN cancelletto))) (sn (DET un) (NOUN cane) (f2 (PRON che) (f (ibar (VERB abbaiava)))))))) (PUNCT .)));;6,283626334;function
14;2;composto;comporre;VERB;root;ROOT;(ROOT (fc (f (ibar (AUX Era) (VERB composto)) (comppas (sp (ADP in) (sq (PRON tutto))) (spd (ADP di) (sn (NUM novantanove) (NOUN casette))))) (PUNCT ,) (CCONJ e) (f (sn (sq (DET ogni)) (NOUN casetta)) (ibar (VERB aveva)) (compc (sn (DET un) (NOUN giardinetto)) (coord (sp (ADP con) (sn (DET un) (NOUN cancelletto))) (PUNCT ,) (CCONJ e) (sp (ADP dietro) (sn (DET il) (NOUN cancelletto))) (sn (DET un) (NOUN cane) (f2 (PRON che) (f (ibar (VERB abbaiava)))))))) (PUNCT .)));;3,805820446;content
15;2;in;in;ADP;case;tutto;(ROOT (fc (f (ibar (AUX Era) (VERB composto)) (comppas (sp (ADP in) (sq (PRON tutto))) (spd (ADP di) (sn (NUM novantanove) (NOUN casette))))) (PUNCT ,) (CCONJ e) (f (sn (sq (DET ogni)) (NOUN casetta)) (ibar (VERB aveva)) (compc (sn (DET un) (NOUN giardinetto)) (coord (sp (ADP con) (sn (DET un) (NOUN cancelletto))) (PUNCT ,) (CCONJ e) (sp (ADP dietro) (sn (DET il) (NOUN cancelletto))) (sn (DET un) (NOUN cane) (f2 (PRON che) (f (ibar (VERB abbaiava)))))))) (PUNCT .)));;6,797274494;function
16;2;tutto;tutto;PRON;obl;composto;(ROOT (fc (f (ibar (AUX Era) (VERB composto)) (comppas (sp (ADP in) (sq (PRON tutto))) (spd (ADP di) (sn (NUM novantanove) (NOUN casette))))) (PUNCT ,) (CCONJ e) (f (sn (sq (DET ogni)) (NOUN casetta)) (ibar (VERB aveva)) (compc (sn (DET un) (NOUN giardinetto)) (coord (sp (ADP con) (sn (DET un) (NOUN cancelletto))) (PUNCT ,) (CCONJ e) (sp (ADP dietro) (sn (DET il) (NOUN cancelletto))) (sn (DET un) (NOUN cane) (f2 (PRON che) (f (ibar (VERB abbaiava)))))))) (PUNCT .)));;6,306603623;function
17;2;di;di;ADP;case;casette;(ROOT (fc (f (ibar (AUX Era) (VERB composto)) (comppas (sp (ADP in) (sq (PRON tutto))) (spd (ADP di) (sn (NUM novantanove) (NOUN casette))))) (PUNCT ,) (CCONJ e) (f (sn (sq (DET ogni)) (NOUN casetta)) (ibar (VERB aveva)) (compc (sn (DET un) (NOUN giardinetto)) (coord (sp (ADP con) (sn (DET un) (NOUN cancelletto))) (PUNCT ,) (CCONJ e) (sp (ADP dietro) (sn (DET il) (NOUN cancelletto))) (sn (DET un) (NOUN cane) (f2 (PRON che) (f (ibar (VERB abbaiava)))))))) (PUNCT .)));;7,232814475;function
18;2;novantanove;novantanove;NUM;nummod;casette;(ROOT (fc (f (ibar (AUX Era) (VERB composto)) (comppas (sp (ADP in) (sq (PRON tutto))) (spd (ADP di) (sn (NUM novantanove) (NOUN casette))))) (PUNCT ,) (CCONJ e) (f (sn (sq (DET ogni)) (NOUN casetta)) (ibar (VERB aveva)) (compc (sn (DET un) (NOUN giardinetto)) (coord (sp (ADP con) (sn (DET un) (NOUN cancelletto))) (PUNCT ,) (CCONJ e) (sp (ADP dietro) (sn (DET il) (NOUN cancelletto))) (sn (DET un) (NOUN cane) (f2 (PRON che) (f (ibar (VERB abbaiava)))))))) (PUNCT .)));;2,543105748;NaN
19;2;casette;casetta;NOUN;obl;composto;(ROOT (fc (f (ibar (AUX Era) (VERB composto)) (comppas (sp (ADP in) (sq (PRON tutto))) (spd (ADP di) (sn (NUM novantanove) (NOUN casette))))) (PUNCT ,) (CCONJ e) (f (sn (sq (DET ogni)) (NOUN casetta)) (ibar (VERB aveva)) (compc (sn (DET un) (NOUN giardinetto)) (coord (sp (ADP con) (sn (DET un) (NOUN cancelletto))) (PUNCT ,) (CCONJ e) (sp (ADP dietro) (sn (DET il) (NOUN cancelletto))) (sn (DET un) (NOUN cane) (f2 (PRON che) (f (ibar (VERB abbaiava)))))))) (PUNCT .)));3.96 ± 1.67;2,605896578;content
20;2;e;e;CCONJ;cc;aveva;(ROOT (fc (f (ibar (AUX Era) (VERB composto)) (comppas (sp (ADP in) (sq (PRON tutto))) (spd (ADP di) (sn (NUM novantanove) (NOUN casette))))) (PUNCT ,) (CCONJ e) (f (sn (sq (DET ogni)) (NOUN casetta)) (ibar (VERB aveva)) (compc (sn (DET un) (NOUN giardinetto)) (coord (sp (ADP con) (sn (DET un) (NOUN cancelletto))) (PUNCT ,) (CCONJ e) (sp (ADP dietro) (sn (DET il) (NOUN cancelletto))) (sn (DET un) (NOUN cane) (f2 (PRON che) (f (ibar (VERB abbaiava)))))))) (PUNCT .)));;2,741151583;function
21;2;ogni;ogni;DET;det;casetta;(ROOT (fc (f (ibar (AUX Era) (VERB composto)) (comppas (sp (ADP in) (sq (PRON tutto))) (spd (ADP di) (sn (NUM novantanove) (NOUN casette))))) (PUNCT ,) (CCONJ e) (f (sn (sq (DET ogni)) (NOUN casetta)) (ibar (VERB aveva)) (compc (sn (DET un) (NOUN giardinetto)) (coord (sp (ADP con) (sn (DET un) (NOUN cancelletto))) (PUNCT ,) (CCONJ e) (sp (ADP dietro) (sn (DET il) (NOUN cancelletto))) (sn (DET un) (NOUN cane) (f2 (PRON che) (f (ibar (VERB abbaiava)))))))) (PUNCT .)));;5,722242451;function
22;2;casetta;casetta;NOUN;nsubj;aveva;(ROOT (fc (f (ibar (AUX Era) (VERB composto)) (comppas (sp (ADP in) (sq (PRON tutto))) (spd (ADP di) (sn (NUM novantanove) (NOUN casette))))) (PUNCT ,) (CCONJ e) (f (sn (sq (DET ogni)) (NOUN casetta)) (ibar (VERB aveva)) (compc (sn (DET un) (NOUN giardinetto)) (coord (sp (ADP con) (sn (DET un) (NOUN cancelletto))) (PUNCT ,) (CCONJ e) (sp (ADP dietro) (sn (DET il) (NOUN cancelletto))) (sn (DET un) (NOUN cane) (f2 (PRON che) (f (ibar (VERB abbaiava)))))))) (PUNCT .)));3.96 ± 1.67;3,630255924;content
23;2;aveva;avere;VERB;conj;composto;(ROOT (fc (f (ibar (AUX Era) (VERB composto)) (comppas (sp (ADP in) (sq (PRON tutto))) (spd (ADP di) (sn (NUM novantanove) (NOUN casette))))) (PUNCT ,) (CCONJ e) (f (sn (sq (DET ogni)) (NOUN casetta)) (ibar (VERB aveva)) (compc (sn (DET un) (NOUN giardinetto)) (coord (sp (ADP con) (sn (DET un) (NOUN cancelletto))) (PUNCT ,) (CCONJ e) (sp (ADP dietro) (sn (DET il) (NOUN cancelletto))) (sn (DET un) (NOUN cane) (f2 (PRON che) (f (ibar (VERB abbaiava)))))))) (PUNCT .)));;5,632280537;content
24;2;un;uno;DET;det;giardinetto;(ROOT (fc (f (ibar (AUX Era) (VERB composto)) (comppas (sp (ADP in) (sq (PRON tutto))) (spd (ADP di) (sn (NUM novantanove) (NOUN casette))))) (PUNCT ,) (CCONJ e) (f (sn (sq (DET ogni)) (NOUN casetta)) (ibar (VERB aveva)) (compc (sn (DET un) (NOUN giardinetto)) (coord (sp (ADP con) (sn (DET un) (NOUN cancelletto))) (PUNCT ,) (CCONJ e) (sp (ADP dietro) (sn (DET il) (NOUN cancelletto))) (sn (DET un) (NOUN cane) (f2 (PRON che) (f (ibar (VERB abbaiava)))))))) (PUNCT .)));;7,065833912;function
25;2;giardinetto;giardino;NOUN;obj;aveva;(ROOT (fc (f (ibar (AUX Era) (VERB composto)) (comppas (sp (ADP in) (sq (PRON tutto))) (spd (ADP di) (sn (NUM novantanove) (NOUN casette))))) (PUNCT ,) (CCONJ e) (f (sn (sq (DET ogni)) (NOUN casetta)) (ibar (VERB aveva)) (compc (sn (DET un) (NOUN giardinetto)) (coord (sp (ADP con) (sn (DET un) (NOUN cancelletto))) (PUNCT ,) (CCONJ e) (sp (ADP dietro) (sn (DET il) (NOUN cancelletto))) (sn (DET un) (NOUN cane) (f2 (PRON che) (f (ibar (VERB abbaiava)))))))) (PUNCT .)));4.28 ± 1.37;2,321256999;content
26;2;con;con;ADP;case;cancelletto;(ROOT (fc (f (ibar (AUX Era) (VERB composto)) (comppas (sp (ADP in) (sq (PRON tutto))) (spd (ADP di) (sn (NUM novantanove) (NOUN casette))))) (PUNCT ,) (CCONJ e) (f (sn (sq (DET ogni)) (NOUN casetta)) (ibar (VERB aveva)) (compc (sn (DET un) (NOUN giardinetto)) (coord (sp (ADP con) (sn (DET un) (NOUN cancelletto))) (PUNCT ,) (CCONJ e) (sp (ADP dietro) (sn (DET il) (NOUN cancelletto))) (sn (DET un) (NOUN cane) (f2 (PRON che) (f (ibar (VERB abbaiava)))))))) (PUNCT .)));;6,620271703;function
27;2;un;uno;DET;det;cancelletto;(ROOT (fc (f (ibar (AUX Era) (VERB composto)) (comppas (sp (ADP in) (sq (PRON tutto))) (spd (ADP di) (sn (NUM novantanove) (NOUN casette))))) (PUNCT ,) (CCONJ e) (f (sn (sq (DET ogni)) (NOUN casetta)) (ibar (VERB aveva)) (compc (sn (DET un) (NOUN giardinetto)) (coord (sp (ADP con) (sn (DET un) (NOUN cancelletto))) (PUNCT ,) (CCONJ e) (sp (ADP dietro) (sn (DET il) (NOUN cancelletto))) (sn (DET un) (NOUN cane) (f2 (PRON che) (f (ibar (VERB abbaiava)))))))) (PUNCT .)));;7,065833912;function
28;2;cancelletto;cancelletto;NOUN;obl;aveva;(ROOT (fc (f (ibar (AUX Era) (VERB composto)) (comppas (sp (ADP in) (sq (PRON tutto))) (spd (ADP di) (sn (NUM novantanove) (NOUN casette))))) (PUNCT ,) (CCONJ e) (f (sn (sq (DET ogni)) (NOUN casetta)) (ibar (VERB aveva)) (compc (sn (DET un) (NOUN giardinetto)) (coord (sp (ADP con) (sn (DET un) (NOUN cancelletto))) (PUNCT ,) (CCONJ e) (sp (ADP dietro) (sn (DET il) (NOUN cancelletto))) (sn (DET un) (NOUN cane) (f2 (PRON che) (f (ibar (VERB abbaiava)))))))) (PUNCT .)));;2,513142525;content
29;2;e;e;CCONJ;cc;cane;(ROOT (fc (f (ibar (AUX Era) (VERB composto)) (comppas (sp (ADP in) (sq (PRON tutto))) (spd (ADP di) (sn (NUM novantanove) (NOUN casette))))) (PUNCT ,) (CCONJ e) (f (sn (sq (DET ogni)) (NOUN casetta)) (ibar (VERB aveva)) (compc (sn (DET un) (NOUN giardinetto)) (coord (sp (ADP con) (sn (DET un) (NOUN cancelletto))) (PUNCT ,) (CCONJ e) (sp (ADP dietro) (sn (DET il) (NOUN cancelletto))) (sn (DET un) (NOUN cane) (f2 (PRON che) (f (ibar (VERB abbaiava)))))))) (PUNCT .)));;2,741151583;function
30;2;dietro;dietro;ADP;case;cancelletto;(ROOT (fc (f (ibar (AUX Era) (VERB composto)) (comppas (sp (ADP in) (sq (PRON tutto))) (spd (ADP di) (sn (NUM novantanove) (NOUN casette))))) (PUNCT ,) (CCONJ e) (f (sn (sq (DET ogni)) (NOUN casetta)) (ibar (VERB aveva)) (compc (sn (DET un) (NOUN giardinetto)) (coord (sp (ADP con) (sn (DET un) (NOUN cancelletto))) (PUNCT ,) (CCONJ e) (sp (ADP dietro) (sn (DET il) (NOUN cancelletto))) (sn (DET un) (NOUN cane) (f2 (PRON che) (f (ibar (VERB abbaiava)))))))) (PUNCT .)));;5,239598045;function
31;2;il;il;DET;det;cancelletto;(ROOT (fc (f (ibar (AUX Era) (VERB composto)) (comppas (sp (ADP in) (sq (PRON tutto))) (spd (ADP di) (sn (NUM novantanove) (NOUN casette))))) (PUNCT ,) (CCONJ e) (f (sn (sq (DET ogni)) (NOUN casetta)) (ibar (VERB aveva)) (compc (sn (DET un) (NOUN giardinetto)) (coord (sp (ADP con) (sn (DET un) (NOUN cancelletto))) (PUNCT ,) (CCONJ e) (sp (ADP dietro) (sn (DET il) (NOUN cancelletto))) (sn (DET un) (NOUN cane) (f2 (PRON che) (f (ibar (VERB abbaiava)))))))) (PUNCT .)));;7,039560886;function
32;2;cancelletto;cancelletto;NOUN;nmod;cane;(ROOT (fc (f (ibar (AUX Era) (VERB composto)) (comppas (sp (ADP in) (sq (PRON tutto))) (spd (ADP di) (sn (NUM novantanove) (NOUN casette))))) (PUNCT ,) (CCONJ e) (f (sn (sq (DET ogni)) (NOUN casetta)) (ibar (VERB aveva)) (compc (sn (DET un) (NOUN giardinetto)) (coord (sp (ADP con) (sn (DET un) (NOUN cancelletto))) (PUNCT ,) (CCONJ e) (sp (ADP dietro) (sn (DET il) (NOUN cancelletto))) (sn (DET un) (NOUN cane) (f2 (PRON che) (f (ibar (VERB abbaiava)))))))) (PUNCT .)));;2,513142525;content
33;2;un;uno;DET;det;cane;(ROOT (fc (f (ibar (AUX Era) (VERB composto)) (comppas (sp (ADP in) (sq (PRON tutto))) (spd (ADP di) (sn (NUM novantanove) (NOUN casette))))) (PUNCT ,) (CCONJ e) (f (sn (sq (DET ogni)) (NOUN casetta)) (ibar (VERB aveva)) (compc (sn (DET un) (NOUN giardinetto)) (coord (sp (ADP con) (sn (DET un) (NOUN cancelletto))) (PUNCT ,) (CCONJ e) (sp (ADP dietro) (sn (DET il) (NOUN cancelletto))) (sn (DET un) (NOUN cane) (f2 (PRON che) (f (ibar (VERB abbaiava)))))))) (PUNCT .)));;7,065833912;function
34;2;cane;cane;NOUN;conj;giardinetto;(ROOT (fc (f (ibar (AUX Era) (VERB composto)) (comppas (sp (ADP in) (sq (PRON tutto))) (spd (ADP di) (sn (NUM novantanove) (NOUN casette))))) (PUNCT ,) (CCONJ e) (f (sn (sq (DET ogni)) (NOUN casetta)) (ibar (VERB aveva)) (compc (sn (DET un) (NOUN giardinetto)) (coord (sp (ADP con) (sn (DET un) (NOUN cancelletto))) (PUNCT ,) (CCONJ e) (sp (ADP dietro) (sn (DET il) (NOUN cancelletto))) (sn (DET un) (NOUN cane) (f2 (PRON che) (f (ibar (VERB abbaiava)))))))) (PUNCT .)));2.76 ± 1.23;5,020066123;content
35;2;che;che;PRON;nsubj;abbaiava;(ROOT (fc (f (ibar (AUX Era) (VERB composto)) (comppas (sp (ADP in) (sq (PRON tutto))) (spd (ADP di) (sn (NUM novantanove) (NOUN casette))))) (PUNCT ,) (CCONJ e) (f (sn (sq (DET ogni)) (NOUN casetta)) (ibar (VERB aveva)) (compc (sn (DET un) (NOUN giardinetto)) (coord (sp (ADP con) (sn (DET un) (NOUN cancelletto))) (PUNCT ,) (CCONJ e) (sp (ADP dietro) (sn (DET il) (NOUN cancelletto))) (sn (DET un) (NOUN cane) (f2 (PRON che) (f (ibar (VERB abbaiava)))))))) (PUNCT .)));;7,250456545;function
36;2;abbaiava;abbaiare;VERB;acl:relcl;cane;(ROOT (fc (f (ibar (AUX Era) (VERB composto)) (comppas (sp (ADP in) (sq (PRON tutto))) (spd (ADP di) (sn (NUM novantanove) (NOUN casette))))) (PUNCT ,) (CCONJ e) (f (sn (sq (DET ogni)) (NOUN casetta)) (ibar (VERB aveva)) (compc (sn (DET un) (NOUN giardinetto)) (coord (sp (ADP con) (sn (DET un) (NOUN cancelletto))) (PUNCT ,) (CCONJ e) (sp (ADP dietro) (sn (DET il) (NOUN cancelletto))) (sn (DET un) (NOUN cane) (f2 (PRON che) (f (ibar (VERB abbaiava)))))))) (PUNCT .)));;2,580089314;content
37;3;facciamo;fare;VERB;root;ROOT;(ROOT (f (ibar (VERB Facciamo)) (compt (sn (DET un) (NOUN esempio)) (PUNCT .))));4.40 ± 2.22;5,388300287;content
38;3;un;uno;DET;det;esempio;(ROOT (f (ibar (VERB Facciamo)) (compt (sn (DET un) (NOUN esempio)) (PUNCT .))));;7,065833912;function
39;3;esempio;esempio;NOUN;obj;Facciamo;(ROOT (f (ibar (VERB Facciamo)) (compt (sn (DET un) (NOUN esempio)) (PUNCT .))));;4,763097544;content
40;4;fido;Fido;PROPN;nsubj;cane;(ROOT (fc (f (sn (PROPN Fido)) (ibar (AUX era)) (compc (sn (DET il) (NOUN cane) (spd (ADP di) (sn (DET la) (NOUN casetta) (sn (NOUN numero) (NUM uno))))))) (CCONJ e) (f (ibar (PRON ne) (VERB proteggeva)) (compt (savv (ADV gelosamente)) (sn (DET gli) (NOUN abitanti)))) (PUNCT ,) (CCONJ e) (cp (sp (ADP per) (sv2 (VERB farlo) (compin (savv (ADP a) (NOUN dovere))))) (f (ibar (VERB abbaiava)) (compin (sp (ADP con) (sn (NOUN impegno))) (sn (sq (DET ogni)) (NOUN volta) (f2 (PRON che) (f (ibar (VERB vedeva)) (compt (sv2 (VERB passare) (compt (sq (PRON qualcuno) (spd (ADP di) (sn (DET gli) (NOUN abitanti) (spd (ADP di) (sn (DET le) (sa (ADJ altre)) (NUM novantotto) (NOUN casette) (PUNCT ,) (coord (sn (NOUN uomo)) (PUNCT ,) (sn (NOUN donna)) (CCONJ o) (sn (NOUN bambino))))))))))))))))) (PUNCT .)));;4,340604113;content
41;4;era;essere;AUX;cop;cane;(ROOT (fc (f (sn (PROPN Fido)) (ibar (AUX era)) (compc (sn (DET il) (NOUN cane) (spd (ADP di) (sn (DET la) (NOUN casetta) (sn (NOUN numero) (NUM uno))))))) (CCONJ e) (f (ibar (PRON ne) (VERB proteggeva)) (compt (savv (ADV gelosamente)) (sn (DET gli) (NOUN abitanti)))) (PUNCT ,) (CCONJ e) (cp (sp (ADP per) (sv2 (VERB farlo) (compin (savv (ADP a) (NOUN dovere))))) (f (ibar (VERB abbaiava)) (compin (sp (ADP con) (sn (NOUN impegno))) (sn (sq (DET ogni)) (NOUN volta) (f2 (PRON che) (f (ibar (VERB vedeva)) (compt (sv2 (VERB passare) (compt (sq (PRON qualcuno) (spd (ADP di) (sn (DET gli) (NOUN abitanti) (spd (ADP di) (sn (DET le) (sa (ADJ altre)) (NUM novantotto) (NOUN casette) (PUNCT ,) (coord (sn (NOUN uomo)) (PUNCT ,) (sn (NOUN donna)) (CCONJ o) (sn (NOUN bambino))))))))))))))))) (PUNCT .)));;6,283626334;function
42;4;il;il;DET;det;cane;(ROOT (fc (f (sn (PROPN Fido)) (ibar (AUX era)) (compc (sn (DET il) (NOUN cane) (spd (ADP di) (sn (DET la) (NOUN casetta) (sn (NOUN numero) (NUM uno))))))) (CCONJ e) (f (ibar (PRON ne) (VERB proteggeva)) (compt (savv (ADV gelosamente)) (sn (DET gli) (NOUN abitanti)))) (PUNCT ,) (CCONJ e) (cp (sp (ADP per) (sv2 (VERB farlo) (compin (savv (ADP a) (NOUN dovere))))) (f (ibar (VERB abbaiava)) (compin (sp (ADP con) (sn (NOUN impegno))) (sn (sq (DET ogni)) (NOUN volta) (f2 (PRON che) (f (ibar (VERB vedeva)) (compt (sv2 (VERB passare) (compt (sq (PRON qualcuno) (spd (ADP di) (sn (DET gli) (NOUN abitanti) (spd (ADP di) (sn (DET le) (sa (ADJ altre)) (NUM novantotto) (NOUN casette) (PUNCT ,) (coord (sn (NOUN uomo)) (PUNCT ,) (sn (NOUN donna)) (CCONJ o) (sn (NOUN bambino))))))))))))))))) (PUNCT .)));;7,039560886;function
43;4;cane;cane;NOUN;root;ROOT;(ROOT (fc (f (sn (PROPN Fido)) (ibar (AUX era)) (compc (sn (DET il) (NOUN cane) (spd (ADP di) (sn (DET la) (NOUN casetta) (sn (NOUN numero) (NUM uno))))))) (CCONJ e) (f (ibar (PRON ne) (VERB proteggeva)) (compt (savv (ADV gelosamente)) (sn (DET gli) (NOUN abitanti)))) (PUNCT ,) (CCONJ e) (cp (sp (ADP per) (sv2 (VERB farlo) (compin (savv (ADP a) (NOUN dovere))))) (f (ibar (VERB abbaiava)) (compin (sp (ADP con) (sn (NOUN impegno))) (sn (sq (DET ogni)) (NOUN volta) (f2 (PRON che) (f (ibar (VERB vedeva)) (compt (sv2 (VERB passare) (compt (sq (PRON qualcuno) (spd (ADP di) (sn (DET gli) (NOUN abitanti) (spd (ADP di) (sn (DET le) (sa (ADJ altre)) (NUM novantotto) (NOUN casette) (PUNCT ,) (coord (sn (NOUN uomo)) (PUNCT ,) (sn (NOUN donna)) (CCONJ o) (sn (NOUN bambino))))))))))))))))) (PUNCT .)));2.76 ± 1.23;5,020066123;content
44;4;della;di;ADP;case;casetta;(ROOT (fc (f (sn (PROPN Fido)) (ibar (AUX era)) (compc (sn (DET il) (NOUN cane) (spd (ADP di) (sn (DET la) (NOUN casetta) (sn (NOUN numero) (NUM uno))))))) (CCONJ e) (f (ibar (PRON ne) (VERB proteggeva)) (compt (savv (ADV gelosamente)) (sn (DET gli) (NOUN abitanti)))) (PUNCT ,) (CCONJ e) (cp (sp (ADP per) (sv2 (VERB farlo) (compin (savv (ADP a) (NOUN dovere))))) (f (ibar (VERB abbaiava)) (compin (sp (ADP con) (sn (NOUN impegno))) (sn (sq (DET ogni)) (NOUN volta) (f2 (PRON che) (f (ibar (VERB vedeva)) (compt (sv2 (VERB passare) (compt (sq (PRON qualcuno) (spd (ADP di) (sn (DET gli) (NOUN abitanti) (spd (ADP di) (sn (DET le) (sa (ADJ altre)) (NUM novantotto) (NOUN casette) (PUNCT ,) (coord (sn (NOUN uomo)) (PUNCT ,) (sn (NOUN donna)) (CCONJ o) (sn (NOUN bambino))))))))))))))))) (PUNCT .)));;6,267030034;function
45;4;casetta;casetta;NOUN;nmod;cane;(ROOT (fc (f (sn (PROPN Fido)) (ibar (AUX era)) (compc (sn (DET il) (NOUN cane) (spd (ADP di) (sn (DET la) (NOUN casetta) (sn (NOUN numero) (NUM uno))))))) (CCONJ e) (f (ibar (PRON ne) (VERB proteggeva)) (compt (savv (ADV gelosamente)) (sn (DET gli) (NOUN abitanti)))) (PUNCT ,) (CCONJ e) (cp (sp (ADP per) (sv2 (VERB farlo) (compin (savv (ADP a) (NOUN dovere))))) (f (ibar (VERB abbaiava)) (compin (sp (ADP con) (sn (NOUN impegno))) (sn (sq (DET ogni)) (NOUN volta) (f2 (PRON che) (f (ibar (VERB vedeva)) (compt (sv2 (VERB passare) (compt (sq (PRON qualcuno) (spd (ADP di) (sn (DET gli) (NOUN abitanti) (spd (ADP di) (sn (DET le) (sa (ADJ altre)) (NUM novantotto) (NOUN casette) (PUNCT ,) (coord (sn (NOUN uomo)) (PUNCT ,) (sn (NOUN donna)) (CCONJ o) (sn (NOUN bambino))))))))))))))))) (PUNCT .)));3.96 ± 1.67;3,630255924;content
46;4;numero;numero;NOUN;compound;casetta;(ROOT (fc (f (sn (PROPN Fido)) (ibar (AUX era)) (compc (sn (DET il) (NOUN cane) (spd (ADP di) (sn (DET la) (NOUN casetta) (sn (NOUN numero) (NUM uno))))))) (CCONJ e) (f (ibar (PRON ne) (VERB proteggeva)) (compt (savv (ADV gelosamente)) (sn (DET gli) (NOUN abitanti)))) (PUNCT ,) (CCONJ e) (cp (sp (ADP per) (sv2 (VERB farlo) (compin (savv (ADP a) (NOUN dovere))))) (f (ibar (VERB abbaiava)) (compin (sp (ADP con) (sn (NOUN impegno))) (sn (sq (DET ogni)) (NOUN volta) (f2 (PRON che) (f (ibar (VERB vedeva)) (compt (sv2 (VERB passare) (compt (sq (PRON qualcuno) (spd (ADP di) (sn (DET gli) (NOUN abitanti) (spd (ADP di) (sn (DET le) (sa (ADJ altre)) (NUM novantotto) (NOUN casette) (PUNCT ,) (coord (sn (NOUN uomo)) (PUNCT ,) (sn (NOUN donna)) (CCONJ o) (sn (NOUN bambino))))))))))))))))) (PUNCT .)));;5,268272964;content
47;4;uno;uno;NUM;nummod;numero;(ROOT (fc (f (sn (PROPN Fido)) (ibar (AUX era)) (compc (sn (DET il) (NOUN cane) (spd (ADP di) (sn (DET la) (NOUN casetta) (sn (NOUN numero) (NUM uno))))))) (CCONJ e) (f (ibar (PRON ne) (VERB proteggeva)) (compt (savv (ADV gelosamente)) (sn (DET gli) (NOUN abitanti)))) (PUNCT ,) (CCONJ e) (cp (sp (ADP per) (sv2 (VERB farlo) (compin (savv (ADP a) (NOUN dovere))))) (f (ibar (VERB abbaiava)) (compin (sp (ADP con) (sn (NOUN impegno))) (sn (sq (DET ogni)) (NOUN volta) (f2 (PRON che) (f (ibar (VERB vedeva)) (compt (sv2 (VERB passare) (compt (sq (PRON qualcuno) (spd (ADP di) (sn (DET gli) (NOUN abitanti) (spd (ADP di) (sn (DET le) (sa (ADJ altre)) (NUM novantotto) (NOUN casette) (PUNCT ,) (coord (sn (NOUN uomo)) (PUNCT ,) (sn (NOUN donna)) (CCONJ o) (sn (NOUN bambino))))))))))))))))) (PUNCT .)));;6,015055575;NaN
48;4;e;e;CCONJ;cc;proteggeva;(ROOT (fc (f (sn (PROPN Fido)) (ibar (AUX era)) (compc (sn (DET il) (NOUN cane) (spd (ADP di) (sn (DET la) (NOUN casetta) (sn (NOUN numero) (NUM uno))))))) (CCONJ e) (f (ibar (PRON ne) (VERB proteggeva)) (compt (savv (ADV gelosamente)) (sn (DET gli) (NOUN abitanti)))) (PUNCT ,) (CCONJ e) (cp (sp (ADP per) (sv2 (VERB farlo) (compin (savv (ADP a) (NOUN dovere))))) (f (ibar (VERB abbaiava)) (compin (sp (ADP con) (sn (NOUN impegno))) (sn (sq (DET ogni)) (NOUN volta) (f2 (PRON che) (f (ibar (VERB vedeva)) (compt (sv2 (VERB passare) (compt (sq (PRON qualcuno) (spd (ADP di) (sn (DET gli) (NOUN abitanti) (spd (ADP di) (sn (DET le) (sa (ADJ altre)) (NUM novantotto) (NOUN casette) (PUNCT ,) (coord (sn (NOUN uomo)) (PUNCT ,) (sn (NOUN donna)) (CCONJ o) (sn (NOUN bambino))))))))))))))))) (PUNCT .)));;2,741151583;function
49;4;ne;ne;PRON;iobj;proteggeva;(ROOT (fc (f (sn (PROPN Fido)) (ibar (AUX era)) (compc (sn (DET il) (NOUN cane) (spd (ADP di) (sn (DET la) (NOUN casetta) (sn (NOUN numero) (NUM uno))))))) (CCONJ e) (f (ibar (PRON ne) (VERB proteggeva)) (compt (savv (ADV gelosamente)) (sn (DET gli) (NOUN abitanti)))) (PUNCT ,) (CCONJ e) (cp (sp (ADP per) (sv2 (VERB farlo) (compin (savv (ADP a) (NOUN dovere))))) (f (ibar (VERB abbaiava)) (compin (sp (ADP con) (sn (NOUN impegno))) (sn (sq (DET ogni)) (NOUN volta) (f2 (PRON che) (f (ibar (VERB vedeva)) (compt (sv2 (VERB passare) (compt (sq (PRON qualcuno) (spd (ADP di) (sn (DET gli) (NOUN abitanti) (spd (ADP di) (sn (DET le) (sa (ADJ altre)) (NUM novantotto) (NOUN casette) (PUNCT ,) (coord (sn (NOUN uomo)) (PUNCT ,) (sn (NOUN donna)) (CCONJ o) (sn (NOUN bambino))))))))))))))))) (PUNCT .)));;6,201935117;function
50;4;proteggeva;proteggere;VERB;conj;cane;(ROOT (fc (f (sn (PROPN Fido)) (ibar (AUX era)) (compc (sn (DET il) (NOUN cane) (spd (ADP di) (sn (DET la) (NOUN casetta) (sn (NOUN numero) (NUM uno))))))) (CCONJ e) (f (ibar (PRON ne) (VERB proteggeva)) (compt (savv (ADV gelosamente)) (sn (DET gli) (NOUN abitanti)))) (PUNCT ,) (CCONJ e) (cp (sp (ADP per) (sv2 (VERB farlo) (compin (savv (ADP a) (NOUN dovere))))) (f (ibar (VERB abbaiava)) (compin (sp (ADP con) (sn (NOUN impegno))) (sn (sq (DET ogni)) (NOUN volta) (f2 (PRON che) (f (ibar (VERB vedeva)) (compt (sv2 (VERB passare) (compt (sq (PRON qualcuno) (spd (ADP di) (sn (DET gli) (NOUN abitanti) (spd (ADP di) (sn (DET le) (sa (ADJ altre)) (NUM novantotto) (NOUN casette) (PUNCT ,) (coord (sn (NOUN uomo)) (PUNCT ,) (sn (NOUN donna)) (CCONJ o) (sn (NOUN bambino))))))))))))))))) (PUNCT .)));;2,824391686;content
51;4;gelosamente;gelosamente;ADV;advmod;proteggeva;(ROOT (fc (f (sn (PROPN Fido)) (ibar (AUX era)) (compc (sn (DET il) (NOUN cane) (spd (ADP di) (sn (DET la) (NOUN casetta) (sn (NOUN numero) (NUM uno))))))) (CCONJ e) (f (ibar (PRON ne) (VERB proteggeva)) (compt (savv (ADV gelosamente)) (sn (DET gli) (NOUN abitanti)))) (PUNCT ,) (CCONJ e) (cp (sp (ADP per) (sv2 (VERB farlo) (compin (savv (ADP a) (NOUN dovere))))) (f (ibar (VERB abbaiava)) (compin (sp (ADP con) (sn (NOUN impegno))) (sn (sq (DET ogni)) (NOUN volta) (f2 (PRON che) (f (ibar (VERB vedeva)) (compt (sv2 (VERB passare) (compt (sq (PRON qualcuno) (spd (ADP di) (sn (DET gli) (NOUN abitanti) (spd (ADP di) (sn (DET le) (sa (ADJ altre)) (NUM novantotto) (NOUN casette) (PUNCT ,) (coord (sn (NOUN uomo)) (PUNCT ,) (sn (NOUN donna)) (CCONJ o) (sn (NOUN bambino))))))))))))))))) (PUNCT .)));;2,533345911;content
52;4;gli;il;DET;det;abitanti;(ROOT (fc (f (sn (PROPN Fido)) (ibar (AUX era)) (compc (sn (DET il) (NOUN cane) (spd (ADP di) (sn (DET la) (NOUN casetta) (sn (NOUN numero) (NUM uno))))))) (CCONJ e) (f (ibar (PRON ne) (VERB proteggeva)) (compt (savv (ADV gelosamente)) (sn (DET gli) (NOUN abitanti)))) (PUNCT ,) (CCONJ e) (cp (sp (ADP per) (sv2 (VERB farlo) (compin (savv (ADP a) (NOUN dovere))))) (f (ibar (VERB abbaiava)) (compin (sp (ADP con) (sn (NOUN impegno))) (sn (sq (DET ogni)) (NOUN volta) (f2 (PRON che) (f (ibar (VERB vedeva)) (compt (sv2 (VERB passare) (compt (sq (PRON qualcuno) (spd (ADP di) (sn (DET gli) (NOUN abitanti) (spd (ADP di) (sn (DET le) (sa (ADJ altre)) (NUM novantotto) (NOUN casette) (PUNCT ,) (coord (sn (NOUN uomo)) (PUNCT ,) (sn (NOUN donna)) (CCONJ o) (sn (NOUN bambino))))))))))))))))) (PUNCT .)));;6,227520191;function
53;4;abitanti;abitante;NOUN;obj;proteggeva;(ROOT (fc (f (sn (PROPN Fido)) (ibar (AUX era)) (compc (sn (DET il) (NOUN cane) (spd (ADP di) (sn (DET la) (NOUN casetta) (sn (NOUN numero) (NUM uno))))))) (CCONJ e) (f (ibar (PRON ne) (VERB proteggeva)) (compt (savv (ADV gelosamente)) (sn (DET gli) (NOUN abitanti)))) (PUNCT ,) (CCONJ e) (cp (sp (ADP per) (sv2 (VERB farlo) (compin (savv (ADP a) (NOUN dovere))))) (f (ibar (VERB abbaiava)) (compin (sp (ADP con) (sn (NOUN impegno))) (sn (sq (DET ogni)) (NOUN volta) (f2 (PRON che) (f (ibar (VERB vedeva)) (compt (sv2 (VERB passare) (compt (sq (PRON qualcuno) (spd (ADP di) (sn (DET gli) (NOUN abitanti) (spd (ADP di) (sn (DET le) (sa (ADJ altre)) (NUM novantotto) (NOUN casette) (PUNCT ,) (coord (sn (NOUN uomo)) (PUNCT ,) (sn (NOUN donna)) (CCONJ o) (sn (NOUN bambino))))))))))))))))) (PUNCT .)));7.76 ± 3.13;4,001827511;content
54;4;e;e;CCONJ;cc;abbaiava;(ROOT (fc (f (sn (PROPN Fido)) (ibar (AUX era)) (compc (sn (DET il) (NOUN cane) (spd (ADP di) (sn (DET la) (NOUN casetta) (sn (NOUN numero) (NUM uno))))))) (CCONJ e) (f (ibar (PRON ne) (VERB proteggeva)) (compt (savv (ADV gelosamente)) (sn (DET gli) (NOUN abitanti)))) (PUNCT ,) (CCONJ e) (cp (sp (ADP per) (sv2 (VERB farlo) (compin (savv (ADP a) (NOUN dovere))))) (f (ibar (VERB abbaiava)) (compin (sp (ADP con) (sn (NOUN impegno))) (sn (sq (DET ogni)) (NOUN volta) (f2 (PRON che) (f (ibar (VERB vedeva)) (compt (sv2 (VERB passare) (compt (sq (PRON qualcuno) (spd (ADP di) (sn (DET gli) (NOUN abitanti) (spd (ADP di) (sn (DET le) (sa (ADJ altre)) (NUM novantotto) (NOUN casette) (PUNCT ,) (coord (sn (NOUN uomo)) (PUNCT ,) (sn (NOUN donna)) (CCONJ o) (sn (NOUN bambino))))))))))))))))) (PUNCT .)));;2,741151583;function
55;4;per;per;ADP;mark;farlo;(ROOT (fc (f (sn (PROPN Fido)) (ibar (AUX era)) (compc (sn (DET il) (NOUN cane) (spd (ADP di) (sn (DET la) (NOUN casetta) (sn (NOUN numero) (NUM uno))))))) (CCONJ e) (f (ibar (PRON ne) (VERB proteggeva)) (compt (savv (ADV gelosamente)) (sn (DET gli) (NOUN abitanti)))) (PUNCT ,) (CCONJ e) (cp (sp (ADP per) (sv2 (VERB farlo) (compin (savv (ADP a) (NOUN dovere))))) (f (ibar (VERB abbaiava)) (compin (sp (ADP con) (sn (NOUN impegno))) (sn (sq (DET ogni)) (NOUN volta) (f2 (PRON che) (f (ibar (VERB vedeva)) (compt (sv2 (VERB passare) (compt (sq (PRON qualcuno) (spd (ADP di) (sn (DET gli) (NOUN abitanti) (spd (ADP di) (sn (DET le) (sa (ADJ altre)) (NUM novantotto) (NOUN casette) (PUNCT ,) (coord (sn (NOUN uomo)) (PUNCT ,) (sn (NOUN donna)) (CCONJ o) (sn (NOUN bambino))))))))))))))))) (PUNCT .)));;6,912435835;function
56;4;farlo;fare;VERB;advcl;abbaiava;(ROOT (fc (f (sn (PROPN Fido)) (ibar (AUX era)) (compc (sn (DET il) (NOUN cane) (spd (ADP di) (sn (DET la) (NOUN casetta) (sn (NOUN numero) (NUM uno))))))) (CCONJ e) (f (ibar (PRON ne) (VERB proteggeva)) (compt (savv (ADV gelosamente)) (sn (DET gli) (NOUN abitanti)))) (PUNCT ,) (CCONJ e) (cp (sp (ADP per) (sv2 (VERB farlo) (compin (savv (ADP a) (NOUN dovere))))) (f (ibar (VERB abbaiava)) (compin (sp (ADP con) (sn (NOUN impegno))) (sn (sq (DET ogni)) (NOUN volta) (f2 (PRON che) (f (ibar (VERB vedeva)) (compt (sv2 (VERB passare) (compt (sq (PRON qualcuno) (spd (ADP di) (sn (DET gli) (NOUN abitanti) (spd (ADP di) (sn (DET le) (sa (ADJ altre)) (NUM novantotto) (NOUN casette) (PUNCT ,) (coord (sn (NOUN uomo)) (PUNCT ,) (sn (NOUN donna)) (CCONJ o) (sn (NOUN bambino))))))))))))))))) (PUNCT .)));4.40 ± 2.22;5,623860468;content
57;4;a;a;ADP;case;dovere;(ROOT (fc (f (sn (PROPN Fido)) (ibar (AUX era)) (compc (sn (DET il) (NOUN cane) (spd (ADP di) (sn (DET la) (NOUN casetta) (sn (NOUN numero) (NUM uno))))))) (CCONJ e) (f (ibar (PRON ne) (VERB proteggeva)) (compt (savv (ADV gelosamente)) (sn (DET gli) (NOUN abitanti)))) (PUNCT ,) (CCONJ e) (cp (sp (ADP per) (sv2 (VERB farlo) (compin (savv (ADP a) (NOUN dovere))))) (f (ibar (VERB abbaiava)) (compin (sp (ADP con) (sn (NOUN impegno))) (sn (sq (DET ogni)) (NOUN volta) (f2 (PRON che) (f (ibar (VERB vedeva)) (compt (sv2 (VERB passare) (compt (sq (PRON qualcuno) (spd (ADP di) (sn (DET gli) (NOUN abitanti) (spd (ADP di) (sn (DET le) (sa (ADJ altre)) (NUM novantotto) (NOUN casette) (PUNCT ,) (coord (sn (NOUN uomo)) (PUNCT ,) (sn (NOUN donna)) (CCONJ o) (sn (NOUN bambino))))))))))))))))) (PUNCT .)));;7,004335738;function
58;4;dovere;dovere;NOUN;obl;farlo;(ROOT (fc (f (sn (PROPN Fido)) (ibar (AUX era)) (compc (sn (DET il) (NOUN cane) (spd (ADP di) (sn (DET la) (NOUN casetta) (sn (NOUN numero) (NUM uno))))))) (CCONJ e) (f (ibar (PRON ne) (VERB proteggeva)) (compt (savv (ADV gelosamente)) (sn (DET gli) (NOUN abitanti)))) (PUNCT ,) (CCONJ e) (cp (sp (ADP per) (sv2 (VERB farlo) (compin (savv (ADP a) (NOUN dovere))))) (f (ibar (VERB abbaiava)) (compin (sp (ADP con) (sn (NOUN impegno))) (sn (sq (DET ogni)) (NOUN volta) (f2 (PRON che) (f (ibar (VERB vedeva)) (compt (sv2 (VERB passare) (compt (sq (PRON qualcuno) (spd (ADP di) (sn (DET gli) (NOUN abitanti) (spd (ADP di) (sn (DET le) (sa (ADJ altre)) (NUM novantotto) (NOUN casette) (PUNCT ,) (coord (sn (NOUN uomo)) (PUNCT ,) (sn (NOUN donna)) (CCONJ o) (sn (NOUN bambino))))))))))))))))) (PUNCT .)));;4,515514316;content
59;4;abbaiava;abbaiare;VERB;conj;cane;(ROOT (fc (f (sn (PROPN Fido)) (ibar (AUX era)) (compc (sn (DET il) (NOUN cane) (spd (ADP di) (sn (DET la) (NOUN casetta) (sn (NOUN numero) (NUM uno))))))) (CCONJ e) (f (ibar (PRON ne) (VERB proteggeva)) (compt (savv (ADV gelosamente)) (sn (DET gli) (NOUN abitanti)))) (PUNCT ,) (CCONJ e) (cp (sp (ADP per) (sv2 (VERB farlo) (compin (savv (ADP a) (NOUN dovere))))) (f (ibar (VERB abbaiava)) (compin (sp (ADP con) (sn (NOUN impegno))) (sn (sq (DET ogni)) (NOUN volta) (f2 (PRON che) (f (ibar (VERB vedeva)) (compt (sv2 (VERB passare) (compt (sq (PRON qualcuno) (spd (ADP di) (sn (DET gli) (NOUN abitanti) (spd (ADP di) (sn (DET le) (sa (ADJ altre)) (NUM novantotto) (NOUN casette) (PUNCT ,) (coord (sn (NOUN uomo)) (PUNCT ,) (sn (NOUN donna)) (CCONJ o) (sn (NOUN bambino))))))))))))))))) (PUNCT .)));;2,580089314;content
60;4;con;con;ADP;case;impegno;(ROOT (fc (f (sn (PROPN Fido)) (ibar (AUX era)) (compc (sn (DET il) (NOUN cane) (spd (ADP di) (sn (DET la) (NOUN casetta) (sn (NOUN numero) (NUM uno))))))) (CCONJ e) (f (ibar (PRON ne) (VERB proteggeva)) (compt (savv (ADV gelosamente)) (sn (DET gli) (NOUN abitanti)))) (PUNCT ,) (CCONJ e) (cp (sp (ADP per) (sv2 (VERB farlo) (compin (savv (ADP a) (NOUN dovere))))) (f (ibar (VERB abbaiava)) (compin (sp (ADP con) (sn (NOUN impegno))) (sn (sq (DET ogni)) (NOUN volta) (f2 (PRON che) (f (ibar (VERB vedeva)) (compt (sv2 (VERB passare) (compt (sq (PRON qualcuno) (spd (ADP di) (sn (DET gli) (NOUN abitanti) (spd (ADP di) (sn (DET le) (sa (ADJ altre)) (NUM novantotto) (NOUN casette) (PUNCT ,) (coord (sn (NOUN uomo)) (PUNCT ,) (sn (NOUN donna)) (CCONJ o) (sn (NOUN bambino))))))))))))))))) (PUNCT .)));;6,620271703;function
61;4;impegno;impegno;NOUN;obl;abbaiava;(ROOT (fc (f (sn (PROPN Fido)) (ibar (AUX era)) (compc (sn (DET il) (NOUN cane) (spd (ADP di) (sn (DET la) (NOUN casetta) (sn (NOUN numero) (NUM uno))))))) (CCONJ e) (f (ibar (PRON ne) (VERB proteggeva)) (compt (savv (ADV gelosamente)) (sn (DET gli) (NOUN abitanti)))) (PUNCT ,) (CCONJ e) (cp (sp (ADP per) (sv2 (VERB farlo) (compin (savv (ADP a) (NOUN dovere))))) (f (ibar (VERB abbaiava)) (compin (sp (ADP con) (sn (NOUN impegno))) (sn (sq (DET ogni)) (NOUN volta) (f2 (PRON che) (f (ibar (VERB vedeva)) (compt (sv2 (VERB passare) (compt (sq (PRON qualcuno) (spd (ADP di) (sn (DET gli) (NOUN abitanti) (spd (ADP di) (sn (DET le) (sa (ADJ altre)) (NUM novantotto) (NOUN casette) (PUNCT ,) (coord (sn (NOUN uomo)) (PUNCT ,) (sn (NOUN donna)) (CCONJ o) (sn (NOUN bambino))))))))))))))))) (PUNCT .)));;4,250107848;content
62;4;ogni;ogni;DET;det;volta;(ROOT (fc (f (sn (PROPN Fido)) (ibar (AUX era)) (compc (sn (DET il) (NOUN cane) (spd (ADP di) (sn (DET la) (NOUN casetta) (sn (NOUN numero) (NUM uno))))))) (CCONJ e) (f (ibar (PRON ne) (VERB proteggeva)) (compt (savv (ADV gelosamente)) (sn (DET gli) (NOUN abitanti)))) (PUNCT ,) (CCONJ e) (cp (sp (ADP per) (sv2 (VERB farlo) (compin (savv (ADP a) (NOUN dovere))))) (f (ibar (VERB abbaiava)) (compin (sp (ADP con) (sn (NOUN impegno))) (sn (sq (DET ogni)) (NOUN volta) (f2 (PRON che) (f (ibar (VERB vedeva)) (compt (sv2 (VERB passare) (compt (sq (PRON qualcuno) (spd (ADP di) (sn (DET gli) (NOUN abitanti) (spd (ADP di) (sn (DET le) (sa (ADJ altre)) (NUM novantotto) (NOUN casette) (PUNCT ,) (coord (sn (NOUN uomo)) (PUNCT ,) (sn (NOUN donna)) (CCONJ o) (sn (NOUN bambino))))))))))))))))) (PUNCT .)));;5,722242451;function
63;4;volta;volta;NOUN;obl;abbaiava;(ROOT (fc (f (sn (PROPN Fido)) (ibar (AUX era)) (compc (sn (DET il) (NOUN cane) (spd (ADP di) (sn (DET la) (NOUN casetta) (sn (NOUN numero) (NUM uno))))))) (CCONJ e) (f (ibar (PRON ne) (VERB proteggeva)) (compt (savv (ADV gelosamente)) (sn (DET gli) (NOUN abitanti)))) (PUNCT ,) (CCONJ e) (cp (sp (ADP per) (sv2 (VERB farlo) (compin (savv (ADP a) (NOUN dovere))))) (f (ibar (VERB abbaiava)) (compin (sp (ADP con) (sn (NOUN impegno))) (sn (sq (DET ogni)) (NOUN volta) (f2 (PRON che) (f (ibar (VERB vedeva)) (compt (sv2 (VERB passare) (compt (sq (PRON qualcuno) (spd (ADP di) (sn (DET gli) (NOUN abitanti) (spd (ADP di) (sn (DET le) (sa (ADJ altre)) (NUM novantotto) (NOUN casette) (PUNCT ,) (coord (sn (NOUN uomo)) (PUNCT ,) (sn (NOUN donna)) (CCONJ o) (sn (NOUN bambino))))))))))))))))) (PUNCT .)));;5,820011577;content
64;4;che;che;PRON;nsubj;vedeva;(ROOT (fc (f (sn (PROPN Fido)) (ibar (AUX era)) (compc (sn (DET il) (NOUN cane) (spd (ADP di) (sn (DET la) (NOUN casetta) (sn (NOUN numero) (NUM uno))))))) (CCONJ e) (f (ibar (PRON ne) (VERB proteggeva)) (compt (savv (ADV gelosamente)) (sn (DET gli) (NOUN abitanti)))) (PUNCT ,) (CCONJ e) (cp (sp (ADP per) (sv2 (VERB farlo) (compin (savv (ADP a) (NOUN dovere))))) (f (ibar (VERB abbaiava)) (compin (sp (ADP con) (sn (NOUN impegno))) (sn (sq (DET ogni)) (NOUN volta) (f2 (PRON che) (f (ibar (VERB vedeva)) (compt (sv2 (VERB passare) (compt (sq (PRON qualcuno) (spd (ADP di) (sn (DET gli) (NOUN abitanti) (spd (ADP di) (sn (DET le) (sa (ADJ altre)) (NUM novantotto) (NOUN casette) (PUNCT ,) (coord (sn (NOUN uomo)) (PUNCT ,) (sn (NOUN donna)) (CCONJ o) (sn (NOUN bambino))))))))))))))))) (PUNCT .)));;7,250456545;function
65;4;vedeva;vedere;VERB;acl:relcl;volta;(ROOT (fc (f (sn (PROPN Fido)) (ibar (AUX era)) (compc (sn (DET il) (NOUN cane) (spd (ADP di) (sn (DET la) (NOUN casetta) (sn (NOUN numero) (NUM uno))))))) (CCONJ e) (f (ibar (PRON ne) (VERB proteggeva)) (compt (savv (ADV gelosamente)) (sn (DET gli) (NOUN abitanti)))) (PUNCT ,) (CCONJ e) (cp (sp (ADP per) (sv2 (VERB farlo) (compin (savv (ADP a) (NOUN dovere))))) (f (ibar (VERB abbaiava)) (compin (sp (ADP con) (sn (NOUN impegno))) (sn (sq (DET ogni)) (NOUN volta) (f2 (PRON che) (f (ibar (VERB vedeva)) (compt (sv2 (VERB passare) (compt (sq (PRON qualcuno) (spd (ADP di) (sn (DET gli) (NOUN abitanti) (spd (ADP di) (sn (DET le) (sa (ADJ altre)) (NUM novantotto) (NOUN casette) (PUNCT ,) (coord (sn (NOUN uomo)) (PUNCT ,) (sn (NOUN donna)) (CCONJ o) (sn (NOUN bambino))))))))))))))))) (PUNCT .)));4.60 ± 1.50;3,958450129;content
66;4;passare;passare;VERB;ccomp;vedeva;(ROOT (fc (f (sn (PROPN Fido)) (ibar (AUX era)) (compc (sn (DET il) (NOUN cane) (spd (ADP di) (sn (DET la) (NOUN casetta) (sn (NOUN numero) (NUM uno))))))) (CCONJ e) (f (ibar (PRON ne) (VERB proteggeva)) (compt (savv (ADV gelosamente)) (sn (DET gli) (NOUN abitanti)))) (PUNCT ,) (CCONJ e) (cp (sp (ADP per) (sv2 (VERB farlo) (compin (savv (ADP a) (NOUN dovere))))) (f (ibar (VERB abbaiava)) (compin (sp (ADP con) (sn (NOUN impegno))) (sn (sq (DET ogni)) (NOUN volta) (f2 (PRON che) (f (ibar (VERB vedeva)) (compt (sv2 (VERB passare) (compt (sq (PRON qualcuno) (spd (ADP di) (sn (DET gli) (NOUN abitanti) (spd (ADP di) (sn (DET le) (sa (ADJ altre)) (NUM novantotto) (NOUN casette) (PUNCT ,) (coord (sn (NOUN uomo)) (PUNCT ,) (sn (NOUN donna)) (CCONJ o) (sn (NOUN bambino))))))))))))))))) (PUNCT .)));;5,108454996;content
67;4;qualcuno;qualcuno;PRON;obj;passare;(ROOT (fc (f (sn (PROPN Fido)) (ibar (AUX era)) (compc (sn (DET il) (NOUN cane) (spd (ADP di) (sn (DET la) (NOUN casetta) (sn (NOUN numero) (NUM uno))))))) (CCONJ e) (f (ibar (PRON ne) (VERB proteggeva)) (compt (savv (ADV gelosamente)) (sn (DET gli) (NOUN abitanti)))) (PUNCT ,) (CCONJ e) (cp (sp (ADP per) (sv2 (VERB farlo) (compin (savv (ADP a) (NOUN dovere))))) (f (ibar (VERB abbaiava)) (compin (sp (ADP con) (sn (NOUN impegno))) (sn (sq (DET ogni)) (NOUN volta) (f2 (PRON che) (f (ibar (VERB vedeva)) (compt (sv2 (VERB passare) (compt (sq (PRON qualcuno) (spd (ADP di) (sn (DET gli) (NOUN abitanti) (spd (ADP di) (sn (DET le) (sa (ADJ altre)) (NUM novantotto) (NOUN casette) (PUNCT ,) (coord (sn (NOUN uomo)) (PUNCT ,) (sn (NOUN donna)) (CCONJ o) (sn (NOUN bambino))))))))))))))))) (PUNCT .)));;5,830633781;function
68;4;degli;di;ADP;case;abitanti;(ROOT (fc (f (sn (PROPN Fido)) (ibar (AUX era)) (compc (sn (DET il) (NOUN cane) (spd (ADP di) (sn (DET la) (NOUN casetta) (sn (NOUN numero) (NUM uno))))))) (CCONJ e) (f (ibar (PRON ne) (VERB proteggeva)) (compt (savv (ADV gelosamente)) (sn (DET gli) (NOUN abitanti)))) (PUNCT ,) (CCONJ e) (cp (sp (ADP per) (sv2 (VERB farlo) (compin (savv (ADP a) (NOUN dovere))))) (f (ibar (VERB abbaiava)) (compin (sp (ADP con) (sn (NOUN impegno))) (sn (sq (DET ogni)) (NOUN volta) (f2 (PRON che) (f (ibar (VERB vedeva)) (compt (sv2 (VERB passare) (compt (sq (PRON qualcuno) (spd (ADP di) (sn (DET gli) (NOUN abitanti) (spd (ADP di) (sn (DET le) (sa (ADJ altre)) (NUM novantotto) (NOUN casette) (PUNCT ,) (coord (sn (NOUN uomo)) (PUNCT ,) (sn (NOUN donna)) (CCONJ o) (sn (NOUN bambino))))))))))))))))) (PUNCT .)));;5,568857515;function
69;4;abitanti;abitante;NOUN;nmod;qualcuno;(ROOT (fc (f (sn (PROPN Fido)) (ibar (AUX era)) (compc (sn (DET il) (NOUN cane) (spd (ADP di) (sn (DET la) (NOUN casetta) (sn (NOUN numero) (NUM uno))))))) (CCONJ e) (f (ibar (PRON ne) (VERB proteggeva)) (compt (savv (ADV gelosamente)) (sn (DET gli) (NOUN abitanti)))) (PUNCT ,) (CCONJ e) (cp (sp (ADP per) (sv2 (VERB farlo) (compin (savv (ADP a) (NOUN dovere))))) (f (ibar (VERB abbaiava)) (compin (sp (ADP con) (sn (NOUN impegno))) (sn (sq (DET ogni)) (NOUN volta) (f2 (PRON che) (f (ibar (VERB vedeva)) (compt (sv2 (VERB passare) (compt (sq (PRON qualcuno) (spd (ADP di) (sn (DET gli) (NOUN abitanti) (spd (ADP di) (sn (DET le) (sa (ADJ altre)) (NUM novantotto) (NOUN casette) (PUNCT ,) (coord (sn (NOUN uomo)) (PUNCT ,) (sn (NOUN donna)) (CCONJ o) (sn (NOUN bambino))))))))))))))))) (PUNCT .)));7.76 ± 3.13;4,001827511;content
70;4;delle;di;ADP;case;casette;(ROOT (fc (f (sn (PROPN Fido)) (ibar (AUX era)) (compc (sn (DET il) (NOUN cane) (spd (ADP di) (sn (DET la) (NOUN casetta) (sn (NOUN numero) (NUM uno))))))) (CCONJ e) (f (ibar (PRON ne) (VERB proteggeva)) (compt (savv (ADV gelosamente)) (sn (DET gli) (NOUN abitanti)))) (PUNCT ,) (CCONJ e) (cp (sp (ADP per) (sv2 (VERB farlo) (compin (savv (ADP a) (NOUN dovere))))) (f (ibar (VERB abbaiava)) (compin (sp (ADP con) (sn (NOUN impegno))) (sn (sq (DET ogni)) (NOUN volta) (f2 (PRON che) (f (ibar (VERB vedeva)) (compt (sv2 (VERB passare) (compt (sq (PRON qualcuno) (spd (ADP di) (sn (DET gli) (NOUN abitanti) (spd (ADP di) (sn (DET le) (sa (ADJ altre)) (NUM novantotto) (NOUN casette) (PUNCT ,) (coord (sn (NOUN uomo)) (PUNCT ,) (sn (NOUN donna)) (CCONJ o) (sn (NOUN bambino))))))))))))))))) (PUNCT .)));;5,949172583;function
71;4;altre;altro;ADJ;amod;casette;(ROOT (fc (f (sn (PROPN Fido)) (ibar (AUX era)) (compc (sn (DET il) (NOUN cane) (spd (ADP di) (sn (DET la) (NOUN casetta) (sn (NOUN numero) (NUM uno))))))) (CCONJ e) (f (ibar (PRON ne) (VERB proteggeva)) (compt (savv (ADV gelosamente)) (sn (DET gli) (NOUN abitanti)))) (PUNCT ,) (CCONJ e) (cp (sp (ADP per) (sv2 (VERB farlo) (compin (savv (ADP a) (NOUN dovere))))) (f (ibar (VERB abbaiava)) (compin (sp (ADP con) (sn (NOUN impegno))) (sn (sq (DET ogni)) (NOUN volta) (f2 (PRON che) (f (ibar (VERB vedeva)) (compt (sv2 (VERB passare) (compt (sq (PRON qualcuno) (spd (ADP di) (sn (DET gli) (NOUN abitanti) (spd (ADP di) (sn (DET le) (sa (ADJ altre)) (NUM novantotto) (NOUN casette) (PUNCT ,) (coord (sn (NOUN uomo)) (PUNCT ,) (sn (NOUN donna)) (CCONJ o) (sn (NOUN bambino))))))))))))))))) (PUNCT .)));;5,238314932;content
72;4;novantotto;novantotto;NUM;nummod;casette;(ROOT (fc (f (sn (PROPN Fido)) (ibar (AUX era)) (compc (sn (DET il) (NOUN cane) (spd (ADP di) (sn (DET la) (NOUN casetta) (sn (NOUN numero) (NUM uno))))))) (CCONJ e) (f (ibar (PRON ne) (VERB proteggeva)) (compt (savv (ADV gelosamente)) (sn (DET gli) (NOUN abitanti)))) (PUNCT ,) (CCONJ e) (cp (sp (ADP per) (sv2 (VERB farlo) (compin (savv (ADP a) (NOUN dovere))))) (f (ibar (VERB abbaiava)) (compin (sp (ADP con) (sn (NOUN impegno))) (sn (sq (DET ogni)) (NOUN volta) (f2 (PRON che) (f (ibar (VERB vedeva)) (compt (sv2 (VERB passare) (compt (sq (PRON qualcuno) (spd (ADP di) (sn (DET gli) (NOUN abitanti) (spd (ADP di) (sn (DET le) (sa (ADJ altre)) (NUM novantotto) (NOUN casette) (PUNCT ,) (coord (sn (NOUN uomo)) (PUNCT ,) (sn (NOUN donna)) (CCONJ o) (sn (NOUN bambino))))))))))))))))) (PUNCT .)));;2,25162107;NaN
73;4;casette;casetta;NOUN;nmod;abitanti;(ROOT (fc (f (sn (PROPN Fido)) (ibar (AUX era)) (compc (sn (DET il) (NOUN cane) (spd (ADP di) (sn (DET la) (NOUN casetta) (sn (NOUN numero) (NUM uno))))))) (CCONJ e) (f (ibar (PRON ne) (VERB proteggeva)) (compt (savv (ADV gelosamente)) (sn (DET gli) (NOUN abitanti)))) (PUNCT ,) (CCONJ e) (cp (sp (ADP per) (sv2 (VERB farlo) (compin (savv (ADP a) (NOUN dovere))))) (f (ibar (VERB abbaiava)) (compin (sp (ADP con) (sn (NOUN impegno))) (sn (sq (DET ogni)) (NOUN volta) (f2 (PRON che) (f (ibar (VERB vedeva)) (compt (sv2 (VERB passare) (compt (sq (PRON qualcuno) (spd (ADP di) (sn (DET gli) (NOUN abitanti) (spd (ADP di) (sn (DET le) (sa (ADJ altre)) (NUM novantotto) (NOUN casette) (PUNCT ,) (coord (sn (NOUN uomo)) (PUNCT ,) (sn (NOUN donna)) (CCONJ o) (sn (NOUN bambino))))))))))))))))) (PUNCT .)));3.96 ± 1.67;2,605896578;content
74;4;uomo;uomo;NOUN;conj;casette;(ROOT (fc (f (sn (PROPN Fido)) (ibar (AUX era)) (compc (sn (DET il) (NOUN cane) (spd (ADP di) (sn (DET la) (NOUN casetta) (sn (NOUN numero) (NUM uno))))))) (CCONJ e) (f (ibar (PRON ne) (VERB proteggeva)) (compt (savv (ADV gelosamente)) (sn (DET gli) (NOUN abitanti)))) (PUNCT ,) (CCONJ e) (cp (sp (ADP per) (sv2 (VERB farlo) (compin (savv (ADP a) (NOUN dovere))))) (f (ibar (VERB abbaiava)) (compin (sp (ADP con) (sn (NOUN impegno))) (sn (sq (DET ogni)) (NOUN volta) (f2 (PRON che) (f (ibar (VERB vedeva)) (compt (sv2 (VERB passare) (compt (sq (PRON qualcuno) (spd (ADP di) (sn (DET gli) (NOUN abitanti) (spd (ADP di) (sn (DET le) (sa (ADJ altre)) (NUM novantotto) (NOUN casette) (PUNCT ,) (coord (sn (NOUN uomo)) (PUNCT ,) (sn (NOUN donna)) (CCONJ o) (sn (NOUN bambino))))))))))))))))) (PUNCT .)));4.12 ± 2.13;5,816544311;content
75;4;donna;donna;NOUN;conj;casette;(ROOT (fc (f (sn (PROPN Fido)) (ibar (AUX era)) (compc (sn (DET il) (NOUN cane) (spd (ADP di) (sn (DET la) (NOUN casetta) (sn (NOUN numero) (NUM uno))))))) (CCONJ e) (f (ibar (PRON ne) (VERB proteggeva)) (compt (savv (ADV gelosamente)) (sn (DET gli) (NOUN abitanti)))) (PUNCT ,) (CCONJ e) (cp (sp (ADP per) (sv2 (VERB farlo) (compin (savv (ADP a) (NOUN dovere))))) (f (ibar (VERB abbaiava)) (compin (sp (ADP con) (sn (NOUN impegno))) (sn (sq (DET ogni)) (NOUN volta) (f2 (PRON che) (f (ibar (VERB vedeva)) (compt (sv2 (VERB passare) (compt (sq (PRON qualcuno) (spd (ADP di) (sn (DET gli) (NOUN abitanti) (spd (ADP di) (sn (DET le) (sa (ADJ altre)) (NUM novantotto) (NOUN casette) (PUNCT ,) (coord (sn (NOUN uomo)) (PUNCT ,) (sn (NOUN donna)) (CCONJ o) (sn (NOUN bambino))))))))))))))))) (PUNCT .)));4.36 ± 2.23;5,538711696;content
76;4;o;o;CCONJ;cc;bambino;(ROOT (fc (f (sn (PROPN Fido)) (ibar (AUX era)) (compc (sn (DET il) (NOUN cane) (spd (ADP di) (sn (DET la) (NOUN casetta) (sn (NOUN numero) (NUM uno))))))) (CCONJ e) (f (ibar (PRON ne) (VERB proteggeva)) (compt (savv (ADV gelosamente)) (sn (DET gli) (NOUN abitanti)))) (PUNCT ,) (CCONJ e) (cp (sp (ADP per) (sv2 (VERB farlo) (compin (savv (ADP a) (NOUN dovere))))) (f (ibar (VERB abbaiava)) (compin (sp (ADP con) (sn (NOUN impegno))) (sn (sq (DET ogni)) (NOUN volta) (f2 (PRON che) (f (ibar (VERB vedeva)) (compt (sv2 (VERB passare) (compt (sq (PRON qualcuno) (spd (ADP di) (sn (DET gli) (NOUN abitanti) (spd (ADP di) (sn (DET le) (sa (ADJ altre)) (NUM novantotto) (NOUN casette) (PUNCT ,) (coord (sn (NOUN uomo)) (PUNCT ,) (sn (NOUN donna)) (CCONJ o) (sn (NOUN bambino))))))))))))))))) (PUNCT .)));;6,132529064;function
77;4;bambino;bambino;NOUN;conj;casette;(ROOT (fc (f (sn (PROPN Fido)) (ibar (AUX era)) (compc (sn (DET il) (NOUN cane) (spd (ADP di) (sn (DET la) (NOUN casetta) (sn (NOUN numero) (NUM uno))))))) (CCONJ e) (f (ibar (PRON ne) (VERB proteggeva)) (compt (savv (ADV gelosamente)) (sn (DET gli) (NOUN abitanti)))) (PUNCT ,) (CCONJ e) (cp (sp (ADP per) (sv2 (VERB farlo) (compin (savv (ADP a) (NOUN dovere))))) (f (ibar (VERB abbaiava)) (compin (sp (ADP con) (sn (NOUN impegno))) (sn (sq (DET ogni)) (NOUN volta) (f2 (PRON che) (f (ibar (VERB vedeva)) (compt (sv2 (VERB passare) (compt (sq (PRON qualcuno) (spd (ADP di) (sn (DET gli) (NOUN abitanti) (spd (ADP di) (sn (DET le) (sa (ADJ altre)) (NUM novantotto) (NOUN casette) (PUNCT ,) (coord (sn (NOUN uomo)) (PUNCT ,) (sn (NOUN donna)) (CCONJ o) (sn (NOUN bambino))))))))))))))))) (PUNCT .)));3.20 ± 1.12;5,364764818;content
78;5;lo;il;DET;det;stesso;(ROOT (cp (sn (DET Lo) (PRON stesso)) (fc (f (ibar (VERB facevano)) (compt (sn (DET gli) (sa (ADJ altri)) (NUM novantotto) (NOUN cani)))) (PUNCT ,) (CCONJ e) (f (ibar (VERB avevano)) (compc (sn (DET un) (ADJ gran) (sv2 (ADP da) (VERB fare) (compt (sv2 (ADP ad) (VERB abbaiare) (compin (spd (ADP di) (sn (NOUN giorno))))))) (CCONJ e) (spd (ADP di) (sn (NOUN notte)))) (PUNCT ,) (fs (SCONJ perché) (f (ibar (PRON c') (VERB era)) (compc (savv (ADV sempre)) (sq (PRON qualcuno)) (sp (ADP per) (sn (DET la) (NOUN strada))))))))) (PUNCT .)));;6,655915487;function
79;5;stesso;stesso;PRON;nsubj;facevano;(ROOT (cp (sn (DET Lo) (PRON stesso)) (fc (f (ibar (VERB facevano)) (compt (sn (DET gli) (sa (ADJ altri)) (NUM novantotto) (NOUN cani)))) (PUNCT ,) (CCONJ e) (f (ibar (VERB avevano)) (compc (sn (DET un) (ADJ gran) (sv2 (ADP da) (VERB fare) (compt (sv2 (ADP ad) (VERB abbaiare) (compin (spd (ADP di) (sn (NOUN giorno))))))) (CCONJ e) (spd (ADP di) (sn (NOUN notte)))) (PUNCT ,) (fs (SCONJ perché) (f (ibar (PRON c') (VERB era)) (compc (savv (ADV sempre)) (sq (PRON qualcuno)) (sp (ADP per) (sn (DET la) (NOUN strada))))))))) (PUNCT .)));;5,500840703;function
80;5;facevano;fare;VERB;root;ROOT;(ROOT (cp (sn (DET Lo) (PRON stesso)) (fc (f (ibar (VERB facevano)) (compt (sn (DET gli) (sa (ADJ altri)) (NUM novantotto) (NOUN cani)))) (PUNCT ,) (CCONJ e) (f (ibar (VERB avevano)) (compc (sn (DET un) (ADJ gran) (sv2 (ADP da) (VERB fare) (compt (sv2 (ADP ad) (VERB abbaiare) (compin (spd (ADP di) (sn (NOUN giorno))))))) (CCONJ e) (spd (ADP di) (sn (NOUN notte)))) (PUNCT ,) (fs (SCONJ perché) (f (ibar (PRON c') (VERB era)) (compc (savv (ADV sempre)) (sq (PRON qualcuno)) (sp (ADP per) (sn (DET la) (NOUN strada))))))))) (PUNCT .)));4.40 ± 2.22;4,240335091;content
81;5;gli;il;DET;det;cani;(ROOT (cp (sn (DET Lo) (PRON stesso)) (fc (f (ibar (VERB facevano)) (compt (sn (DET gli) (sa (ADJ altri)) (NUM novantotto) (NOUN cani)))) (PUNCT ,) (CCONJ e) (f (ibar (VERB avevano)) (compc (sn (DET un) (ADJ gran) (sv2 (ADP da) (VERB fare) (compt (sv2 (ADP ad) (VERB abbaiare) (compin (spd (ADP di) (sn (NOUN giorno))))))) (CCONJ e) (spd (ADP di) (sn (NOUN notte)))) (PUNCT ,) (fs (SCONJ perché) (f (ibar (PRON c') (VERB era)) (compc (savv (ADV sempre)) (sq (PRON qualcuno)) (sp (ADP per) (sn (DET la) (NOUN strada))))))))) (PUNCT .)));;6,227520191;function
82;5;altri;altro;ADJ;amod;cani;(ROOT (cp (sn (DET Lo) (PRON stesso)) (fc (f (ibar (VERB facevano)) (compt (sn (DET gli) (sa (ADJ altri)) (NUM novantotto) (NOUN cani)))) (PUNCT ,) (CCONJ e) (f (ibar (VERB avevano)) (compc (sn (DET un) (ADJ gran) (sv2 (ADP da) (VERB fare) (compt (sv2 (ADP ad) (VERB abbaiare) (compin (spd (ADP di) (sn (NOUN giorno))))))) (CCONJ e) (spd (ADP di) (sn (NOUN notte)))) (PUNCT ,) (fs (SCONJ perché) (f (ibar (PRON c') (VERB era)) (compc (savv (ADV sempre)) (sq (PRON qualcuno)) (sp (ADP per) (sn (DET la) (NOUN strada))))))))) (PUNCT .)));;5,540608628;content
83;5;novantotto;novantotto;NUM;nummod;cani;(ROOT (cp (sn (DET Lo) (PRON stesso)) (fc (f (ibar (VERB facevano)) (compt (sn (DET gli) (sa (ADJ altri)) (NUM novantotto) (NOUN cani)))) (PUNCT ,) (CCONJ e) (f (ibar (VERB avevano)) (compc (sn (DET un) (ADJ gran) (sv2 (ADP da) (VERB fare) (compt (sv2 (ADP ad) (VERB abbaiare) (compin (spd (ADP di) (sn (NOUN giorno))))))) (CCONJ e) (spd (ADP di) (sn (NOUN notte)))) (PUNCT ,) (fs (SCONJ perché) (f (ibar (PRON c') (VERB era)) (compc (savv (ADV sempre)) (sq (PRON qualcuno)) (sp (ADP per) (sn (DET la) (NOUN strada))))))))) (PUNCT .)));;2,25162107;NaN
84;5;cani;cane;NOUN;obj;facevano;(ROOT (cp (sn (DET Lo) (PRON stesso)) (fc (f (ibar (VERB facevano)) (compt (sn (DET gli) (sa (ADJ altri)) (NUM novantotto) (NOUN cani)))) (PUNCT ,) (CCONJ e) (f (ibar (VERB avevano)) (compc (sn (DET un) (ADJ gran) (sv2 (ADP da) (VERB fare) (compt (sv2 (ADP ad) (VERB abbaiare) (compin (spd (ADP di) (sn (NOUN giorno))))))) (CCONJ e) (spd (ADP di) (sn (NOUN notte)))) (PUNCT ,) (fs (SCONJ perché) (f (ibar (PRON c') (VERB era)) (compc (savv (ADV sempre)) (sq (PRON qualcuno)) (sp (ADP per) (sn (DET la) (NOUN strada))))))))) (PUNCT .)));2.76 ± 1.23;4,594472684;content
85;5;e;e;CCONJ;cc;avevano;(ROOT (cp (sn (DET Lo) (PRON stesso)) (fc (f (ibar (VERB facevano)) (compt (sn (DET gli) (sa (ADJ altri)) (NUM novantotto) (NOUN cani)))) (PUNCT ,) (CCONJ e) (f (ibar (VERB avevano)) (compc (sn (DET un) (ADJ gran) (sv2 (ADP da) (VERB fare) (compt (sv2 (ADP ad) (VERB abbaiare) (compin (spd (ADP di) (sn (NOUN giorno))))))) (CCONJ e) (spd (ADP di) (sn (NOUN notte)))) (PUNCT ,) (fs (SCONJ perché) (f (ibar (PRON c') (VERB era)) (compc (savv (ADV sempre)) (sq (PRON qualcuno)) (sp (ADP per) (sn (DET la) (NOUN strada))))))))) (PUNCT .)));;2,741151583;function
86;5;avevano;avere;VERB;conj;facevano;(ROOT (cp (sn (DET Lo) (PRON stesso)) (fc (f (ibar (VERB facevano)) (compt (sn (DET gli) (sa (ADJ altri)) (NUM novantotto) (NOUN cani)))) (PUNCT ,) (CCONJ e) (f (ibar (VERB avevano)) (compc (sn (DET un) (ADJ gran) (sv2 (ADP da) (VERB fare) (compt (sv2 (ADP ad) (VERB abbaiare) (compin (spd (ADP di) (sn (NOUN giorno))))))) (CCONJ e) (spd (ADP di) (sn (NOUN notte)))) (PUNCT ,) (fs (SCONJ perché) (f (ibar (PRON c') (VERB era)) (compc (savv (ADV sempre)) (sq (PRON qualcuno)) (sp (ADP per) (sn (DET la) (NOUN strada))))))))) (PUNCT .)));;4,853444968;content
87;5;un;uno;DET;det;gran;(ROOT (cp (sn (DET Lo) (PRON stesso)) (fc (f (ibar (VERB facevano)) (compt (sn (DET gli) (sa (ADJ altri)) (NUM novantotto) (NOUN cani)))) (PUNCT ,) (CCONJ e) (f (ibar (VERB avevano)) (compc (sn (DET un) (ADJ gran) (sv2 (ADP da) (VERB fare) (compt (sv2 (ADP ad) (VERB abbaiare) (compin (spd (ADP di) (sn (NOUN giorno))))))) (CCONJ e) (spd (ADP di) (sn (NOUN notte)))) (PUNCT ,) (fs (SCONJ perché) (f (ibar (PRON c') (VERB era)) (compc (savv (ADV sempre)) (sq (PRON qualcuno)) (sp (ADP per) (sn (DET la) (NOUN strada))))))))) (PUNCT .)));;7,065833912;function
88;5;gran;grande;ADJ;obj;avevano;(ROOT (cp (sn (DET Lo) (PRON stesso)) (fc (f (ibar (VERB facevano)) (compt (sn (DET gli) (sa (ADJ altri)) (NUM novantotto) (NOUN cani)))) (PUNCT ,) (CCONJ e) (f (ibar (VERB avevano)) (compc (sn (DET un) (ADJ gran) (sv2 (ADP da) (VERB fare) (compt (sv2 (ADP ad) (VERB abbaiare) (compin (spd (ADP di) (sn (NOUN giorno))))))) (CCONJ e) (spd (ADP di) (sn (NOUN notte)))) (PUNCT ,) (fs (SCONJ perché) (f (ibar (PRON c') (VERB era)) (compc (savv (ADV sempre)) (sq (PRON qualcuno)) (sp (ADP per) (sn (DET la) (NOUN strada))))))))) (PUNCT .)));4.64 ± 2.04;5,00500427;content
89;5;da;da;ADP;mark;fare;(ROOT (cp (sn (DET Lo) (PRON stesso)) (fc (f (ibar (VERB facevano)) (compt (sn (DET gli) (sa (ADJ altri)) (NUM novantotto) (NOUN cani)))) (PUNCT ,) (CCONJ e) (f (ibar (VERB avevano)) (compc (sn (DET un) (ADJ gran) (sv2 (ADP da) (VERB fare) (compt (sv2 (ADP ad) (VERB abbaiare) (compin (spd (ADP di) (sn (NOUN giorno))))))) (CCONJ e) (spd (ADP di) (sn (NOUN notte)))) (PUNCT ,) (fs (SCONJ perché) (f (ibar (PRON c') (VERB era)) (compc (savv (ADV sempre)) (sq (PRON qualcuno)) (sp (ADP per) (sn (DET la) (NOUN strada))))))))) (PUNCT .)));;6,577812618;function
90;5;fare;fare;VERB;acl;gran;(ROOT (cp (sn (DET Lo) (PRON stesso)) (fc (f (ibar (VERB facevano)) (compt (sn (DET gli) (sa (ADJ altri)) (NUM novantotto) (NOUN cani)))) (PUNCT ,) (CCONJ e) (f (ibar (VERB avevano)) (compc (sn (DET un) (ADJ gran) (sv2 (ADP da) (VERB fare) (compt (sv2 (ADP ad) (VERB abbaiare) (compin (spd (ADP di) (sn (NOUN giorno))))))) (CCONJ e) (spd (ADP di) (sn (NOUN notte)))) (PUNCT ,) (fs (SCONJ perché) (f (ibar (PRON c') (VERB era)) (compc (savv (ADV sempre)) (sq (PRON qualcuno)) (sp (ADP per) (sn (DET la) (NOUN strada))))))))) (PUNCT .)));4.40 ± 2.22;6,231286207;content
91;5;ad;a;ADP;mark;abbaiare;(ROOT (cp (sn (DET Lo) (PRON stesso)) (fc (f (ibar (VERB facevano)) (compt (sn (DET gli) (sa (ADJ altri)) (NUM novantotto) (NOUN cani)))) (PUNCT ,) (CCONJ e) (f (ibar (VERB avevano)) (compc (sn (DET un) (ADJ gran) (sv2 (ADP da) (VERB fare) (compt (sv2 (ADP ad) (VERB abbaiare) (compin (spd (ADP di) (sn (NOUN giorno))))))) (CCONJ e) (spd (ADP di) (sn (NOUN notte)))) (PUNCT ,) (fs (SCONJ perché) (f (ibar (PRON c') (VERB era)) (compc (savv (ADV sempre)) (sq (PRON qualcuno)) (sp (ADP per) (sn (DET la) (NOUN strada))))))))) (PUNCT .)));;5,934389877;function
92;5;abbaiare;abbaiare;VERB;xcomp;fare;(ROOT (cp (sn (DET Lo) (PRON stesso)) (fc (f (ibar (VERB facevano)) (compt (sn (DET gli) (sa (ADJ altri)) (NUM novantotto) (NOUN cani)))) (PUNCT ,) (CCONJ e) (f (ibar (VERB avevano)) (compc (sn (DET un) (ADJ gran) (sv2 (ADP da) (VERB fare) (compt (sv2 (ADP ad) (VERB abbaiare) (compin (spd (ADP di) (sn (NOUN giorno))))))) (CCONJ e) (spd (ADP di) (sn (NOUN notte)))) (PUNCT ,) (fs (SCONJ perché) (f (ibar (PRON c') (VERB era)) (compc (savv (ADV sempre)) (sq (PRON qualcuno)) (sp (ADP per) (sn (DET la) (NOUN strada))))))))) (PUNCT .)));;3,247828081;content
93;5;di;di;ADP;case;giorno;(ROOT (cp (sn (DET Lo) (PRON stesso)) (fc (f (ibar (VERB facevano)) (compt (sn (DET gli) (sa (ADJ altri)) (NUM novantotto) (NOUN cani)))) (PUNCT ,) (CCONJ e) (f (ibar (VERB avevano)) (compc (sn (DET un) (ADJ gran) (sv2 (ADP da) (VERB fare) (compt (sv2 (ADP ad) (VERB abbaiare) (compin (spd (ADP di) (sn (NOUN giorno))))))) (CCONJ e) (spd (ADP di) (sn (NOUN notte)))) (PUNCT ,) (fs (SCONJ perché) (f (ibar (PRON c') (VERB era)) (compc (savv (ADV sempre)) (sq (PRON qualcuno)) (sp (ADP per) (sn (DET la) (NOUN strada))))))))) (PUNCT .)));;7,232814475;function
94;5;giorno;giorno;NOUN;obl;abbaiare;(ROOT (cp (sn (DET Lo) (PRON stesso)) (fc (f (ibar (VERB facevano)) (compt (sn (DET gli) (sa (ADJ altri)) (NUM novantotto) (NOUN cani)))) (PUNCT ,) (CCONJ e) (f (ibar (VERB avevano)) (compc (sn (DET un) (ADJ gran) (sv2 (ADP da) (VERB fare) (compt (sv2 (ADP ad) (VERB abbaiare) (compin (spd (ADP di) (sn (NOUN giorno))))))) (CCONJ e) (spd (ADP di) (sn (NOUN notte)))) (PUNCT ,) (fs (SCONJ perché) (f (ibar (PRON c') (VERB era)) (compc (savv (ADV sempre)) (sq (PRON qualcuno)) (sp (ADP per) (sn (DET la) (NOUN strada))))))))) (PUNCT .)));3.80 ± 1.76;5,731502947;content
95;5;e;e;CCONJ;cc;notte;(ROOT (cp (sn (DET Lo) (PRON stesso)) (fc (f (ibar (VERB facevano)) (compt (sn (DET gli) (sa (ADJ altri)) (NUM novantotto) (NOUN cani)))) (PUNCT ,) (CCONJ e) (f (ibar (VERB avevano)) (compc (sn (DET un) (ADJ gran) (sv2 (ADP da) (VERB fare) (compt (sv2 (ADP ad) (VERB abbaiare) (compin (spd (ADP di) (sn (NOUN giorno))))))) (CCONJ e) (spd (ADP di) (sn (NOUN notte)))) (PUNCT ,) (fs (SCONJ perché) (f (ibar (PRON c') (VERB era)) (compc (savv (ADV sempre)) (sq (PRON qualcuno)) (sp (ADP per) (sn (DET la) (NOUN strada))))))))) (PUNCT .)));;2,741151583;function
96;5;di;di;ADP;case;notte;(ROOT (cp (sn (DET Lo) (PRON stesso)) (fc (f (ibar (VERB facevano)) (compt (sn (DET gli) (sa (ADJ altri)) (NUM novantotto) (NOUN cani)))) (PUNCT ,) (CCONJ e) (f (ibar (VERB avevano)) (compc (sn (DET un) (ADJ gran) (sv2 (ADP da) (VERB fare) (compt (sv2 (ADP ad) (VERB abbaiare) (compin (spd (ADP di) (sn (NOUN giorno))))))) (CCONJ e) (spd (ADP di) (sn (NOUN notte)))) (PUNCT ,) (fs (SCONJ perché) (f (ibar (PRON c') (VERB era)) (compc (savv (ADV sempre)) (sq (PRON qualcuno)) (sp (ADP per) (sn (DET la) (NOUN strada))))))))) (PUNCT .)));;7,232814475;function
97;5;notte;notte;NOUN;conj;giorno;(ROOT (cp (sn (DET Lo) (PRON stesso)) (fc (f (ibar (VERB facevano)) (compt (sn (DET gli) (sa (ADJ altri)) (NUM novantotto) (NOUN cani)))) (PUNCT ,) (CCONJ e) (f (ibar (VERB avevano)) (compc (sn (DET un) (ADJ gran) (sv2 (ADP da) (VERB fare) (compt (sv2 (ADP ad) (VERB abbaiare) (compin (spd (ADP di) (sn (NOUN giorno))))))) (CCONJ e) (spd (ADP di) (sn (NOUN notte)))) (PUNCT ,) (fs (SCONJ perché) (f (ibar (PRON c') (VERB era)) (compc (savv (ADV sempre)) (sq (PRON qualcuno)) (sp (ADP per) (sn (DET la) (NOUN strada))))))))) (PUNCT .)));3.28 ± 1.34;5,521062946;content
98;5;perché;perché;SCONJ;mark;era;(ROOT (cp (sn (DET Lo) (PRON stesso)) (fc (f (ibar (VERB facevano)) (compt (sn (DET gli) (sa (ADJ altri)) (NUM novantotto) (NOUN cani)))) (PUNCT ,) (CCONJ e) (f (ibar (VERB avevano)) (compc (sn (DET un) (ADJ gran) (sv2 (ADP da) (VERB fare) (compt (sv2 (ADP ad) (VERB abbaiare) (compin (spd (ADP di) (sn (NOUN giorno))))))) (CCONJ e) (spd (ADP di) (sn (NOUN notte)))) (PUNCT ,) (fs (SCONJ perché) (f (ibar (PRON c') (VERB era)) (compc (savv (ADV sempre)) (sq (PRON qualcuno)) (sp (ADP per) (sn (DET la) (NOUN strada))))))))) (PUNCT .)));;5,965637226;function
99;5;c;ci;PRON;expl;era;(ROOT (cp (sn (DET Lo) (PRON stesso)) (fc (f (ibar (VERB facevano)) (compt (sn (DET gli) (sa (ADJ altri)) (NUM novantotto) (NOUN cani)))) (PUNCT ,) (CCONJ e) (f (ibar (VERB avevano)) (compc (sn (DET un) (ADJ gran) (sv2 (ADP da) (VERB fare) (compt (sv2 (ADP ad) (VERB abbaiare) (compin (spd (ADP di) (sn (NOUN giorno))))))) (CCONJ e) (spd (ADP di) (sn (NOUN notte)))) (PUNCT ,) (fs (SCONJ perché) (f (ibar (PRON c') (VERB era)) (compc (savv (ADV sempre)) (sq (PRON qualcuno)) (sp (ADP per) (sn (DET la) (NOUN strada))))))))) (PUNCT .)));;6,166704172;function
100;5;era;essere;VERB;advcl;avevano;(ROOT (cp (sn (DET Lo) (PRON stesso)) (fc (f (ibar (VERB facevano)) (compt (sn (DET gli) (sa (ADJ altri)) (NUM novantotto) (NOUN cani)))) (PUNCT ,) (CCONJ e) (f (ibar (VERB avevano)) (compc (sn (DET un) (ADJ gran) (sv2 (ADP da) (VERB fare) (compt (sv2 (ADP ad) (VERB abbaiare) (compin (spd (ADP di) (sn (NOUN giorno))))))) (CCONJ e) (spd (ADP di) (sn (NOUN notte)))) (PUNCT ,) (fs (SCONJ perché) (f (ibar (PRON c') (VERB era)) (compc (savv (ADV sempre)) (sq (PRON qualcuno)) (sp (ADP per) (sn (DET la) (NOUN strada))))))))) (PUNCT .)));;6,283626334;content
101;5;sempre;sempre;ADV;advmod;era;(ROOT (cp (sn (DET Lo) (PRON stesso)) (fc (f (ibar (VERB facevano)) (compt (sn (DET gli) (sa (ADJ altri)) (NUM novantotto) (NOUN cani)))) (PUNCT ,) (CCONJ e) (f (ibar (VERB avevano)) (compc (sn (DET un) (ADJ gran) (sv2 (ADP da) (VERB fare) (compt (sv2 (ADP ad) (VERB abbaiare) (compin (spd (ADP di) (sn (NOUN giorno))))))) (CCONJ e) (spd (ADP di) (sn (NOUN notte)))) (PUNCT ,) (fs (SCONJ perché) (f (ibar (PRON c') (VERB era)) (compc (savv (ADV sempre)) (sq (PRON qualcuno)) (sp (ADP per) (sn (DET la) (NOUN strada))))))))) (PUNCT .)));;5,921350175;content
102;5;qualcuno;qualcuno;PRON;nsubj;era;(ROOT (cp (sn (DET Lo) (PRON stesso)) (fc (f (ibar (VERB facevano)) (compt (sn (DET gli) (sa (ADJ altri)) (NUM novantotto) (NOUN cani)))) (PUNCT ,) (CCONJ e) (f (ibar (VERB avevano)) (compc (sn (DET un) (ADJ gran) (sv2 (ADP da) (VERB fare) (compt (sv2 (ADP ad) (VERB abbaiare) (compin (spd (ADP di) (sn (NOUN giorno))))))) (CCONJ e) (spd (ADP di) (sn (NOUN notte)))) (PUNCT ,) (fs (SCONJ perché) (f (ibar (PRON c') (VERB era)) (compc (savv (ADV sempre)) (sq (PRON qualcuno)) (sp (ADP per) (sn (DET la) (NOUN strada))))))))) (PUNCT .)));;5,830633781;function
103;5;per;per;ADP;case;strada;(ROOT (cp (sn (DET Lo) (PRON stesso)) (fc (f (ibar (VERB facevano)) (compt (sn (DET gli) (sa (ADJ altri)) (NUM novantotto) (NOUN cani)))) (PUNCT ,) (CCONJ e) (f (ibar (VERB avevano)) (compc (sn (DET un) (ADJ gran) (sv2 (ADP da) (VERB fare) (compt (sv2 (ADP ad) (VERB abbaiare) (compin (spd (ADP di) (sn (NOUN giorno))))))) (CCONJ e) (spd (ADP di) (sn (NOUN notte)))) (PUNCT ,) (fs (SCONJ perché) (f (ibar (PRON c') (VERB era)) (compc (savv (ADV sempre)) (sq (PRON qualcuno)) (sp (ADP per) (sn (DET la) (NOUN strada))))))))) (PUNCT .)));;6,912435835;function
104;5;la;il;DET;det;strada;(ROOT (cp (sn (DET Lo) (PRON stesso)) (fc (f (ibar (VERB facevano)) (compt (sn (DET gli) (sa (ADJ altri)) (NUM novantotto) (NOUN cani)))) (PUNCT ,) (CCONJ e) (f (ibar (VERB avevano)) (compc (sn (DET un) (ADJ gran) (sv2 (ADP da) (VERB fare) (compt (sv2 (ADP ad) (VERB abbaiare) (compin (spd (ADP di) (sn (NOUN giorno))))))) (CCONJ e) (spd (ADP di) (sn (NOUN notte)))) (PUNCT ,) (fs (SCONJ perché) (f (ibar (PRON c') (VERB era)) (compc (savv (ADV sempre)) (sq (PRON qualcuno)) (sp (ADP per) (sn (DET la) (NOUN strada))))))))) (PUNCT .)));;7,055331658;function
105;5;strada;strada;NOUN;obl;era;(ROOT (cp (sn (DET Lo) (PRON stesso)) (fc (f (ibar (VERB facevano)) (compt (sn (DET gli) (sa (ADJ altri)) (NUM novantotto) (NOUN cani)))) (PUNCT ,) (CCONJ e) (f (ibar (VERB avevano)) (compc (sn (DET un) (ADJ gran) (sv2 (ADP da) (VERB fare) (compt (sv2 (ADP ad) (VERB abbaiare) (compin (spd (ADP di) (sn (NOUN giorno))))))) (CCONJ e) (spd (ADP di) (sn (NOUN notte)))) (PUNCT ,) (fs (SCONJ perché) (f (ibar (PRON c') (VERB era)) (compc (savv (ADV sempre)) (sq (PRON qualcuno)) (sp (ADP per) (sn (DET la) (NOUN strada))))))))) (PUNCT .)));4.92 ± 1.32;5,311710966;content
106;6;a;a;ADP;case;forza;(ROOT (fc (cp (sp (ADP A) (sn (NOUN forza) (sv2 (ADP di) (VERB sentir) (VERB abbaiare) (compt (sn (DET i) (NOUN cani)))))) (f (sn (DET gli) (NOUN abitanti) (spd (ADP di) (sn (sa (DET quel)) (NOUN paese)))) (ibar (AUX erano) (VERB diventati)) (compc (sq (PRON tutti) (sa (savv (DET un) (ADV po')) (ADJ sordi)))))) (PUNCT ,) (CCONJ e) (cp (sp (ADP tra) (sn (PRON loro))) (f (ibar (VERB parlavano)) (compin (savv (ADV pochissimo))))) (PUNCT .)));;7,004335738;function
107;6;forza;forza;NOUN;obl;diventati;(ROOT (fc (cp (sp (ADP A) (sn (NOUN forza) (sv2 (ADP di) (VERB sentir) (VERB abbaiare) (compt (sn (DET i) (NOUN cani)))))) (f (sn (DET gli) (NOUN abitanti) (spd (ADP di) (sn (sa (DET quel)) (NOUN paese)))) (ibar (AUX erano) (VERB diventati)) (compc (sq (PRON tutti) (sa (savv (DET un) (ADV po')) (ADJ sordi)))))) (PUNCT ,) (CCONJ e) (cp (sp (ADP tra) (sn (PRON loro))) (f (ibar (VERB parlavano)) (compin (savv (ADV pochissimo))))) (PUNCT .)));;5,552103132;content
108;6;di;di;ADP;mark;sentir;(ROOT (fc (cp (sp (ADP A) (sn (NOUN forza) (sv2 (ADP di) (VERB sentir) (VERB abbaiare) (compt (sn (DET i) (NOUN cani)))))) (f (sn (DET gli) (NOUN abitanti) (spd (ADP di) (sn (sa (DET quel)) (NOUN paese)))) (ibar (AUX erano) (VERB diventati)) (compc (sq (PRON tutti) (sa (savv (DET un) (ADV po')) (ADJ sordi)))))) (PUNCT ,) (CCONJ e) (cp (sp (ADP tra) (sn (PRON loro))) (f (ibar (VERB parlavano)) (compin (savv (ADV pochissimo))))) (PUNCT .)));;7,232814475;function
109;6;sentir;sentire;VERB;acl;forza;(ROOT (fc (cp (sp (ADP A) (sn (NOUN forza) (sv2 (ADP di) (VERB sentir) (VERB abbaiare) (compt (sn (DET i) (NOUN cani)))))) (f (sn (DET gli) (NOUN abitanti) (spd (ADP di) (sn (sa (DET quel)) (NOUN paese)))) (ibar (AUX erano) (VERB diventati)) (compc (sq (PRON tutti) (sa (savv (DET un) (ADV po')) (ADJ sordi)))))) (PUNCT ,) (CCONJ e) (cp (sp (ADP tra) (sn (PRON loro))) (f (ibar (VERB parlavano)) (compin (savv (ADV pochissimo))))) (PUNCT .)));4.24 ± 1.67;3,530374671;content
110;6;abbaiare;abbaiare;VERB;ccomp;sentir;(ROOT (fc (cp (sp (ADP A) (sn (NOUN forza) (sv2 (ADP di) (VERB sentir) (VERB abbaiare) (compt (sn (DET i) (NOUN cani)))))) (f (sn (DET gli) (NOUN abitanti) (spd (ADP di) (sn (sa (DET quel)) (NOUN paese)))) (ibar (AUX erano) (VERB diventati)) (compc (sq (PRON tutti) (sa (savv (DET un) (ADV po')) (ADJ sordi)))))) (PUNCT ,) (CCONJ e) (cp (sp (ADP tra) (sn (PRON loro))) (f (ibar (VERB parlavano)) (compin (savv (ADV pochissimo))))) (PUNCT .)));;3,247828081;content
111;6;i;il;DET;det;cani;(ROOT (fc (cp (sp (ADP A) (sn (NOUN forza) (sv2 (ADP di) (VERB sentir) (VERB abbaiare) (compt (sn (DET i) (NOUN cani)))))) (f (sn (DET gli) (NOUN abitanti) (spd (ADP di) (sn (sa (DET quel)) (NOUN paese)))) (ibar (AUX erano) (VERB diventati)) (compc (sq (PRON tutti) (sa (savv (DET un) (ADV po')) (ADJ sordi)))))) (PUNCT ,) (CCONJ e) (cp (sp (ADP tra) (sn (PRON loro))) (f (ibar (VERB parlavano)) (compin (savv (ADV pochissimo))))) (PUNCT .)));;6,584780852;function
112;6;cani;cane;NOUN;obj;abbaiare;(ROOT (fc (cp (sp (ADP A) (sn (NOUN forza) (sv2 (ADP di) (VERB sentir) (VERB abbaiare) (compt (sn (DET i) (NOUN cani)))))) (f (sn (DET gli) (NOUN abitanti) (spd (ADP di) (sn (sa (DET quel)) (NOUN paese)))) (ibar (AUX erano) (VERB diventati)) (compc (sq (PRON tutti) (sa (savv (DET un) (ADV po')) (ADJ sordi)))))) (PUNCT ,) (CCONJ e) (cp (sp (ADP tra) (sn (PRON loro))) (f (ibar (VERB parlavano)) (compin (savv (ADV pochissimo))))) (PUNCT .)));2.76 ± 1.23;4,594472684;content
113;6;gli;il;DET;det;abitanti;(ROOT (fc (cp (sp (ADP A) (sn (NOUN forza) (sv2 (ADP di) (VERB sentir) (VERB abbaiare) (compt (sn (DET i) (NOUN cani)))))) (f (sn (DET gli) (NOUN abitanti) (spd (ADP di) (sn (sa (DET quel)) (NOUN paese)))) (ibar (AUX erano) (VERB diventati)) (compc (sq (PRON tutti) (sa (savv (DET un) (ADV po')) (ADJ sordi)))))) (PUNCT ,) (CCONJ e) (cp (sp (ADP tra) (sn (PRON loro))) (f (ibar (VERB parlavano)) (compin (savv (ADV pochissimo))))) (PUNCT .)));;6,227520191;function
114;6;abitanti;abitante;NOUN;nsubj;diventati;(ROOT (fc (cp (sp (ADP A) (sn (NOUN forza) (sv2 (ADP di) (VERB sentir) (VERB abbaiare) (compt (sn (DET i) (NOUN cani)))))) (f (sn (DET gli) (NOUN abitanti) (spd (ADP di) (sn (sa (DET quel)) (NOUN paese)))) (ibar (AUX erano) (VERB diventati)) (compc (sq (PRON tutti) (sa (savv (DET un) (ADV po')) (ADJ sordi)))))) (PUNCT ,) (CCONJ e) (cp (sp (ADP tra) (sn (PRON loro))) (f (ibar (VERB parlavano)) (compin (savv (ADV pochissimo))))) (PUNCT .)));7.76 ± 3.13;4,001827511;content
115;6;di;di;ADP;case;paese;(ROOT (fc (cp (sp (ADP A) (sn (NOUN forza) (sv2 (ADP di) (VERB sentir) (VERB abbaiare) (compt (sn (DET i) (NOUN cani)))))) (f (sn (DET gli) (NOUN abitanti) (spd (ADP di) (sn (sa (DET quel)) (NOUN paese)))) (ibar (AUX erano) (VERB diventati)) (compc (sq (PRON tutti) (sa (savv (DET un) (ADV po')) (ADJ sordi)))))) (PUNCT ,) (CCONJ e) (cp (sp (ADP tra) (sn (PRON loro))) (f (ibar (VERB parlavano)) (compin (savv (ADV pochissimo))))) (PUNCT .)));;7,232814475;function
116;6;quel;quello;DET;det;paese;(ROOT (fc (cp (sp (ADP A) (sn (NOUN forza) (sv2 (ADP di) (VERB sentir) (VERB abbaiare) (compt (sn (DET i) (NOUN cani)))))) (f (sn (DET gli) (NOUN abitanti) (spd (ADP di) (sn (sa (DET quel)) (NOUN paese)))) (ibar (AUX erano) (VERB diventati)) (compc (sq (PRON tutti) (sa (savv (DET un) (ADV po')) (ADJ sordi)))))) (PUNCT ,) (CCONJ e) (cp (sp (ADP tra) (sn (PRON loro))) (f (ibar (VERB parlavano)) (compin (savv (ADV pochissimo))))) (PUNCT .)));;5,90824416;function
117;6;paese;paese;NOUN;nmod;abitanti;(ROOT (fc (cp (sp (ADP A) (sn (NOUN forza) (sv2 (ADP di) (VERB sentir) (VERB abbaiare) (compt (sn (DET i) (NOUN cani)))))) (f (sn (DET gli) (NOUN abitanti) (spd (ADP di) (sn (sa (DET quel)) (NOUN paese)))) (ibar (AUX erano) (VERB diventati)) (compc (sq (PRON tutti) (sa (savv (DET un) (ADV po')) (ADJ sordi)))))) (PUNCT ,) (CCONJ e) (cp (sp (ADP tra) (sn (PRON loro))) (f (ibar (VERB parlavano)) (compin (savv (ADV pochissimo))))) (PUNCT .)));;5,055196927;content
118;6;erano;essere;AUX;aux;diventati;(ROOT (fc (cp (sp (ADP A) (sn (NOUN forza) (sv2 (ADP di) (VERB sentir) (VERB abbaiare) (compt (sn (DET i) (NOUN cani)))))) (f (sn (DET gli) (NOUN abitanti) (spd (ADP di) (sn (sa (DET quel)) (NOUN paese)))) (ibar (AUX erano) (VERB diventati)) (compc (sq (PRON tutti) (sa (savv (DET un) (ADV po')) (ADJ sordi)))))) (PUNCT ,) (CCONJ e) (cp (sp (ADP tra) (sn (PRON loro))) (f (ibar (VERB parlavano)) (compin (savv (ADV pochissimo))))) (PUNCT .)));;5,476165392;function
119;6;diventati;diventare;VERB;root;ROOT;(ROOT (fc (cp (sp (ADP A) (sn (NOUN forza) (sv2 (ADP di) (VERB sentir) (VERB abbaiare) (compt (sn (DET i) (NOUN cani)))))) (f (sn (DET gli) (NOUN abitanti) (spd (ADP di) (sn (sa (DET quel)) (NOUN paese)))) (ibar (AUX erano) (VERB diventati)) (compc (sq (PRON tutti) (sa (savv (DET un) (ADV po')) (ADJ sordi)))))) (PUNCT ,) (CCONJ e) (cp (sp (ADP tra) (sn (PRON loro))) (f (ibar (VERB parlavano)) (compin (savv (ADV pochissimo))))) (PUNCT .)));;4,036641248;content
120;6;tutti;tutto;PRON;obl;diventati;(ROOT (fc (cp (sp (ADP A) (sn (NOUN forza) (sv2 (ADP di) (VERB sentir) (VERB abbaiare) (compt (sn (DET i) (NOUN cani)))))) (f (sn (DET gli) (NOUN abitanti) (spd (ADP di) (sn (sa (DET quel)) (NOUN paese)))) (ibar (AUX erano) (VERB diventati)) (compc (sq (PRON tutti) (sa (savv (DET un) (ADV po')) (ADJ sordi)))))) (PUNCT ,) (CCONJ e) (cp (sp (ADP tra) (sn (PRON loro))) (f (ibar (VERB parlavano)) (compin (savv (ADV pochissimo))))) (PUNCT .)));;6,110511188;function
121;6;un;uno;DET;det;po';(ROOT (fc (cp (sp (ADP A) (sn (NOUN forza) (sv2 (ADP di) (VERB sentir) (VERB abbaiare) (compt (sn (DET i) (NOUN cani)))))) (f (sn (DET gli) (NOUN abitanti) (spd (ADP di) (sn (sa (DET quel)) (NOUN paese)))) (ibar (AUX erano) (VERB diventati)) (compc (sq (PRON tutti) (sa (savv (DET un) (ADV po')) (ADJ sordi)))))) (PUNCT ,) (CCONJ e) (cp (sp (ADP tra) (sn (PRON loro))) (f (ibar (VERB parlavano)) (compin (savv (ADV pochissimo))))) (PUNCT .)));;7,065833912;function
122;6;po;poco;ADV;advmod;sordi;(ROOT (fc (cp (sp (ADP A) (sn (NOUN forza) (sv2 (ADP di) (VERB sentir) (VERB abbaiare) (compt (sn (DET i) (NOUN cani)))))) (f (sn (DET gli) (NOUN abitanti) (spd (ADP di) (sn (sa (DET quel)) (NOUN paese)))) (ibar (AUX erano) (VERB diventati)) (compc (sq (PRON tutti) (sa (savv (DET un) (ADV po')) (ADJ sordi)))))) (PUNCT ,) (CCONJ e) (cp (sp (ADP tra) (sn (PRON loro))) (f (ibar (VERB parlavano)) (compin (savv (ADV pochissimo))))) (PUNCT .)));;4,399095757;content
123;6;sordi;sordo;ADJ;xcomp;diventati;(ROOT (fc (cp (sp (ADP A) (sn (NOUN forza) (sv2 (ADP di) (VERB sentir) (VERB abbaiare) (compt (sn (DET i) (NOUN cani)))))) (f (sn (DET gli) (NOUN abitanti) (spd (ADP di) (sn (sa (DET quel)) (NOUN paese)))) (ibar (AUX erano) (VERB diventati)) (compc (sq (PRON tutti) (sa (savv (DET un) (ADV po')) (ADJ sordi)))))) (PUNCT ,) (CCONJ e) (cp (sp (ADP tra) (sn (PRON loro))) (f (ibar (VERB parlavano)) (compin (savv (ADV pochissimo))))) (PUNCT .)));;3,260961097;content
124;6;e;e;CCONJ;cc;parlavano;(ROOT (fc (cp (sp (ADP A) (sn (NOUN forza) (sv2 (ADP di) (VERB sentir) (VERB abbaiare) (compt (sn (DET i) (NOUN cani)))))) (f (sn (DET gli) (NOUN abitanti) (spd (ADP di) (sn (sa (DET quel)) (NOUN paese)))) (ibar (AUX erano) (VERB diventati)) (compc (sq (PRON tutti) (sa (savv (DET un) (ADV po')) (ADJ sordi)))))) (PUNCT ,) (CCONJ e) (cp (sp (ADP tra) (sn (PRON loro))) (f (ibar (VERB parlavano)) (compin (savv (ADV pochissimo))))) (PUNCT .)));;2,741151583;function
125;6;tra;tra;ADP;case;loro;(ROOT (fc (cp (sp (ADP A) (sn (NOUN forza) (sv2 (ADP di) (VERB sentir) (VERB abbaiare) (compt (sn (DET i) (NOUN cani)))))) (f (sn (DET gli) (NOUN abitanti) (spd (ADP di) (sn (sa (DET quel)) (NOUN paese)))) (ibar (AUX erano) (VERB diventati)) (compc (sq (PRON tutti) (sa (savv (DET un) (ADV po')) (ADJ sordi)))))) (PUNCT ,) (CCONJ e) (cp (sp (ADP tra) (sn (PRON loro))) (f (ibar (VERB parlavano)) (compin (savv (ADV pochissimo))))) (PUNCT .)));;5,670548919;function
126;6;loro;loro;PRON;obl;parlavano;(ROOT (fc (cp (sp (ADP A) (sn (NOUN forza) (sv2 (ADP di) (VERB sentir) (VERB abbaiare) (compt (sn (DET i) (NOUN cani)))))) (f (sn (DET gli) (NOUN abitanti) (spd (ADP di) (sn (sa (DET quel)) (NOUN paese)))) (ibar (AUX erano) (VERB diventati)) (compc (sq (PRON tutti) (sa (savv (DET un) (ADV po')) (ADJ sordi)))))) (PUNCT ,) (CCONJ e) (cp (sp (ADP tra) (sn (PRON loro))) (f (ibar (VERB parlavano)) (compin (savv (ADV pochissimo))))) (PUNCT .)));;5,914407635;function
127;6;parlavano;parlare;VERB;conj;diventati;(ROOT (fc (cp (sp (ADP A) (sn (NOUN forza) (sv2 (ADP di) (VERB sentir) (VERB abbaiare) (compt (sn (DET i) (NOUN cani)))))) (f (sn (DET gli) (NOUN abitanti) (spd (ADP di) (sn (sa (DET quel)) (NOUN paese)))) (ibar (AUX erano) (VERB diventati)) (compc (sq (PRON tutti) (sa (savv (DET un) (ADV po')) (ADJ sordi)))))) (PUNCT ,) (CCONJ e) (cp (sp (ADP tra) (sn (PRON loro))) (f (ibar (VERB parlavano)) (compin (savv (ADV pochissimo))))) (PUNCT .)));3.64 ± 2.29;3,647289263;content
128;6;pochissimo;poco;ADV;advmod;parlavano;(ROOT (fc (cp (sp (ADP A) (sn (NOUN forza) (sv2 (ADP di) (VERB sentir) (VERB abbaiare) (compt (sn (DET i) (NOUN cani)))))) (f (sn (DET gli) (NOUN abitanti) (spd (ADP di) (sn (sa (DET quel)) (NOUN paese)))) (ibar (AUX erano) (VERB diventati)) (compc (sq (PRON tutti) (sa (savv (DET un) (ADV po')) (ADJ sordi)))))) (PUNCT ,) (CCONJ e) (cp (sp (ADP tra) (sn (PRON loro))) (f (ibar (VERB parlavano)) (compin (savv (ADV pochissimo))))) (PUNCT .)));;3,566586844;content
129;7;del;di;ADP;case;resto;(ROOT (fc (ADP Di) (DET il) (NOUN resto) (PUNCT ,) (f (ibar (ADV non) (AUX avevano) (ADV mai) (VERB avuto)) (compc (sn (sa (ADJ grandi)) (NOUN cose) (coord (sv2 (ADP da) (VERB dire)) (CCONJ e) (sv2 (ADP da) (VERB ascoltare)))))) (PUNCT .)));;6,41186379;function
130;7;resto;resto;NOUN;obl;avuto;(ROOT (fc (ADP Di) (DET il) (NOUN resto) (PUNCT ,) (f (ibar (ADV non) (AUX avevano) (ADV mai) (VERB avuto)) (compc (sn (sa (ADJ grandi)) (NOUN cose) (coord (sv2 (ADP da) (VERB dire)) (CCONJ e) (sv2 (ADP da) (VERB ascoltare)))))) (PUNCT .)));;5,130891521;content
131;7;non;non;ADV;advmod;avuto;(ROOT (fc (ADP Di) (DET il) (NOUN resto) (PUNCT ,) (f (ibar (ADV non) (AUX avevano) (ADV mai) (VERB avuto)) (compc (sn (sa (ADJ grandi)) (NOUN cose) (coord (sv2 (ADP da) (VERB dire)) (CCONJ e) (sv2 (ADP da) (VERB ascoltare)))))) (PUNCT .)));;7,259198169;content
132;7;avevano;avere;AUX;aux;avuto;(ROOT (fc (ADP Di) (DET il) (NOUN resto) (PUNCT ,) (f (ibar (ADV non) (AUX avevano) (ADV mai) (VERB avuto)) (compc (sn (sa (ADJ grandi)) (NOUN cose) (coord (sv2 (ADP da) (VERB dire)) (CCONJ e) (sv2 (ADP da) (VERB ascoltare)))))) (PUNCT .)));;4,853444968;function
133;7;mai;mai;ADV;advmod;avuto;(ROOT (fc (ADP Di) (DET il) (NOUN resto) (PUNCT ,) (f (ibar (ADV non) (AUX avevano) (ADV mai) (VERB avuto)) (compc (sn (sa (ADJ grandi)) (NOUN cose) (coord (sv2 (ADP da) (VERB dire)) (CCONJ e) (sv2 (ADP da) (VERB ascoltare)))))) (PUNCT .)));;6,144963021;content
134;7;avuto;avere;VERB;root;ROOT;(ROOT (fc (ADP Di) (DET il) (NOUN resto) (PUNCT ,) (f (ibar (ADV non) (AUX avevano) (ADV mai) (VERB avuto)) (compc (sn (sa (ADJ grandi)) (NOUN cose) (coord (sv2 (ADP da) (VERB dire)) (CCONJ e) (sv2 (ADP da) (VERB ascoltare)))))) (PUNCT .)));;5,544820235;content
135;7;grandi;grande;ADJ;amod;cose;(ROOT (fc (ADP Di) (DET il) (NOUN resto) (PUNCT ,) (f (ibar (ADV non) (AUX avevano) (ADV mai) (VERB avuto)) (compc (sn (sa (ADJ grandi)) (NOUN cose) (coord (sv2 (ADP da) (VERB dire)) (CCONJ e) (sv2 (ADP da) (VERB ascoltare)))))) (PUNCT .)));4.64 ± 2.04;4,918545808;content
136;7;cose;cosa;NOUN;obj;avuto;(ROOT (fc (ADP Di) (DET il) (NOUN resto) (PUNCT ,) (f (ibar (ADV non) (AUX avevano) (ADV mai) (VERB avuto)) (compc (sn (sa (ADJ grandi)) (NOUN cose) (coord (sv2 (ADP da) (VERB dire)) (CCONJ e) (sv2 (ADP da) (VERB ascoltare)))))) (PUNCT .)));;5,845850231;content
137;7;da;da;ADP;mark;dire;(ROOT (fc (ADP Di) (DET il) (NOUN resto) (PUNCT ,) (f (ibar (ADV non) (AUX avevano) (ADV mai) (VERB avuto)) (compc (sn (sa (ADJ grandi)) (NOUN cose) (coord (sv2 (ADP da) (VERB dire)) (CCONJ e) (sv2 (ADP da) (VERB ascoltare)))))) (PUNCT .)));;6,577812618;function
138;7;dire;dire;VERB;acl;cose;(ROOT (fc (ADP Di) (DET il) (NOUN resto) (PUNCT ,) (f (ibar (ADV non) (AUX avevano) (ADV mai) (VERB avuto)) (compc (sn (sa (ADJ grandi)) (NOUN cose) (coord (sv2 (ADP da) (VERB dire)) (CCONJ e) (sv2 (ADP da) (VERB ascoltare)))))) (PUNCT .)));4.08 ± 1.73;5,98002779;content
139;7;e;e;CCONJ;cc;ascoltare;(ROOT (fc (ADP Di) (DET il) (NOUN resto) (PUNCT ,) (f (ibar (ADV non) (AUX avevano) (ADV mai) (VERB avuto)) (compc (sn (sa (ADJ grandi)) (NOUN cose) (coord (sv2 (ADP da) (VERB dire)) (CCONJ e) (sv2 (ADP da) (VERB ascoltare)))))) (PUNCT .)));;2,741151583;function
140;7;da;da;ADP;mark;ascoltare;(ROOT (fc (ADP Di) (DET il) (NOUN resto) (PUNCT ,) (f (ibar (ADV non) (AUX avevano) (ADV mai) (VERB avuto)) (compc (sn (sa (ADJ grandi)) (NOUN cose) (coord (sv2 (ADP da) (VERB dire)) (CCONJ e) (sv2 (ADP da) (VERB ascoltare)))))) (PUNCT .)));;6,577812618;function
141;7;ascoltare;ascoltare;VERB;conj;dire;(ROOT (fc (ADP Di) (DET il) (NOUN resto) (PUNCT ,) (f (ibar (ADV non) (AUX avevano) (ADV mai) (VERB avuto)) (compc (sn (sa (ADJ grandi)) (NOUN cose) (coord (sv2 (ADP da) (VERB dire)) (CCONJ e) (sv2 (ADP da) (VERB ascoltare)))))) (PUNCT .)));;4,573030366;content
142;8;pian;pian;ADV;advmod;piano;(ROOT (cp (savv (ADV Pian) (ADV piano)) (fp (PUNCT ,) (sp (ADP a) (sn (NOUN starsene) (sa (savv (ADV sempre)) (coord (ADJ zitti) (CCONJ e) (ADJ immusoniti))))) (PUNCT ,)) (f (ibar (VERB disimpararono)) (compin (sv2 (ADV anche) (ADP a) (VERB parlare)))) (PUNCT .)));;2,958079096;content
143;8;piano;piano;ADV;advmod;disimpararono;(ROOT (cp (savv (ADV Pian) (ADV piano)) (fp (PUNCT ,) (sp (ADP a) (sn (NOUN starsene) (sa (savv (ADV sempre)) (coord (ADJ zitti) (CCONJ e) (ADJ immusoniti))))) (PUNCT ,)) (f (ibar (VERB disimpararono)) (compin (sv2 (ADV anche) (ADP a) (VERB parlare)))) (PUNCT .)));;5,375600468;content
144;8;a;a;ADP;case;starsene;(ROOT (cp (savv (ADV Pian) (ADV piano)) (fp (PUNCT ,) (sp (ADP a) (sn (NOUN starsene) (sa (savv (ADV sempre)) (coord (ADJ zitti) (CCONJ e) (ADJ immusoniti))))) (PUNCT ,)) (f (ibar (VERB disimpararono)) (compin (sv2 (ADV anche) (ADP a) (VERB parlare)))) (PUNCT .)));;7,004335738;function
145;8;starsene;starsena;NOUN;obl;disimpararono;(ROOT (cp (savv (ADV Pian) (ADV piano)) (fp (PUNCT ,) (sp (ADP a) (sn (NOUN starsene) (sa (savv (ADV sempre)) (coord (ADJ zitti) (CCONJ e) (ADJ immusoniti))))) (PUNCT ,)) (f (ibar (VERB disimpararono)) (compin (sv2 (ADV anche) (ADP a) (VERB parlare)))) (PUNCT .)));;3,44256145;content
146;8;sempre;sempre;ADV;advmod;zitti;(ROOT (cp (savv (ADV Pian) (ADV piano)) (fp (PUNCT ,) (sp (ADP a) (sn (NOUN starsene) (sa (savv (ADV sempre)) (coord (ADJ zitti) (CCONJ e) (ADJ immusoniti))))) (PUNCT ,)) (f (ibar (VERB disimpararono)) (compin (sv2 (ADV anche) (ADP a) (VERB parlare)))) (PUNCT .)));;5,921350175;content
147;8;zitti;zitto;ADJ;amod;starsene;(ROOT (cp (savv (ADV Pian) (ADV piano)) (fp (PUNCT ,) (sp (ADP a) (sn (NOUN starsene) (sa (savv (ADV sempre)) (coord (ADJ zitti) (CCONJ e) (ADJ immusoniti))))) (PUNCT ,)) (f (ibar (VERB disimpararono)) (compin (sv2 (ADV anche) (ADP a) (VERB parlare)))) (PUNCT .)));;4,05927373;content
148;8;e;e;CCONJ;cc;immusoniti;(ROOT (cp (savv (ADV Pian) (ADV piano)) (fp (PUNCT ,) (sp (ADP a) (sn (NOUN starsene) (sa (savv (ADV sempre)) (coord (ADJ zitti) (CCONJ e) (ADJ immusoniti))))) (PUNCT ,)) (f (ibar (VERB disimpararono)) (compin (sv2 (ADV anche) (ADP a) (VERB parlare)))) (PUNCT .)));;2,741151583;function
149;8;immusoniti;immusonito;ADJ;conj;zitti;(ROOT (cp (savv (ADV Pian) (ADV piano)) (fp (PUNCT ,) (sp (ADP a) (sn (NOUN starsene) (sa (savv (ADV sempre)) (coord (ADJ zitti) (CCONJ e) (ADJ immusoniti))))) (PUNCT ,)) (f (ibar (VERB disimpararono)) (compin (sv2 (ADV anche) (ADP a) (VERB parlare)))) (PUNCT .)));;;content
150;8;disimpararono;disimparare;VERB;root;ROOT;(ROOT (cp (savv (ADV Pian) (ADV piano)) (fp (PUNCT ,) (sp (ADP a) (sn (NOUN starsene) (sa (savv (ADV sempre)) (coord (ADJ zitti) (CCONJ e) (ADJ immusoniti))))) (PUNCT ,)) (f (ibar (VERB disimpararono)) (compin (sv2 (ADV anche) (ADP a) (VERB parlare)))) (PUNCT .)));;;content
151;8;anche;anche;ADV;advmod;parlare;(ROOT (cp (savv (ADV Pian) (ADV piano)) (fp (PUNCT ,) (sp (ADP a) (sn (NOUN starsene) (sa (savv (ADV sempre)) (coord (ADJ zitti) (CCONJ e) (ADJ immusoniti))))) (PUNCT ,)) (f (ibar (VERB disimpararono)) (compin (sv2 (ADV anche) (ADP a) (VERB parlare)))) (PUNCT .)));;6,115086172;content
152;8;a;a;ADP;mark;parlare;(ROOT (cp (savv (ADV Pian) (ADV piano)) (fp (PUNCT ,) (sp (ADP a) (sn (NOUN starsene) (sa (savv (ADV sempre)) (coord (ADJ zitti) (CCONJ e) (ADJ immusoniti))))) (PUNCT ,)) (f (ibar (VERB disimpararono)) (compin (sv2 (ADV anche) (ADP a) (VERB parlare)))) (PUNCT .)));;7,004335738;function
153;8;parlare;parlare;VERB;xcomp;disimpararono;(ROOT (cp (savv (ADV Pian) (ADV piano)) (fp (PUNCT ,) (sp (ADP a) (sn (NOUN starsene) (sa (savv (ADV sempre)) (coord (ADJ zitti) (CCONJ e) (ADJ immusoniti))))) (PUNCT ,)) (f (ibar (VERB disimpararono)) (compin (sv2 (ADV anche) (ADP a) (VERB parlare)))) (PUNCT .)));3.64 ± 2.29;5,677509545;content
154;9;e;e;CCONJ;cc;capitò;(ROOT (fc (CCONJ E) (cp (savv (ADP a) (DET la) (NOUN fine)) (f (ibar (VERB capitò)) (compin (fac (SCONJ che) (f (sn (DET i) (NOUN padroni) (spd (ADP di) (sn (NOUN casa)))) (ibar (PRON si) (VERB misero)) (compin (sv2 (ADP ad) (VERB abbaiare) (compin (sc (ADP come) (sn (DET i) (sa (DET loro)) (NOUN cani))))))))))) (PUNCT .)));;2,741151583;function
155;9;alla;a;ADP;case;fine;(ROOT (fc (CCONJ E) (cp (savv (ADP a) (DET la) (NOUN fine)) (f (ibar (VERB capitò)) (compin (fac (SCONJ che) (f (sn (DET i) (NOUN padroni) (spd (ADP di) (sn (NOUN casa)))) (ibar (PRON si) (VERB misero)) (compin (sv2 (ADP ad) (VERB abbaiare) (compin (sc (ADP come) (sn (DET i) (sa (DET loro)) (NOUN cani))))))))))) (PUNCT .)));;6,135386161;function
156;9;fine;fine;NOUN;obl;capitò;(ROOT (fc (CCONJ E) (cp (savv (ADP a) (DET la) (NOUN fine)) (f (ibar (VERB capitò)) (compin (fac (SCONJ che) (f (sn (DET i) (NOUN padroni) (spd (ADP di) (sn (NOUN casa)))) (ibar (PRON si) (VERB misero)) (compin (sv2 (ADP ad) (VERB abbaiare) (compin (sc (ADP come) (sn (DET i) (sa (DET loro)) (NOUN cani))))))))))) (PUNCT .)));;5,383211843;content
157;9;capitò;capitare;VERB;root;ROOT;(ROOT (fc (CCONJ E) (cp (savv (ADP a) (DET la) (NOUN fine)) (f (ibar (VERB capitò)) (compin (fac (SCONJ che) (f (sn (DET i) (NOUN padroni) (spd (ADP di) (sn (NOUN casa)))) (ibar (PRON si) (VERB misero)) (compin (sv2 (ADP ad) (VERB abbaiare) (compin (sc (ADP come) (sn (DET i) (sa (DET loro)) (NOUN cani))))))))))) (PUNCT .)));;2,722402147;content
158;9;che;che;SCONJ;mark;misero;(ROOT (fc (CCONJ E) (cp (savv (ADP a) (DET la) (NOUN fine)) (f (ibar (VERB capitò)) (compin (fac (SCONJ che) (f (sn (DET i) (NOUN padroni) (spd (ADP di) (sn (NOUN casa)))) (ibar (PRON si) (VERB misero)) (compin (sv2 (ADP ad) (VERB abbaiare) (compin (sc (ADP come) (sn (DET i) (sa (DET loro)) (NOUN cani))))))))))) (PUNCT .)));;7,250456545;function
159;9;i;il;DET;det;padroni;(ROOT (fc (CCONJ E) (cp (savv (ADP a) (DET la) (NOUN fine)) (f (ibar (VERB capitò)) (compin (fac (SCONJ che) (f (sn (DET i) (NOUN padroni) (spd (ADP di) (sn (NOUN casa)))) (ibar (PRON si) (VERB misero)) (compin (sv2 (ADP ad) (VERB abbaiare) (compin (sc (ADP come) (sn (DET i) (sa (DET loro)) (NOUN cani))))))))))) (PUNCT .)));;6,584780852;function
160;9;padroni;padrone;NOUN;nsubj;misero;(ROOT (fc (CCONJ E) (cp (savv (ADP a) (DET la) (NOUN fine)) (f (ibar (VERB capitò)) (compin (fac (SCONJ che) (f (sn (DET i) (NOUN padroni) (spd (ADP di) (sn (NOUN casa)))) (ibar (PRON si) (VERB misero)) (compin (sv2 (ADP ad) (VERB abbaiare) (compin (sc (ADP come) (sn (DET i) (sa (DET loro)) (NOUN cani))))))))))) (PUNCT .)));;3,69335035;content
161;9;di;di;ADP;case;casa;(ROOT (fc (CCONJ E) (cp (savv (ADP a) (DET la) (NOUN fine)) (f (ibar (VERB capitò)) (compin (fac (SCONJ che) (f (sn (DET i) (NOUN padroni) (spd (ADP di) (sn (NOUN casa)))) (ibar (PRON si) (VERB misero)) (compin (sv2 (ADP ad) (VERB abbaiare) (compin (sc (ADP come) (sn (DET i) (sa (DET loro)) (NOUN cani))))))))))) (PUNCT .)));;7,232814475;function
162;9;casa;casa;NOUN;nmod;padroni;(ROOT (fc (CCONJ E) (cp (savv (ADP a) (DET la) (NOUN fine)) (f (ibar (VERB capitò)) (compin (fac (SCONJ che) (f (sn (DET i) (NOUN padroni) (spd (ADP di) (sn (NOUN casa)))) (ibar (PRON si) (VERB misero)) (compin (sv2 (ADP ad) (VERB abbaiare) (compin (sc (ADP come) (sn (DET i) (sa (DET loro)) (NOUN cani))))))))))) (PUNCT .)));3.40 ± 1.63;6,003702937;content
163;9;si;si;PRON;expl;misero;(ROOT (fc (CCONJ E) (cp (savv (ADP a) (DET la) (NOUN fine)) (f (ibar (VERB capitò)) (compin (fac (SCONJ che) (f (sn (DET i) (NOUN padroni) (spd (ADP di) (sn (NOUN casa)))) (ibar (PRON si) (VERB misero)) (compin (sv2 (ADP ad) (VERB abbaiare) (compin (sc (ADP come) (sn (DET i) (sa (DET loro)) (NOUN cani))))))))))) (PUNCT .)));;6,553884221;function
164;9;misero;mettere;VERB;ccomp;capitò;(ROOT (fc (CCONJ E) (cp (savv (ADP a) (DET la) (NOUN fine)) (f (ibar (VERB capitò)) (compin (fac (SCONJ che) (f (sn (DET i) (NOUN padroni) (spd (ADP di) (sn (NOUN casa)))) (ibar (PRON si) (VERB misero)) (compin (sv2 (ADP ad) (VERB abbaiare) (compin (sc (ADP come) (sn (DET i) (sa (DET loro)) (NOUN cani))))))))))) (PUNCT .)));4.28 ± 1.59;3,706134534;content
165;9;ad;a;ADP;mark;abbaiare;(ROOT (fc (CCONJ E) (cp (savv (ADP a) (DET la) (NOUN fine)) (f (ibar (VERB capitò)) (compin (fac (SCONJ che) (f (sn (DET i) (NOUN padroni) (spd (ADP di) (sn (NOUN casa)))) (ibar (PRON si) (VERB misero)) (compin (sv2 (ADP ad) (VERB abbaiare) (compin (sc (ADP come) (sn (DET i) (sa (DET loro)) (NOUN cani))))))))))) (PUNCT .)));;5,934389877;function
166;9;abbaiare;abbaiare;VERB;xcomp;misero;(ROOT (fc (CCONJ E) (cp (savv (ADP a) (DET la) (NOUN fine)) (f (ibar (VERB capitò)) (compin (fac (SCONJ che) (f (sn (DET i) (NOUN padroni) (spd (ADP di) (sn (NOUN casa)))) (ibar (PRON si) (VERB misero)) (compin (sv2 (ADP ad) (VERB abbaiare) (compin (sc (ADP come) (sn (DET i) (sa (DET loro)) (NOUN cani))))))))))) (PUNCT .)));;3,247828081;content
167;9;come;come;ADP;case;cani;(ROOT (fc (CCONJ E) (cp (savv (ADP a) (DET la) (NOUN fine)) (f (ibar (VERB capitò)) (compin (fac (SCONJ che) (f (sn (DET i) (NOUN padroni) (spd (ADP di) (sn (NOUN casa)))) (ibar (PRON si) (VERB misero)) (compin (sv2 (ADP ad) (VERB abbaiare) (compin (sc (ADP come) (sn (DET i) (sa (DET loro)) (NOUN cani))))))))))) (PUNCT .)));;6,562704781;function
168;9;i;il;DET;det;cani;(ROOT (fc (CCONJ E) (cp (savv (ADP a) (DET la) (NOUN fine)) (f (ibar (VERB capitò)) (compin (fac (SCONJ che) (f (sn (DET i) (NOUN padroni) (spd (ADP di) (sn (NOUN casa)))) (ibar (PRON si) (VERB misero)) (compin (sv2 (ADP ad) (VERB abbaiare) (compin (sc (ADP come) (sn (DET i) (sa (DET loro)) (NOUN cani))))))))))) (PUNCT .)));;6,584780852;function
169;9;loro;loro;DET;det:poss;cani;(ROOT (fc (CCONJ E) (cp (savv (ADP a) (DET la) (NOUN fine)) (f (ibar (VERB capitò)) (compin (fac (SCONJ che) (f (sn (DET i) (NOUN padroni) (spd (ADP di) (sn (NOUN casa)))) (ibar (PRON si) (VERB misero)) (compin (sv2 (ADP ad) (VERB abbaiare) (compin (sc (ADP come) (sn (DET i) (sa (DET loro)) (NOUN cani))))))))))) (PUNCT .)));;5,914407635;function
170;9;cani;cane;NOUN;obl;abbaiare;(ROOT (fc (CCONJ E) (cp (savv (ADP a) (DET la) (NOUN fine)) (f (ibar (VERB capitò)) (compin (fac (SCONJ che) (f (sn (DET i) (NOUN padroni) (spd (ADP di) (sn (NOUN casa)))) (ibar (PRON si) (VERB misero)) (compin (sv2 (ADP ad) (VERB abbaiare) (compin (sc (ADP come) (sn (DET i) (sa (DET loro)) (NOUN cani))))))))))) (PUNCT .)));2.76 ± 1.23;4,594472684;content
171;10;loro;loro;PRON;nsubj;credevano;(ROOT (fc (cp (sn (PRON Loro)) (savv (ADV forse)) (f (ibar (VERB credevano)) (compt (sv2 (ADP di) (VERB parlare))))) (PUNCT ,) (CCONJ ma) (fs (SCONJ quando) (f (ibar (VERB aprivano)) (compt (sn (NOUN bocca)))) (f (ibar (PRON si) (VERB udiva)) (compt (sn (DET una) (NOUN specie) (spd (ADP di) (PUNCT «) (sn (NOUN bau) (NOUN bau)) (PUNCT ») (f2 (PRON che) (f (ibar (VERB faceva) (VERB venire)) (compt (sn (DET la) (NOUN pelle) (spd (ADP d') (sn (NOUN oca) (PUNCT .))))))))))))));;5,914407635;function
172;10;forse;forse;ADV;advmod;credevano;(ROOT (fc (cp (sn (PRON Loro)) (savv (ADV forse)) (f (ibar (VERB credevano)) (compt (sv2 (ADP di) (VERB parlare))))) (PUNCT ,) (CCONJ ma) (fs (SCONJ quando) (f (ibar (VERB aprivano)) (compt (sn (NOUN bocca)))) (f (ibar (PRON si) (VERB udiva)) (compt (sn (DET una) (NOUN specie) (spd (ADP di) (PUNCT «) (sn (NOUN bau) (NOUN bau)) (PUNCT ») (f2 (PRON che) (f (ibar (VERB faceva) (VERB venire)) (compt (sn (DET la) (NOUN pelle) (spd (ADP d') (sn (NOUN oca) (PUNCT .))))))))))))));;5,904682499;content
173;10;credevano;credere;VERB;root;ROOT;(ROOT (fc (cp (sn (PRON Loro)) (savv (ADV forse)) (f (ibar (VERB credevano)) (compt (sv2 (ADP di) (VERB parlare))))) (PUNCT ,) (CCONJ ma) (fs (SCONJ quando) (f (ibar (VERB aprivano)) (compt (sn (NOUN bocca)))) (f (ibar (PRON si) (VERB udiva)) (compt (sn (DET una) (NOUN specie) (spd (ADP di) (PUNCT «) (sn (NOUN bau) (NOUN bau)) (PUNCT ») (f2 (PRON che) (f (ibar (VERB faceva) (VERB venire)) (compt (sn (DET la) (NOUN pelle) (spd (ADP d') (sn (NOUN oca) (PUNCT .))))))))))))));;3,627880561;content
174;10;di;di;ADP;mark;parlare;(ROOT (fc (cp (sn (PRON Loro)) (savv (ADV forse)) (f (ibar (VERB credevano)) (compt (sv2 (ADP di) (VERB parlare))))) (PUNCT ,) (CCONJ ma) (fs (SCONJ quando) (f (ibar (VERB aprivano)) (compt (sn (NOUN bocca)))) (f (ibar (PRON si) (VERB udiva)) (compt (sn (DET una) (NOUN specie) (spd (ADP di) (PUNCT «) (sn (NOUN bau) (NOUN bau)) (PUNCT ») (f2 (PRON che) (f (ibar (VERB faceva) (VERB venire)) (compt (sn (DET la) (NOUN pelle) (spd (ADP d') (sn (NOUN oca) (PUNCT .))))))))))))));;7,232814475;function
175;10;parlare;parlare;VERB;xcomp;credevano;(ROOT (fc (cp (sn (PRON Loro)) (savv (ADV forse)) (f (ibar (VERB credevano)) (compt (sv2 (ADP di) (VERB parlare))))) (PUNCT ,) (CCONJ ma) (fs (SCONJ quando) (f (ibar (VERB aprivano)) (compt (sn (NOUN bocca)))) (f (ibar (PRON si) (VERB udiva)) (compt (sn (DET una) (NOUN specie) (spd (ADP di) (PUNCT «) (sn (NOUN bau) (NOUN bau)) (PUNCT ») (f2 (PRON che) (f (ibar (VERB faceva) (VERB venire)) (compt (sn (DET la) (NOUN pelle) (spd (ADP d') (sn (NOUN oca) (PUNCT .))))))))))))));3.64 ± 2.29;5,677509545;content
176;10;ma;ma;CCONJ;cc;udiva;(ROOT (fc (cp (sn (PRON Loro)) (savv (ADV forse)) (f (ibar (VERB credevano)) (compt (sv2 (ADP di) (VERB parlare))))) (PUNCT ,) (CCONJ ma) (fs (SCONJ quando) (f (ibar (VERB aprivano)) (compt (sn (NOUN bocca)))) (f (ibar (PRON si) (VERB udiva)) (compt (sn (DET una) (NOUN specie) (spd (ADP di) (PUNCT «) (sn (NOUN bau) (NOUN bau)) (PUNCT ») (f2 (PRON che) (f (ibar (VERB faceva) (VERB venire)) (compt (sn (DET la) (NOUN pelle) (spd (ADP d') (sn (NOUN oca) (PUNCT .))))))))))))));;6,662005813;function
177;10;quando;quando;SCONJ;mark;aprivano;(ROOT (fc (cp (sn (PRON Loro)) (savv (ADV forse)) (f (ibar (VERB credevano)) (compt (sv2 (ADP di) (VERB parlare))))) (PUNCT ,) (CCONJ ma) (fs (SCONJ quando) (f (ibar (VERB aprivano)) (compt (sn (NOUN bocca)))) (f (ibar (PRON si) (VERB udiva)) (compt (sn (DET una) (NOUN specie) (spd (ADP di) (PUNCT «) (sn (NOUN bau) (NOUN bau)) (PUNCT ») (f2 (PRON che) (f (ibar (VERB faceva) (VERB venire)) (compt (sn (DET la) (NOUN pelle) (spd (ADP d') (sn (NOUN oca) (PUNCT .))))))))))))));;6,212844009;function
178;10;aprivano;aprire;VERB;advcl;udiva;(ROOT (fc (cp (sn (PRON Loro)) (savv (ADV forse)) (f (ibar (VERB credevano)) (compt (sv2 (ADP di) (VERB parlare))))) (PUNCT ,) (CCONJ ma) (fs (SCONJ quando) (f (ibar (VERB aprivano)) (compt (sn (NOUN bocca)))) (f (ibar (PRON si) (VERB udiva)) (compt (sn (DET una) (NOUN specie) (spd (ADP di) (PUNCT «) (sn (NOUN bau) (NOUN bau)) (PUNCT ») (f2 (PRON che) (f (ibar (VERB faceva) (VERB venire)) (compt (sn (DET la) (NOUN pelle) (spd (ADP d') (sn (NOUN oca) (PUNCT .))))))))))))));3.92 ± 1.35;2,337051266;content
179;10;bocca;bocca;NOUN;obj;aprivano;(ROOT (fc (cp (sn (PRON Loro)) (savv (ADV forse)) (f (ibar (VERB credevano)) (compt (sv2 (ADP di) (VERB parlare))))) (PUNCT ,) (CCONJ ma) (fs (SCONJ quando) (f (ibar (VERB aprivano)) (compt (sn (NOUN bocca)))) (f (ibar (PRON si) (VERB udiva)) (compt (sn (DET una) (NOUN specie) (spd (ADP di) (PUNCT «) (sn (NOUN bau) (NOUN bau)) (PUNCT ») (f2 (PRON che) (f (ibar (VERB faceva) (VERB venire)) (compt (sn (DET la) (NOUN pelle) (spd (ADP d') (sn (NOUN oca) (PUNCT .))))))))))))));2.44 ± 1.08;4,963684877;content
180;10;si;si;PRON;expl;udiva;(ROOT (fc (cp (sn (PRON Loro)) (savv (ADV forse)) (f (ibar (VERB credevano)) (compt (sv2 (ADP di) (VERB parlare))))) (PUNCT ,) (CCONJ ma) (fs (SCONJ quando) (f (ibar (VERB aprivano)) (compt (sn (NOUN bocca)))) (f (ibar (PRON si) (VERB udiva)) (compt (sn (DET una) (NOUN specie) (spd (ADP di) (PUNCT «) (sn (NOUN bau) (NOUN bau)) (PUNCT ») (f2 (PRON che) (f (ibar (VERB faceva) (VERB venire)) (compt (sn (DET la) (NOUN pelle) (spd (ADP d') (sn (NOUN oca) (PUNCT .))))))))))))));;6,553884221;function
181;10;udiva;udire;VERB;conj;credevano;(ROOT (fc (cp (sn (PRON Loro)) (savv (ADV forse)) (f (ibar (VERB credevano)) (compt (sv2 (ADP di) (VERB parlare))))) (PUNCT ,) (CCONJ ma) (fs (SCONJ quando) (f (ibar (VERB aprivano)) (compt (sn (NOUN bocca)))) (f (ibar (PRON si) (VERB udiva)) (compt (sn (DET una) (NOUN specie) (spd (ADP di) (PUNCT «) (sn (NOUN bau) (NOUN bau)) (PUNCT ») (f2 (PRON che) (f (ibar (VERB faceva) (VERB venire)) (compt (sn (DET la) (NOUN pelle) (spd (ADP d') (sn (NOUN oca) (PUNCT .))))))))))))));;1,889893234;content
182;10;una;uno;DET;det;specie;(ROOT (fc (cp (sn (PRON Loro)) (savv (ADV forse)) (f (ibar (VERB credevano)) (compt (sv2 (ADP di) (VERB parlare))))) (PUNCT ,) (CCONJ ma) (fs (SCONJ quando) (f (ibar (VERB aprivano)) (compt (sn (NOUN bocca)))) (f (ibar (PRON si) (VERB udiva)) (compt (sn (DET una) (NOUN specie) (spd (ADP di) (PUNCT «) (sn (NOUN bau) (NOUN bau)) (PUNCT ») (f2 (PRON che) (f (ibar (VERB faceva) (VERB venire)) (compt (sn (DET la) (NOUN pelle) (spd (ADP d') (sn (NOUN oca) (PUNCT .))))))))))))));;6,801817508;function
183;10;specie;specie;NOUN;nsubj;udiva;(ROOT (fc (cp (sn (PRON Loro)) (savv (ADV forse)) (f (ibar (VERB credevano)) (compt (sv2 (ADP di) (VERB parlare))))) (PUNCT ,) (CCONJ ma) (fs (SCONJ quando) (f (ibar (VERB aprivano)) (compt (sn (NOUN bocca)))) (f (ibar (PRON si) (VERB udiva)) (compt (sn (DET una) (NOUN specie) (spd (ADP di) (PUNCT «) (sn (NOUN bau) (NOUN bau)) (PUNCT ») (f2 (PRON che) (f (ibar (VERB faceva) (VERB venire)) (compt (sn (DET la) (NOUN pelle) (spd (ADP d') (sn (NOUN oca) (PUNCT .))))))))))))));;4,939924797;content
184;10;di;di;ADP;case;bau;(ROOT (fc (cp (sn (PRON Loro)) (savv (ADV forse)) (f (ibar (VERB credevano)) (compt (sv2 (ADP di) (VERB parlare))))) (PUNCT ,) (CCONJ ma) (fs (SCONJ quando) (f (ibar (VERB aprivano)) (compt (sn (NOUN bocca)))) (f (ibar (PRON si) (VERB udiva)) (compt (sn (DET una) (NOUN specie) (spd (ADP di) (PUNCT «) (sn (NOUN bau) (NOUN bau)) (PUNCT ») (f2 (PRON che) (f (ibar (VERB faceva) (VERB venire)) (compt (sn (DET la) (NOUN pelle) (spd (ADP d') (sn (NOUN oca) (PUNCT .))))))))))))));;7,232814475;function
185;10;bau;bau;NOUN;nmod;specie;(ROOT (fc (cp (sn (PRON Loro)) (savv (ADV forse)) (f (ibar (VERB credevano)) (compt (sv2 (ADP di) (VERB parlare))))) (PUNCT ,) (CCONJ ma) (fs (SCONJ quando) (f (ibar (VERB aprivano)) (compt (sn (NOUN bocca)))) (f (ibar (PRON si) (VERB udiva)) (compt (sn (DET una) (NOUN specie) (spd (ADP di) (PUNCT «) (sn (NOUN bau) (NOUN bau)) (PUNCT ») (f2 (PRON che) (f (ibar (VERB faceva) (VERB venire)) (compt (sn (DET la) (NOUN pelle) (spd (ADP d') (sn (NOUN oca) (PUNCT .))))))))))))));;2,25162107;content
186;10;bau;bau;NOUN;flat:foreign;bau;(ROOT (fc (cp (sn (PRON Loro)) (savv (ADV forse)) (f (ibar (VERB credevano)) (compt (sv2 (ADP di) (VERB parlare))))) (PUNCT ,) (CCONJ ma) (fs (SCONJ quando) (f (ibar (VERB aprivano)) (compt (sn (NOUN bocca)))) (f (ibar (PRON si) (VERB udiva)) (compt (sn (DET una) (NOUN specie) (spd (ADP di) (PUNCT «) (sn (NOUN bau) (NOUN bau)) (PUNCT ») (f2 (PRON che) (f (ibar (VERB faceva) (VERB venire)) (compt (sn (DET la) (NOUN pelle) (spd (ADP d') (sn (NOUN oca) (PUNCT .))))))))))))));;2,25162107;content
187;10;che;che;PRON;nsubj;faceva;(ROOT (fc (cp (sn (PRON Loro)) (savv (ADV forse)) (f (ibar (VERB credevano)) (compt (sv2 (ADP di) (VERB parlare))))) (PUNCT ,) (CCONJ ma) (fs (SCONJ quando) (f (ibar (VERB aprivano)) (compt (sn (NOUN bocca)))) (f (ibar (PRON si) (VERB udiva)) (compt (sn (DET una) (NOUN specie) (spd (ADP di) (PUNCT «) (sn (NOUN bau) (NOUN bau)) (PUNCT ») (f2 (PRON che) (f (ibar (VERB faceva) (VERB venire)) (compt (sn (DET la) (NOUN pelle) (spd (ADP d') (sn (NOUN oca) (PUNCT .))))))))))))));;7,250456545;function
188;10;faceva;fare;VERB;acl:relcl;bau;(ROOT (fc (cp (sn (PRON Loro)) (savv (ADV forse)) (f (ibar (VERB credevano)) (compt (sv2 (ADP di) (VERB parlare))))) (PUNCT ,) (CCONJ ma) (fs (SCONJ quando) (f (ibar (VERB aprivano)) (compt (sn (NOUN bocca)))) (f (ibar (PRON si) (VERB udiva)) (compt (sn (DET una) (NOUN specie) (spd (ADP di) (PUNCT «) (sn (NOUN bau) (NOUN bau)) (PUNCT ») (f2 (PRON che) (f (ibar (VERB faceva) (VERB venire)) (compt (sn (DET la) (NOUN pelle) (spd (ADP d') (sn (NOUN oca) (PUNCT .))))))))))))));4.40 ± 2.22;4,910958432;content
189;10;venire;venire;VERB;ccomp;faceva;(ROOT (fc (cp (sn (PRON Loro)) (savv (ADV forse)) (f (ibar (VERB credevano)) (compt (sv2 (ADP di) (VERB parlare))))) (PUNCT ,) (CCONJ ma) (fs (SCONJ quando) (f (ibar (VERB aprivano)) (compt (sn (NOUN bocca)))) (f (ibar (PRON si) (VERB udiva)) (compt (sn (DET una) (NOUN specie) (spd (ADP di) (PUNCT «) (sn (NOUN bau) (NOUN bau)) (PUNCT ») (f2 (PRON che) (f (ibar (VERB faceva) (VERB venire)) (compt (sn (DET la) (NOUN pelle) (spd (ADP d') (sn (NOUN oca) (PUNCT .))))))))))))));4.80 ± 2.10;5,41855288;content
190;10;la;il;DET;det;pelle;(ROOT (fc (cp (sn (PRON Loro)) (savv (ADV forse)) (f (ibar (VERB credevano)) (compt (sv2 (ADP di) (VERB parlare))))) (PUNCT ,) (CCONJ ma) (fs (SCONJ quando) (f (ibar (VERB aprivano)) (compt (sn (NOUN bocca)))) (f (ibar (PRON si) (VERB udiva)) (compt (sn (DET una) (NOUN specie) (spd (ADP di) (PUNCT «) (sn (NOUN bau) (NOUN bau)) (PUNCT ») (f2 (PRON che) (f (ibar (VERB faceva) (VERB venire)) (compt (sn (DET la) (NOUN pelle) (spd (ADP d') (sn (NOUN oca) (PUNCT .))))))))))))));;7,055331658;function
191;10;pelle;pelle;NOUN;obj;venire;(ROOT (fc (cp (sn (PRON Loro)) (savv (ADV forse)) (f (ibar (VERB credevano)) (compt (sv2 (ADP di) (VERB parlare))))) (PUNCT ,) (CCONJ ma) (fs (SCONJ quando) (f (ibar (VERB aprivano)) (compt (sn (NOUN bocca)))) (f (ibar (PRON si) (VERB udiva)) (compt (sn (DET una) (NOUN specie) (spd (ADP di) (PUNCT «) (sn (NOUN bau) (NOUN bau)) (PUNCT ») (f2 (PRON che) (f (ibar (VERB faceva) (VERB venire)) (compt (sn (DET la) (NOUN pelle) (spd (ADP d') (sn (NOUN oca) (PUNCT .))))))))))))));;4,724313938;content
192;10;d;di;ADP;case;oca;(ROOT (fc (cp (sn (PRON Loro)) (savv (ADV forse)) (f (ibar (VERB credevano)) (compt (sv2 (ADP di) (VERB parlare))))) (PUNCT ,) (CCONJ ma) (fs (SCONJ quando) (f (ibar (VERB aprivano)) (compt (sn (NOUN bocca)))) (f (ibar (PRON si) (VERB udiva)) (compt (sn (DET una) (NOUN specie) (spd (ADP di) (PUNCT «) (sn (NOUN bau) (NOUN bau)) (PUNCT ») (f2 (PRON che) (f (ibar (VERB faceva) (VERB venire)) (compt (sn (DET la) (NOUN pelle) (spd (ADP d') (sn (NOUN oca) (PUNCT .))))))))))))));;5,87641417;function
193;10;oca;oca;NOUN;nmod;pelle;(ROOT (fc (cp (sn (PRON Loro)) (savv (ADV forse)) (f (ibar (VERB credevano)) (compt (sv2 (ADP di) (VERB parlare))))) (PUNCT ,) (CCONJ ma) (fs (SCONJ quando) (f (ibar (VERB aprivano)) (compt (sn (NOUN bocca)))) (f (ibar (PRON si) (VERB udiva)) (compt (sn (DET una) (NOUN specie) (spd (ADP di) (PUNCT «) (sn (NOUN bau) (NOUN bau)) (PUNCT ») (f2 (PRON che) (f (ibar (VERB faceva) (VERB venire)) (compt (sn (DET la) (NOUN pelle) (spd (ADP d') (sn (NOUN oca) (PUNCT .))))))))))))));5.80 ± 2.66;3,750231241;content
194;11;e;e;CCONJ;cc;sembravano;(ROOT (fc (CCONJ E) (ADV così) (PUNCT ,) (f (ibar (VERB abbaiavano)) (compt (sn (DET i) (NOUN cani)))) (PUNCT ,) (f (ibar (VERB abbaiavano)) (compt (sn (DET gli) (NOUN uomini)))) (CCONJ e) (f (sn (DET le) (NOUN donne)) (PUNCT ,) (ibar (VERB abbaiavano)) (compt (sn (DET i) (NOUN bambini)) (fs (SCONJ mentre) (f (ibar (VERB giocavano)))))) (PUNCT ,) (f (sn (DET le) (NUM novantanove) (NOUN villette)) (ibar (VERB sembravano)) (VERB diventate) (compc (sn (NUM novantanove) (NOUN canili) (PUNCT .))))));;2,741151583;function
195;11;così;così;ADV;advmod;abbaiavano;(ROOT (fc (CCONJ E) (ADV così) (PUNCT ,) (f (ibar (VERB abbaiavano)) (compt (sn (DET i) (NOUN cani)))) (PUNCT ,) (f (ibar (VERB abbaiavano)) (compt (sn (DET gli) (NOUN uomini)))) (CCONJ e) (f (sn (DET le) (NOUN donne)) (PUNCT ,) (ibar (VERB abbaiavano)) (compt (sn (DET i) (NOUN bambini)) (fs (SCONJ mentre) (f (ibar (VERB giocavano)))))) (PUNCT ,) (f (sn (DET le) (NUM novantanove) (NOUN villette)) (ibar (VERB sembravano)) (VERB diventate) (compc (sn (NUM novantanove) (NOUN canili) (PUNCT .))))));;6,287788074;content
196;11;abbaiavano;abbaiare;VERB;root;ROOT;(ROOT (fc (CCONJ E) (ADV così) (PUNCT ,) (f (ibar (VERB abbaiavano)) (compt (sn (DET i) (NOUN cani)))) (PUNCT ,) (f (ibar (VERB abbaiavano)) (compt (sn (DET gli) (NOUN uomini)))) (CCONJ e) (f (sn (DET le) (NOUN donne)) (PUNCT ,) (ibar (VERB abbaiavano)) (compt (sn (DET i) (NOUN bambini)) (fs (SCONJ mentre) (f (ibar (VERB giocavano)))))) (PUNCT ,) (f (sn (DET le) (NUM novantanove) (NOUN villette)) (ibar (VERB sembravano)) (VERB diventate) (compc (sn (NUM novantanove) (NOUN canili) (PUNCT .))))));;1,93128592;content
197;11;i;il;DET;det;cani;(ROOT (fc (CCONJ E) (ADV così) (PUNCT ,) (f (ibar (VERB abbaiavano)) (compt (sn (DET i) (NOUN cani)))) (PUNCT ,) (f (ibar (VERB abbaiavano)) (compt (sn (DET gli) (NOUN uomini)))) (CCONJ e) (f (sn (DET le) (NOUN donne)) (PUNCT ,) (ibar (VERB abbaiavano)) (compt (sn (DET i) (NOUN bambini)) (fs (SCONJ mentre) (f (ibar (VERB giocavano)))))) (PUNCT ,) (f (sn (DET le) (NUM novantanove) (NOUN villette)) (ibar (VERB sembravano)) (VERB diventate) (compc (sn (NUM novantanove) (NOUN canili) (PUNCT .))))));;6,584780852;function
198;11;cani;cane;NOUN;nsubj;abbaiavano;(ROOT (fc (CCONJ E) (ADV così) (PUNCT ,) (f (ibar (VERB abbaiavano)) (compt (sn (DET i) (NOUN cani)))) (PUNCT ,) (f (ibar (VERB abbaiavano)) (compt (sn (DET gli) (NOUN uomini)))) (CCONJ e) (f (sn (DET le) (NOUN donne)) (PUNCT ,) (ibar (VERB abbaiavano)) (compt (sn (DET i) (NOUN bambini)) (fs (SCONJ mentre) (f (ibar (VERB giocavano)))))) (PUNCT ,) (f (sn (DET le) (NUM novantanove) (NOUN villette)) (ibar (VERB sembravano)) (VERB diventate) (compc (sn (NUM novantanove) (NOUN canili) (PUNCT .))))));2.76 ± 1.23;4,594472684;content
199;11;abbaiavano;abbaiare;VERB;conj;abbaiavano;(ROOT (fc (CCONJ E) (ADV così) (PUNCT ,) (f (ibar (VERB abbaiavano)) (compt (sn (DET i) (NOUN cani)))) (PUNCT ,) (f (ibar (VERB abbaiavano)) (compt (sn (DET gli) (NOUN uomini)))) (CCONJ e) (f (sn (DET le) (NOUN donne)) (PUNCT ,) (ibar (VERB abbaiavano)) (compt (sn (DET i) (NOUN bambini)) (fs (SCONJ mentre) (f (ibar (VERB giocavano)))))) (PUNCT ,) (f (sn (DET le) (NUM novantanove) (NOUN villette)) (ibar (VERB sembravano)) (VERB diventate) (compc (sn (NUM novantanove) (NOUN canili) (PUNCT .))))));;1,93128592;content
200;11;gli;il;DET;det;uomini;(ROOT (fc (CCONJ E) (ADV così) (PUNCT ,) (f (ibar (VERB abbaiavano)) (compt (sn (DET i) (NOUN cani)))) (PUNCT ,) (f (ibar (VERB abbaiavano)) (compt (sn (DET gli) (NOUN uomini)))) (CCONJ e) (f (sn (DET le) (NOUN donne)) (PUNCT ,) (ibar (VERB abbaiavano)) (compt (sn (DET i) (NOUN bambini)) (fs (SCONJ mentre) (f (ibar (VERB giocavano)))))) (PUNCT ,) (f (sn (DET le) (NUM novantanove) (NOUN villette)) (ibar (VERB sembravano)) (VERB diventate) (compc (sn (NUM novantanove) (NOUN canili) (PUNCT .))))));;6,227520191;function
201;11;uomini;uomo;NOUN;nsubj;abbaiavano;(ROOT (fc (CCONJ E) (ADV così) (PUNCT ,) (f (ibar (VERB abbaiavano)) (compt (sn (DET i) (NOUN cani)))) (PUNCT ,) (f (ibar (VERB abbaiavano)) (compt (sn (DET gli) (NOUN uomini)))) (CCONJ e) (f (sn (DET le) (NOUN donne)) (PUNCT ,) (ibar (VERB abbaiavano)) (compt (sn (DET i) (NOUN bambini)) (fs (SCONJ mentre) (f (ibar (VERB giocavano)))))) (PUNCT ,) (f (sn (DET le) (NUM novantanove) (NOUN villette)) (ibar (VERB sembravano)) (VERB diventate) (compc (sn (NUM novantanove) (NOUN canili) (PUNCT .))))));4.12 ± 2.13;5,414185477;content
202;11;e;e;CCONJ;cc;donne;(ROOT (fc (CCONJ E) (ADV così) (PUNCT ,) (f (ibar (VERB abbaiavano)) (compt (sn (DET i) (NOUN cani)))) (PUNCT ,) (f (ibar (VERB abbaiavano)) (compt (sn (DET gli) (NOUN uomini)))) (CCONJ e) (f (sn (DET le) (NOUN donne)) (PUNCT ,) (ibar (VERB abbaiavano)) (compt (sn (DET i) (NOUN bambini)) (fs (SCONJ mentre) (f (ibar (VERB giocavano)))))) (PUNCT ,) (f (sn (DET le) (NUM novantanove) (NOUN villette)) (ibar (VERB sembravano)) (VERB diventate) (compc (sn (NUM novantanove) (NOUN canili) (PUNCT .))))));;2,741151583;function
203;11;le;il;DET;det;donne;(ROOT (fc (CCONJ E) (ADV così) (PUNCT ,) (f (ibar (VERB abbaiavano)) (compt (sn (DET i) (NOUN cani)))) (PUNCT ,) (f (ibar (VERB abbaiavano)) (compt (sn (DET gli) (NOUN uomini)))) (CCONJ e) (f (sn (DET le) (NOUN donne)) (PUNCT ,) (ibar (VERB abbaiavano)) (compt (sn (DET i) (NOUN bambini)) (fs (SCONJ mentre) (f (ibar (VERB giocavano)))))) (PUNCT ,) (f (sn (DET le) (NUM novantanove) (NOUN villette)) (ibar (VERB sembravano)) (VERB diventate) (compc (sn (NUM novantanove) (NOUN canili) (PUNCT .))))));;6,624997683;function
204;11;donne;donna;NOUN;conj;uomini;(ROOT (fc (CCONJ E) (ADV così) (PUNCT ,) (f (ibar (VERB abbaiavano)) (compt (sn (DET i) (NOUN cani)))) (PUNCT ,) (f (ibar (VERB abbaiavano)) (compt (sn (DET gli) (NOUN uomini)))) (CCONJ e) (f (sn (DET le) (NOUN donne)) (PUNCT ,) (ibar (VERB abbaiavano)) (compt (sn (DET i) (NOUN bambini)) (fs (SCONJ mentre) (f (ibar (VERB giocavano)))))) (PUNCT ,) (f (sn (DET le) (NUM novantanove) (NOUN villette)) (ibar (VERB sembravano)) (VERB diventate) (compc (sn (NUM novantanove) (NOUN canili) (PUNCT .))))));4.36 ± 2.23;5,213145335;content
205;11;abbaiavano;abbaiare;VERB;conj;abbaiavano;(ROOT (fc (CCONJ E) (ADV così) (PUNCT ,) (f (ibar (VERB abbaiavano)) (compt (sn (DET i) (NOUN cani)))) (PUNCT ,) (f (ibar (VERB abbaiavano)) (compt (sn (DET gli) (NOUN uomini)))) (CCONJ e) (f (sn (DET le) (NOUN donne)) (PUNCT ,) (ibar (VERB abbaiavano)) (compt (sn (DET i) (NOUN bambini)) (fs (SCONJ mentre) (f (ibar (VERB giocavano)))))) (PUNCT ,) (f (sn (DET le) (NUM novantanove) (NOUN villette)) (ibar (VERB sembravano)) (VERB diventate) (compc (sn (NUM novantanove) (NOUN canili) (PUNCT .))))));;1,93128592;content
206;11;i;il;DET;det;bambini;(ROOT (fc (CCONJ E) (ADV così) (PUNCT ,) (f (ibar (VERB abbaiavano)) (compt (sn (DET i) (NOUN cani)))) (PUNCT ,) (f (ibar (VERB abbaiavano)) (compt (sn (DET gli) (NOUN uomini)))) (CCONJ e) (f (sn (DET le) (NOUN donne)) (PUNCT ,) (ibar (VERB abbaiavano)) (compt (sn (DET i) (NOUN bambini)) (fs (SCONJ mentre) (f (ibar (VERB giocavano)))))) (PUNCT ,) (f (sn (DET le) (NUM novantanove) (NOUN villette)) (ibar (VERB sembravano)) (VERB diventate) (compc (sn (NUM novantanove) (NOUN canili) (PUNCT .))))));;6,584780852;function
207;11;bambini;bambino;NOUN;obj;abbaiavano;(ROOT (fc (CCONJ E) (ADV così) (PUNCT ,) (f (ibar (VERB abbaiavano)) (compt (sn (DET i) (NOUN cani)))) (PUNCT ,) (f (ibar (VERB abbaiavano)) (compt (sn (DET gli) (NOUN uomini)))) (CCONJ e) (f (sn (DET le) (NOUN donne)) (PUNCT ,) (ibar (VERB abbaiavano)) (compt (sn (DET i) (NOUN bambini)) (fs (SCONJ mentre) (f (ibar (VERB giocavano)))))) (PUNCT ,) (f (sn (DET le) (NUM novantanove) (NOUN villette)) (ibar (VERB sembravano)) (VERB diventate) (compc (sn (NUM novantanove) (NOUN canili) (PUNCT .))))));3.20 ± 1.12;5,274801932;content
208;11;mentre;mentre;SCONJ;mark;giocavano;(ROOT (fc (CCONJ E) (ADV così) (PUNCT ,) (f (ibar (VERB abbaiavano)) (compt (sn (DET i) (NOUN cani)))) (PUNCT ,) (f (ibar (VERB abbaiavano)) (compt (sn (DET gli) (NOUN uomini)))) (CCONJ e) (f (sn (DET le) (NOUN donne)) (PUNCT ,) (ibar (VERB abbaiavano)) (compt (sn (DET i) (NOUN bambini)) (fs (SCONJ mentre) (f (ibar (VERB giocavano)))))) (PUNCT ,) (f (sn (DET le) (NUM novantanove) (NOUN villette)) (ibar (VERB sembravano)) (VERB diventate) (compc (sn (NUM novantanove) (NOUN canili) (PUNCT .))))));;5,384159172;function
209;11;giocavano;giocare;VERB;advcl;abbaiavano;(ROOT (fc (CCONJ E) (ADV così) (PUNCT ,) (f (ibar (VERB abbaiavano)) (compt (sn (DET i) (NOUN cani)))) (PUNCT ,) (f (ibar (VERB abbaiavano)) (compt (sn (DET gli) (NOUN uomini)))) (CCONJ e) (f (sn (DET le) (NOUN donne)) (PUNCT ,) (ibar (VERB abbaiavano)) (compt (sn (DET i) (NOUN bambini)) (fs (SCONJ mentre) (f (ibar (VERB giocavano)))))) (PUNCT ,) (f (sn (DET le) (NUM novantanove) (NOUN villette)) (ibar (VERB sembravano)) (VERB diventate) (compc (sn (NUM novantanove) (NOUN canili) (PUNCT .))))));2.96 ± 1.24;3,19092323;content
210;11;le;il;DET;det;villette;(ROOT (fc (CCONJ E) (ADV così) (PUNCT ,) (f (ibar (VERB abbaiavano)) (compt (sn (DET i) (NOUN cani)))) (PUNCT ,) (f (ibar (VERB abbaiavano)) (compt (sn (DET gli) (NOUN uomini)))) (CCONJ e) (f (sn (DET le) (NOUN donne)) (PUNCT ,) (ibar (VERB abbaiavano)) (compt (sn (DET i) (NOUN bambini)) (fs (SCONJ mentre) (f (ibar (VERB giocavano)))))) (PUNCT ,) (f (sn (DET le) (NUM novantanove) (NOUN villette)) (ibar (VERB sembravano)) (VERB diventate) (compc (sn (NUM novantanove) (NOUN canili) (PUNCT .))))));;6,624997683;function
211;11;novantanove;novantanove;NUM;nummod;villette;(ROOT (fc (CCONJ E) (ADV così) (PUNCT ,) (f (ibar (VERB abbaiavano)) (compt (sn (DET i) (NOUN cani)))) (PUNCT ,) (f (ibar (VERB abbaiavano)) (compt (sn (DET gli) (NOUN uomini)))) (CCONJ e) (f (sn (DET le) (NOUN donne)) (PUNCT ,) (ibar (VERB abbaiavano)) (compt (sn (DET i) (NOUN bambini)) (fs (SCONJ mentre) (f (ibar (VERB giocavano)))))) (PUNCT ,) (f (sn (DET le) (NUM novantanove) (NOUN villette)) (ibar (VERB sembravano)) (VERB diventate) (compc (sn (NUM novantanove) (NOUN canili) (PUNCT .))))));;2,543105748;NaN
212;11;villette;villetta;NOUN;nsubj;sembravano;(ROOT (fc (CCONJ E) (ADV così) (PUNCT ,) (f (ibar (VERB abbaiavano)) (compt (sn (DET i) (NOUN cani)))) (PUNCT ,) (f (ibar (VERB abbaiavano)) (compt (sn (DET gli) (NOUN uomini)))) (CCONJ e) (f (sn (DET le) (NOUN donne)) (PUNCT ,) (ibar (VERB abbaiavano)) (compt (sn (DET i) (NOUN bambini)) (fs (SCONJ mentre) (f (ibar (VERB giocavano)))))) (PUNCT ,) (f (sn (DET le) (NUM novantanove) (NOUN villette)) (ibar (VERB sembravano)) (VERB diventate) (compc (sn (NUM novantanove) (NOUN canili) (PUNCT .))))));7.20 ± 2.27;;content
213;11;sembravano;sembrare;VERB;conj;abbaiavano;(ROOT (fc (CCONJ E) (ADV così) (PUNCT ,) (f (ibar (VERB abbaiavano)) (compt (sn (DET i) (NOUN cani)))) (PUNCT ,) (f (ibar (VERB abbaiavano)) (compt (sn (DET gli) (NOUN uomini)))) (CCONJ e) (f (sn (DET le) (NOUN donne)) (PUNCT ,) (ibar (VERB abbaiavano)) (compt (sn (DET i) (NOUN bambini)) (fs (SCONJ mentre) (f (ibar (VERB giocavano)))))) (PUNCT ,) (f (sn (DET le) (NUM novantanove) (NOUN villette)) (ibar (VERB sembravano)) (VERB diventate) (compc (sn (NUM novantanove) (NOUN canili) (PUNCT .))))));;3,805820446;content
214;11;diventate;diventare;VERB;xcomp;sembravano;(ROOT (fc (CCONJ E) (ADV così) (PUNCT ,) (f (ibar (VERB abbaiavano)) (compt (sn (DET i) (NOUN cani)))) (PUNCT ,) (f (ibar (VERB abbaiavano)) (compt (sn (DET gli) (NOUN uomini)))) (CCONJ e) (f (sn (DET le) (NOUN donne)) (PUNCT ,) (ibar (VERB abbaiavano)) (compt (sn (DET i) (NOUN bambini)) (fs (SCONJ mentre) (f (ibar (VERB giocavano)))))) (PUNCT ,) (f (sn (DET le) (NUM novantanove) (NOUN villette)) (ibar (VERB sembravano)) (VERB diventate) (compc (sn (NUM novantanove) (NOUN canili) (PUNCT .))))));;3,610878979;content
215;11;novantanove;novantanove;NUM;nummod;canili;(ROOT (fc (CCONJ E) (ADV così) (PUNCT ,) (f (ibar (VERB abbaiavano)) (compt (sn (DET i) (NOUN cani)))) (PUNCT ,) (f (ibar (VERB abbaiavano)) (compt (sn (DET gli) (NOUN uomini)))) (CCONJ e) (f (sn (DET le) (NOUN donne)) (PUNCT ,) (ibar (VERB abbaiavano)) (compt (sn (DET i) (NOUN bambini)) (fs (SCONJ mentre) (f (ibar (VERB giocavano)))))) (PUNCT ,) (f (sn (DET le) (NUM novantanove) (NOUN villette)) (ibar (VERB sembravano)) (VERB diventate) (compc (sn (NUM novantanove) (NOUN canili) (PUNCT .))))));;2,543105748;NaN
216;11;canili;canile;NOUN;xcomp;diventate;(ROOT (fc (CCONJ E) (ADV così) (PUNCT ,) (f (ibar (VERB abbaiavano)) (compt (sn (DET i) (NOUN cani)))) (PUNCT ,) (f (ibar (VERB abbaiavano)) (compt (sn (DET gli) (NOUN uomini)))) (CCONJ e) (f (sn (DET le) (NOUN donne)) (PUNCT ,) (ibar (VERB abbaiavano)) (compt (sn (DET i) (NOUN bambini)) (fs (SCONJ mentre) (f (ibar (VERB giocavano)))))) (PUNCT ,) (f (sn (DET le) (NUM novantanove) (NOUN villette)) (ibar (VERB sembravano)) (VERB diventate) (compc (sn (NUM novantanove) (NOUN canili) (PUNCT .))))));;2,094013217;content
217;12;però;però;ADV;advmod;graziose;(ROOT (fc (ADV Però) (f (ibar (AUX erano)) (compc (sa (ADJ graziose)))) (PUNCT ,) (f (ibar (VERB avevano)) (compc (compc (sn (NOUN tendine) (sa (ADJ pulite))) (sp (ADP dietro) (sn (DET i) (NOUN vetri))) (CCONJ e) (coord (sn (ADV perfino) (NOUN gerani)) (CCONJ e) (sn (NOUN piantine) (sa (ADJ grasse)) (sp (ADP su) (sn (DET i) (NOUN balconi) (PUNCT .))))))))));;5,274174947;content
218;12;erano;essere;AUX;cop;graziose;(ROOT (fc (ADV Però) (f (ibar (AUX erano)) (compc (sa (ADJ graziose)))) (PUNCT ,) (f (ibar (VERB avevano)) (compc (compc (sn (NOUN tendine) (sa (ADJ pulite))) (sp (ADP dietro) (sn (DET i) (NOUN vetri))) (CCONJ e) (coord (sn (ADV perfino) (NOUN gerani)) (CCONJ e) (sn (NOUN piantine) (sa (ADJ grasse)) (sp (ADP su) (sn (DET i) (NOUN balconi) (PUNCT .))))))))));;5,476165392;function
219;12;graziose;grazioso;ADJ;root;ROOT;(ROOT (fc (ADV Però) (f (ibar (AUX erano)) (compc (sa (ADJ graziose)))) (PUNCT ,) (f (ibar (VERB avevano)) (compc (compc (sn (NOUN tendine) (sa (ADJ pulite))) (sp (ADP dietro) (sn (DET i) (NOUN vetri))) (CCONJ e) (coord (sn (ADV perfino) (NOUN gerani)) (CCONJ e) (sn (NOUN piantine) (sa (ADJ grasse)) (sp (ADP su) (sn (DET i) (NOUN balconi) (PUNCT .))))))))));8.92 ± 3.09;2,848934627;content
220;12;avevano;avere;VERB;conj;graziose;(ROOT (fc (ADV Però) (f (ibar (AUX erano)) (compc (sa (ADJ graziose)))) (PUNCT ,) (f (ibar (VERB avevano)) (compc (compc (sn (NOUN tendine) (sa (ADJ pulite))) (sp (ADP dietro) (sn (DET i) (NOUN vetri))) (CCONJ e) (coord (sn (ADV perfino) (NOUN gerani)) (CCONJ e) (sn (NOUN piantine) (sa (ADJ grasse)) (sp (ADP su) (sn (DET i) (NOUN balconi) (PUNCT .))))))))));;4,853444968;content
221;12;tendine;tendina;NOUN;obj;avevano;(ROOT (fc (ADV Però) (f (ibar (AUX erano)) (compc (sa (ADJ graziose)))) (PUNCT ,) (f (ibar (VERB avevano)) (compc (compc (sn (NOUN tendine) (sa (ADJ pulite))) (sp (ADP dietro) (sn (DET i) (NOUN vetri))) (CCONJ e) (coord (sn (ADV perfino) (NOUN gerani)) (CCONJ e) (sn (NOUN piantine) (sa (ADJ grasse)) (sp (ADP su) (sn (DET i) (NOUN balconi) (PUNCT .))))))))));;3,137866501;content
222;12;pulite;pulito;ADJ;amod;tendine;(ROOT (fc (ADV Però) (f (ibar (AUX erano)) (compc (sa (ADJ graziose)))) (PUNCT ,) (f (ibar (VERB avevano)) (compc (compc (sn (NOUN tendine) (sa (ADJ pulite))) (sp (ADP dietro) (sn (DET i) (NOUN vetri))) (CCONJ e) (coord (sn (ADV perfino) (NOUN gerani)) (CCONJ e) (sn (NOUN piantine) (sa (ADJ grasse)) (sp (ADP su) (sn (DET i) (NOUN balconi) (PUNCT .))))))))));5.44 ± 2.60;3,738697935;content
223;12;dietro;dietro;ADP;case;vetri;(ROOT (fc (ADV Però) (f (ibar (AUX erano)) (compc (sa (ADJ graziose)))) (PUNCT ,) (f (ibar (VERB avevano)) (compc (compc (sn (NOUN tendine) (sa (ADJ pulite))) (sp (ADP dietro) (sn (DET i) (NOUN vetri))) (CCONJ e) (coord (sn (ADV perfino) (NOUN gerani)) (CCONJ e) (sn (NOUN piantine) (sa (ADJ grasse)) (sp (ADP su) (sn (DET i) (NOUN balconi) (PUNCT .))))))))));;5,239598045;function
224;12;i;il;DET;det;vetri;(ROOT (fc (ADV Però) (f (ibar (AUX erano)) (compc (sa (ADJ graziose)))) (PUNCT ,) (f (ibar (VERB avevano)) (compc (compc (sn (NOUN tendine) (sa (ADJ pulite))) (sp (ADP dietro) (sn (DET i) (NOUN vetri))) (CCONJ e) (coord (sn (ADV perfino) (NOUN gerani)) (CCONJ e) (sn (NOUN piantine) (sa (ADJ grasse)) (sp (ADP su) (sn (DET i) (NOUN balconi) (PUNCT .))))))))));;6,584780852;function
225;12;vetri;vetro;NOUN;obl;avevano;(ROOT (fc (ADV Però) (f (ibar (AUX erano)) (compc (sa (ADJ graziose)))) (PUNCT ,) (f (ibar (VERB avevano)) (compc (compc (sn (NOUN tendine) (sa (ADJ pulite))) (sp (ADP dietro) (sn (DET i) (NOUN vetri))) (CCONJ e) (coord (sn (ADV perfino) (NOUN gerani)) (CCONJ e) (sn (NOUN piantine) (sa (ADJ grasse)) (sp (ADP su) (sn (DET i) (NOUN balconi) (PUNCT .))))))))));5.32 ± 1.91;3,683683619;content
226;12;e;e;CCONJ;cc;gerani;(ROOT (fc (ADV Però) (f (ibar (AUX erano)) (compc (sa (ADJ graziose)))) (PUNCT ,) (f (ibar (VERB avevano)) (compc (compc (sn (NOUN tendine) (sa (ADJ pulite))) (sp (ADP dietro) (sn (DET i) (NOUN vetri))) (CCONJ e) (coord (sn (ADV perfino) (NOUN gerani)) (CCONJ e) (sn (NOUN piantine) (sa (ADJ grasse)) (sp (ADP su) (sn (DET i) (NOUN balconi) (PUNCT .))))))))));;2,741151583;function
227;12;perfino;perfino;ADV;advmod;gerani;(ROOT (fc (ADV Però) (f (ibar (AUX erano)) (compc (sa (ADJ graziose)))) (PUNCT ,) (f (ibar (VERB avevano)) (compc (compc (sn (NOUN tendine) (sa (ADJ pulite))) (sp (ADP dietro) (sn (DET i) (NOUN vetri))) (CCONJ e) (coord (sn (ADV perfino) (NOUN gerani)) (CCONJ e) (sn (NOUN piantine) (sa (ADJ grasse)) (sp (ADP su) (sn (DET i) (NOUN balconi) (PUNCT .))))))))));;4,357797181;content
228;12;gerani;gerano;NOUN;conj;vetri;(ROOT (fc (ADV Però) (f (ibar (AUX erano)) (compc (sa (ADJ graziose)))) (PUNCT ,) (f (ibar (VERB avevano)) (compc (compc (sn (NOUN tendine) (sa (ADJ pulite))) (sp (ADP dietro) (sn (DET i) (NOUN vetri))) (CCONJ e) (coord (sn (ADV perfino) (NOUN gerani)) (CCONJ e) (sn (NOUN piantine) (sa (ADJ grasse)) (sp (ADP su) (sn (DET i) (NOUN balconi) (PUNCT .))))))))));;2,25162107;content
229;12;e;e;CCONJ;cc;piantine;(ROOT (fc (ADV Però) (f (ibar (AUX erano)) (compc (sa (ADJ graziose)))) (PUNCT ,) (f (ibar (VERB avevano)) (compc (compc (sn (NOUN tendine) (sa (ADJ pulite))) (sp (ADP dietro) (sn (DET i) (NOUN vetri))) (CCONJ e) (coord (sn (ADV perfino) (NOUN gerani)) (CCONJ e) (sn (NOUN piantine) (sa (ADJ grasse)) (sp (ADP su) (sn (DET i) (NOUN balconi) (PUNCT .))))))))));;2,741151583;function
230;12;piantine;piantina;NOUN;conj;gerani;(ROOT (fc (ADV Però) (f (ibar (AUX erano)) (compc (sa (ADJ graziose)))) (PUNCT ,) (f (ibar (VERB avevano)) (compc (compc (sn (NOUN tendine) (sa (ADJ pulite))) (sp (ADP dietro) (sn (DET i) (NOUN vetri))) (CCONJ e) (coord (sn (ADV perfino) (NOUN gerani)) (CCONJ e) (sn (NOUN piantine) (sa (ADJ grasse)) (sp (ADP su) (sn (DET i) (NOUN balconi) (PUNCT .))))))))));;2,92331699;content
231;12;grasse;grasso;ADJ;amod;piantine;(ROOT (fc (ADV Però) (f (ibar (AUX erano)) (compc (sa (ADJ graziose)))) (PUNCT ,) (f (ibar (VERB avevano)) (compc (compc (sn (NOUN tendine) (sa (ADJ pulite))) (sp (ADP dietro) (sn (DET i) (NOUN vetri))) (CCONJ e) (coord (sn (ADV perfino) (NOUN gerani)) (CCONJ e) (sn (NOUN piantine) (sa (ADJ grasse)) (sp (ADP su) (sn (DET i) (NOUN balconi) (PUNCT .))))))))));5.88 ± 2.11;3,313139108;content
232;12;sui;su;ADP;case;balconi;(ROOT (fc (ADV Però) (f (ibar (AUX erano)) (compc (sa (ADJ graziose)))) (PUNCT ,) (f (ibar (VERB avevano)) (compc (compc (sn (NOUN tendine) (sa (ADJ pulite))) (sp (ADP dietro) (sn (DET i) (NOUN vetri))) (CCONJ e) (coord (sn (ADV perfino) (NOUN gerani)) (CCONJ e) (sn (NOUN piantine) (sa (ADJ grasse)) (sp (ADP su) (sn (DET i) (NOUN balconi) (PUNCT .))))))))));;5,034218313;function
233;12;balconi;balcone;NOUN;nmod;piantine;(ROOT (fc (ADV Però) (f (ibar (AUX erano)) (compc (sa (ADJ graziose)))) (PUNCT ,) (f (ibar (VERB avevano)) (compc (compc (sn (NOUN tendine) (sa (ADJ pulite))) (sp (ADP dietro) (sn (DET i) (NOUN vetri))) (CCONJ e) (coord (sn (ADV perfino) (NOUN gerani)) (CCONJ e) (sn (NOUN piantine) (sa (ADJ grasse)) (sp (ADP su) (sn (DET i) (NOUN balconi) (PUNCT .))))))))));4.40 ± 1.50;2,381254928;content
234;13;una;uno;DET;det;volta;(ROOT (cp (sn (DET Una) (NOUN volta)) (f (ibar (VERB capitò)) (compt (spda (ADP da) (sn (sa (DET quelle)) (NOUN parti))) (sn (PROPN Giovannino) (PROPN Perdigiorno)) (PUNCT ,) (sp (ADP durante) (sq (PRON uno) (sc (ADP di) (sn (DET i) (sa (DET suoi)) (sa (ADJ famosi)) (NOUN viaggi) (PUNCT .)))))))));;6,801817508;function
235;13;volta;volta;NOUN;obl;capitò;(ROOT (cp (sn (DET Una) (NOUN volta)) (f (ibar (VERB capitò)) (compt (spda (ADP da) (sn (sa (DET quelle)) (NOUN parti))) (sn (PROPN Giovannino) (PROPN Perdigiorno)) (PUNCT ,) (sp (ADP durante) (sq (PRON uno) (sc (ADP di) (sn (DET i) (sa (DET suoi)) (sa (ADJ famosi)) (NOUN viaggi) (PUNCT .)))))))));;5,820011577;content
236;13;capitò;capitare;VERB;root;ROOT;(ROOT (cp (sn (DET Una) (NOUN volta)) (f (ibar (VERB capitò)) (compt (spda (ADP da) (sn (sa (DET quelle)) (NOUN parti))) (sn (PROPN Giovannino) (PROPN Perdigiorno)) (PUNCT ,) (sp (ADP durante) (sq (PRON uno) (sc (ADP di) (sn (DET i) (sa (DET suoi)) (sa (ADJ famosi)) (NOUN viaggi) (PUNCT .)))))))));;2,722402147;content
237;13;da;da;ADP;case;parti;(ROOT (cp (sn (DET Una) (NOUN volta)) (f (ibar (VERB capitò)) (compt (spda (ADP da) (sn (sa (DET quelle)) (NOUN parti))) (sn (PROPN Giovannino) (PROPN Perdigiorno)) (PUNCT ,) (sp (ADP durante) (sq (PRON uno) (sc (ADP di) (sn (DET i) (sa (DET suoi)) (sa (ADJ famosi)) (NOUN viaggi) (PUNCT .)))))))));;6,577812618;function
238;13;quelle;quello;DET;det;parti;(ROOT (cp (sn (DET Una) (NOUN volta)) (f (ibar (VERB capitò)) (compt (spda (ADP da) (sn (sa (DET quelle)) (NOUN parti))) (sn (PROPN Giovannino) (PROPN Perdigiorno)) (PUNCT ,) (sp (ADP durante) (sq (PRON uno) (sc (ADP di) (sn (DET i) (sa (DET suoi)) (sa (ADJ famosi)) (NOUN viaggi) (PUNCT .)))))))));;5,35996545;function
239;13;parti;parte;NOUN;obl;capitò;(ROOT (cp (sn (DET Una) (NOUN volta)) (f (ibar (VERB capitò)) (compt (spda (ADP da) (sn (sa (DET quelle)) (NOUN parti))) (sn (PROPN Giovannino) (PROPN Perdigiorno)) (PUNCT ,) (sp (ADP durante) (sq (PRON uno) (sc (ADP di) (sn (DET i) (sa (DET suoi)) (sa (ADJ famosi)) (NOUN viaggi) (PUNCT .)))))))));7.52 ± 3.39;4,844232243;content
240;13;giovannino;Giovannino;PROPN;nsubj;capitò;(ROOT (cp (sn (DET Una) (NOUN volta)) (f (ibar (VERB capitò)) (compt (spda (ADP da) (sn (sa (DET quelle)) (NOUN parti))) (sn (PROPN Giovannino) (PROPN Perdigiorno)) (PUNCT ,) (sp (ADP durante) (sq (PRON uno) (sc (ADP di) (sn (DET i) (sa (DET suoi)) (sa (ADJ famosi)) (NOUN viaggi) (PUNCT .)))))))));;;content
241;13;perdigiorno;Perdigiorno;PROPN;flat:name;Giovannino;(ROOT (cp (sn (DET Una) (NOUN volta)) (f (ibar (VERB capitò)) (compt (spda (ADP da) (sn (sa (DET quelle)) (NOUN parti))) (sn (PROPN Giovannino) (PROPN Perdigiorno)) (PUNCT ,) (sp (ADP durante) (sq (PRON uno) (sc (ADP di) (sn (DET i) (sa (DET suoi)) (sa (ADJ famosi)) (NOUN viaggi) (PUNCT .)))))))));;2,458094958;content
242;13;durante;durante;ADP;case;uno;(ROOT (cp (sn (DET Una) (NOUN volta)) (f (ibar (VERB capitò)) (compt (spda (ADP da) (sn (sa (DET quelle)) (NOUN parti))) (sn (PROPN Giovannino) (PROPN Perdigiorno)) (PUNCT ,) (sp (ADP durante) (sq (PRON uno) (sc (ADP di) (sn (DET i) (sa (DET suoi)) (sa (ADJ famosi)) (NOUN viaggi) (PUNCT .)))))))));;5,033781992;function
243;13;uno;uno;PRON;obl;capitò;(ROOT (cp (sn (DET Una) (NOUN volta)) (f (ibar (VERB capitò)) (compt (spda (ADP da) (sn (sa (DET quelle)) (NOUN parti))) (sn (PROPN Giovannino) (PROPN Perdigiorno)) (PUNCT ,) (sp (ADP durante) (sq (PRON uno) (sc (ADP di) (sn (DET i) (sa (DET suoi)) (sa (ADJ famosi)) (NOUN viaggi) (PUNCT .)))))))));;6,015055575;function
244;13;dei;di;ADP;case;viaggi;(ROOT (cp (sn (DET Una) (NOUN volta)) (f (ibar (VERB capitò)) (compt (spda (ADP da) (sn (sa (DET quelle)) (NOUN parti))) (sn (PROPN Giovannino) (PROPN Perdigiorno)) (PUNCT ,) (sp (ADP durante) (sq (PRON uno) (sc (ADP di) (sn (DET i) (sa (DET suoi)) (sa (ADJ famosi)) (NOUN viaggi) (PUNCT .)))))))));;6,108229139;function
245;13;suoi;suo;DET;det:poss;viaggi;(ROOT (cp (sn (DET Una) (NOUN volta)) (f (ibar (VERB capitò)) (compt (spda (ADP da) (sn (sa (DET quelle)) (NOUN parti))) (sn (PROPN Giovannino) (PROPN Perdigiorno)) (PUNCT ,) (sp (ADP durante) (sq (PRON uno) (sc (ADP di) (sn (DET i) (sa (DET suoi)) (sa (ADJ famosi)) (NOUN viaggi) (PUNCT .)))))))));;5,498344383;function
246;13;famosi;famoso;ADJ;amod;viaggi;(ROOT (cp (sn (DET Una) (NOUN volta)) (f (ibar (VERB capitò)) (compt (spda (ADP da) (sn (sa (DET quelle)) (NOUN parti))) (sn (PROPN Giovannino) (PROPN Perdigiorno)) (PUNCT ,) (sp (ADP durante) (sq (PRON uno) (sc (ADP di) (sn (DET i) (sa (DET suoi)) (sa (ADJ famosi)) (NOUN viaggi) (PUNCT .)))))))));5.60 ± 1.91;3,842685677;content
247;13;viaggi;viaggio;NOUN;nmod;uno;(ROOT (cp (sn (DET Una) (NOUN volta)) (f (ibar (VERB capitò)) (compt (spda (ADP da) (sn (sa (DET quelle)) (NOUN parti))) (sn (PROPN Giovannino) (PROPN Perdigiorno)) (PUNCT ,) (sp (ADP durante) (sq (PRON uno) (sc (ADP di) (sn (DET i) (sa (DET suoi)) (sa (ADJ famosi)) (NOUN viaggi) (PUNCT .)))))))));6.52 ± 3.19;4,121362825;content
248;14;i;il;DET;det;cani;(ROOT (f (sn (DET I) (NUM novantanove) (NOUN cani)) (ibar (PRON lo) (VERB accolsero)) (compt (sp (ADP con) (sn (DET un) (NOUN concerto) (f2 (PRON che) (f (ir_infl (AUX avrebbe) (VERB fatto) (VERB diventare)) (compc (sa (ADJ nervoso)) (sn (DET un) (NOUN paracarro) (PUNCT .))))))))));;6,584780852;function
249;14;novantanove;novantanove;NUM;nummod;cani;(ROOT (f (sn (DET I) (NUM novantanove) (NOUN cani)) (ibar (PRON lo) (VERB accolsero)) (compt (sp (ADP con) (sn (DET un) (NOUN concerto) (f2 (PRON che) (f (ir_infl (AUX avrebbe) (VERB fatto) (VERB diventare)) (compc (sa (ADJ nervoso)) (sn (DET un) (NOUN paracarro) (PUNCT .))))))))));;2,543105748;NaN
250;14;cani;cane;NOUN;nsubj;accolsero;(ROOT (f (sn (DET I) (NUM novantanove) (NOUN cani)) (ibar (PRON lo) (VERB accolsero)) (compt (sp (ADP con) (sn (DET un) (NOUN concerto) (f2 (PRON che) (f (ir_infl (AUX avrebbe) (VERB fatto) (VERB diventare)) (compc (sa (ADJ nervoso)) (sn (DET un) (NOUN paracarro) (PUNCT .))))))))));2.76 ± 1.23;4,594472684;content
251;14;lo;lo;PRON;obj;accolsero;(ROOT (f (sn (DET I) (NUM novantanove) (NOUN cani)) (ibar (PRON lo) (VERB accolsero)) (compt (sp (ADP con) (sn (DET un) (NOUN concerto) (f2 (PRON che) (f (ir_infl (AUX avrebbe) (VERB fatto) (VERB diventare)) (compc (sa (ADJ nervoso)) (sn (DET un) (NOUN paracarro) (PUNCT .))))))))));;6,655915487;function
252;14;accolsero;accolrere;VERB;root;ROOT;(ROOT (f (sn (DET I) (NUM novantanove) (NOUN cani)) (ibar (PRON lo) (VERB accolsero)) (compt (sp (ADP con) (sn (DET un) (NOUN concerto) (f2 (PRON che) (f (ir_infl (AUX avrebbe) (VERB fatto) (VERB diventare)) (compc (sa (ADJ nervoso)) (sn (DET un) (NOUN paracarro) (PUNCT .))))))))));;1,96907448;content
253;14;con;con;ADP;case;concerto;(ROOT (f (sn (DET I) (NUM novantanove) (NOUN cani)) (ibar (PRON lo) (VERB accolsero)) (compt (sp (ADP con) (sn (DET un) (NOUN concerto) (f2 (PRON che) (f (ir_infl (AUX avrebbe) (VERB fatto) (VERB diventare)) (compc (sa (ADJ nervoso)) (sn (DET un) (NOUN paracarro) (PUNCT .))))))))));;6,620271703;function
254;14;un;uno;DET;det;concerto;(ROOT (f (sn (DET I) (NUM novantanove) (NOUN cani)) (ibar (PRON lo) (VERB accolsero)) (compt (sp (ADP con) (sn (DET un) (NOUN concerto) (f2 (PRON che) (f (ir_infl (AUX avrebbe) (VERB fatto) (VERB diventare)) (compc (sa (ADJ nervoso)) (sn (DET un) (NOUN paracarro) (PUNCT .))))))))));;7,065833912;function
255;14;concerto;concerto;NOUN;obl;accolsero;(ROOT (f (sn (DET I) (NUM novantanove) (NOUN cani)) (ibar (PRON lo) (VERB accolsero)) (compt (sp (ADP con) (sn (DET un) (NOUN concerto) (f2 (PRON che) (f (ir_infl (AUX avrebbe) (VERB fatto) (VERB diventare)) (compc (sa (ADJ nervoso)) (sn (DET un) (NOUN paracarro) (PUNCT .))))))))));;4,25575545;content
256;14;che;che;PRON;nsubj;fatto;(ROOT (f (sn (DET I) (NUM novantanove) (NOUN cani)) (ibar (PRON lo) (VERB accolsero)) (compt (sp (ADP con) (sn (DET un) (NOUN concerto) (f2 (PRON che) (f (ir_infl (AUX avrebbe) (VERB fatto) (VERB diventare)) (compc (sa (ADJ nervoso)) (sn (DET un) (NOUN paracarro) (PUNCT .))))))))));;7,250456545;function
257;14;avrebbe;avere;AUX;aux;fatto;(ROOT (f (sn (DET I) (NUM novantanove) (NOUN cani)) (ibar (PRON lo) (VERB accolsero)) (compt (sp (ADP con) (sn (DET un) (NOUN concerto) (f2 (PRON che) (f (ir_infl (AUX avrebbe) (VERB fatto) (VERB diventare)) (compc (sa (ADJ nervoso)) (sn (DET un) (NOUN paracarro) (PUNCT .))))))))));;5,414146516;function
258;14;fatto;fare;VERB;acl:relcl;concerto;(ROOT (f (sn (DET I) (NUM novantanove) (NOUN cani)) (ibar (PRON lo) (VERB accolsero)) (compt (sp (ADP con) (sn (DET un) (NOUN concerto) (f2 (PRON che) (f (ir_infl (AUX avrebbe) (VERB fatto) (VERB diventare)) (compc (sa (ADJ nervoso)) (sn (DET un) (NOUN paracarro) (PUNCT .))))))))));4.40 ± 2.22;6,237129549;content
259;14;diventare;diventare;VERB;ccomp;fatto;(ROOT (f (sn (DET I) (NUM novantanove) (NOUN cani)) (ibar (PRON lo) (VERB accolsero)) (compt (sp (ADP con) (sn (DET un) (NOUN concerto) (f2 (PRON che) (f (ir_infl (AUX avrebbe) (VERB fatto) (VERB diventare)) (compc (sa (ADJ nervoso)) (sn (DET un) (NOUN paracarro) (PUNCT .))))))))));;5,018615519;content
260;14;nervoso;nervoso;ADJ;xcomp;diventare;(ROOT (f (sn (DET I) (NUM novantanove) (NOUN cani)) (ibar (PRON lo) (VERB accolsero)) (compt (sp (ADP con) (sn (DET un) (NOUN concerto) (f2 (PRON che) (f (ir_infl (AUX avrebbe) (VERB fatto) (VERB diventare)) (compc (sa (ADJ nervoso)) (sn (DET un) (NOUN paracarro) (PUNCT .))))))))));6.88 ± 2.24;4,431597258;content
261;14;un;uno;DET;det;paracarro;(ROOT (f (sn (DET I) (NUM novantanove) (NOUN cani)) (ibar (PRON lo) (VERB accolsero)) (compt (sp (ADP con) (sn (DET un) (NOUN concerto) (f2 (PRON che) (f (ir_infl (AUX avrebbe) (VERB fatto) (VERB diventare)) (compc (sa (ADJ nervoso)) (sn (DET un) (NOUN paracarro) (PUNCT .))))))))));;7,065833912;function
262;14;paracarro;paracarro;NOUN;obj;diventare;(ROOT (f (sn (DET I) (NUM novantanove) (NOUN cani)) (ibar (PRON lo) (VERB accolsero)) (compt (sp (ADP con) (sn (DET un) (NOUN concerto) (f2 (PRON che) (f (ir_infl (AUX avrebbe) (VERB fatto) (VERB diventare)) (compc (sa (ADJ nervoso)) (sn (DET un) (NOUN paracarro) (PUNCT .))))))))));;;content
263;15;domandò;domandare;VERB;root;ROOT;(ROOT (fc (f (ibar (VERB Domandò)) (compt (sn (DET un') (NOUN informazione)) (sp (ADP a) (sn (DET una) (NOUN donna))))) (CCONJ ed) (f (sn (PRON essa)) (ibar (PRON gli) (VERB rispose)) (compin (sv5 (VERB abbaiando)))) (PUNCT .)));;2,337051266;content
264;15;un;uno;DET;det;informazione;(ROOT (fc (f (ibar (VERB Domandò)) (compt (sn (DET un') (NOUN informazione)) (sp (ADP a) (sn (DET una) (NOUN donna))))) (CCONJ ed) (f (sn (PRON essa)) (ibar (PRON gli) (VERB rispose)) (compin (sv5 (VERB abbaiando)))) (PUNCT .)));;7,065833912;function
265;15;informazione;informazione;NOUN;obj;Domandò;(ROOT (fc (f (ibar (VERB Domandò)) (compt (sn (DET un') (NOUN informazione)) (sp (ADP a) (sn (DET una) (NOUN donna))))) (CCONJ ed) (f (sn (PRON essa)) (ibar (PRON gli) (VERB rispose)) (compin (sv5 (VERB abbaiando)))) (PUNCT .)));;4,445108639;content
266;15;a;a;ADP;case;donna;(ROOT (fc (f (ibar (VERB Domandò)) (compt (sn (DET un') (NOUN informazione)) (sp (ADP a) (sn (DET una) (NOUN donna))))) (CCONJ ed) (f (sn (PRON essa)) (ibar (PRON gli) (VERB rispose)) (compin (sv5 (VERB abbaiando)))) (PUNCT .)));;7,004335738;function
267;15;una;uno;DET;det;donna;(ROOT (fc (f (ibar (VERB Domandò)) (compt (sn (DET un') (NOUN informazione)) (sp (ADP a) (sn (DET una) (NOUN donna))))) (CCONJ ed) (f (sn (PRON essa)) (ibar (PRON gli) (VERB rispose)) (compin (sv5 (VERB abbaiando)))) (PUNCT .)));;6,801817508;function
268;15;donna;donna;NOUN;obl;Domandò;(ROOT (fc (f (ibar (VERB Domandò)) (compt (sn (DET un') (NOUN informazione)) (sp (ADP a) (sn (DET una) (NOUN donna))))) (CCONJ ed) (f (sn (PRON essa)) (ibar (PRON gli) (VERB rispose)) (compin (sv5 (VERB abbaiando)))) (PUNCT .)));4.36 ± 2.23;5,538711696;content
269;15;ed;e;CCONJ;cc;rispose;(ROOT (fc (f (ibar (VERB Domandò)) (compt (sn (DET un') (NOUN informazione)) (sp (ADP a) (sn (DET una) (NOUN donna))))) (CCONJ ed) (f (sn (PRON essa)) (ibar (PRON gli) (VERB rispose)) (compin (sv5 (VERB abbaiando)))) (PUNCT .)));;5,795365296;function
270;15;essa;essa;PRON;nsubj;rispose;(ROOT (fc (f (ibar (VERB Domandò)) (compt (sn (DET un') (NOUN informazione)) (sp (ADP a) (sn (DET una) (NOUN donna))))) (CCONJ ed) (f (sn (PRON essa)) (ibar (PRON gli) (VERB rispose)) (compin (sv5 (VERB abbaiando)))) (PUNCT .)));;4,007827069;function
271;15;gli;gli;PRON;iobj;rispose;(ROOT (fc (f (ibar (VERB Domandò)) (compt (sn (DET un') (NOUN informazione)) (sp (ADP a) (sn (DET una) (NOUN donna))))) (CCONJ ed) (f (sn (PRON essa)) (ibar (PRON gli) (VERB rispose)) (compin (sv5 (VERB abbaiando)))) (PUNCT .)));;6,227520191;function
272;15;rispose;rispondere;VERB;conj;Domandò;(ROOT (fc (f (ibar (VERB Domandò)) (compt (sn (DET un') (NOUN informazione)) (sp (ADP a) (sn (DET una) (NOUN donna))))) (CCONJ ed) (f (sn (PRON essa)) (ibar (PRON gli) (VERB rispose)) (compin (sv5 (VERB abbaiando)))) (PUNCT .)));3.88 ± 1.59;3,603383777;content
273;15;abbaiando;abbaiare;VERB;xcomp;rispose;(ROOT (fc (f (ibar (VERB Domandò)) (compt (sn (DET un') (NOUN informazione)) (sp (ADP a) (sn (DET una) (NOUN donna))))) (CCONJ ed) (f (sn (PRON essa)) (ibar (PRON gli) (VERB rispose)) (compin (sv5 (VERB abbaiando)))) (PUNCT .)));;2,660745246;content
274;16;fece;fare;VERB;root;ROOT;(ROOT (fc (f (ibar (VERB Fece)) (compt (sn (DET un) (NOUN complimento)) (sp (ADP a) (sn (DET un) (NOUN bambino))))) (CCONJ e) (f (ibar (PRON ne) (VERB ricevette)) (compt (sp (ADP in) (sn (NOUN cambio))) (sn (DET un) (NOUN ululato)))) (PUNCT .)));4.40 ± 2.22;4,506053547;content
275;16;un;uno;DET;det;complimento;(ROOT (fc (f (ibar (VERB Fece)) (compt (sn (DET un) (NOUN complimento)) (sp (ADP a) (sn (DET un) (NOUN bambino))))) (CCONJ e) (f (ibar (PRON ne) (VERB ricevette)) (compt (sp (ADP in) (sn (NOUN cambio))) (sn (DET un) (NOUN ululato)))) (PUNCT .)));;7,065833912;function
276;16;complimento;complimento;NOUN;obj;Fece;(ROOT (fc (f (ibar (VERB Fece)) (compt (sn (DET un) (NOUN complimento)) (sp (ADP a) (sn (DET un) (NOUN bambino))))) (CCONJ e) (f (ibar (PRON ne) (VERB ricevette)) (compt (sp (ADP in) (sn (NOUN cambio))) (sn (DET un) (NOUN ululato)))) (PUNCT .)));;3,89464439;content
277;16;a;a;ADP;case;bambino;(ROOT (fc (f (ibar (VERB Fece)) (compt (sn (DET un) (NOUN complimento)) (sp (ADP a) (sn (DET un) (NOUN bambino))))) (CCONJ e) (f (ibar (PRON ne) (VERB ricevette)) (compt (sp (ADP in) (sn (NOUN cambio))) (sn (DET un) (NOUN ululato)))) (PUNCT .)));;7,004335738;function
278;16;un;uno;DET;det;bambino;(ROOT (fc (f (ibar (VERB Fece)) (compt (sn (DET un) (NOUN complimento)) (sp (ADP a) (sn (DET un) (NOUN bambino))))) (CCONJ e) (f (ibar (PRON ne) (VERB ricevette)) (compt (sp (ADP in) (sn (NOUN cambio))) (sn (DET un) (NOUN ululato)))) (PUNCT .)));;7,065833912;function
279;16;bambino;bambino;NOUN;obl;Fece;(ROOT (fc (f (ibar (VERB Fece)) (compt (sn (DET un) (NOUN complimento)) (sp (ADP a) (sn (DET un) (NOUN bambino))))) (CCONJ e) (f (ibar (PRON ne) (VERB ricevette)) (compt (sp (ADP in) (sn (NOUN cambio))) (sn (DET un) (NOUN ululato)))) (PUNCT .)));3.20 ± 1.12;5,364764818;content
280;16;e;e;CCONJ;cc;ricevette;(ROOT (fc (f (ibar (VERB Fece)) (compt (sn (DET un) (NOUN complimento)) (sp (ADP a) (sn (DET un) (NOUN bambino))))) (CCONJ e) (f (ibar (PRON ne) (VERB ricevette)) (compt (sp (ADP in) (sn (NOUN cambio))) (sn (DET un) (NOUN ululato)))) (PUNCT .)));;2,741151583;function
281;16;ne;ne;PRON;iobj;ricevette;(ROOT (fc (f (ibar (VERB Fece)) (compt (sn (DET un) (NOUN complimento)) (sp (ADP a) (sn (DET un) (NOUN bambino))))) (CCONJ e) (f (ibar (PRON ne) (VERB ricevette)) (compt (sp (ADP in) (sn (NOUN cambio))) (sn (DET un) (NOUN ululato)))) (PUNCT .)));;6,201935117;function
282;16;ricevette;ricevere;VERB;conj;Fece;(ROOT (fc (f (ibar (VERB Fece)) (compt (sn (DET un) (NOUN complimento)) (sp (ADP a) (sn (DET un) (NOUN bambino))))) (CCONJ e) (f (ibar (PRON ne) (VERB ricevette)) (compt (sp (ADP in) (sn (NOUN cambio))) (sn (DET un) (NOUN ululato)))) (PUNCT .)));;3,154711057;content
283;16;in;in;ADP;case;cambio;(ROOT (fc (f (ibar (VERB Fece)) (compt (sn (DET un) (NOUN complimento)) (sp (ADP a) (sn (DET un) (NOUN bambino))))) (CCONJ e) (f (ibar (PRON ne) (VERB ricevette)) (compt (sp (ADP in) (sn (NOUN cambio))) (sn (DET un) (NOUN ululato)))) (PUNCT .)));;6,797274494;function
284;16;cambio;cambio;NOUN;obl;ricevette;(ROOT (fc (f (ibar (VERB Fece)) (compt (sn (DET un) (NOUN complimento)) (sp (ADP a) (sn (DET un) (NOUN bambino))))) (CCONJ e) (f (ibar (PRON ne) (VERB ricevette)) (compt (sp (ADP in) (sn (NOUN cambio))) (sn (DET un) (NOUN ululato)))) (PUNCT .)));;4,695122149;content
285;16;un;uno;DET;det;ululato;(ROOT (fc (f (ibar (VERB Fece)) (compt (sn (DET un) (NOUN complimento)) (sp (ADP a) (sn (DET un) (NOUN bambino))))) (CCONJ e) (f (ibar (PRON ne) (VERB ricevette)) (compt (sp (ADP in) (sn (NOUN cambio))) (sn (DET un) (NOUN ululato)))) (PUNCT .)));;7,065833912;function
286;16;ululato;ululato;NOUN;obj;ricevette;(ROOT (fc (f (ibar (VERB Fece)) (compt (sn (DET un) (NOUN complimento)) (sp (ADP a) (sn (DET un) (NOUN bambino))))) (CCONJ e) (f (ibar (PRON ne) (VERB ricevette)) (compt (sp (ADP in) (sn (NOUN cambio))) (sn (DET un) (NOUN ululato)))) (PUNCT .)));;2,543105748;content
287;17;ho;avere;AUX;aux;capito;(ROOT (cp (fp (PUNCT -) (f (ibar (AUX Ho) (VERB capito))) (PUNCT ,) (fp (PUNCT -) (f (ibar (VERB concluse)) (compt (sn (PROPN Giovannino)))) (PUNCT ,)) (PUNCT -)) (f (ibar (AUX è)) (compc (sn (DET un') (NOUN epidemia) (PUNCT .))))));;6,720262455;function
288;17;capito;capitare;VERB;root;ROOT;(ROOT (cp (fp (PUNCT -) (f (ibar (AUX Ho) (VERB capito))) (PUNCT ,) (fp (PUNCT -) (f (ibar (VERB concluse)) (compt (sn (PROPN Giovannino)))) (PUNCT ,)) (PUNCT -)) (f (ibar (AUX è)) (compc (sn (DET un') (NOUN epidemia) (PUNCT .))))));;5,491551317;content
289;17;concluse;concludere;VERB;parataxis;capito;(ROOT (cp (fp (PUNCT -) (f (ibar (AUX Ho) (VERB capito))) (PUNCT ,) (fp (PUNCT -) (f (ibar (VERB concluse)) (compt (sn (PROPN Giovannino)))) (PUNCT ,)) (PUNCT -)) (f (ibar (AUX è)) (compc (sn (DET un') (NOUN epidemia) (PUNCT .))))));;2,781987837;content
290;17;giovannino;Giovannino;PROPN;nsubj;concluse;(ROOT (cp (fp (PUNCT -) (f (ibar (AUX Ho) (VERB capito))) (PUNCT ,) (fp (PUNCT -) (f (ibar (VERB concluse)) (compt (sn (PROPN Giovannino)))) (PUNCT ,)) (PUNCT -)) (f (ibar (AUX è)) (compc (sn (DET un') (NOUN epidemia) (PUNCT .))))));;;content
291;17;è;essere;AUX;cop;epidemia;(ROOT (cp (fp (PUNCT -) (f (ibar (AUX Ho) (VERB capito))) (PUNCT ,) (fp (PUNCT -) (f (ibar (VERB concluse)) (compt (sn (PROPN Giovannino)))) (PUNCT ,)) (PUNCT -)) (f (ibar (AUX è)) (compc (sn (DET un') (NOUN epidemia) (PUNCT .))))));;7,249521761;function
292;17;un;uno;DET;det;epidemia;(ROOT (cp (fp (PUNCT -) (f (ibar (AUX Ho) (VERB capito))) (PUNCT ,) (fp (PUNCT -) (f (ibar (VERB concluse)) (compt (sn (PROPN Giovannino)))) (PUNCT ,)) (PUNCT -)) (f (ibar (AUX è)) (compc (sn (DET un') (NOUN epidemia) (PUNCT .))))));;7,065833912;function
293;17;epidemia;epidemia;NOUN;parataxis;capito;(ROOT (cp (fp (PUNCT -) (f (ibar (AUX Ho) (VERB capito))) (PUNCT ,) (fp (PUNCT -) (f (ibar (VERB concluse)) (compt (sn (PROPN Giovannino)))) (PUNCT ,)) (PUNCT -)) (f (ibar (AUX è)) (compc (sn (DET un') (NOUN epidemia) (PUNCT .))))));;3,670210546;content
294;18;si;si;PRON;expl;fece;(ROOT (fc (f (ibar (PRON Si) (VERB fece) (VERB ricevere)) (compt (spda (ADP da) (sn (DET il) (NOUN sindaco))))) (CCONJ e) (f (ibar (PRON gli) (VERB disse))) (dirsp (PUNCT :) (PUNCT -) (f3 (sn (PRON Io)) (sn (DET un) (NOUN rimedio) (sa (ADJ sicuro)))) (f (ir_infl (PRON ce) (PRON l') (VERB avrei)))) (PUNCT .)));;6,553884221;function
295;18;fece;fare;VERB;root;ROOT;(ROOT (fc (f (ibar (PRON Si) (VERB fece) (VERB ricevere)) (compt (spda (ADP da) (sn (DET il) (NOUN sindaco))))) (CCONJ e) (f (ibar (PRON gli) (VERB disse))) (dirsp (PUNCT :) (PUNCT -) (f3 (sn (PRON Io)) (sn (DET un) (NOUN rimedio) (sa (ADJ sicuro)))) (f (ir_infl (PRON ce) (PRON l') (VERB avrei)))) (PUNCT .)));4.40 ± 2.22;4,506053547;content
296;18;ricevere;ricevere;VERB;xcomp;fece;(ROOT (fc (f (ibar (PRON Si) (VERB fece) (VERB ricevere)) (compt (spda (ADP da) (sn (DET il) (NOUN sindaco))))) (CCONJ e) (f (ibar (PRON gli) (VERB disse))) (dirsp (PUNCT :) (PUNCT -) (f3 (sn (PRON Io)) (sn (DET un) (NOUN rimedio) (sa (ADJ sicuro)))) (f (ir_infl (PRON ce) (PRON l') (VERB avrei)))) (PUNCT .)));;4,254631789;content
297;18;dal;da;ADP;case;sindaco;(ROOT (fc (f (ibar (PRON Si) (VERB fece) (VERB ricevere)) (compt (spda (ADP da) (sn (DET il) (NOUN sindaco))))) (CCONJ e) (f (ibar (PRON gli) (VERB disse))) (dirsp (PUNCT :) (PUNCT -) (f3 (sn (PRON Io)) (sn (DET un) (NOUN rimedio) (sa (ADJ sicuro)))) (f (ir_infl (PRON ce) (PRON l') (VERB avrei)))) (PUNCT .)));;5,733978809;function
298;18;sindaco;sindaco;NOUN;obl;ricevere;(ROOT (fc (f (ibar (PRON Si) (VERB fece) (VERB ricevere)) (compt (spda (ADP da) (sn (DET il) (NOUN sindaco))))) (CCONJ e) (f (ibar (PRON gli) (VERB disse))) (dirsp (PUNCT :) (PUNCT -) (f3 (sn (PRON Io)) (sn (DET un) (NOUN rimedio) (sa (ADJ sicuro)))) (f (ir_infl (PRON ce) (PRON l') (VERB avrei)))) (PUNCT .)));;4,464271799;content
299;18;e;e;CCONJ;cc;disse;(ROOT (fc (f (ibar (PRON Si) (VERB fece) (VERB ricevere)) (compt (spda (ADP da) (sn (DET il) (NOUN sindaco))))) (CCONJ e) (f (ibar (PRON gli) (VERB disse))) (dirsp (PUNCT :) (PUNCT -) (f3 (sn (PRON Io)) (sn (DET un) (NOUN rimedio) (sa (ADJ sicuro)))) (f (ir_infl (PRON ce) (PRON l') (VERB avrei)))) (PUNCT .)));;2,741151583;function
300;18;gli;gli;PRON;iobj;disse;(ROOT (fc (f (ibar (PRON Si) (VERB fece) (VERB ricevere)) (compt (spda (ADP da) (sn (DET il) (NOUN sindaco))))) (CCONJ e) (f (ibar (PRON gli) (VERB disse))) (dirsp (PUNCT :) (PUNCT -) (f3 (sn (PRON Io)) (sn (DET un) (NOUN rimedio) (sa (ADJ sicuro)))) (f (ir_infl (PRON ce) (PRON l') (VERB avrei)))) (PUNCT .)));;6,227520191;function
301;18;disse;dire;VERB;conj;fece;(ROOT (fc (f (ibar (PRON Si) (VERB fece) (VERB ricevere)) (compt (spda (ADP da) (sn (DET il) (NOUN sindaco))))) (CCONJ e) (f (ibar (PRON gli) (VERB disse))) (dirsp (PUNCT :) (PUNCT -) (f3 (sn (PRON Io)) (sn (DET un) (NOUN rimedio) (sa (ADJ sicuro)))) (f (ir_infl (PRON ce) (PRON l') (VERB avrei)))) (PUNCT .)));4.08 ± 1.73;4,869305017;content
302;18;io;io;PRON;nsubj;avrei;(ROOT (fc (f (ibar (PRON Si) (VERB fece) (VERB ricevere)) (compt (spda (ADP da) (sn (DET il) (NOUN sindaco))))) (CCONJ e) (f (ibar (PRON gli) (VERB disse))) (dirsp (PUNCT :) (PUNCT -) (f3 (sn (PRON Io)) (sn (DET un) (NOUN rimedio) (sa (ADJ sicuro)))) (f (ir_infl (PRON ce) (PRON l') (VERB avrei)))) (PUNCT .)));;6,536707533;function
303;18;un;uno;DET;det;rimedio;(ROOT (fc (f (ibar (PRON Si) (VERB fece) (VERB ricevere)) (compt (spda (ADP da) (sn (DET il) (NOUN sindaco))))) (CCONJ e) (f (ibar (PRON gli) (VERB disse))) (dirsp (PUNCT :) (PUNCT -) (f3 (sn (PRON Io)) (sn (DET un) (NOUN rimedio) (sa (ADJ sicuro)))) (f (ir_infl (PRON ce) (PRON l') (VERB avrei)))) (PUNCT .)));;7,065833912;function
304;18;rimedio;rimedio;NOUN;nsubj;avrei;(ROOT (fc (f (ibar (PRON Si) (VERB fece) (VERB ricevere)) (compt (spda (ADP da) (sn (DET il) (NOUN sindaco))))) (CCONJ e) (f (ibar (PRON gli) (VERB disse))) (dirsp (PUNCT :) (PUNCT -) (f3 (sn (PRON Io)) (sn (DET un) (NOUN rimedio) (sa (ADJ sicuro)))) (f (ir_infl (PRON ce) (PRON l') (VERB avrei)))) (PUNCT .)));;3,716615755;content
305;18;sicuro;sicuro;ADJ;amod;rimedio;(ROOT (fc (f (ibar (PRON Si) (VERB fece) (VERB ricevere)) (compt (spda (ADP da) (sn (DET il) (NOUN sindaco))))) (CCONJ e) (f (ibar (PRON gli) (VERB disse))) (dirsp (PUNCT :) (PUNCT -) (f3 (sn (PRON Io)) (sn (DET un) (NOUN rimedio) (sa (ADJ sicuro)))) (f (ir_infl (PRON ce) (PRON l') (VERB avrei)))) (PUNCT .)));5.80 ± 1.61;5,579778993;content
306;18;ce;ce;PRON;expl;avrei;(ROOT (fc (f (ibar (PRON Si) (VERB fece) (VERB ricevere)) (compt (spda (ADP da) (sn (DET il) (NOUN sindaco))))) (CCONJ e) (f (ibar (PRON gli) (VERB disse))) (dirsp (PUNCT :) (PUNCT -) (f3 (sn (PRON Io)) (sn (DET un) (NOUN rimedio) (sa (ADJ sicuro)))) (f (ir_infl (PRON ce) (PRON l') (VERB avrei)))) (PUNCT .)));;5,67812526;function
307;18;l;lo;PRON;obj;avrei;(ROOT (fc (f (ibar (PRON Si) (VERB fece) (VERB ricevere)) (compt (spda (ADP da) (sn (DET il) (NOUN sindaco))))) (CCONJ e) (f (ibar (PRON gli) (VERB disse))) (dirsp (PUNCT :) (PUNCT -) (f3 (sn (PRON Io)) (sn (DET un) (NOUN rimedio) (sa (ADJ sicuro)))) (f (ir_infl (PRON ce) (PRON l') (VERB avrei)))) (PUNCT .)));;6,640107629;function
308;18;avrei;avere;VERB;parataxis;fece;(ROOT (fc (f (ibar (PRON Si) (VERB fece) (VERB ricevere)) (compt (spda (ADP da) (sn (DET il) (NOUN sindaco))))) (CCONJ e) (f (ibar (PRON gli) (VERB disse))) (dirsp (PUNCT :) (PUNCT -) (f3 (sn (PRON Io)) (sn (DET un) (NOUN rimedio) (sa (ADJ sicuro)))) (f (ir_infl (PRON ce) (PRON l') (VERB avrei)))) (PUNCT .)));;5,455410486;content
309;19;primo;primo;ADJ;amod;fate;(ROOT (cp (sa (ADJ Primo)) (PUNCT ,) (f (ibar (VERB fate) (VERB abbattere)) (compt (sn (sq (DET tutti)) (DET i) (NOUN cancelletti)))) (PUNCT ,) (f (sn (ADV tanto) (DET i) (NOUN giardini)) (ir_infl (VERB cresceranno)) (compin (savv (ADV benissimo)) (sp (ADV anche) (ADP senza) (sn (NOUN inferriate) (PUNCT .)))))));;5,356048799;content
310;19;fate;fare;VERB;root;ROOT;(ROOT (cp (sa (ADJ Primo)) (PUNCT ,) (f (ibar (VERB fate) (VERB abbattere)) (compt (sn (sq (DET tutti)) (DET i) (NOUN cancelletti)))) (PUNCT ,) (f (sn (ADV tanto) (DET i) (NOUN giardini)) (ir_infl (VERB cresceranno)) (compin (savv (ADV benissimo)) (sp (ADV anche) (ADP senza) (sn (NOUN inferriate) (PUNCT .)))))));4.40 ± 2.22;5,160851419;content
311;19;abbattere;abbattere;VERB;ccomp;fate;(ROOT (cp (sa (ADJ Primo)) (PUNCT ,) (f (ibar (VERB fate) (VERB abbattere)) (compt (sn (sq (DET tutti)) (DET i) (NOUN cancelletti)))) (PUNCT ,) (f (sn (ADV tanto) (DET i) (NOUN giardini)) (ir_infl (VERB cresceranno)) (compin (savv (ADV benissimo)) (sp (ADV anche) (ADP senza) (sn (NOUN inferriate) (PUNCT .)))))));;3,662214941;content
312;19;tutti;tutto;DET;det:predet;cancelletti;(ROOT (cp (sa (ADJ Primo)) (PUNCT ,) (f (ibar (VERB fate) (VERB abbattere)) (compt (sn (sq (DET tutti)) (DET i) (NOUN cancelletti)))) (PUNCT ,) (f (sn (ADV tanto) (DET i) (NOUN giardini)) (ir_infl (VERB cresceranno)) (compin (savv (ADV benissimo)) (sp (ADV anche) (ADP senza) (sn (NOUN inferriate) (PUNCT .)))))));;6,110511188;function
313;19;i;il;DET;det;cancelletti;(ROOT (cp (sa (ADJ Primo)) (PUNCT ,) (f (ibar (VERB fate) (VERB abbattere)) (compt (sn (sq (DET tutti)) (DET i) (NOUN cancelletti)))) (PUNCT ,) (f (sn (ADV tanto) (DET i) (NOUN giardini)) (ir_infl (VERB cresceranno)) (compin (savv (ADV benissimo)) (sp (ADV anche) (ADP senza) (sn (NOUN inferriate) (PUNCT .)))))));;6,584780852;function
314;19;cancelletti;cancelletto;NOUN;obj;abbattere;(ROOT (cp (sa (ADJ Primo)) (PUNCT ,) (f (ibar (VERB fate) (VERB abbattere)) (compt (sn (sq (DET tutti)) (DET i) (NOUN cancelletti)))) (PUNCT ,) (f (sn (ADV tanto) (DET i) (NOUN giardini)) (ir_infl (VERB cresceranno)) (compin (savv (ADV benissimo)) (sp (ADV anche) (ADP senza) (sn (NOUN inferriate) (PUNCT .)))))));;1,668044485;content
315;19;tanto;tanto;ADV;advmod;cresceranno;(ROOT (cp (sa (ADJ Primo)) (PUNCT ,) (f (ibar (VERB fate) (VERB abbattere)) (compt (sn (sq (DET tutti)) (DET i) (NOUN cancelletti)))) (PUNCT ,) (f (sn (ADV tanto) (DET i) (NOUN giardini)) (ir_infl (VERB cresceranno)) (compin (savv (ADV benissimo)) (sp (ADV anche) (ADP senza) (sn (NOUN inferriate) (PUNCT .)))))));;5,656885745;content
316;19;i;il;DET;det;giardini;(ROOT (cp (sa (ADJ Primo)) (PUNCT ,) (f (ibar (VERB fate) (VERB abbattere)) (compt (sn (sq (DET tutti)) (DET i) (NOUN cancelletti)))) (PUNCT ,) (f (sn (ADV tanto) (DET i) (NOUN giardini)) (ir_infl (VERB cresceranno)) (compin (savv (ADV benissimo)) (sp (ADV anche) (ADP senza) (sn (NOUN inferriate) (PUNCT .)))))));;6,584780852;function
317;19;giardini;giardino;NOUN;nsubj;cresceranno;(ROOT (cp (sa (ADJ Primo)) (PUNCT ,) (f (ibar (VERB fate) (VERB abbattere)) (compt (sn (sq (DET tutti)) (DET i) (NOUN cancelletti)))) (PUNCT ,) (f (sn (ADV tanto) (DET i) (NOUN giardini)) (ir_infl (VERB cresceranno)) (compin (savv (ADV benissimo)) (sp (ADV anche) (ADP senza) (sn (NOUN inferriate) (PUNCT .)))))));4.28 ± 1.37;3,520321109;content
318;19;cresceranno;crescere;VERB;conj;fate;(ROOT (cp (sa (ADJ Primo)) (PUNCT ,) (f (ibar (VERB fate) (VERB abbattere)) (compt (sn (sq (DET tutti)) (DET i) (NOUN cancelletti)))) (PUNCT ,) (f (sn (ADV tanto) (DET i) (NOUN giardini)) (ir_infl (VERB cresceranno)) (compin (savv (ADV benissimo)) (sp (ADV anche) (ADP senza) (sn (NOUN inferriate) (PUNCT .)))))));;3,057210569;content
319;19;benissimo;bene;ADV;advmod;cresceranno;(ROOT (cp (sa (ADJ Primo)) (PUNCT ,) (f (ibar (VERB fate) (VERB abbattere)) (compt (sn (sq (DET tutti)) (DET i) (NOUN cancelletti)))) (PUNCT ,) (f (sn (ADV tanto) (DET i) (NOUN giardini)) (ir_infl (VERB cresceranno)) (compin (savv (ADV benissimo)) (sp (ADV anche) (ADP senza) (sn (NOUN inferriate) (PUNCT .)))))));;5,002531745;content
320;19;anche;anche;ADV;advmod;inferriate;(ROOT (cp (sa (ADJ Primo)) (PUNCT ,) (f (ibar (VERB fate) (VERB abbattere)) (compt (sn (sq (DET tutti)) (DET i) (NOUN cancelletti)))) (PUNCT ,) (f (sn (ADV tanto) (DET i) (NOUN giardini)) (ir_infl (VERB cresceranno)) (compin (savv (ADV benissimo)) (sp (ADV anche) (ADP senza) (sn (NOUN inferriate) (PUNCT .)))))));;6,115086172;content
321;19;senza;senza;ADP;case;inferriate;(ROOT (cp (sa (ADJ Primo)) (PUNCT ,) (f (ibar (VERB fate) (VERB abbattere)) (compt (sn (sq (DET tutti)) (DET i) (NOUN cancelletti)))) (PUNCT ,) (f (sn (ADV tanto) (DET i) (NOUN giardini)) (ir_infl (VERB cresceranno)) (compin (savv (ADV benissimo)) (sp (ADV anche) (ADP senza) (sn (NOUN inferriate) (PUNCT .)))))));;5,710022415;function
322;19;inferriate;inferriata;NOUN;obl;cresceranno;(ROOT (cp (sa (ADJ Primo)) (PUNCT ,) (f (ibar (VERB fate) (VERB abbattere)) (compt (sn (sq (DET tutti)) (DET i) (NOUN cancelletti)))) (PUNCT ,) (f (sn (ADV tanto) (DET i) (NOUN giardini)) (ir_infl (VERB cresceranno)) (compin (savv (ADV benissimo)) (sp (ADV anche) (ADP senza) (sn (NOUN inferriate) (PUNCT .)))))));;2,232315915;content
323;20;secondo;secondo;ADP;mark;mandate;(ROOT (fs (ADP Secondo) (PUNCT ,) (f (ibar (VERB mandate)) (compt (sn (DET i) (NOUN cani)) (sp (ADP a) (sn (NOUN caccia))))) (PUNCT ,) (f (ir_infl (PRON si) (VERB divertiranno)) (compt (savv (ADP di) (ADV più)))) (CCONJ e) (f (ir_infl (VERB diventeranno)) (compc (sa (ADV più) (ADJ gentili) (PUNCT .))))));;5,41963149;function
324;20;mandate;mandare;VERB;advcl;divertiranno;(ROOT (fs (ADP Secondo) (PUNCT ,) (f (ibar (VERB mandate)) (compt (sn (DET i) (NOUN cani)) (sp (ADP a) (sn (NOUN caccia))))) (PUNCT ,) (f (ir_infl (PRON si) (VERB divertiranno)) (compt (savv (ADP di) (ADV più)))) (CCONJ e) (f (ir_infl (VERB diventeranno)) (compc (sa (ADV più) (ADJ gentili) (PUNCT .))))));;3,918057654;content
325;20;i;il;DET;det;cani;(ROOT (fs (ADP Secondo) (PUNCT ,) (f (ibar (VERB mandate)) (compt (sn (DET i) (NOUN cani)) (sp (ADP a) (sn (NOUN caccia))))) (PUNCT ,) (f (ir_infl (PRON si) (VERB divertiranno)) (compt (savv (ADP di) (ADV più)))) (CCONJ e) (f (ir_infl (VERB diventeranno)) (compc (sa (ADV più) (ADJ gentili) (PUNCT .))))));;6,584780852;function
326;20;cani;cane;NOUN;obj;mandate;(ROOT (fs (ADP Secondo) (PUNCT ,) (f (ibar (VERB mandate)) (compt (sn (DET i) (NOUN cani)) (sp (ADP a) (sn (NOUN caccia))))) (PUNCT ,) (f (ir_infl (PRON si) (VERB divertiranno)) (compt (savv (ADP di) (ADV più)))) (CCONJ e) (f (ir_infl (VERB diventeranno)) (compc (sa (ADV più) (ADJ gentili) (PUNCT .))))));2.76 ± 1.23;4,594472684;content
327;20;a;a;ADP;case;caccia;(ROOT (fs (ADP Secondo) (PUNCT ,) (f (ibar (VERB mandate)) (compt (sn (DET i) (NOUN cani)) (sp (ADP a) (sn (NOUN caccia))))) (PUNCT ,) (f (ir_infl (PRON si) (VERB divertiranno)) (compt (savv (ADP di) (ADV più)))) (CCONJ e) (f (ir_infl (VERB diventeranno)) (compc (sa (ADV più) (ADJ gentili) (PUNCT .))))));;7,004335738;function
328;20;caccia;caccia;NOUN;obl;mandate;(ROOT (fs (ADP Secondo) (PUNCT ,) (f (ibar (VERB mandate)) (compt (sn (DET i) (NOUN cani)) (sp (ADP a) (sn (NOUN caccia))))) (PUNCT ,) (f (ir_infl (PRON si) (VERB divertiranno)) (compt (savv (ADP di) (ADV più)))) (CCONJ e) (f (ir_infl (VERB diventeranno)) (compc (sa (ADV più) (ADJ gentili) (PUNCT .))))));;4,781987837;content
329;20;si;si;PRON;expl;divertiranno;(ROOT (fs (ADP Secondo) (PUNCT ,) (f (ibar (VERB mandate)) (compt (sn (DET i) (NOUN cani)) (sp (ADP a) (sn (NOUN caccia))))) (PUNCT ,) (f (ir_infl (PRON si) (VERB divertiranno)) (compt (savv (ADP di) (ADV più)))) (CCONJ e) (f (ir_infl (VERB diventeranno)) (compc (sa (ADV più) (ADJ gentili) (PUNCT .))))));;6,553884221;function
330;20;divertiranno;divertire;VERB;root;ROOT;(ROOT (fs (ADP Secondo) (PUNCT ,) (f (ibar (VERB mandate)) (compt (sn (DET i) (NOUN cani)) (sp (ADP a) (sn (NOUN caccia))))) (PUNCT ,) (f (ir_infl (PRON si) (VERB divertiranno)) (compt (savv (ADP di) (ADV più)))) (CCONJ e) (f (ir_infl (VERB diventeranno)) (compc (sa (ADV più) (ADJ gentili) (PUNCT .))))));;2,337051266;content
331;20;di;di;ADP;case;più;(ROOT (fs (ADP Secondo) (PUNCT ,) (f (ibar (VERB mandate)) (compt (sn (DET i) (NOUN cani)) (sp (ADP a) (sn (NOUN caccia))))) (PUNCT ,) (f (ir_infl (PRON si) (VERB divertiranno)) (compt (savv (ADP di) (ADV più)))) (CCONJ e) (f (ir_infl (VERB diventeranno)) (compc (sa (ADV più) (ADJ gentili) (PUNCT .))))));;7,232814475;function
332;20;più;più;ADV;advmod;divertiranno;(ROOT (fs (ADP Secondo) (PUNCT ,) (f (ibar (VERB mandate)) (compt (sn (DET i) (NOUN cani)) (sp (ADP a) (sn (NOUN caccia))))) (PUNCT ,) (f (ir_infl (PRON si) (VERB divertiranno)) (compt (savv (ADP di) (ADV più)))) (CCONJ e) (f (ir_infl (VERB diventeranno)) (compc (sa (ADV più) (ADJ gentili) (PUNCT .))))));;6,382555861;content
333;20;e;e;CCONJ;cc;diventeranno;(ROOT (fs (ADP Secondo) (PUNCT ,) (f (ibar (VERB mandate)) (compt (sn (DET i) (NOUN cani)) (sp (ADP a) (sn (NOUN caccia))))) (PUNCT ,) (f (ir_infl (PRON si) (VERB divertiranno)) (compt (savv (ADP di) (ADV più)))) (CCONJ e) (f (ir_infl (VERB diventeranno)) (compc (sa (ADV più) (ADJ gentili) (PUNCT .))))));;2,741151583;function
334;20;diventeranno;diventare;VERB;conj;divertiranno;(ROOT (fs (ADP Secondo) (PUNCT ,) (f (ibar (VERB mandate)) (compt (sn (DET i) (NOUN cani)) (sp (ADP a) (sn (NOUN caccia))))) (PUNCT ,) (f (ir_infl (PRON si) (VERB divertiranno)) (compt (savv (ADP di) (ADV più)))) (CCONJ e) (f (ir_infl (VERB diventeranno)) (compc (sa (ADV più) (ADJ gentili) (PUNCT .))))));;3,413639701;content
335;20;più;più;ADV;advmod;gentili;(ROOT (fs (ADP Secondo) (PUNCT ,) (f (ibar (VERB mandate)) (compt (sn (DET i) (NOUN cani)) (sp (ADP a) (sn (NOUN caccia))))) (PUNCT ,) (f (ir_infl (PRON si) (VERB divertiranno)) (compt (savv (ADP di) (ADV più)))) (CCONJ e) (f (ir_infl (VERB diventeranno)) (compc (sa (ADV più) (ADJ gentili) (PUNCT .))))));;6,382555861;content
336;20;gentili;gentile;ADJ;xcomp;diventeranno;(ROOT (fs (ADP Secondo) (PUNCT ,) (f (ibar (VERB mandate)) (compt (sn (DET i) (NOUN cani)) (sp (ADP a) (sn (NOUN caccia))))) (PUNCT ,) (f (ir_infl (PRON si) (VERB divertiranno)) (compt (savv (ADP di) (ADV più)))) (CCONJ e) (f (ir_infl (VERB diventeranno)) (compc (sa (ADV più) (ADJ gentili) (PUNCT .))))));6.92 ± 2.56;4,042487312;content
337;21;terzo;terzo;ADJ;amod;fate;(ROOT (cp (sn (ADJ Terzo)) (PUNCT ,) (f (ibar (VERB fate)) (compt (sn (DET una) (sa (ADJ bella)) (NOUN festa) (spda (ADP da) (sn (NOUN ballo)))))) (CCONJ e) (cp (sp (ADP dopo) (sn (DET il) (ADJ primo) (NOUN valzer))) (f (ir_infl (VERB imparerete)) (compin (sv2 (ADP a) (VERB parlare) (compin (savv (ADP di) (ADJ nuovo) (PUNCT .)))))))));;4,623331261;content
338;21;fate;fare;VERB;root;ROOT;(ROOT (cp (sn (ADJ Terzo)) (PUNCT ,) (f (ibar (VERB fate)) (compt (sn (DET una) (sa (ADJ bella)) (NOUN festa) (spda (ADP da) (sn (NOUN ballo)))))) (CCONJ e) (cp (sp (ADP dopo) (sn (DET il) (ADJ primo) (NOUN valzer))) (f (ir_infl (VERB imparerete)) (compin (sv2 (ADP a) (VERB parlare) (compin (savv (ADP di) (ADJ nuovo) (PUNCT .)))))))));4.40 ± 2.22;5,160851419;content
339;21;una;uno;DET;det;festa;(ROOT (cp (sn (ADJ Terzo)) (PUNCT ,) (f (ibar (VERB fate)) (compt (sn (DET una) (sa (ADJ bella)) (NOUN festa) (spda (ADP da) (sn (NOUN ballo)))))) (CCONJ e) (cp (sp (ADP dopo) (sn (DET il) (ADJ primo) (NOUN valzer))) (f (ir_infl (VERB imparerete)) (compin (sv2 (ADP a) (VERB parlare) (compin (savv (ADP di) (ADJ nuovo) (PUNCT .)))))))));;6,801817508;function
340;21;bella;bello;ADJ;amod;festa;(ROOT (cp (sn (ADJ Terzo)) (PUNCT ,) (f (ibar (VERB fate)) (compt (sn (DET una) (sa (ADJ bella)) (NOUN festa) (spda (ADP da) (sn (NOUN ballo)))))) (CCONJ e) (cp (sp (ADP dopo) (sn (DET il) (ADJ primo) (NOUN valzer))) (f (ir_infl (VERB imparerete)) (compin (sv2 (ADP a) (VERB parlare) (compin (savv (ADP di) (ADJ nuovo) (PUNCT .)))))))));3.80 ± 2.35;5,484893151;content
341;21;festa;festa;NOUN;obj;fate;(ROOT (cp (sn (ADJ Terzo)) (PUNCT ,) (f (ibar (VERB fate)) (compt (sn (DET una) (sa (ADJ bella)) (NOUN festa) (spda (ADP da) (sn (NOUN ballo)))))) (CCONJ e) (cp (sp (ADP dopo) (sn (DET il) (ADJ primo) (NOUN valzer))) (f (ir_infl (VERB imparerete)) (compin (sv2 (ADP a) (VERB parlare) (compin (savv (ADP di) (ADJ nuovo) (PUNCT .)))))))));4.92 ± 1.80;5,184888228;content
342;21;da;da;ADP;case;ballo;(ROOT (cp (sn (ADJ Terzo)) (PUNCT ,) (f (ibar (VERB fate)) (compt (sn (DET una) (sa (ADJ bella)) (NOUN festa) (spda (ADP da) (sn (NOUN ballo)))))) (CCONJ e) (cp (sp (ADP dopo) (sn (DET il) (ADJ primo) (NOUN valzer))) (f (ir_infl (VERB imparerete)) (compin (sv2 (ADP a) (VERB parlare) (compin (savv (ADP di) (ADJ nuovo) (PUNCT .)))))))));;6,577812618;function
343;21;ballo;ballo;NOUN;nmod;festa;(ROOT (cp (sn (ADJ Terzo)) (PUNCT ,) (f (ibar (VERB fate)) (compt (sn (DET una) (sa (ADJ bella)) (NOUN festa) (spda (ADP da) (sn (NOUN ballo)))))) (CCONJ e) (cp (sp (ADP dopo) (sn (DET il) (ADJ primo) (NOUN valzer))) (f (ir_infl (VERB imparerete)) (compin (sv2 (ADP a) (VERB parlare) (compin (savv (ADP di) (ADJ nuovo) (PUNCT .)))))))));;4,761524539;content
344;21;e;e;CCONJ;cc;imparerete;(ROOT (cp (sn (ADJ Terzo)) (PUNCT ,) (f (ibar (VERB fate)) (compt (sn (DET una) (sa (ADJ bella)) (NOUN festa) (spda (ADP da) (sn (NOUN ballo)))))) (CCONJ e) (cp (sp (ADP dopo) (sn (DET il) (ADJ primo) (NOUN valzer))) (f (ir_infl (VERB imparerete)) (compin (sv2 (ADP a) (VERB parlare) (compin (savv (ADP di) (ADJ nuovo) (PUNCT .)))))))));;2,741151583;function
345;21;dopo;dopo;ADP;case;valzer;(ROOT (cp (sn (ADJ Terzo)) (PUNCT ,) (f (ibar (VERB fate)) (compt (sn (DET una) (sa (ADJ bella)) (NOUN festa) (spda (ADP da) (sn (NOUN ballo)))))) (CCONJ e) (cp (sp (ADP dopo) (sn (DET il) (ADJ primo) (NOUN valzer))) (f (ir_infl (VERB imparerete)) (compin (sv2 (ADP a) (VERB parlare) (compin (savv (ADP di) (ADJ nuovo) (PUNCT .)))))))));;5,792396528;function
346;21;il;il;DET;det;valzer;(ROOT (cp (sn (ADJ Terzo)) (PUNCT ,) (f (ibar (VERB fate)) (compt (sn (DET una) (sa (ADJ bella)) (NOUN festa) (spda (ADP da) (sn (NOUN ballo)))))) (CCONJ e) (cp (sp (ADP dopo) (sn (DET il) (ADJ primo) (NOUN valzer))) (f (ir_infl (VERB imparerete)) (compin (sv2 (ADP a) (VERB parlare) (compin (savv (ADP di) (ADJ nuovo) (PUNCT .)))))))));;7,039560886;function
347;21;primo;primo;ADJ;amod;valzer;(ROOT (cp (sn (ADJ Terzo)) (PUNCT ,) (f (ibar (VERB fate)) (compt (sn (DET una) (sa (ADJ bella)) (NOUN festa) (spda (ADP da) (sn (NOUN ballo)))))) (CCONJ e) (cp (sp (ADP dopo) (sn (DET il) (ADJ primo) (NOUN valzer))) (f (ir_infl (VERB imparerete)) (compin (sv2 (ADP a) (VERB parlare) (compin (savv (ADP di) (ADJ nuovo) (PUNCT .)))))))));;5,356048799;content
348;21;valzer;valzer;NOUN;obl;imparerete;(ROOT (cp (sn (ADJ Terzo)) (PUNCT ,) (f (ibar (VERB fate)) (compt (sn (DET una) (sa (ADJ bella)) (NOUN festa) (spda (ADP da) (sn (NOUN ballo)))))) (CCONJ e) (cp (sp (ADP dopo) (sn (DET il) (ADJ primo) (NOUN valzer))) (f (ir_infl (VERB imparerete)) (compin (sv2 (ADP a) (VERB parlare) (compin (savv (ADP di) (ADJ nuovo) (PUNCT .)))))))));;3,286092581;content
349;21;imparerete;imparare;VERB;conj;fate;(ROOT (cp (sn (ADJ Terzo)) (PUNCT ,) (f (ibar (VERB fate)) (compt (sn (DET una) (sa (ADJ bella)) (NOUN festa) (spda (ADP da) (sn (NOUN ballo)))))) (CCONJ e) (cp (sp (ADP dopo) (sn (DET il) (ADJ primo) (NOUN valzer))) (f (ir_infl (VERB imparerete)) (compin (sv2 (ADP a) (VERB parlare) (compin (savv (ADP di) (ADJ nuovo) (PUNCT .)))))))));;3,003836587;content
350;21;a;a;ADP;mark;parlare;(ROOT (cp (sn (ADJ Terzo)) (PUNCT ,) (f (ibar (VERB fate)) (compt (sn (DET una) (sa (ADJ bella)) (NOUN festa) (spda (ADP da) (sn (NOUN ballo)))))) (CCONJ e) (cp (sp (ADP dopo) (sn (DET il) (ADJ primo) (NOUN valzer))) (f (ir_infl (VERB imparerete)) (compin (sv2 (ADP a) (VERB parlare) (compin (savv (ADP di) (ADJ nuovo) (PUNCT .)))))))));;7,004335738;function
351;21;parlare;parlare;VERB;xcomp;imparerete;(ROOT (cp (sn (ADJ Terzo)) (PUNCT ,) (f (ibar (VERB fate)) (compt (sn (DET una) (sa (ADJ bella)) (NOUN festa) (spda (ADP da) (sn (NOUN ballo)))))) (CCONJ e) (cp (sp (ADP dopo) (sn (DET il) (ADJ primo) (NOUN valzer))) (f (ir_infl (VERB imparerete)) (compin (sv2 (ADP a) (VERB parlare) (compin (savv (ADP di) (ADJ nuovo) (PUNCT .)))))))));3.64 ± 2.29;5,677509545;content
352;21;di;di;ADP;case;nuovo;(ROOT (cp (sn (ADJ Terzo)) (PUNCT ,) (f (ibar (VERB fate)) (compt (sn (DET una) (sa (ADJ bella)) (NOUN festa) (spda (ADP da) (sn (NOUN ballo)))))) (CCONJ e) (cp (sp (ADP dopo) (sn (DET il) (ADJ primo) (NOUN valzer))) (f (ir_infl (VERB imparerete)) (compin (sv2 (ADP a) (VERB parlare) (compin (savv (ADP di) (ADJ nuovo) (PUNCT .)))))))));;7,232814475;function
353;21;nuovo;nuovo;ADJ;obl;parlare;(ROOT (cp (sn (ADJ Terzo)) (PUNCT ,) (f (ibar (VERB fate)) (compt (sn (DET una) (sa (ADJ bella)) (NOUN festa) (spda (ADP da) (sn (NOUN ballo)))))) (CCONJ e) (cp (sp (ADP dopo) (sn (DET il) (ADJ primo) (NOUN valzer))) (f (ir_infl (VERB imparerete)) (compin (sv2 (ADP a) (VERB parlare) (compin (savv (ADP di) (ADJ nuovo) (PUNCT .)))))))));3.72 ± 1.54;5,649402438;content
354;22;il;il;DET;det;sindaco;(ROOT (dirsp (f (sn (DET Il) (NOUN sindaco)) (ibar (PRON gli) (VERB rispose))) (PUNCT :) (PUNCT -) (sn (PROPN Bau!) (INTJ Bau!)) (fp (PUNCT -) (f (ibar (AUX Ho) (VERB capito))) (PUNCT ,)) (fp (PUNCT -) (f (ibar (VERB disse)) (compt (sn (PROPN Giovannino)))) (PUNCT ,)) (PUNCT -) (f (sn (DET il) (sa (ADJ peggior)) (NOUN malato)) (ibar (AUX è)) (compc (sn (PRON quello) (f2 (PRON che) (f (ibar (VERB crede)) (compt (sv2 (ADP di) (AUX essere) (compc (sa (ADJ sano)))))))))) (PUNCT .)));;7,039560886;function
355;22;sindaco;sindaco;NOUN;nsubj;rispose;(ROOT (dirsp (f (sn (DET Il) (NOUN sindaco)) (ibar (PRON gli) (VERB rispose))) (PUNCT :) (PUNCT -) (sn (PROPN Bau!) (INTJ Bau!)) (fp (PUNCT -) (f (ibar (AUX Ho) (VERB capito))) (PUNCT ,)) (fp (PUNCT -) (f (ibar (VERB disse)) (compt (sn (PROPN Giovannino)))) (PUNCT ,)) (PUNCT -) (f (sn (DET il) (sa (ADJ peggior)) (NOUN malato)) (ibar (AUX è)) (compc (sn (PRON quello) (f2 (PRON che) (f (ibar (VERB crede)) (compt (sv2 (ADP di) (AUX essere) (compc (sa (ADJ sano)))))))))) (PUNCT .)));;4,464271799;content
356;22;gli;gli;PRON;iobj;rispose;(ROOT (dirsp (f (sn (DET Il) (NOUN sindaco)) (ibar (PRON gli) (VERB rispose))) (PUNCT :) (PUNCT -) (sn (PROPN Bau!) (INTJ Bau!)) (fp (PUNCT -) (f (ibar (AUX Ho) (VERB capito))) (PUNCT ,)) (fp (PUNCT -) (f (ibar (VERB disse)) (compt (sn (PROPN Giovannino)))) (PUNCT ,)) (PUNCT -) (f (sn (DET il) (sa (ADJ peggior)) (NOUN malato)) (ibar (AUX è)) (compc (sn (PRON quello) (f2 (PRON che) (f (ibar (VERB crede)) (compt (sv2 (ADP di) (AUX essere) (compc (sa (ADJ sano)))))))))) (PUNCT .)));;6,227520191;function
357;22;rispose;rispondere;VERB;root;ROOT;(ROOT (dirsp (f (sn (DET Il) (NOUN sindaco)) (ibar (PRON gli) (VERB rispose))) (PUNCT :) (PUNCT -) (sn (PROPN Bau!) (INTJ Bau!)) (fp (PUNCT -) (f (ibar (AUX Ho) (VERB capito))) (PUNCT ,)) (fp (PUNCT -) (f (ibar (VERB disse)) (compt (sn (PROPN Giovannino)))) (PUNCT ,)) (PUNCT -) (f (sn (DET il) (sa (ADJ peggior)) (NOUN malato)) (ibar (AUX è)) (compc (sn (PRON quello) (f2 (PRON che) (f (ibar (VERB crede)) (compt (sv2 (ADP di) (AUX essere) (compc (sa (ADJ sano)))))))))) (PUNCT .)));3.88 ± 1.59;3,603383777;content
358;22;bau;Bau;PROPN;parataxis;capito;(ROOT (dirsp (f (sn (DET Il) (NOUN sindaco)) (ibar (PRON gli) (VERB rispose))) (PUNCT :) (PUNCT -) (sn (PROPN Bau!) (INTJ Bau!)) (fp (PUNCT -) (f (ibar (AUX Ho) (VERB capito))) (PUNCT ,)) (fp (PUNCT -) (f (ibar (VERB disse)) (compt (sn (PROPN Giovannino)))) (PUNCT ,)) (PUNCT -) (f (sn (DET il) (sa (ADJ peggior)) (NOUN malato)) (ibar (AUX è)) (compc (sn (PRON quello) (f2 (PRON che) (f (ibar (VERB crede)) (compt (sv2 (ADP di) (AUX essere) (compc (sa (ADJ sano)))))))))) (PUNCT .)));;2,25162107;content
359;22;bau;Bau;INTJ;discourse;capito;(ROOT (dirsp (f (sn (DET Il) (NOUN sindaco)) (ibar (PRON gli) (VERB rispose))) (PUNCT :) (PUNCT -) (sn (PROPN Bau!) (INTJ Bau!)) (fp (PUNCT -) (f (ibar (AUX Ho) (VERB capito))) (PUNCT ,)) (fp (PUNCT -) (f (ibar (VERB disse)) (compt (sn (PROPN Giovannino)))) (PUNCT ,)) (PUNCT -) (f (sn (DET il) (sa (ADJ peggior)) (NOUN malato)) (ibar (AUX è)) (compc (sn (PRON quello) (f2 (PRON che) (f (ibar (VERB crede)) (compt (sv2 (ADP di) (AUX essere) (compc (sa (ADJ sano)))))))))) (PUNCT .)));;2,25162107;function
360;22;ho;avere;AUX;aux;capito;(ROOT (dirsp (f (sn (DET Il) (NOUN sindaco)) (ibar (PRON gli) (VERB rispose))) (PUNCT :) (PUNCT -) (sn (PROPN Bau!) (INTJ Bau!)) (fp (PUNCT -) (f (ibar (AUX Ho) (VERB capito))) (PUNCT ,)) (fp (PUNCT -) (f (ibar (VERB disse)) (compt (sn (PROPN Giovannino)))) (PUNCT ,)) (PUNCT -) (f (sn (DET il) (sa (ADJ peggior)) (NOUN malato)) (ibar (AUX è)) (compc (sn (PRON quello) (f2 (PRON che) (f (ibar (VERB crede)) (compt (sv2 (ADP di) (AUX essere) (compc (sa (ADJ sano)))))))))) (PUNCT .)));;6,720262455;function
361;22;capito;capitare;VERB;parataxis;rispose;(ROOT (dirsp (f (sn (DET Il) (NOUN sindaco)) (ibar (PRON gli) (VERB rispose))) (PUNCT :) (PUNCT -) (sn (PROPN Bau!) (INTJ Bau!)) (fp (PUNCT -) (f (ibar (AUX Ho) (VERB capito))) (PUNCT ,)) (fp (PUNCT -) (f (ibar (VERB disse)) (compt (sn (PROPN Giovannino)))) (PUNCT ,)) (PUNCT -) (f (sn (DET il) (sa (ADJ peggior)) (NOUN malato)) (ibar (AUX è)) (compc (sn (PRON quello) (f2 (PRON che) (f (ibar (VERB crede)) (compt (sv2 (ADP di) (AUX essere) (compc (sa (ADJ sano)))))))))) (PUNCT .)));;5,491551317;content
362;22;disse;dire;VERB;parataxis;capito;(ROOT (dirsp (f (sn (DET Il) (NOUN sindaco)) (ibar (PRON gli) (VERB rispose))) (PUNCT :) (PUNCT -) (sn (PROPN Bau!) (INTJ Bau!)) (fp (PUNCT -) (f (ibar (AUX Ho) (VERB capito))) (PUNCT ,)) (fp (PUNCT -) (f (ibar (VERB disse)) (compt (sn (PROPN Giovannino)))) (PUNCT ,)) (PUNCT -) (f (sn (DET il) (sa (ADJ peggior)) (NOUN malato)) (ibar (AUX è)) (compc (sn (PRON quello) (f2 (PRON che) (f (ibar (VERB crede)) (compt (sv2 (ADP di) (AUX essere) (compc (sa (ADJ sano)))))))))) (PUNCT .)));4.08 ± 1.73;4,869305017;content
363;22;giovannino;Giovannino;PROPN;nsubj;disse;(ROOT (dirsp (f (sn (DET Il) (NOUN sindaco)) (ibar (PRON gli) (VERB rispose))) (PUNCT :) (PUNCT -) (sn (PROPN Bau!) (INTJ Bau!)) (fp (PUNCT -) (f (ibar (AUX Ho) (VERB capito))) (PUNCT ,)) (fp (PUNCT -) (f (ibar (VERB disse)) (compt (sn (PROPN Giovannino)))) (PUNCT ,)) (PUNCT -) (f (sn (DET il) (sa (ADJ peggior)) (NOUN malato)) (ibar (AUX è)) (compc (sn (PRON quello) (f2 (PRON che) (f (ibar (VERB crede)) (compt (sv2 (ADP di) (AUX essere) (compc (sa (ADJ sano)))))))))) (PUNCT .)));;;content
364;22;il;il;DET;det;malato;(ROOT (dirsp (f (sn (DET Il) (NOUN sindaco)) (ibar (PRON gli) (VERB rispose))) (PUNCT :) (PUNCT -) (sn (PROPN Bau!) (INTJ Bau!)) (fp (PUNCT -) (f (ibar (AUX Ho) (VERB capito))) (PUNCT ,)) (fp (PUNCT -) (f (ibar (VERB disse)) (compt (sn (PROPN Giovannino)))) (PUNCT ,)) (PUNCT -) (f (sn (DET il) (sa (ADJ peggior)) (NOUN malato)) (ibar (AUX è)) (compc (sn (PRON quello) (f2 (PRON che) (f (ibar (VERB crede)) (compt (sv2 (ADP di) (AUX essere) (compc (sa (ADJ sano)))))))))) (PUNCT .)));;7,039560886;function
365;22;peggior;peggiore;ADJ;amod;malato;(ROOT (dirsp (f (sn (DET Il) (NOUN sindaco)) (ibar (PRON gli) (VERB rispose))) (PUNCT :) (PUNCT -) (sn (PROPN Bau!) (INTJ Bau!)) (fp (PUNCT -) (f (ibar (AUX Ho) (VERB capito))) (PUNCT ,)) (fp (PUNCT -) (f (ibar (VERB disse)) (compt (sn (PROPN Giovannino)))) (PUNCT ,)) (PUNCT -) (f (sn (DET il) (sa (ADJ peggior)) (NOUN malato)) (ibar (AUX è)) (compc (sn (PRON quello) (f2 (PRON che) (f (ibar (VERB crede)) (compt (sv2 (ADP di) (AUX essere) (compc (sa (ADJ sano)))))))))) (PUNCT .)));;4,024070342;content
366;22;malato;malato;NOUN;nsubj;quello;(ROOT (dirsp (f (sn (DET Il) (NOUN sindaco)) (ibar (PRON gli) (VERB rispose))) (PUNCT :) (PUNCT -) (sn (PROPN Bau!) (INTJ Bau!)) (fp (PUNCT -) (f (ibar (AUX Ho) (VERB capito))) (PUNCT ,)) (fp (PUNCT -) (f (ibar (VERB disse)) (compt (sn (PROPN Giovannino)))) (PUNCT ,)) (PUNCT -) (f (sn (DET il) (sa (ADJ peggior)) (NOUN malato)) (ibar (AUX è)) (compc (sn (PRON quello) (f2 (PRON che) (f (ibar (VERB crede)) (compt (sv2 (ADP di) (AUX essere) (compc (sa (ADJ sano)))))))))) (PUNCT .)));4.36 ± 1.38;4,532258815;content
367;22;è;essere;AUX;cop;quello;(ROOT (dirsp (f (sn (DET Il) (NOUN sindaco)) (ibar (PRON gli) (VERB rispose))) (PUNCT :) (PUNCT -) (sn (PROPN Bau!) (INTJ Bau!)) (fp (PUNCT -) (f (ibar (AUX Ho) (VERB capito))) (PUNCT ,)) (fp (PUNCT -) (f (ibar (VERB disse)) (compt (sn (PROPN Giovannino)))) (PUNCT ,)) (PUNCT -) (f (sn (DET il) (sa (ADJ peggior)) (NOUN malato)) (ibar (AUX è)) (compc (sn (PRON quello) (f2 (PRON che) (f (ibar (VERB crede)) (compt (sv2 (ADP di) (AUX essere) (compc (sa (ADJ sano)))))))))) (PUNCT .)));;7,249521761;function
368;22;quello;quello;PRON;parataxis;rispose;(ROOT (dirsp (f (sn (DET Il) (NOUN sindaco)) (ibar (PRON gli) (VERB rispose))) (PUNCT :) (PUNCT -) (sn (PROPN Bau!) (INTJ Bau!)) (fp (PUNCT -) (f (ibar (AUX Ho) (VERB capito))) (PUNCT ,)) (fp (PUNCT -) (f (ibar (VERB disse)) (compt (sn (PROPN Giovannino)))) (PUNCT ,)) (PUNCT -) (f (sn (DET il) (sa (ADJ peggior)) (NOUN malato)) (ibar (AUX è)) (compc (sn (PRON quello) (f2 (PRON che) (f (ibar (VERB crede)) (compt (sv2 (ADP di) (AUX essere) (compc (sa (ADJ sano)))))))))) (PUNCT .)));;6,160949149;function
369;22;che;che;PRON;nsubj;crede;(ROOT (dirsp (f (sn (DET Il) (NOUN sindaco)) (ibar (PRON gli) (VERB rispose))) (PUNCT :) (PUNCT -) (sn (PROPN Bau!) (INTJ Bau!)) (fp (PUNCT -) (f (ibar (AUX Ho) (VERB capito))) (PUNCT ,)) (fp (PUNCT -) (f (ibar (VERB disse)) (compt (sn (PROPN Giovannino)))) (PUNCT ,)) (PUNCT -) (f (sn (DET il) (sa (ADJ peggior)) (NOUN malato)) (ibar (AUX è)) (compc (sn (PRON quello) (f2 (PRON che) (f (ibar (VERB crede)) (compt (sv2 (ADP di) (AUX essere) (compc (sa (ADJ sano)))))))))) (PUNCT .)));;7,250456545;function
370;22;crede;credere;VERB;acl:relcl;quello;(ROOT (dirsp (f (sn (DET Il) (NOUN sindaco)) (ibar (PRON gli) (VERB rispose))) (PUNCT :) (PUNCT -) (sn (PROPN Bau!) (INTJ Bau!)) (fp (PUNCT -) (f (ibar (AUX Ho) (VERB capito))) (PUNCT ,)) (fp (PUNCT -) (f (ibar (VERB disse)) (compt (sn (PROPN Giovannino)))) (PUNCT ,)) (PUNCT -) (f (sn (DET il) (sa (ADJ peggior)) (NOUN malato)) (ibar (AUX è)) (compc (sn (PRON quello) (f2 (PRON che) (f (ibar (VERB crede)) (compt (sv2 (ADP di) (AUX essere) (compc (sa (ADJ sano)))))))))) (PUNCT .)));;4,954351224;content
371;22;di;di;ADP;mark;sano;(ROOT (dirsp (f (sn (DET Il) (NOUN sindaco)) (ibar (PRON gli) (VERB rispose))) (PUNCT :) (PUNCT -) (sn (PROPN Bau!) (INTJ Bau!)) (fp (PUNCT -) (f (ibar (AUX Ho) (VERB capito))) (PUNCT ,)) (fp (PUNCT -) (f (ibar (VERB disse)) (compt (sn (PROPN Giovannino)))) (PUNCT ,)) (PUNCT -) (f (sn (DET il) (sa (ADJ peggior)) (NOUN malato)) (ibar (AUX è)) (compc (sn (PRON quello) (f2 (PRON che) (f (ibar (VERB crede)) (compt (sv2 (ADP di) (AUX essere) (compc (sa (ADJ sano)))))))))) (PUNCT .)));;7,232814475;function
372;22;essere;essere;AUX;cop;sano;(ROOT (dirsp (f (sn (DET Il) (NOUN sindaco)) (ibar (PRON gli) (VERB rispose))) (PUNCT :) (PUNCT -) (sn (PROPN Bau!) (INTJ Bau!)) (fp (PUNCT -) (f (ibar (AUX Ho) (VERB capito))) (PUNCT ,)) (fp (PUNCT -) (f (ibar (VERB disse)) (compt (sn (PROPN Giovannino)))) (PUNCT ,)) (PUNCT -) (f (sn (DET il) (sa (ADJ peggior)) (NOUN malato)) (ibar (AUX è)) (compc (sn (PRON quello) (f2 (PRON che) (f (ibar (VERB crede)) (compt (sv2 (ADP di) (AUX essere) (compc (sa (ADJ sano)))))))))) (PUNCT .)));;6,225206681;function
373;22;sano;sano;ADJ;xcomp;crede;(ROOT (dirsp (f (sn (DET Il) (NOUN sindaco)) (ibar (PRON gli) (VERB rispose))) (PUNCT :) (PUNCT -) (sn (PROPN Bau!) (INTJ Bau!)) (fp (PUNCT -) (f (ibar (AUX Ho) (VERB capito))) (PUNCT ,)) (fp (PUNCT -) (f (ibar (VERB disse)) (compt (sn (PROPN Giovannino)))) (PUNCT ,)) (PUNCT -) (f (sn (DET il) (sa (ADJ peggior)) (NOUN malato)) (ibar (AUX è)) (compc (sn (PRON quello) (f2 (PRON che) (f (ibar (VERB crede)) (compt (sv2 (ADP di) (AUX essere) (compc (sa (ADJ sano)))))))))) (PUNCT .)));;4,129693053;content
374;23;e;e;CCONJ;cc;andò;(ROOT (fc (CCONJ E) (f (ibar (PRON se) (PRON ne) (VERB andò)) (compin (sp (ADP per) (sn (DET i) (NOUN fatti) (sa (DET suoi)))))) (PUNCT .)));;2,741151583;function
375;23;se;se;PRON;expl;andò;(ROOT (fc (CCONJ E) (f (ibar (PRON se) (PRON ne) (VERB andò)) (compin (sp (ADP per) (sn (DET i) (NOUN fatti) (sa (DET suoi)))))) (PUNCT .)));;6,583110863;function
376;23;ne;ne;PRON;iobj;andò;(ROOT (fc (CCONJ E) (f (ibar (PRON se) (PRON ne) (VERB andò)) (compin (sp (ADP per) (sn (DET i) (NOUN fatti) (sa (DET suoi)))))) (PUNCT .)));;6,201935117;function
377;23;andò;andare;VERB;root;ROOT;(ROOT (fc (CCONJ E) (f (ibar (PRON se) (PRON ne) (VERB andò)) (compin (sp (ADP per) (sn (DET i) (NOUN fatti) (sa (DET suoi)))))) (PUNCT .)));4.20 ± 1.44;4,231723291;content
378;23;per;per;ADP;case;fatti;(ROOT (fc (CCONJ E) (f (ibar (PRON se) (PRON ne) (VERB andò)) (compin (sp (ADP per) (sn (DET i) (NOUN fatti) (sa (DET suoi)))))) (PUNCT .)));;6,912435835;function
379;23;i;il;DET;det;fatti;(ROOT (fc (CCONJ E) (f (ibar (PRON se) (PRON ne) (VERB andò)) (compin (sp (ADP per) (sn (DET i) (NOUN fatti) (sa (DET suoi)))))) (PUNCT .)));;6,584780852;function
380;23;fatti;fatto;NOUN;obl;andò;(ROOT (fc (CCONJ E) (f (ibar (PRON se) (PRON ne) (VERB andò)) (compin (sp (ADP per) (sn (DET i) (NOUN fatti) (sa (DET suoi)))))) (PUNCT .)));;5,019937377;content
381;23;suoi;suo;DET;det:poss;fatti;(ROOT (fc (CCONJ E) (f (ibar (PRON se) (PRON ne) (VERB andò)) (compin (sp (ADP per) (sn (DET i) (NOUN fatti) (sa (DET suoi)))))) (PUNCT .)));;5,498344383;function
382;24;di;di;ADP;case;notte;(ROOT (cp (spd (ADP Di) (sn (NOUN notte))) (fp (PUNCT ,) (fs (SCONJ se) (f (ibar (VERB sentite)) (compt (sv2 (VERB abbaiare) (compt (sn (sq (DET molti)) (NOUN cani)) (savv (ADV insieme)) (sp (ADP in) (sn (NOUN lontananza)))))))) (PUNCT ,)) (fc (f (ibar (AUX può) (VERB dar)) (compt (PRON si) (fac (SCONJ che) (f (ir_infl (AUX siano)) (compc (spd (ADP di) (sn (DET i) (NOUN cani) (sn (NOUN cani))))))))) (PUNCT ,) (CCONJ ma) (f (ibar (AUX può) (ADV anche) (VERB dar)) (compt (PRON si) (fac (SCONJ che) (f (ir_infl (AUX siano)) (compc (sn (DET gli) (NOUN abitanti) (spd (ADP di) (sn (PRON quello) (sa (ADJ strano)) (PUNCT ,) (sn (sa (ADJ piccolo)) (NOUN paese))))))))))) (PUNCT .)));;7,232814475;function
383;24;notte;notte;NOUN;obl;dar;(ROOT (cp (spd (ADP Di) (sn (NOUN notte))) (fp (PUNCT ,) (fs (SCONJ se) (f (ibar (VERB sentite)) (compt (sv2 (VERB abbaiare) (compt (sn (sq (DET molti)) (NOUN cani)) (savv (ADV insieme)) (sp (ADP in) (sn (NOUN lontananza)))))))) (PUNCT ,)) (fc (f (ibar (AUX può) (VERB dar)) (compt (PRON si) (fac (SCONJ che) (f (ir_infl (AUX siano)) (compc (spd (ADP di) (sn (DET i) (NOUN cani) (sn (NOUN cani))))))))) (PUNCT ,) (CCONJ ma) (f (ibar (AUX può) (ADV anche) (VERB dar)) (compt (PRON si) (fac (SCONJ che) (f (ir_infl (AUX siano)) (compc (sn (DET gli) (NOUN abitanti) (spd (ADP di) (sn (PRON quello) (sa (ADJ strano)) (PUNCT ,) (sn (sa (ADJ piccolo)) (NOUN paese))))))))))) (PUNCT .)));3.28 ± 1.34;5,521062946;content
384;24;se;se;SCONJ;mark;sentite;(ROOT (cp (spd (ADP Di) (sn (NOUN notte))) (fp (PUNCT ,) (fs (SCONJ se) (f (ibar (VERB sentite)) (compt (sv2 (VERB abbaiare) (compt (sn (sq (DET molti)) (NOUN cani)) (savv (ADV insieme)) (sp (ADP in) (sn (NOUN lontananza)))))))) (PUNCT ,)) (fc (f (ibar (AUX può) (VERB dar)) (compt (PRON si) (fac (SCONJ che) (f (ir_infl (AUX siano)) (compc (spd (ADP di) (sn (DET i) (NOUN cani) (sn (NOUN cani))))))))) (PUNCT ,) (CCONJ ma) (f (ibar (AUX può) (ADV anche) (VERB dar)) (compt (PRON si) (fac (SCONJ che) (f (ir_infl (AUX siano)) (compc (sn (DET gli) (NOUN abitanti) (spd (ADP di) (sn (PRON quello) (sa (ADJ strano)) (PUNCT ,) (sn (sa (ADJ piccolo)) (NOUN paese))))))))))) (PUNCT .)));;6,583110863;function
385;24;sentite;sentire;VERB;advcl;dar;(ROOT (cp (spd (ADP Di) (sn (NOUN notte))) (fp (PUNCT ,) (fs (SCONJ se) (f (ibar (VERB sentite)) (compt (sv2 (VERB abbaiare) (compt (sn (sq (DET molti)) (NOUN cani)) (savv (ADV insieme)) (sp (ADP in) (sn (NOUN lontananza)))))))) (PUNCT ,)) (fc (f (ibar (AUX può) (VERB dar)) (compt (PRON si) (fac (SCONJ che) (f (ir_infl (AUX siano)) (compc (spd (ADP di) (sn (DET i) (NOUN cani) (sn (NOUN cani))))))))) (PUNCT ,) (CCONJ ma) (f (ibar (AUX può) (ADV anche) (VERB dar)) (compt (PRON si) (fac (SCONJ che) (f (ir_infl (AUX siano)) (compc (sn (DET gli) (NOUN abitanti) (spd (ADP di) (sn (PRON quello) (sa (ADJ strano)) (PUNCT ,) (sn (sa (ADJ piccolo)) (NOUN paese))))))))))) (PUNCT .)));4.24 ± 1.67;4,766457448;content
386;24;abbaiare;abbaiare;VERB;ccomp;sentite;(ROOT (cp (spd (ADP Di) (sn (NOUN notte))) (fp (PUNCT ,) (fs (SCONJ se) (f (ibar (VERB sentite)) (compt (sv2 (VERB abbaiare) (compt (sn (sq (DET molti)) (NOUN cani)) (savv (ADV insieme)) (sp (ADP in) (sn (NOUN lontananza)))))))) (PUNCT ,)) (fc (f (ibar (AUX può) (VERB dar)) (compt (PRON si) (fac (SCONJ che) (f (ir_infl (AUX siano)) (compc (spd (ADP di) (sn (DET i) (NOUN cani) (sn (NOUN cani))))))))) (PUNCT ,) (CCONJ ma) (f (ibar (AUX può) (ADV anche) (VERB dar)) (compt (PRON si) (fac (SCONJ che) (f (ir_infl (AUX siano)) (compc (sn (DET gli) (NOUN abitanti) (spd (ADP di) (sn (PRON quello) (sa (ADJ strano)) (PUNCT ,) (sn (sa (ADJ piccolo)) (NOUN paese))))))))))) (PUNCT .)));;3,247828081;content
387;24;molti;molto;DET;det;cani;(ROOT (cp (spd (ADP Di) (sn (NOUN notte))) (fp (PUNCT ,) (fs (SCONJ se) (f (ibar (VERB sentite)) (compt (sv2 (VERB abbaiare) (compt (sn (sq (DET molti)) (NOUN cani)) (savv (ADV insieme)) (sp (ADP in) (sn (NOUN lontananza)))))))) (PUNCT ,)) (fc (f (ibar (AUX può) (VERB dar)) (compt (PRON si) (fac (SCONJ che) (f (ir_infl (AUX siano)) (compc (spd (ADP di) (sn (DET i) (NOUN cani) (sn (NOUN cani))))))))) (PUNCT ,) (CCONJ ma) (f (ibar (AUX può) (ADV anche) (VERB dar)) (compt (PRON si) (fac (SCONJ che) (f (ir_infl (AUX siano)) (compc (sn (DET gli) (NOUN abitanti) (spd (ADP di) (sn (PRON quello) (sa (ADJ strano)) (PUNCT ,) (sn (sa (ADJ piccolo)) (NOUN paese))))))))))) (PUNCT .)));;5,080896868;function
388;24;cani;cane;NOUN;obj;abbaiare;(ROOT (cp (spd (ADP Di) (sn (NOUN notte))) (fp (PUNCT ,) (fs (SCONJ se) (f (ibar (VERB sentite)) (compt (sv2 (VERB abbaiare) (compt (sn (sq (DET molti)) (NOUN cani)) (savv (ADV insieme)) (sp (ADP in) (sn (NOUN lontananza)))))))) (PUNCT ,)) (fc (f (ibar (AUX può) (VERB dar)) (compt (PRON si) (fac (SCONJ che) (f (ir_infl (AUX siano)) (compc (spd (ADP di) (sn (DET i) (NOUN cani) (sn (NOUN cani))))))))) (PUNCT ,) (CCONJ ma) (f (ibar (AUX può) (ADV anche) (VERB dar)) (compt (PRON si) (fac (SCONJ che) (f (ir_infl (AUX siano)) (compc (sn (DET gli) (NOUN abitanti) (spd (ADP di) (sn (PRON quello) (sa (ADJ strano)) (PUNCT ,) (sn (sa (ADJ piccolo)) (NOUN paese))))))))))) (PUNCT .)));2.76 ± 1.23;4,594472684;content
389;24;insieme;insieme;ADV;advmod;lontananza;(ROOT (cp (spd (ADP Di) (sn (NOUN notte))) (fp (PUNCT ,) (fs (SCONJ se) (f (ibar (VERB sentite)) (compt (sv2 (VERB abbaiare) (compt (sn (sq (DET molti)) (NOUN cani)) (savv (ADV insieme)) (sp (ADP in) (sn (NOUN lontananza)))))))) (PUNCT ,)) (fc (f (ibar (AUX può) (VERB dar)) (compt (PRON si) (fac (SCONJ che) (f (ir_infl (AUX siano)) (compc (spd (ADP di) (sn (DET i) (NOUN cani) (sn (NOUN cani))))))))) (PUNCT ,) (CCONJ ma) (f (ibar (AUX può) (ADV anche) (VERB dar)) (compt (PRON si) (fac (SCONJ che) (f (ir_infl (AUX siano)) (compc (sn (DET gli) (NOUN abitanti) (spd (ADP di) (sn (PRON quello) (sa (ADJ strano)) (PUNCT ,) (sn (sa (ADJ piccolo)) (NOUN paese))))))))))) (PUNCT .)));;5,500638545;content
390;24;in;in;ADP;case;lontananza;(ROOT (cp (spd (ADP Di) (sn (NOUN notte))) (fp (PUNCT ,) (fs (SCONJ se) (f (ibar (VERB sentite)) (compt (sv2 (VERB abbaiare) (compt (sn (sq (DET molti)) (NOUN cani)) (savv (ADV insieme)) (sp (ADP in) (sn (NOUN lontananza)))))))) (PUNCT ,)) (fc (f (ibar (AUX può) (VERB dar)) (compt (PRON si) (fac (SCONJ che) (f (ir_infl (AUX siano)) (compc (spd (ADP di) (sn (DET i) (NOUN cani) (sn (NOUN cani))))))))) (PUNCT ,) (CCONJ ma) (f (ibar (AUX può) (ADV anche) (VERB dar)) (compt (PRON si) (fac (SCONJ che) (f (ir_infl (AUX siano)) (compc (sn (DET gli) (NOUN abitanti) (spd (ADP di) (sn (PRON quello) (sa (ADJ strano)) (PUNCT ,) (sn (sa (ADJ piccolo)) (NOUN paese))))))))))) (PUNCT .)));;6,797274494;function
391;24;lontananza;lontananza;NOUN;obl;abbaiare;(ROOT (cp (spd (ADP Di) (sn (NOUN notte))) (fp (PUNCT ,) (fs (SCONJ se) (f (ibar (VERB sentite)) (compt (sv2 (VERB abbaiare) (compt (sn (sq (DET molti)) (NOUN cani)) (savv (ADV insieme)) (sp (ADP in) (sn (NOUN lontananza)))))))) (PUNCT ,)) (fc (f (ibar (AUX può) (VERB dar)) (compt (PRON si) (fac (SCONJ che) (f (ir_infl (AUX siano)) (compc (spd (ADP di) (sn (DET i) (NOUN cani) (sn (NOUN cani))))))))) (PUNCT ,) (CCONJ ma) (f (ibar (AUX può) (ADV anche) (VERB dar)) (compt (PRON si) (fac (SCONJ che) (f (ir_infl (AUX siano)) (compc (sn (DET gli) (NOUN abitanti) (spd (ADP di) (sn (PRON quello) (sa (ADJ strano)) (PUNCT ,) (sn (sa (ADJ piccolo)) (NOUN paese))))))))))) (PUNCT .)));;3,271910277;content
392;24;può;potere;AUX;aux;dar;(ROOT (cp (spd (ADP Di) (sn (NOUN notte))) (fp (PUNCT ,) (fs (SCONJ se) (f (ibar (VERB sentite)) (compt (sv2 (VERB abbaiare) (compt (sn (sq (DET molti)) (NOUN cani)) (savv (ADV insieme)) (sp (ADP in) (sn (NOUN lontananza)))))))) (PUNCT ,)) (fc (f (ibar (AUX può) (VERB dar)) (compt (PRON si) (fac (SCONJ che) (f (ir_infl (AUX siano)) (compc (spd (ADP di) (sn (DET i) (NOUN cani) (sn (NOUN cani))))))))) (PUNCT ,) (CCONJ ma) (f (ibar (AUX può) (ADV anche) (VERB dar)) (compt (PRON si) (fac (SCONJ che) (f (ir_infl (AUX siano)) (compc (sn (DET gli) (NOUN abitanti) (spd (ADP di) (sn (PRON quello) (sa (ADJ strano)) (PUNCT ,) (sn (sa (ADJ piccolo)) (NOUN paese))))))))))) (PUNCT .)));;5,884100369;function
393;24;darsi;dare;VERB;root;ROOT;(ROOT (cp (spd (ADP Di) (sn (NOUN notte))) (fp (PUNCT ,) (fs (SCONJ se) (f (ibar (VERB sentite)) (compt (sv2 (VERB abbaiare) (compt (sn (sq (DET molti)) (NOUN cani)) (savv (ADV insieme)) (sp (ADP in) (sn (NOUN lontananza)))))))) (PUNCT ,)) (fc (f (ibar (AUX può) (VERB dar)) (compt (PRON si) (fac (SCONJ che) (f (ir_infl (AUX siano)) (compc (spd (ADP di) (sn (DET i) (NOUN cani) (sn (NOUN cani))))))))) (PUNCT ,) (CCONJ ma) (f (ibar (AUX può) (ADV anche) (VERB dar)) (compt (PRON si) (fac (SCONJ che) (f (ir_infl (AUX siano)) (compc (sn (DET gli) (NOUN abitanti) (spd (ADP di) (sn (PRON quello) (sa (ADJ strano)) (PUNCT ,) (sn (sa (ADJ piccolo)) (NOUN paese))))))))))) (PUNCT .)));4.60 ± 2.29;4,261330552;content
394;24;che;che;SCONJ;mark;cani;(ROOT (cp (spd (ADP Di) (sn (NOUN notte))) (fp (PUNCT ,) (fs (SCONJ se) (f (ibar (VERB sentite)) (compt (sv2 (VERB abbaiare) (compt (sn (sq (DET molti)) (NOUN cani)) (savv (ADV insieme)) (sp (ADP in) (sn (NOUN lontananza)))))))) (PUNCT ,)) (fc (f (ibar (AUX può) (VERB dar)) (compt (PRON si) (fac (SCONJ che) (f (ir_infl (AUX siano)) (compc (spd (ADP di) (sn (DET i) (NOUN cani) (sn (NOUN cani))))))))) (PUNCT ,) (CCONJ ma) (f (ibar (AUX può) (ADV anche) (VERB dar)) (compt (PRON si) (fac (SCONJ che) (f (ir_infl (AUX siano)) (compc (sn (DET gli) (NOUN abitanti) (spd (ADP di) (sn (PRON quello) (sa (ADJ strano)) (PUNCT ,) (sn (sa (ADJ piccolo)) (NOUN paese))))))))))) (PUNCT .)));;7,250456545;function
395;24;siano;essere;AUX;cop;cani;(ROOT (cp (spd (ADP Di) (sn (NOUN notte))) (fp (PUNCT ,) (fs (SCONJ se) (f (ibar (VERB sentite)) (compt (sv2 (VERB abbaiare) (compt (sn (sq (DET molti)) (NOUN cani)) (savv (ADV insieme)) (sp (ADP in) (sn (NOUN lontananza)))))))) (PUNCT ,)) (fc (f (ibar (AUX può) (VERB dar)) (compt (PRON si) (fac (SCONJ che) (f (ir_infl (AUX siano)) (compc (spd (ADP di) (sn (DET i) (NOUN cani) (sn (NOUN cani))))))))) (PUNCT ,) (CCONJ ma) (f (ibar (AUX può) (ADV anche) (VERB dar)) (compt (PRON si) (fac (SCONJ che) (f (ir_infl (AUX siano)) (compc (sn (DET gli) (NOUN abitanti) (spd (ADP di) (sn (PRON quello) (sa (ADJ strano)) (PUNCT ,) (sn (sa (ADJ piccolo)) (NOUN paese))))))))))) (PUNCT .)));;5,112583699;function
396;24;dei;di;ADP;case;cani;(ROOT (cp (spd (ADP Di) (sn (NOUN notte))) (fp (PUNCT ,) (fs (SCONJ se) (f (ibar (VERB sentite)) (compt (sv2 (VERB abbaiare) (compt (sn (sq (DET molti)) (NOUN cani)) (savv (ADV insieme)) (sp (ADP in) (sn (NOUN lontananza)))))))) (PUNCT ,)) (fc (f (ibar (AUX può) (VERB dar)) (compt (PRON si) (fac (SCONJ che) (f (ir_infl (AUX siano)) (compc (spd (ADP di) (sn (DET i) (NOUN cani) (sn (NOUN cani))))))))) (PUNCT ,) (CCONJ ma) (f (ibar (AUX può) (ADV anche) (VERB dar)) (compt (PRON si) (fac (SCONJ che) (f (ir_infl (AUX siano)) (compc (sn (DET gli) (NOUN abitanti) (spd (ADP di) (sn (PRON quello) (sa (ADJ strano)) (PUNCT ,) (sn (sa (ADJ piccolo)) (NOUN paese))))))))))) (PUNCT .)));;6,108229139;function
397;24;cani;cane;NOUN;ccomp;dar;(ROOT (cp (spd (ADP Di) (sn (NOUN notte))) (fp (PUNCT ,) (fs (SCONJ se) (f (ibar (VERB sentite)) (compt (sv2 (VERB abbaiare) (compt (sn (sq (DET molti)) (NOUN cani)) (savv (ADV insieme)) (sp (ADP in) (sn (NOUN lontananza)))))))) (PUNCT ,)) (fc (f (ibar (AUX può) (VERB dar)) (compt (PRON si) (fac (SCONJ che) (f (ir_infl (AUX siano)) (compc (spd (ADP di) (sn (DET i) (NOUN cani) (sn (NOUN cani))))))))) (PUNCT ,) (CCONJ ma) (f (ibar (AUX può) (ADV anche) (VERB dar)) (compt (PRON si) (fac (SCONJ che) (f (ir_infl (AUX siano)) (compc (sn (DET gli) (NOUN abitanti) (spd (ADP di) (sn (PRON quello) (sa (ADJ strano)) (PUNCT ,) (sn (sa (ADJ piccolo)) (NOUN paese))))))))))) (PUNCT .)));2.76 ± 1.23;4,594472684;content
398;24;cani;cane;NOUN;compound;cani;(ROOT (cp (spd (ADP Di) (sn (NOUN notte))) (fp (PUNCT ,) (fs (SCONJ se) (f (ibar (VERB sentite)) (compt (sv2 (VERB abbaiare) (compt (sn (sq (DET molti)) (NOUN cani)) (savv (ADV insieme)) (sp (ADP in) (sn (NOUN lontananza)))))))) (PUNCT ,)) (fc (f (ibar (AUX può) (VERB dar)) (compt (PRON si) (fac (SCONJ che) (f (ir_infl (AUX siano)) (compc (spd (ADP di) (sn (DET i) (NOUN cani) (sn (NOUN cani))))))))) (PUNCT ,) (CCONJ ma) (f (ibar (AUX può) (ADV anche) (VERB dar)) (compt (PRON si) (fac (SCONJ che) (f (ir_infl (AUX siano)) (compc (sn (DET gli) (NOUN abitanti) (spd (ADP di) (sn (PRON quello) (sa (ADJ strano)) (PUNCT ,) (sn (sa (ADJ piccolo)) (NOUN paese))))))))))) (PUNCT .)));2.76 ± 1.23;4,594472684;content
399;24;ma;ma;CCONJ;cc;dar;(ROOT (cp (spd (ADP Di) (sn (NOUN notte))) (fp (PUNCT ,) (fs (SCONJ se) (f (ibar (VERB sentite)) (compt (sv2 (VERB abbaiare) (compt (sn (sq (DET molti)) (NOUN cani)) (savv (ADV insieme)) (sp (ADP in) (sn (NOUN lontananza)))))))) (PUNCT ,)) (fc (f (ibar (AUX può) (VERB dar)) (compt (PRON si) (fac (SCONJ che) (f (ir_infl (AUX siano)) (compc (spd (ADP di) (sn (DET i) (NOUN cani) (sn (NOUN cani))))))))) (PUNCT ,) (CCONJ ma) (f (ibar (AUX può) (ADV anche) (VERB dar)) (compt (PRON si) (fac (SCONJ che) (f (ir_infl (AUX siano)) (compc (sn (DET gli) (NOUN abitanti) (spd (ADP di) (sn (PRON quello) (sa (ADJ strano)) (PUNCT ,) (sn (sa (ADJ piccolo)) (NOUN paese))))))))))) (PUNCT .)));;6,662005813;function
400;24;può;potere;AUX;aux;dar;(ROOT (cp (spd (ADP Di) (sn (NOUN notte))) (fp (PUNCT ,) (fs (SCONJ se) (f (ibar (VERB sentite)) (compt (sv2 (VERB abbaiare) (compt (sn (sq (DET molti)) (NOUN cani)) (savv (ADV insieme)) (sp (ADP in) (sn (NOUN lontananza)))))))) (PUNCT ,)) (fc (f (ibar (AUX può) (VERB dar)) (compt (PRON si) (fac (SCONJ che) (f (ir_infl (AUX siano)) (compc (spd (ADP di) (sn (DET i) (NOUN cani) (sn (NOUN cani))))))))) (PUNCT ,) (CCONJ ma) (f (ibar (AUX può) (ADV anche) (VERB dar)) (compt (PRON si) (fac (SCONJ che) (f (ir_infl (AUX siano)) (compc (sn (DET gli) (NOUN abitanti) (spd (ADP di) (sn (PRON quello) (sa (ADJ strano)) (PUNCT ,) (sn (sa (ADJ piccolo)) (NOUN paese))))))))))) (PUNCT .)));;5,884100369;function
401;24;anche;anche;ADV;advmod;dar;(ROOT (cp (spd (ADP Di) (sn (NOUN notte))) (fp (PUNCT ,) (fs (SCONJ se) (f (ibar (VERB sentite)) (compt (sv2 (VERB abbaiare) (compt (sn (sq (DET molti)) (NOUN cani)) (savv (ADV insieme)) (sp (ADP in) (sn (NOUN lontananza)))))))) (PUNCT ,)) (fc (f (ibar (AUX può) (VERB dar)) (compt (PRON si) (fac (SCONJ che) (f (ir_infl (AUX siano)) (compc (spd (ADP di) (sn (DET i) (NOUN cani) (sn (NOUN cani))))))))) (PUNCT ,) (CCONJ ma) (f (ibar (AUX può) (ADV anche) (VERB dar)) (compt (PRON si) (fac (SCONJ che) (f (ir_infl (AUX siano)) (compc (sn (DET gli) (NOUN abitanti) (spd (ADP di) (sn (PRON quello) (sa (ADJ strano)) (PUNCT ,) (sn (sa (ADJ piccolo)) (NOUN paese))))))))))) (PUNCT .)));;6,115086172;content
402;24;darsi;dare;VERB;conj;dar;(ROOT (cp (spd (ADP Di) (sn (NOUN notte))) (fp (PUNCT ,) (fs (SCONJ se) (f (ibar (VERB sentite)) (compt (sv2 (VERB abbaiare) (compt (sn (sq (DET molti)) (NOUN cani)) (savv (ADV insieme)) (sp (ADP in) (sn (NOUN lontananza)))))))) (PUNCT ,)) (fc (f (ibar (AUX può) (VERB dar)) (compt (PRON si) (fac (SCONJ che) (f (ir_infl (AUX siano)) (compc (spd (ADP di) (sn (DET i) (NOUN cani) (sn (NOUN cani))))))))) (PUNCT ,) (CCONJ ma) (f (ibar (AUX può) (ADV anche) (VERB dar)) (compt (PRON si) (fac (SCONJ che) (f (ir_infl (AUX siano)) (compc (sn (DET gli) (NOUN abitanti) (spd (ADP di) (sn (PRON quello) (sa (ADJ strano)) (PUNCT ,) (sn (sa (ADJ piccolo)) (NOUN paese))))))))))) (PUNCT .)));4.60 ± 2.29;4,261330552;content
403;24;che;che;SCONJ;mark;abitanti;(ROOT (cp (spd (ADP Di) (sn (NOUN notte))) (fp (PUNCT ,) (fs (SCONJ se) (f (ibar (VERB sentite)) (compt (sv2 (VERB abbaiare) (compt (sn (sq (DET molti)) (NOUN cani)) (savv (ADV insieme)) (sp (ADP in) (sn (NOUN lontananza)))))))) (PUNCT ,)) (fc (f (ibar (AUX può) (VERB dar)) (compt (PRON si) (fac (SCONJ che) (f (ir_infl (AUX siano)) (compc (spd (ADP di) (sn (DET i) (NOUN cani) (sn (NOUN cani))))))))) (PUNCT ,) (CCONJ ma) (f (ibar (AUX può) (ADV anche) (VERB dar)) (compt (PRON si) (fac (SCONJ che) (f (ir_infl (AUX siano)) (compc (sn (DET gli) (NOUN abitanti) (spd (ADP di) (sn (PRON quello) (sa (ADJ strano)) (PUNCT ,) (sn (sa (ADJ piccolo)) (NOUN paese))))))))))) (PUNCT .)));;7,250456545;function
404;24;siano;essere;AUX;cop;abitanti;(ROOT (cp (spd (ADP Di) (sn (NOUN notte))) (fp (PUNCT ,) (fs (SCONJ se) (f (ibar (VERB sentite)) (compt (sv2 (VERB abbaiare) (compt (sn (sq (DET molti)) (NOUN cani)) (savv (ADV insieme)) (sp (ADP in) (sn (NOUN lontananza)))))))) (PUNCT ,)) (fc (f (ibar (AUX può) (VERB dar)) (compt (PRON si) (fac (SCONJ che) (f (ir_infl (AUX siano)) (compc (spd (ADP di) (sn (DET i) (NOUN cani) (sn (NOUN cani))))))))) (PUNCT ,) (CCONJ ma) (f (ibar (AUX può) (ADV anche) (VERB dar)) (compt (PRON si) (fac (SCONJ che) (f (ir_infl (AUX siano)) (compc (sn (DET gli) (NOUN abitanti) (spd (ADP di) (sn (PRON quello) (sa (ADJ strano)) (PUNCT ,) (sn (sa (ADJ piccolo)) (NOUN paese))))))))))) (PUNCT .)));;5,112583699;function
405;24;gli;il;DET;det;abitanti;(ROOT (cp (spd (ADP Di) (sn (NOUN notte))) (fp (PUNCT ,) (fs (SCONJ se) (f (ibar (VERB sentite)) (compt (sv2 (VERB abbaiare) (compt (sn (sq (DET molti)) (NOUN cani)) (savv (ADV insieme)) (sp (ADP in) (sn (NOUN lontananza)))))))) (PUNCT ,)) (fc (f (ibar (AUX può) (VERB dar)) (compt (PRON si) (fac (SCONJ che) (f (ir_infl (AUX siano)) (compc (spd (ADP di) (sn (DET i) (NOUN cani) (sn (NOUN cani))))))))) (PUNCT ,) (CCONJ ma) (f (ibar (AUX può) (ADV anche) (VERB dar)) (compt (PRON si) (fac (SCONJ che) (f (ir_infl (AUX siano)) (compc (sn (DET gli) (NOUN abitanti) (spd (ADP di) (sn (PRON quello) (sa (ADJ strano)) (PUNCT ,) (sn (sa (ADJ piccolo)) (NOUN paese))))))))))) (PUNCT .)));;6,227520191;function
406;24;abitanti;abitante;NOUN;ccomp;dar;(ROOT (cp (spd (ADP Di) (sn (NOUN notte))) (fp (PUNCT ,) (fs (SCONJ se) (f (ibar (VERB sentite)) (compt (sv2 (VERB abbaiare) (compt (sn (sq (DET molti)) (NOUN cani)) (savv (ADV insieme)) (sp (ADP in) (sn (NOUN lontananza)))))))) (PUNCT ,)) (fc (f (ibar (AUX può) (VERB dar)) (compt (PRON si) (fac (SCONJ che) (f (ir_infl (AUX siano)) (compc (spd (ADP di) (sn (DET i) (NOUN cani) (sn (NOUN cani))))))))) (PUNCT ,) (CCONJ ma) (f (ibar (AUX può) (ADV anche) (VERB dar)) (compt (PRON si) (fac (SCONJ che) (f (ir_infl (AUX siano)) (compc (sn (DET gli) (NOUN abitanti) (spd (ADP di) (sn (PRON quello) (sa (ADJ strano)) (PUNCT ,) (sn (sa (ADJ piccolo)) (NOUN paese))))))))))) (PUNCT .)));7.76 ± 3.13;4,001827511;content
407;24;di;di;ADP;case;quello;(ROOT (cp (spd (ADP Di) (sn (NOUN notte))) (fp (PUNCT ,) (fs (SCONJ se) (f (ibar (VERB sentite)) (compt (sv2 (VERB abbaiare) (compt (sn (sq (DET molti)) (NOUN cani)) (savv (ADV insieme)) (sp (ADP in) (sn (NOUN lontananza)))))))) (PUNCT ,)) (fc (f (ibar (AUX può) (VERB dar)) (compt (PRON si) (fac (SCONJ che) (f (ir_infl (AUX siano)) (compc (spd (ADP di) (sn (DET i) (NOUN cani) (sn (NOUN cani))))))))) (PUNCT ,) (CCONJ ma) (f (ibar (AUX può) (ADV anche) (VERB dar)) (compt (PRON si) (fac (SCONJ che) (f (ir_infl (AUX siano)) (compc (sn (DET gli) (NOUN abitanti) (spd (ADP di) (sn (PRON quello) (sa (ADJ strano)) (PUNCT ,) (sn (sa (ADJ piccolo)) (NOUN paese))))))))))) (PUNCT .)));;7,232814475;function
408;24;quello;quello;PRON;nmod;abitanti;(ROOT (cp (spd (ADP Di) (sn (NOUN notte))) (fp (PUNCT ,) (fs (SCONJ se) (f (ibar (VERB sentite)) (compt (sv2 (VERB abbaiare) (compt (sn (sq (DET molti)) (NOUN cani)) (savv (ADV insieme)) (sp (ADP in) (sn (NOUN lontananza)))))))) (PUNCT ,)) (fc (f (ibar (AUX può) (VERB dar)) (compt (PRON si) (fac (SCONJ che) (f (ir_infl (AUX siano)) (compc (spd (ADP di) (sn (DET i) (NOUN cani) (sn (NOUN cani))))))))) (PUNCT ,) (CCONJ ma) (f (ibar (AUX può) (ADV anche) (VERB dar)) (compt (PRON si) (fac (SCONJ che) (f (ir_infl (AUX siano)) (compc (sn (DET gli) (NOUN abitanti) (spd (ADP di) (sn (PRON quello) (sa (ADJ strano)) (PUNCT ,) (sn (sa (ADJ piccolo)) (NOUN paese))))))))))) (PUNCT .)));;6,160949149;function
409;24;strano;strano;ADJ;amod;paese;(ROOT (cp (spd (ADP Di) (sn (NOUN notte))) (fp (PUNCT ,) (fs (SCONJ se) (f (ibar (VERB sentite)) (compt (sv2 (VERB abbaiare) (compt (sn (sq (DET molti)) (NOUN cani)) (savv (ADV insieme)) (sp (ADP in) (sn (NOUN lontananza)))))))) (PUNCT ,)) (fc (f (ibar (AUX può) (VERB dar)) (compt (PRON si) (fac (SCONJ che) (f (ir_infl (AUX siano)) (compc (spd (ADP di) (sn (DET i) (NOUN cani) (sn (NOUN cani))))))))) (PUNCT ,) (CCONJ ma) (f (ibar (AUX può) (ADV anche) (VERB dar)) (compt (PRON si) (fac (SCONJ che) (f (ir_infl (AUX siano)) (compc (sn (DET gli) (NOUN abitanti) (spd (ADP di) (sn (PRON quello) (sa (ADJ strano)) (PUNCT ,) (sn (sa (ADJ piccolo)) (NOUN paese))))))))))) (PUNCT .)));5.88 ± 2.11;5,190553923;content
410;24;piccolo;piccolo;ADJ;amod;paese;(ROOT (cp (spd (ADP Di) (sn (NOUN notte))) (fp (PUNCT ,) (fs (SCONJ se) (f (ibar (VERB sentite)) (compt (sv2 (VERB abbaiare) (compt (sn (sq (DET molti)) (NOUN cani)) (savv (ADV insieme)) (sp (ADP in) (sn (NOUN lontananza)))))))) (PUNCT ,)) (fc (f (ibar (AUX può) (VERB dar)) (compt (PRON si) (fac (SCONJ che) (f (ir_infl (AUX siano)) (compc (spd (ADP di) (sn (DET i) (NOUN cani) (sn (NOUN cani))))))))) (PUNCT ,) (CCONJ ma) (f (ibar (AUX può) (ADV anche) (VERB dar)) (compt (PRON si) (fac (SCONJ che) (f (ir_infl (AUX siano)) (compc (sn (DET gli) (NOUN abitanti) (spd (ADP di) (sn (PRON quello) (sa (ADJ strano)) (PUNCT ,) (sn (sa (ADJ piccolo)) (NOUN paese))))))))))) (PUNCT .)));4.12 ± 3.18;5,291431625;content
411;24;paese;paese;NOUN;nmod;quello;(ROOT (cp (spd (ADP Di) (sn (NOUN notte))) (fp (PUNCT ,) (fs (SCONJ se) (f (ibar (VERB sentite)) (compt (sv2 (VERB abbaiare) (compt (sn (sq (DET molti)) (NOUN cani)) (savv (ADV insieme)) (sp (ADP in) (sn (NOUN lontananza)))))))) (PUNCT ,)) (fc (f (ibar (AUX può) (VERB dar)) (compt (PRON si) (fac (SCONJ che) (f (ir_infl (AUX siano)) (compc (spd (ADP di) (sn (DET i) (NOUN cani) (sn (NOUN cani))))))))) (PUNCT ,) (CCONJ ma) (f (ibar (AUX può) (ADV anche) (VERB dar)) (compt (PRON si) (fac (SCONJ che) (f (ir_infl (AUX siano)) (compc (sn (DET gli) (NOUN abitanti) (spd (ADP di) (sn (PRON quello) (sa (ADJ strano)) (PUNCT ,) (sn (sa (ADJ piccolo)) (NOUN paese))))))))))) (PUNCT .)));;5,055196927;content
