token_id;sentence_ids;tokens_no_punct;lemma_no_punct;PoS;depparse;head;constituency;AoA(m+sd);Zipf_freq;type_of_words
1;0;promosso;promuovere;VERB;root;ROOT;(ROOT (f3 (sv3 (VERB Promosso) (comppas (sn (ADV più) (NUM due) (PUNCT .))))));;3,704806416;content
2;0;più;più;ADV;advmod;due;(ROOT (f3 (sv3 (VERB Promosso) (comppas (sn (ADV più) (NUM due) (PUNCT .))))));;6,382555861;content
3;0;due;due;NUM;nummod;Promosso;(ROOT (f3 (sv3 (VERB Promosso) (comppas (sn (ADV più) (NUM due) (PUNCT .))))));;5,996192947;NaN
4;1;aiuto;Aiuto;NOUN;parataxis;grida;(ROOT (f3 (PUNCT -) (coord (sn (NOUN Aiuto)) (PUNCT ,) (sn (NOUN aiuto)) (PUNCT ,) (PUNCT -) (f (ibar (VERB grida)) (compin (sv5 (VERB fuggendo) (compt (sn (DET un) (sa (ADJ povero)) (NUM Dieci) (PUNCT .)))))))));;5,40063926;content
5;1;aiuto;aiuto;NOUN;conj;Aiuto;(ROOT (f3 (PUNCT -) (coord (sn (NOUN Aiuto)) (PUNCT ,) (sn (NOUN aiuto)) (PUNCT ,) (PUNCT -) (f (ibar (VERB grida)) (compin (sv5 (VERB fuggendo) (compt (sn (DET un) (sa (ADJ povero)) (NUM Dieci) (PUNCT .)))))))));;5,40063926;content
6;1;grida;gridare;VERB;root;ROOT;(ROOT (f3 (PUNCT -) (coord (sn (NOUN Aiuto)) (PUNCT ,) (sn (NOUN aiuto)) (PUNCT ,) (PUNCT -) (f (ibar (VERB grida)) (compin (sv5 (VERB fuggendo) (compt (sn (DET un) (sa (ADJ povero)) (NUM Dieci) (PUNCT .)))))))));4.44 ± 2.08;4,058979592;content
7;1;fuggendo;fuggire;VERB;advcl;grida;(ROOT (f3 (PUNCT -) (coord (sn (NOUN Aiuto)) (PUNCT ,) (sn (NOUN aiuto)) (PUNCT ,) (PUNCT -) (f (ibar (VERB grida)) (compin (sv5 (VERB fuggendo) (compt (sn (DET un) (sa (ADJ povero)) (NUM Dieci) (PUNCT .)))))))));;3,284344915;content
8;1;un;uno;DET;det;Dieci;(ROOT (f3 (PUNCT -) (coord (sn (NOUN Aiuto)) (PUNCT ,) (sn (NOUN aiuto)) (PUNCT ,) (PUNCT -) (f (ibar (VERB grida)) (compin (sv5 (VERB fuggendo) (compt (sn (DET un) (sa (ADJ povero)) (NUM Dieci) (PUNCT .)))))))));;7,065833912;function
9;1;povero;povero;ADJ;amod;Dieci;(ROOT (f3 (PUNCT -) (coord (sn (NOUN Aiuto)) (PUNCT ,) (sn (NOUN aiuto)) (PUNCT ,) (PUNCT -) (f (ibar (VERB grida)) (compin (sv5 (VERB fuggendo) (compt (sn (DET un) (sa (ADJ povero)) (NUM Dieci) (PUNCT .)))))))));5.48 ± 2.82;4,612444896;content
10;1;dieci;dieci;NUM;obj;fuggendo;(ROOT (f3 (PUNCT -) (coord (sn (NOUN Aiuto)) (PUNCT ,) (sn (NOUN aiuto)) (PUNCT ,) (PUNCT -) (f (ibar (VERB grida)) (compin (sv5 (VERB fuggendo) (compt (sn (DET un) (sa (ADJ povero)) (NUM Dieci) (PUNCT .)))))))));;5,011288915;NaN
11;2;che;che;PRON;nsubj;è;(ROOT (cp_int (dirsp (PUNCT -) (fint (PRON Che) (f (ibar (PRON c') (VERB è))))) (PUNCT ?)));;7,250456545;function
12;2;c;ci;PRON;expl;è;(ROOT (cp_int (dirsp (PUNCT -) (fint (PRON Che) (f (ibar (PRON c') (VERB è))))) (PUNCT ?)));;6,166704172;function
13;2;è;essere;VERB;root;ROOT;(ROOT (cp_int (dirsp (PUNCT -) (fint (PRON Che) (f (ibar (PRON c') (VERB è))))) (PUNCT ?)));;7,249521761;content
14;3;che;che;PRON;obj;succede;(ROOT (fint (PRON Che) (f (ibar (PRON ti) (VERB succede))) (PUNCT ?)));;7,250456545;function
15;3;ti;ti;PRON;iobj;succede;(ROOT (fint (PRON Che) (f (ibar (PRON ti) (VERB succede))) (PUNCT ?)));;6,615643201;function
16;3;succede;succedere;VERB;root;ROOT;(ROOT (fint (PRON Che) (f (ibar (PRON ti) (VERB succede))) (PUNCT ?)));;5,445797449;content
17;4;ma;ma;CCONJ;cc;vedete;(ROOT (cp_int (dirsp (PUNCT -) (fc (CCONJ Ma) (f (ibar (ADV non) (VERB vedete))))) (PUNCT ?)));;6,662005813;function
18;4;non;non;ADV;advmod;vedete;(ROOT (cp_int (dirsp (PUNCT -) (fc (CCONJ Ma) (f (ibar (ADV non) (VERB vedete))))) (PUNCT ?)));;7,259198169;content
19;4;vedete;vedere;VERB;root;ROOT;(ROOT (cp_int (dirsp (PUNCT -) (fc (CCONJ Ma) (f (ibar (ADV non) (VERB vedete))))) (PUNCT ?)));4.60 ± 1.50;4,601869089;content
20;5;sono;essere;AUX;aux:pass;inseguito;(ROOT (f (ibar (AUX Sono) (VERB inseguito)) (comppas (spda (ADP da) (sn (DET una) (NOUN Sottrazione) (PUNCT .))))));;6,768130002;function
21;5;inseguito;inseguire;VERB;root;ROOT;(ROOT (f (ibar (AUX Sono) (VERB inseguito)) (comppas (spda (ADP da) (sn (DET una) (NOUN Sottrazione) (PUNCT .))))));;3,660745246;content
22;5;da;da;ADP;case;Sottrazione;(ROOT (f (ibar (AUX Sono) (VERB inseguito)) (comppas (spda (ADP da) (sn (DET una) (NOUN Sottrazione) (PUNCT .))))));;6,577812618;function
23;5;una;uno;DET;det;Sottrazione;(ROOT (f (ibar (AUX Sono) (VERB inseguito)) (comppas (spda (ADP da) (sn (DET una) (NOUN Sottrazione) (PUNCT .))))));;6,801817508;function
24;5;sottrazione;sottrazione;NOUN;obl:agent;inseguito;(ROOT (f (ibar (AUX Sono) (VERB inseguito)) (comppas (spda (ADP da) (sn (DET una) (NOUN Sottrazione) (PUNCT .))))));;2,304866582;content
25;6;se;se;SCONJ;mark;raggiunge;(ROOT (fs (SCONJ Se) (f (ibar (PRON mi) (VERB raggiunge))) (f (ir_infl (AUX sarà)) (compc (sn (DET un) (NOUN disastro)))) (PUNCT .)));;6,583110863;function
26;6;mi;mi;PRON;iobj;raggiunge;(ROOT (fs (SCONJ Se) (f (ibar (PRON mi) (VERB raggiunge))) (f (ir_infl (AUX sarà)) (compc (sn (DET un) (NOUN disastro)))) (PUNCT .)));;6,769601972;function
27;6;raggiunge;raggiungere;VERB;ccomp;disastro;(ROOT (fs (SCONJ Se) (f (ibar (PRON mi) (VERB raggiunge))) (f (ir_infl (AUX sarà)) (compc (sn (DET un) (NOUN disastro)))) (PUNCT .)));;3,594043751;content
28;6;sarà;essere;AUX;cop;disastro;(ROOT (fs (SCONJ Se) (f (ibar (PRON mi) (VERB raggiunge))) (f (ir_infl (AUX sarà)) (compc (sn (DET un) (NOUN disastro)))) (PUNCT .)));;5,778314248;function
29;6;un;uno;DET;det;disastro;(ROOT (fs (SCONJ Se) (f (ibar (PRON mi) (VERB raggiunge))) (f (ir_infl (AUX sarà)) (compc (sn (DET un) (NOUN disastro)))) (PUNCT .)));;7,065833912;function
30;6;disastro;disastro;NOUN;root;ROOT;(ROOT (fs (SCONJ Se) (f (ibar (PRON mi) (VERB raggiunge))) (f (ir_infl (AUX sarà)) (compc (sn (DET un) (NOUN disastro)))) (PUNCT .)));6.44 ± 2.18;4,366724863;content
31;7;eh;eh;INTJ;discourse;disastro;(ROOT (f3 (PUNCT -) (INTJ Eh) (PUNCT ,) (savv (ADV via)) (PUNCT ,) (savv (ADV addirittura)) (sn (DET un) (NOUN disastro)) (PUNCT ..) (PUNCT .)));;5,518598828;function
32;7;via;via;ADV;advmod;disastro;(ROOT (f3 (PUNCT -) (INTJ Eh) (PUNCT ,) (savv (ADV via)) (PUNCT ,) (savv (ADV addirittura)) (sn (DET un) (NOUN disastro)) (PUNCT ..) (PUNCT .)));;5,774643298;content
33;7;addirittura;addirittura;ADV;advmod;disastro;(ROOT (f3 (PUNCT -) (INTJ Eh) (PUNCT ,) (savv (ADV via)) (PUNCT ,) (savv (ADV addirittura)) (sn (DET un) (NOUN disastro)) (PUNCT ..) (PUNCT .)));;4,091017132;content
34;7;un;uno;DET;det;disastro;(ROOT (f3 (PUNCT -) (INTJ Eh) (PUNCT ,) (savv (ADV via)) (PUNCT ,) (savv (ADV addirittura)) (sn (DET un) (NOUN disastro)) (PUNCT ..) (PUNCT .)));;7,065833912;function
35;7;disastro;disastro;NOUN;root;ROOT;(ROOT (f3 (PUNCT -) (INTJ Eh) (PUNCT ,) (savv (ADV via)) (PUNCT ,) (savv (ADV addirittura)) (sn (DET un) (NOUN disastro)) (PUNCT ..) (PUNCT .)));6.44 ± 2.18;4,366724863;content
36;8;ecco;ecco;INTJ;discourse;fatta;(ROOT (dirsp (cp (INTJ Ecco) (PUNCT ,) (f (ibar (AUX è) (VERB fatta)))) (PUNCT :) (fc (f (sn (DET la) (PROPN Sottrazione)) (ibar (AUX ha) (VERB acchiappato)) (compt (sn (DET il) (PROPN Dieci)))) (PUNCT ,) (f (ibar (PRON gli) (VERB balza)) (compin (savv (ADV addosso)) (sv5 (VERB menando) (compt (sn (NOUN fendenti)) (sp (ADP con) (sn (DET la) (sa (DET sua)) (NOUN spada) (sa (ADJ affilatissima) (PUNCT .)))))))))));;5,695815269;function
37;8;è;essere;AUX;aux:pass;fatta;(ROOT (dirsp (cp (INTJ Ecco) (PUNCT ,) (f (ibar (AUX è) (VERB fatta)))) (PUNCT :) (fc (f (sn (DET la) (PROPN Sottrazione)) (ibar (AUX ha) (VERB acchiappato)) (compt (sn (DET il) (PROPN Dieci)))) (PUNCT ,) (f (ibar (PRON gli) (VERB balza)) (compin (savv (ADV addosso)) (sv5 (VERB menando) (compt (sn (NOUN fendenti)) (sp (ADP con) (sn (DET la) (sa (DET sua)) (NOUN spada) (sa (ADJ affilatissima) (PUNCT .)))))))))));;7,249521761;function
38;8;fatta;fare;VERB;root;ROOT;(ROOT (dirsp (cp (INTJ Ecco) (PUNCT ,) (f (ibar (AUX è) (VERB fatta)))) (PUNCT :) (fc (f (sn (DET la) (PROPN Sottrazione)) (ibar (AUX ha) (VERB acchiappato)) (compt (sn (DET il) (PROPN Dieci)))) (PUNCT ,) (f (ibar (PRON gli) (VERB balza)) (compin (savv (ADV addosso)) (sv5 (VERB menando) (compt (sn (NOUN fendenti)) (sp (ADP con) (sn (DET la) (sa (DET sua)) (NOUN spada) (sa (ADJ affilatissima) (PUNCT .)))))))))));4.40 ± 2.22;5,238100711;content
39;8;la;il;DET;det;Sottrazione;(ROOT (dirsp (cp (INTJ Ecco) (PUNCT ,) (f (ibar (AUX è) (VERB fatta)))) (PUNCT :) (fc (f (sn (DET la) (PROPN Sottrazione)) (ibar (AUX ha) (VERB acchiappato)) (compt (sn (DET il) (PROPN Dieci)))) (PUNCT ,) (f (ibar (PRON gli) (VERB balza)) (compin (savv (ADV addosso)) (sv5 (VERB menando) (compt (sn (NOUN fendenti)) (sp (ADP con) (sn (DET la) (sa (DET sua)) (NOUN spada) (sa (ADJ affilatissima) (PUNCT .)))))))))));;7,055331658;function
40;8;sottrazione;Sottrazione;PROPN;nsubj;acchiappato;(ROOT (dirsp (cp (INTJ Ecco) (PUNCT ,) (f (ibar (AUX è) (VERB fatta)))) (PUNCT :) (fc (f (sn (DET la) (PROPN Sottrazione)) (ibar (AUX ha) (VERB acchiappato)) (compt (sn (DET il) (PROPN Dieci)))) (PUNCT ,) (f (ibar (PRON gli) (VERB balza)) (compin (savv (ADV addosso)) (sv5 (VERB menando) (compt (sn (NOUN fendenti)) (sp (ADP con) (sn (DET la) (sa (DET sua)) (NOUN spada) (sa (ADJ affilatissima) (PUNCT .)))))))))));;2,304866582;content
41;8;ha;avere;AUX;aux;acchiappato;(ROOT (dirsp (cp (INTJ Ecco) (PUNCT ,) (f (ibar (AUX è) (VERB fatta)))) (PUNCT :) (fc (f (sn (DET la) (PROPN Sottrazione)) (ibar (AUX ha) (VERB acchiappato)) (compt (sn (DET il) (PROPN Dieci)))) (PUNCT ,) (f (ibar (PRON gli) (VERB balza)) (compin (savv (ADV addosso)) (sv5 (VERB menando) (compt (sn (NOUN fendenti)) (sp (ADP con) (sn (DET la) (sa (DET sua)) (NOUN spada) (sa (ADJ affilatissima) (PUNCT .)))))))))));;6,684018637;function
42;8;acchiappato;acchiappare;VERB;parataxis;fatta;(ROOT (dirsp (cp (INTJ Ecco) (PUNCT ,) (f (ibar (AUX è) (VERB fatta)))) (PUNCT :) (fc (f (sn (DET la) (PROPN Sottrazione)) (ibar (AUX ha) (VERB acchiappato)) (compt (sn (DET il) (PROPN Dieci)))) (PUNCT ,) (f (ibar (PRON gli) (VERB balza)) (compin (savv (ADV addosso)) (sv5 (VERB menando) (compt (sn (NOUN fendenti)) (sp (ADP con) (sn (DET la) (sa (DET sua)) (NOUN spada) (sa (ADJ affilatissima) (PUNCT .)))))))))));4.84 ± 1.52;2,781987837;content
43;8;il;il;DET;det;Dieci;(ROOT (dirsp (cp (INTJ Ecco) (PUNCT ,) (f (ibar (AUX è) (VERB fatta)))) (PUNCT :) (fc (f (sn (DET la) (PROPN Sottrazione)) (ibar (AUX ha) (VERB acchiappato)) (compt (sn (DET il) (PROPN Dieci)))) (PUNCT ,) (f (ibar (PRON gli) (VERB balza)) (compin (savv (ADV addosso)) (sv5 (VERB menando) (compt (sn (NOUN fendenti)) (sp (ADP con) (sn (DET la) (sa (DET sua)) (NOUN spada) (sa (ADJ affilatissima) (PUNCT .)))))))))));;7,039560886;function
44;8;dieci;Dieci;PROPN;obj;acchiappato;(ROOT (dirsp (cp (INTJ Ecco) (PUNCT ,) (f (ibar (AUX è) (VERB fatta)))) (PUNCT :) (fc (f (sn (DET la) (PROPN Sottrazione)) (ibar (AUX ha) (VERB acchiappato)) (compt (sn (DET il) (PROPN Dieci)))) (PUNCT ,) (f (ibar (PRON gli) (VERB balza)) (compin (savv (ADV addosso)) (sv5 (VERB menando) (compt (sn (NOUN fendenti)) (sp (ADP con) (sn (DET la) (sa (DET sua)) (NOUN spada) (sa (ADJ affilatissima) (PUNCT .)))))))))));;5,011288915;content
45;8;gli;gli;PRON;iobj;balza;(ROOT (dirsp (cp (INTJ Ecco) (PUNCT ,) (f (ibar (AUX è) (VERB fatta)))) (PUNCT :) (fc (f (sn (DET la) (PROPN Sottrazione)) (ibar (AUX ha) (VERB acchiappato)) (compt (sn (DET il) (PROPN Dieci)))) (PUNCT ,) (f (ibar (PRON gli) (VERB balza)) (compin (savv (ADV addosso)) (sv5 (VERB menando) (compt (sn (NOUN fendenti)) (sp (ADP con) (sn (DET la) (sa (DET sua)) (NOUN spada) (sa (ADJ affilatissima) (PUNCT .)))))))))));;6,227520191;function
46;8;balza;balzare;VERB;conj;fatta;(ROOT (dirsp (cp (INTJ Ecco) (PUNCT ,) (f (ibar (AUX è) (VERB fatta)))) (PUNCT :) (fc (f (sn (DET la) (PROPN Sottrazione)) (ibar (AUX ha) (VERB acchiappato)) (compt (sn (DET il) (PROPN Dieci)))) (PUNCT ,) (f (ibar (PRON gli) (VERB balza)) (compin (savv (ADV addosso)) (sv5 (VERB menando) (compt (sn (NOUN fendenti)) (sp (ADP con) (sn (DET la) (sa (DET sua)) (NOUN spada) (sa (ADJ affilatissima) (PUNCT .)))))))))));;2,421372151;content
47;8;addosso;addosso;ADV;advmod;balza;(ROOT (dirsp (cp (INTJ Ecco) (PUNCT ,) (f (ibar (AUX è) (VERB fatta)))) (PUNCT :) (fc (f (sn (DET la) (PROPN Sottrazione)) (ibar (AUX ha) (VERB acchiappato)) (compt (sn (DET il) (PROPN Dieci)))) (PUNCT ,) (f (ibar (PRON gli) (VERB balza)) (compin (savv (ADV addosso)) (sv5 (VERB menando) (compt (sn (NOUN fendenti)) (sp (ADP con) (sn (DET la) (sa (DET sua)) (NOUN spada) (sa (ADJ affilatissima) (PUNCT .)))))))))));;4,890760956;content
48;8;menando;menire;VERB;advcl;balza;(ROOT (dirsp (cp (INTJ Ecco) (PUNCT ,) (f (ibar (AUX è) (VERB fatta)))) (PUNCT :) (fc (f (sn (DET la) (PROPN Sottrazione)) (ibar (AUX ha) (VERB acchiappato)) (compt (sn (DET il) (PROPN Dieci)))) (PUNCT ,) (f (ibar (PRON gli) (VERB balza)) (compin (savv (ADV addosso)) (sv5 (VERB menando) (compt (sn (NOUN fendenti)) (sp (ADP con) (sn (DET la) (sa (DET sua)) (NOUN spada) (sa (ADJ affilatissima) (PUNCT .)))))))))));;2,270104476;content
49;8;fendenti;fendente;NOUN;obj;menando;(ROOT (dirsp (cp (INTJ Ecco) (PUNCT ,) (f (ibar (AUX è) (VERB fatta)))) (PUNCT :) (fc (f (sn (DET la) (PROPN Sottrazione)) (ibar (AUX ha) (VERB acchiappato)) (compt (sn (DET il) (PROPN Dieci)))) (PUNCT ,) (f (ibar (PRON gli) (VERB balza)) (compin (savv (ADV addosso)) (sv5 (VERB menando) (compt (sn (NOUN fendenti)) (sp (ADP con) (sn (DET la) (sa (DET sua)) (NOUN spada) (sa (ADJ affilatissima) (PUNCT .)))))))))));;1,889893234;content
50;8;con;con;ADP;case;spada;(ROOT (dirsp (cp (INTJ Ecco) (PUNCT ,) (f (ibar (AUX è) (VERB fatta)))) (PUNCT :) (fc (f (sn (DET la) (PROPN Sottrazione)) (ibar (AUX ha) (VERB acchiappato)) (compt (sn (DET il) (PROPN Dieci)))) (PUNCT ,) (f (ibar (PRON gli) (VERB balza)) (compin (savv (ADV addosso)) (sv5 (VERB menando) (compt (sn (NOUN fendenti)) (sp (ADP con) (sn (DET la) (sa (DET sua)) (NOUN spada) (sa (ADJ affilatissima) (PUNCT .)))))))))));;6,620271703;function
51;8;la;il;DET;det;spada;(ROOT (dirsp (cp (INTJ Ecco) (PUNCT ,) (f (ibar (AUX è) (VERB fatta)))) (PUNCT :) (fc (f (sn (DET la) (PROPN Sottrazione)) (ibar (AUX ha) (VERB acchiappato)) (compt (sn (DET il) (PROPN Dieci)))) (PUNCT ,) (f (ibar (PRON gli) (VERB balza)) (compin (savv (ADV addosso)) (sv5 (VERB menando) (compt (sn (NOUN fendenti)) (sp (ADP con) (sn (DET la) (sa (DET sua)) (NOUN spada) (sa (ADJ affilatissima) (PUNCT .)))))))))));;7,055331658;function
52;8;sua;suo;DET;det:poss;spada;(ROOT (dirsp (cp (INTJ Ecco) (PUNCT ,) (f (ibar (AUX è) (VERB fatta)))) (PUNCT :) (fc (f (sn (DET la) (PROPN Sottrazione)) (ibar (AUX ha) (VERB acchiappato)) (compt (sn (DET il) (PROPN Dieci)))) (PUNCT ,) (f (ibar (PRON gli) (VERB balza)) (compin (savv (ADV addosso)) (sv5 (VERB menando) (compt (sn (NOUN fendenti)) (sp (ADP con) (sn (DET la) (sa (DET sua)) (NOUN spada) (sa (ADJ affilatissima) (PUNCT .)))))))))));;6,022524285;function
53;8;spada;spada;NOUN;obl;menando;(ROOT (dirsp (cp (INTJ Ecco) (PUNCT ,) (f (ibar (AUX è) (VERB fatta)))) (PUNCT :) (fc (f (sn (DET la) (PROPN Sottrazione)) (ibar (AUX ha) (VERB acchiappato)) (compt (sn (DET il) (PROPN Dieci)))) (PUNCT ,) (f (ibar (PRON gli) (VERB balza)) (compin (savv (ADV addosso)) (sv5 (VERB menando) (compt (sn (NOUN fendenti)) (sp (ADP con) (sn (DET la) (sa (DET sua)) (NOUN spada) (sa (ADJ affilatissima) (PUNCT .)))))))))));5.24 ± 1.64;4,530175864;content
54;8;affilatissima;affilato;ADJ;amod;spada;(ROOT (dirsp (cp (INTJ Ecco) (PUNCT ,) (f (ibar (AUX è) (VERB fatta)))) (PUNCT :) (fc (f (sn (DET la) (PROPN Sottrazione)) (ibar (AUX ha) (VERB acchiappato)) (compt (sn (DET il) (PROPN Dieci)))) (PUNCT ,) (f (ibar (PRON gli) (VERB balza)) (compin (savv (ADV addosso)) (sv5 (VERB menando) (compt (sn (NOUN fendenti)) (sp (ADP con) (sn (DET la) (sa (DET sua)) (NOUN spada) (sa (ADJ affilatissima) (PUNCT .)))))))))));;1,491953226;content
55;9;il;il;DET;det;Dieci;(ROOT (fc (f (sn (DET Il) (sa (ADJ povero)) (PROPN Dieci)) (ibar (VERB perde)) (compt (sn (DET un) (NOUN dito)))) (PUNCT ,) (f (ibar (PRON ne) (VERB perde)) (compt (sq (DET un) (PRON altro)))) (PUNCT .)));;7,039560886;function
56;9;povero;povero;ADJ;amod;Dieci;(ROOT (fc (f (sn (DET Il) (sa (ADJ povero)) (PROPN Dieci)) (ibar (VERB perde)) (compt (sn (DET un) (NOUN dito)))) (PUNCT ,) (f (ibar (PRON ne) (VERB perde)) (compt (sq (DET un) (PRON altro)))) (PUNCT .)));5.48 ± 2.82;4,612444896;content
57;9;dieci;Dieci;PROPN;nsubj;perde;(ROOT (fc (f (sn (DET Il) (sa (ADJ povero)) (PROPN Dieci)) (ibar (VERB perde)) (compt (sn (DET un) (NOUN dito)))) (PUNCT ,) (f (ibar (PRON ne) (VERB perde)) (compt (sq (DET un) (PRON altro)))) (PUNCT .)));;5,011288915;content
58;9;perde;perdere;VERB;root;ROOT;(ROOT (fc (f (sn (DET Il) (sa (ADJ povero)) (PROPN Dieci)) (ibar (VERB perde)) (compt (sn (DET un) (NOUN dito)))) (PUNCT ,) (f (ibar (PRON ne) (VERB perde)) (compt (sq (DET un) (PRON altro)))) (PUNCT .)));;4,263173128;content
59;9;un;uno;DET;det;dito;(ROOT (fc (f (sn (DET Il) (sa (ADJ povero)) (PROPN Dieci)) (ibar (VERB perde)) (compt (sn (DET un) (NOUN dito)))) (PUNCT ,) (f (ibar (PRON ne) (VERB perde)) (compt (sq (DET un) (PRON altro)))) (PUNCT .)));;7,065833912;function
60;9;dito;dito;NOUN;obj;perde;(ROOT (fc (f (sn (DET Il) (sa (ADJ povero)) (PROPN Dieci)) (ibar (VERB perde)) (compt (sn (DET un) (NOUN dito)))) (PUNCT ,) (f (ibar (PRON ne) (VERB perde)) (compt (sq (DET un) (PRON altro)))) (PUNCT .)));3.44 ± 1.33;4,477604199;content
61;9;ne;ne;PRON;iobj;perde;(ROOT (fc (f (sn (DET Il) (sa (ADJ povero)) (PROPN Dieci)) (ibar (VERB perde)) (compt (sn (DET un) (NOUN dito)))) (PUNCT ,) (f (ibar (PRON ne) (VERB perde)) (compt (sq (DET un) (PRON altro)))) (PUNCT .)));;6,201935117;function
62;9;perde;perdere;VERB;conj;perde;(ROOT (fc (f (sn (DET Il) (sa (ADJ povero)) (PROPN Dieci)) (ibar (VERB perde)) (compt (sn (DET un) (NOUN dito)))) (PUNCT ,) (f (ibar (PRON ne) (VERB perde)) (compt (sq (DET un) (PRON altro)))) (PUNCT .)));;4,263173128;content
63;9;un;uno;DET;det;altro;(ROOT (fc (f (sn (DET Il) (sa (ADJ povero)) (PROPN Dieci)) (ibar (VERB perde)) (compt (sn (DET un) (NOUN dito)))) (PUNCT ,) (f (ibar (PRON ne) (VERB perde)) (compt (sq (DET un) (PRON altro)))) (PUNCT .)));;7,065833912;function
64;9;altro;altro;PRON;obj;perde;(ROOT (fc (f (sn (DET Il) (sa (ADJ povero)) (PROPN Dieci)) (ibar (VERB perde)) (compt (sn (DET un) (NOUN dito)))) (PUNCT ,) (f (ibar (PRON ne) (VERB perde)) (compt (sq (DET un) (PRON altro)))) (PUNCT .)));;5,925371002;function
65;10;per;per;ADP;case;fortuna;(ROOT (fc (cp (sp (ADP Per) (sn (sa (DET sua)) (NOUN fortuna))) (f (ibar (VERB passa)) (compin (sn (DET una) (NOUN macchina) (sa (ADJ straniera)) (sa (ADV così) (ADJ lunga)))))) (PUNCT ,) (f (sn (DET la) (PROPN Sottrazione)) (ibar (PRON si) (VERB volta)) (compt (sn (DET un) (NOUN momento)) (sv2 (ADP a) (VERB guardare) (compt (fs (SCONJ se) (f (ibar (AUX è)) (compc (sn (DET il) (NOUN caso) (sv2 (ADP di) (VERB accorciar) (compt (PRON la))))))))))) (CCONJ e) (f (sn (DET il) (sa (ADJ buon)) (PROPN Dieci)) (ibar (AUX può) (VERB svignar)) (compt (PRON se) (PRON la) (PUNCT ,) (sv2 (VERB scomparire) (compin (sp (ADP in) (sn (DET un) (NOUN portone))))))) (PUNCT .)));;6,912435835;function
66;10;sua;suo;DET;det:poss;fortuna;(ROOT (fc (cp (sp (ADP Per) (sn (sa (DET sua)) (NOUN fortuna))) (f (ibar (VERB passa)) (compin (sn (DET una) (NOUN macchina) (sa (ADJ straniera)) (sa (ADV così) (ADJ lunga)))))) (PUNCT ,) (f (sn (DET la) (PROPN Sottrazione)) (ibar (PRON si) (VERB volta)) (compt (sn (DET un) (NOUN momento)) (sv2 (ADP a) (VERB guardare) (compt (fs (SCONJ se) (f (ibar (AUX è)) (compc (sn (DET il) (NOUN caso) (sv2 (ADP di) (VERB accorciar) (compt (PRON la))))))))))) (CCONJ e) (f (sn (DET il) (sa (ADJ buon)) (PROPN Dieci)) (ibar (AUX può) (VERB svignar)) (compt (PRON se) (PRON la) (PUNCT ,) (sv2 (VERB scomparire) (compin (sp (ADP in) (sn (DET un) (NOUN portone))))))) (PUNCT .)));;6,022524285;function
67;10;fortuna;fortuna;NOUN;obl;passa;(ROOT (fc (cp (sp (ADP Per) (sn (sa (DET sua)) (NOUN fortuna))) (f (ibar (VERB passa)) (compin (sn (DET una) (NOUN macchina) (sa (ADJ straniera)) (sa (ADV così) (ADJ lunga)))))) (PUNCT ,) (f (sn (DET la) (PROPN Sottrazione)) (ibar (PRON si) (VERB volta)) (compt (sn (DET un) (NOUN momento)) (sv2 (ADP a) (VERB guardare) (compt (fs (SCONJ se) (f (ibar (AUX è)) (compc (sn (DET il) (NOUN caso) (sv2 (ADP di) (VERB accorciar) (compt (PRON la))))))))))) (CCONJ e) (f (sn (DET il) (sa (ADJ buon)) (PROPN Dieci)) (ibar (AUX può) (VERB svignar)) (compt (PRON se) (PRON la) (PUNCT ,) (sv2 (VERB scomparire) (compin (sp (ADP in) (sn (DET un) (NOUN portone))))))) (PUNCT .)));;5,128416047;content
68;10;passa;passare;VERB;root;ROOT;(ROOT (fc (cp (sp (ADP Per) (sn (sa (DET sua)) (NOUN fortuna))) (f (ibar (VERB passa)) (compin (sn (DET una) (NOUN macchina) (sa (ADJ straniera)) (sa (ADV così) (ADJ lunga)))))) (PUNCT ,) (f (sn (DET la) (PROPN Sottrazione)) (ibar (PRON si) (VERB volta)) (compt (sn (DET un) (NOUN momento)) (sv2 (ADP a) (VERB guardare) (compt (fs (SCONJ se) (f (ibar (AUX è)) (compc (sn (DET il) (NOUN caso) (sv2 (ADP di) (VERB accorciar) (compt (PRON la))))))))))) (CCONJ e) (f (sn (DET il) (sa (ADJ buon)) (PROPN Dieci)) (ibar (AUX può) (VERB svignar)) (compt (PRON se) (PRON la) (PUNCT ,) (sv2 (VERB scomparire) (compin (sp (ADP in) (sn (DET un) (NOUN portone))))))) (PUNCT .)));;4,727165937;content
69;10;una;uno;DET;det;macchina;(ROOT (fc (cp (sp (ADP Per) (sn (sa (DET sua)) (NOUN fortuna))) (f (ibar (VERB passa)) (compin (sn (DET una) (NOUN macchina) (sa (ADJ straniera)) (sa (ADV così) (ADJ lunga)))))) (PUNCT ,) (f (sn (DET la) (PROPN Sottrazione)) (ibar (PRON si) (VERB volta)) (compt (sn (DET un) (NOUN momento)) (sv2 (ADP a) (VERB guardare) (compt (fs (SCONJ se) (f (ibar (AUX è)) (compc (sn (DET il) (NOUN caso) (sv2 (ADP di) (VERB accorciar) (compt (PRON la))))))))))) (CCONJ e) (f (sn (DET il) (sa (ADJ buon)) (PROPN Dieci)) (ibar (AUX può) (VERB svignar)) (compt (PRON se) (PRON la) (PUNCT ,) (sv2 (VERB scomparire) (compin (sp (ADP in) (sn (DET un) (NOUN portone))))))) (PUNCT .)));;6,801817508;function
70;10;macchina;macchina;NOUN;nsubj;passa;(ROOT (fc (cp (sp (ADP Per) (sn (sa (DET sua)) (NOUN fortuna))) (f (ibar (VERB passa)) (compin (sn (DET una) (NOUN macchina) (sa (ADJ straniera)) (sa (ADV così) (ADJ lunga)))))) (PUNCT ,) (f (sn (DET la) (PROPN Sottrazione)) (ibar (PRON si) (VERB volta)) (compt (sn (DET un) (NOUN momento)) (sv2 (ADP a) (VERB guardare) (compt (fs (SCONJ se) (f (ibar (AUX è)) (compc (sn (DET il) (NOUN caso) (sv2 (ADP di) (VERB accorciar) (compt (PRON la))))))))))) (CCONJ e) (f (sn (DET il) (sa (ADJ buon)) (PROPN Dieci)) (ibar (AUX può) (VERB svignar)) (compt (PRON se) (PRON la) (PUNCT ,) (sv2 (VERB scomparire) (compin (sp (ADP in) (sn (DET un) (NOUN portone))))))) (PUNCT .)));5.76 ± 2.74;5,418719983;content
71;10;straniera;straniero;ADJ;amod;macchina;(ROOT (fc (cp (sp (ADP Per) (sn (sa (DET sua)) (NOUN fortuna))) (f (ibar (VERB passa)) (compin (sn (DET una) (NOUN macchina) (sa (ADJ straniera)) (sa (ADV così) (ADJ lunga)))))) (PUNCT ,) (f (sn (DET la) (PROPN Sottrazione)) (ibar (PRON si) (VERB volta)) (compt (sn (DET un) (NOUN momento)) (sv2 (ADP a) (VERB guardare) (compt (fs (SCONJ se) (f (ibar (AUX è)) (compc (sn (DET il) (NOUN caso) (sv2 (ADP di) (VERB accorciar) (compt (PRON la))))))))))) (CCONJ e) (f (sn (DET il) (sa (ADJ buon)) (PROPN Dieci)) (ibar (AUX può) (VERB svignar)) (compt (PRON se) (PRON la) (PUNCT ,) (sv2 (VERB scomparire) (compin (sp (ADP in) (sn (DET un) (NOUN portone))))))) (PUNCT .)));;3,602542936;content
72;10;così;così;ADV;advmod;lunga;(ROOT (fc (cp (sp (ADP Per) (sn (sa (DET sua)) (NOUN fortuna))) (f (ibar (VERB passa)) (compin (sn (DET una) (NOUN macchina) (sa (ADJ straniera)) (sa (ADV così) (ADJ lunga)))))) (PUNCT ,) (f (sn (DET la) (PROPN Sottrazione)) (ibar (PRON si) (VERB volta)) (compt (sn (DET un) (NOUN momento)) (sv2 (ADP a) (VERB guardare) (compt (fs (SCONJ se) (f (ibar (AUX è)) (compc (sn (DET il) (NOUN caso) (sv2 (ADP di) (VERB accorciar) (compt (PRON la))))))))))) (CCONJ e) (f (sn (DET il) (sa (ADJ buon)) (PROPN Dieci)) (ibar (AUX può) (VERB svignar)) (compt (PRON se) (PRON la) (PUNCT ,) (sv2 (VERB scomparire) (compin (sp (ADP in) (sn (DET un) (NOUN portone))))))) (PUNCT .)));;6,287788074;content
73;10;lunga;lungo;ADJ;amod;macchina;(ROOT (fc (cp (sp (ADP Per) (sn (sa (DET sua)) (NOUN fortuna))) (f (ibar (VERB passa)) (compin (sn (DET una) (NOUN macchina) (sa (ADJ straniera)) (sa (ADV così) (ADJ lunga)))))) (PUNCT ,) (f (sn (DET la) (PROPN Sottrazione)) (ibar (PRON si) (VERB volta)) (compt (sn (DET un) (NOUN momento)) (sv2 (ADP a) (VERB guardare) (compt (fs (SCONJ se) (f (ibar (AUX è)) (compc (sn (DET il) (NOUN caso) (sv2 (ADP di) (VERB accorciar) (compt (PRON la))))))))))) (CCONJ e) (f (sn (DET il) (sa (ADJ buon)) (PROPN Dieci)) (ibar (AUX può) (VERB svignar)) (compt (PRON se) (PRON la) (PUNCT ,) (sv2 (VERB scomparire) (compin (sp (ADP in) (sn (DET un) (NOUN portone))))))) (PUNCT .)));4.12 ± 1.33;4,724568209;content
74;10;la;il;DET;det;Sottrazione;(ROOT (fc (cp (sp (ADP Per) (sn (sa (DET sua)) (NOUN fortuna))) (f (ibar (VERB passa)) (compin (sn (DET una) (NOUN macchina) (sa (ADJ straniera)) (sa (ADV così) (ADJ lunga)))))) (PUNCT ,) (f (sn (DET la) (PROPN Sottrazione)) (ibar (PRON si) (VERB volta)) (compt (sn (DET un) (NOUN momento)) (sv2 (ADP a) (VERB guardare) (compt (fs (SCONJ se) (f (ibar (AUX è)) (compc (sn (DET il) (NOUN caso) (sv2 (ADP di) (VERB accorciar) (compt (PRON la))))))))))) (CCONJ e) (f (sn (DET il) (sa (ADJ buon)) (PROPN Dieci)) (ibar (AUX può) (VERB svignar)) (compt (PRON se) (PRON la) (PUNCT ,) (sv2 (VERB scomparire) (compin (sp (ADP in) (sn (DET un) (NOUN portone))))))) (PUNCT .)));;7,055331658;function
75;10;sottrazione;Sottrazione;PROPN;nsubj;volta;(ROOT (fc (cp (sp (ADP Per) (sn (sa (DET sua)) (NOUN fortuna))) (f (ibar (VERB passa)) (compin (sn (DET una) (NOUN macchina) (sa (ADJ straniera)) (sa (ADV così) (ADJ lunga)))))) (PUNCT ,) (f (sn (DET la) (PROPN Sottrazione)) (ibar (PRON si) (VERB volta)) (compt (sn (DET un) (NOUN momento)) (sv2 (ADP a) (VERB guardare) (compt (fs (SCONJ se) (f (ibar (AUX è)) (compc (sn (DET il) (NOUN caso) (sv2 (ADP di) (VERB accorciar) (compt (PRON la))))))))))) (CCONJ e) (f (sn (DET il) (sa (ADJ buon)) (PROPN Dieci)) (ibar (AUX può) (VERB svignar)) (compt (PRON se) (PRON la) (PUNCT ,) (sv2 (VERB scomparire) (compin (sp (ADP in) (sn (DET un) (NOUN portone))))))) (PUNCT .)));;2,304866582;content
76;10;si;si;PRON;expl;volta;(ROOT (fc (cp (sp (ADP Per) (sn (sa (DET sua)) (NOUN fortuna))) (f (ibar (VERB passa)) (compin (sn (DET una) (NOUN macchina) (sa (ADJ straniera)) (sa (ADV così) (ADJ lunga)))))) (PUNCT ,) (f (sn (DET la) (PROPN Sottrazione)) (ibar (PRON si) (VERB volta)) (compt (sn (DET un) (NOUN momento)) (sv2 (ADP a) (VERB guardare) (compt (fs (SCONJ se) (f (ibar (AUX è)) (compc (sn (DET il) (NOUN caso) (sv2 (ADP di) (VERB accorciar) (compt (PRON la))))))))))) (CCONJ e) (f (sn (DET il) (sa (ADJ buon)) (PROPN Dieci)) (ibar (AUX può) (VERB svignar)) (compt (PRON se) (PRON la) (PUNCT ,) (sv2 (VERB scomparire) (compin (sp (ADP in) (sn (DET un) (NOUN portone))))))) (PUNCT .)));;6,553884221;function
77;10;volta;volgere;VERB;conj;passa;(ROOT (fc (cp (sp (ADP Per) (sn (sa (DET sua)) (NOUN fortuna))) (f (ibar (VERB passa)) (compin (sn (DET una) (NOUN macchina) (sa (ADJ straniera)) (sa (ADV così) (ADJ lunga)))))) (PUNCT ,) (f (sn (DET la) (PROPN Sottrazione)) (ibar (PRON si) (VERB volta)) (compt (sn (DET un) (NOUN momento)) (sv2 (ADP a) (VERB guardare) (compt (fs (SCONJ se) (f (ibar (AUX è)) (compc (sn (DET il) (NOUN caso) (sv2 (ADP di) (VERB accorciar) (compt (PRON la))))))))))) (CCONJ e) (f (sn (DET il) (sa (ADJ buon)) (PROPN Dieci)) (ibar (AUX può) (VERB svignar)) (compt (PRON se) (PRON la) (PUNCT ,) (sv2 (VERB scomparire) (compin (sp (ADP in) (sn (DET un) (NOUN portone))))))) (PUNCT .)));;5,820011577;content
78;10;un;uno;DET;det;momento;(ROOT (fc (cp (sp (ADP Per) (sn (sa (DET sua)) (NOUN fortuna))) (f (ibar (VERB passa)) (compin (sn (DET una) (NOUN macchina) (sa (ADJ straniera)) (sa (ADV così) (ADJ lunga)))))) (PUNCT ,) (f (sn (DET la) (PROPN Sottrazione)) (ibar (PRON si) (VERB volta)) (compt (sn (DET un) (NOUN momento)) (sv2 (ADP a) (VERB guardare) (compt (fs (SCONJ se) (f (ibar (AUX è)) (compc (sn (DET il) (NOUN caso) (sv2 (ADP di) (VERB accorciar) (compt (PRON la))))))))))) (CCONJ e) (f (sn (DET il) (sa (ADJ buon)) (PROPN Dieci)) (ibar (AUX può) (VERB svignar)) (compt (PRON se) (PRON la) (PUNCT ,) (sv2 (VERB scomparire) (compin (sp (ADP in) (sn (DET un) (NOUN portone))))))) (PUNCT .)));;7,065833912;function
79;10;momento;momento;NOUN;obl;volta;(ROOT (fc (cp (sp (ADP Per) (sn (sa (DET sua)) (NOUN fortuna))) (f (ibar (VERB passa)) (compin (sn (DET una) (NOUN macchina) (sa (ADJ straniera)) (sa (ADV così) (ADJ lunga)))))) (PUNCT ,) (f (sn (DET la) (PROPN Sottrazione)) (ibar (PRON si) (VERB volta)) (compt (sn (DET un) (NOUN momento)) (sv2 (ADP a) (VERB guardare) (compt (fs (SCONJ se) (f (ibar (AUX è)) (compc (sn (DET il) (NOUN caso) (sv2 (ADP di) (VERB accorciar) (compt (PRON la))))))))))) (CCONJ e) (f (sn (DET il) (sa (ADJ buon)) (PROPN Dieci)) (ibar (AUX può) (VERB svignar)) (compt (PRON se) (PRON la) (PUNCT ,) (sv2 (VERB scomparire) (compin (sp (ADP in) (sn (DET un) (NOUN portone))))))) (PUNCT .)));5.96 ± 2.85;5,627006329;content
80;10;a;a;ADP;mark;guardare;(ROOT (fc (cp (sp (ADP Per) (sn (sa (DET sua)) (NOUN fortuna))) (f (ibar (VERB passa)) (compin (sn (DET una) (NOUN macchina) (sa (ADJ straniera)) (sa (ADV così) (ADJ lunga)))))) (PUNCT ,) (f (sn (DET la) (PROPN Sottrazione)) (ibar (PRON si) (VERB volta)) (compt (sn (DET un) (NOUN momento)) (sv2 (ADP a) (VERB guardare) (compt (fs (SCONJ se) (f (ibar (AUX è)) (compc (sn (DET il) (NOUN caso) (sv2 (ADP di) (VERB accorciar) (compt (PRON la))))))))))) (CCONJ e) (f (sn (DET il) (sa (ADJ buon)) (PROPN Dieci)) (ibar (AUX può) (VERB svignar)) (compt (PRON se) (PRON la) (PUNCT ,) (sv2 (VERB scomparire) (compin (sp (ADP in) (sn (DET un) (NOUN portone))))))) (PUNCT .)));;7,004335738;function
81;10;guardare;guardare;VERB;xcomp;volta;(ROOT (fc (cp (sp (ADP Per) (sn (sa (DET sua)) (NOUN fortuna))) (f (ibar (VERB passa)) (compin (sn (DET una) (NOUN macchina) (sa (ADJ straniera)) (sa (ADV così) (ADJ lunga)))))) (PUNCT ,) (f (sn (DET la) (PROPN Sottrazione)) (ibar (PRON si) (VERB volta)) (compt (sn (DET un) (NOUN momento)) (sv2 (ADP a) (VERB guardare) (compt (fs (SCONJ se) (f (ibar (AUX è)) (compc (sn (DET il) (NOUN caso) (sv2 (ADP di) (VERB accorciar) (compt (PRON la))))))))))) (CCONJ e) (f (sn (DET il) (sa (ADJ buon)) (PROPN Dieci)) (ibar (AUX può) (VERB svignar)) (compt (PRON se) (PRON la) (PUNCT ,) (sv2 (VERB scomparire) (compin (sp (ADP in) (sn (DET un) (NOUN portone))))))) (PUNCT .)));5.08 ± 1.68;5,011387421;content
82;10;se;se;SCONJ;mark;caso;(ROOT (fc (cp (sp (ADP Per) (sn (sa (DET sua)) (NOUN fortuna))) (f (ibar (VERB passa)) (compin (sn (DET una) (NOUN macchina) (sa (ADJ straniera)) (sa (ADV così) (ADJ lunga)))))) (PUNCT ,) (f (sn (DET la) (PROPN Sottrazione)) (ibar (PRON si) (VERB volta)) (compt (sn (DET un) (NOUN momento)) (sv2 (ADP a) (VERB guardare) (compt (fs (SCONJ se) (f (ibar (AUX è)) (compc (sn (DET il) (NOUN caso) (sv2 (ADP di) (VERB accorciar) (compt (PRON la))))))))))) (CCONJ e) (f (sn (DET il) (sa (ADJ buon)) (PROPN Dieci)) (ibar (AUX può) (VERB svignar)) (compt (PRON se) (PRON la) (PUNCT ,) (sv2 (VERB scomparire) (compin (sp (ADP in) (sn (DET un) (NOUN portone))))))) (PUNCT .)));;6,583110863;function
83;10;è;essere;AUX;cop;caso;(ROOT (fc (cp (sp (ADP Per) (sn (sa (DET sua)) (NOUN fortuna))) (f (ibar (VERB passa)) (compin (sn (DET una) (NOUN macchina) (sa (ADJ straniera)) (sa (ADV così) (ADJ lunga)))))) (PUNCT ,) (f (sn (DET la) (PROPN Sottrazione)) (ibar (PRON si) (VERB volta)) (compt (sn (DET un) (NOUN momento)) (sv2 (ADP a) (VERB guardare) (compt (fs (SCONJ se) (f (ibar (AUX è)) (compc (sn (DET il) (NOUN caso) (sv2 (ADP di) (VERB accorciar) (compt (PRON la))))))))))) (CCONJ e) (f (sn (DET il) (sa (ADJ buon)) (PROPN Dieci)) (ibar (AUX può) (VERB svignar)) (compt (PRON se) (PRON la) (PUNCT ,) (sv2 (VERB scomparire) (compin (sp (ADP in) (sn (DET un) (NOUN portone))))))) (PUNCT .)));;7,249521761;function
84;10;il;il;DET;det;caso;(ROOT (fc (cp (sp (ADP Per) (sn (sa (DET sua)) (NOUN fortuna))) (f (ibar (VERB passa)) (compin (sn (DET una) (NOUN macchina) (sa (ADJ straniera)) (sa (ADV così) (ADJ lunga)))))) (PUNCT ,) (f (sn (DET la) (PROPN Sottrazione)) (ibar (PRON si) (VERB volta)) (compt (sn (DET un) (NOUN momento)) (sv2 (ADP a) (VERB guardare) (compt (fs (SCONJ se) (f (ibar (AUX è)) (compc (sn (DET il) (NOUN caso) (sv2 (ADP di) (VERB accorciar) (compt (PRON la))))))))))) (CCONJ e) (f (sn (DET il) (sa (ADJ buon)) (PROPN Dieci)) (ibar (AUX può) (VERB svignar)) (compt (PRON se) (PRON la) (PUNCT ,) (sv2 (VERB scomparire) (compin (sp (ADP in) (sn (DET un) (NOUN portone))))))) (PUNCT .)));;7,039560886;function
85;10;caso;caso;NOUN;ccomp;guardare;(ROOT (fc (cp (sp (ADP Per) (sn (sa (DET sua)) (NOUN fortuna))) (f (ibar (VERB passa)) (compin (sn (DET una) (NOUN macchina) (sa (ADJ straniera)) (sa (ADV così) (ADJ lunga)))))) (PUNCT ,) (f (sn (DET la) (PROPN Sottrazione)) (ibar (PRON si) (VERB volta)) (compt (sn (DET un) (NOUN momento)) (sv2 (ADP a) (VERB guardare) (compt (fs (SCONJ se) (f (ibar (AUX è)) (compc (sn (DET il) (NOUN caso) (sv2 (ADP di) (VERB accorciar) (compt (PRON la))))))))))) (CCONJ e) (f (sn (DET il) (sa (ADJ buon)) (PROPN Dieci)) (ibar (AUX può) (VERB svignar)) (compt (PRON se) (PRON la) (PUNCT ,) (sv2 (VERB scomparire) (compin (sp (ADP in) (sn (DET un) (NOUN portone))))))) (PUNCT .)));;5,541723459;content
86;10;di;di;ADP;mark;accorciar;(ROOT (fc (cp (sp (ADP Per) (sn (sa (DET sua)) (NOUN fortuna))) (f (ibar (VERB passa)) (compin (sn (DET una) (NOUN macchina) (sa (ADJ straniera)) (sa (ADV così) (ADJ lunga)))))) (PUNCT ,) (f (sn (DET la) (PROPN Sottrazione)) (ibar (PRON si) (VERB volta)) (compt (sn (DET un) (NOUN momento)) (sv2 (ADP a) (VERB guardare) (compt (fs (SCONJ se) (f (ibar (AUX è)) (compc (sn (DET il) (NOUN caso) (sv2 (ADP di) (VERB accorciar) (compt (PRON la))))))))))) (CCONJ e) (f (sn (DET il) (sa (ADJ buon)) (PROPN Dieci)) (ibar (AUX può) (VERB svignar)) (compt (PRON se) (PRON la) (PUNCT ,) (sv2 (VERB scomparire) (compin (sp (ADP in) (sn (DET un) (NOUN portone))))))) (PUNCT .)));;7,232814475;function
87;10;accorciarla;accorciare;VERB;acl;caso;(ROOT (fc (cp (sp (ADP Per) (sn (sa (DET sua)) (NOUN fortuna))) (f (ibar (VERB passa)) (compin (sn (DET una) (NOUN macchina) (sa (ADJ straniera)) (sa (ADV così) (ADJ lunga)))))) (PUNCT ,) (f (sn (DET la) (PROPN Sottrazione)) (ibar (PRON si) (VERB volta)) (compt (sn (DET un) (NOUN momento)) (sv2 (ADP a) (VERB guardare) (compt (fs (SCONJ se) (f (ibar (AUX è)) (compc (sn (DET il) (NOUN caso) (sv2 (ADP di) (VERB accorciar) (compt (PRON la))))))))))) (CCONJ e) (f (sn (DET il) (sa (ADJ buon)) (PROPN Dieci)) (ibar (AUX può) (VERB svignar)) (compt (PRON se) (PRON la) (PUNCT ,) (sv2 (VERB scomparire) (compin (sp (ADP in) (sn (DET un) (NOUN portone))))))) (PUNCT .)));;1,734991274;content
88;10;e;e;CCONJ;cc;svignar;(ROOT (fc (cp (sp (ADP Per) (sn (sa (DET sua)) (NOUN fortuna))) (f (ibar (VERB passa)) (compin (sn (DET una) (NOUN macchina) (sa (ADJ straniera)) (sa (ADV così) (ADJ lunga)))))) (PUNCT ,) (f (sn (DET la) (PROPN Sottrazione)) (ibar (PRON si) (VERB volta)) (compt (sn (DET un) (NOUN momento)) (sv2 (ADP a) (VERB guardare) (compt (fs (SCONJ se) (f (ibar (AUX è)) (compc (sn (DET il) (NOUN caso) (sv2 (ADP di) (VERB accorciar) (compt (PRON la))))))))))) (CCONJ e) (f (sn (DET il) (sa (ADJ buon)) (PROPN Dieci)) (ibar (AUX può) (VERB svignar)) (compt (PRON se) (PRON la) (PUNCT ,) (sv2 (VERB scomparire) (compin (sp (ADP in) (sn (DET un) (NOUN portone))))))) (PUNCT .)));;2,741151583;function
89;10;il;il;DET;det;Dieci;(ROOT (fc (cp (sp (ADP Per) (sn (sa (DET sua)) (NOUN fortuna))) (f (ibar (VERB passa)) (compin (sn (DET una) (NOUN macchina) (sa (ADJ straniera)) (sa (ADV così) (ADJ lunga)))))) (PUNCT ,) (f (sn (DET la) (PROPN Sottrazione)) (ibar (PRON si) (VERB volta)) (compt (sn (DET un) (NOUN momento)) (sv2 (ADP a) (VERB guardare) (compt (fs (SCONJ se) (f (ibar (AUX è)) (compc (sn (DET il) (NOUN caso) (sv2 (ADP di) (VERB accorciar) (compt (PRON la))))))))))) (CCONJ e) (f (sn (DET il) (sa (ADJ buon)) (PROPN Dieci)) (ibar (AUX può) (VERB svignar)) (compt (PRON se) (PRON la) (PUNCT ,) (sv2 (VERB scomparire) (compin (sp (ADP in) (sn (DET un) (NOUN portone))))))) (PUNCT .)));;7,039560886;function
90;10;buon;buono;ADJ;amod;Dieci;(ROOT (fc (cp (sp (ADP Per) (sn (sa (DET sua)) (NOUN fortuna))) (f (ibar (VERB passa)) (compin (sn (DET una) (NOUN macchina) (sa (ADJ straniera)) (sa (ADV così) (ADJ lunga)))))) (PUNCT ,) (f (sn (DET la) (PROPN Sottrazione)) (ibar (PRON si) (VERB volta)) (compt (sn (DET un) (NOUN momento)) (sv2 (ADP a) (VERB guardare) (compt (fs (SCONJ se) (f (ibar (AUX è)) (compc (sn (DET il) (NOUN caso) (sv2 (ADP di) (VERB accorciar) (compt (PRON la))))))))))) (CCONJ e) (f (sn (DET il) (sa (ADJ buon)) (PROPN Dieci)) (ibar (AUX può) (VERB svignar)) (compt (PRON se) (PRON la) (PUNCT ,) (sv2 (VERB scomparire) (compin (sp (ADP in) (sn (DET un) (NOUN portone))))))) (PUNCT .)));3.48 ± 1.50;5,376096942;content
91;10;dieci;Dieci;PROPN;nsubj;svignar;(ROOT (fc (cp (sp (ADP Per) (sn (sa (DET sua)) (NOUN fortuna))) (f (ibar (VERB passa)) (compin (sn (DET una) (NOUN macchina) (sa (ADJ straniera)) (sa (ADV così) (ADJ lunga)))))) (PUNCT ,) (f (sn (DET la) (PROPN Sottrazione)) (ibar (PRON si) (VERB volta)) (compt (sn (DET un) (NOUN momento)) (sv2 (ADP a) (VERB guardare) (compt (fs (SCONJ se) (f (ibar (AUX è)) (compc (sn (DET il) (NOUN caso) (sv2 (ADP di) (VERB accorciar) (compt (PRON la))))))))))) (CCONJ e) (f (sn (DET il) (sa (ADJ buon)) (PROPN Dieci)) (ibar (AUX può) (VERB svignar)) (compt (PRON se) (PRON la) (PUNCT ,) (sv2 (VERB scomparire) (compin (sp (ADP in) (sn (DET un) (NOUN portone))))))) (PUNCT .)));;5,011288915;content
92;10;può;potere;AUX;aux;svignar;(ROOT (fc (cp (sp (ADP Per) (sn (sa (DET sua)) (NOUN fortuna))) (f (ibar (VERB passa)) (compin (sn (DET una) (NOUN macchina) (sa (ADJ straniera)) (sa (ADV così) (ADJ lunga)))))) (PUNCT ,) (f (sn (DET la) (PROPN Sottrazione)) (ibar (PRON si) (VERB volta)) (compt (sn (DET un) (NOUN momento)) (sv2 (ADP a) (VERB guardare) (compt (fs (SCONJ se) (f (ibar (AUX è)) (compc (sn (DET il) (NOUN caso) (sv2 (ADP di) (VERB accorciar) (compt (PRON la))))))))))) (CCONJ e) (f (sn (DET il) (sa (ADJ buon)) (PROPN Dieci)) (ibar (AUX può) (VERB svignar)) (compt (PRON se) (PRON la) (PUNCT ,) (sv2 (VERB scomparire) (compin (sp (ADP in) (sn (DET un) (NOUN portone))))))) (PUNCT .)));;5,884100369;function
93;10;svignarsela;svignare;VERB;conj;passa;(ROOT (fc (cp (sp (ADP Per) (sn (sa (DET sua)) (NOUN fortuna))) (f (ibar (VERB passa)) (compin (sn (DET una) (NOUN macchina) (sa (ADJ straniera)) (sa (ADV così) (ADJ lunga)))))) (PUNCT ,) (f (sn (DET la) (PROPN Sottrazione)) (ibar (PRON si) (VERB volta)) (compt (sn (DET un) (NOUN momento)) (sv2 (ADP a) (VERB guardare) (compt (fs (SCONJ se) (f (ibar (AUX è)) (compc (sn (DET il) (NOUN caso) (sv2 (ADP di) (VERB accorciar) (compt (PRON la))))))))))) (CCONJ e) (f (sn (DET il) (sa (ADJ buon)) (PROPN Dieci)) (ibar (AUX può) (VERB svignar)) (compt (PRON se) (PRON la) (PUNCT ,) (sv2 (VERB scomparire) (compin (sp (ADP in) (sn (DET un) (NOUN portone))))))) (PUNCT .)));;2,653321228;content
94;10;scomparire;scomparire;VERB;conj;svignar;(ROOT (fc (cp (sp (ADP Per) (sn (sa (DET sua)) (NOUN fortuna))) (f (ibar (VERB passa)) (compin (sn (DET una) (NOUN macchina) (sa (ADJ straniera)) (sa (ADV così) (ADJ lunga)))))) (PUNCT ,) (f (sn (DET la) (PROPN Sottrazione)) (ibar (PRON si) (VERB volta)) (compt (sn (DET un) (NOUN momento)) (sv2 (ADP a) (VERB guardare) (compt (fs (SCONJ se) (f (ibar (AUX è)) (compc (sn (DET il) (NOUN caso) (sv2 (ADP di) (VERB accorciar) (compt (PRON la))))))))))) (CCONJ e) (f (sn (DET il) (sa (ADJ buon)) (PROPN Dieci)) (ibar (AUX può) (VERB svignar)) (compt (PRON se) (PRON la) (PUNCT ,) (sv2 (VERB scomparire) (compin (sp (ADP in) (sn (DET un) (NOUN portone))))))) (PUNCT .)));;3,782544268;content
95;10;in;in;ADP;case;portone;(ROOT (fc (cp (sp (ADP Per) (sn (sa (DET sua)) (NOUN fortuna))) (f (ibar (VERB passa)) (compin (sn (DET una) (NOUN macchina) (sa (ADJ straniera)) (sa (ADV così) (ADJ lunga)))))) (PUNCT ,) (f (sn (DET la) (PROPN Sottrazione)) (ibar (PRON si) (VERB volta)) (compt (sn (DET un) (NOUN momento)) (sv2 (ADP a) (VERB guardare) (compt (fs (SCONJ se) (f (ibar (AUX è)) (compc (sn (DET il) (NOUN caso) (sv2 (ADP di) (VERB accorciar) (compt (PRON la))))))))))) (CCONJ e) (f (sn (DET il) (sa (ADJ buon)) (PROPN Dieci)) (ibar (AUX può) (VERB svignar)) (compt (PRON se) (PRON la) (PUNCT ,) (sv2 (VERB scomparire) (compin (sp (ADP in) (sn (DET un) (NOUN portone))))))) (PUNCT .)));;6,797274494;function
96;10;un;uno;DET;det;portone;(ROOT (fc (cp (sp (ADP Per) (sn (sa (DET sua)) (NOUN fortuna))) (f (ibar (VERB passa)) (compin (sn (DET una) (NOUN macchina) (sa (ADJ straniera)) (sa (ADV così) (ADJ lunga)))))) (PUNCT ,) (f (sn (DET la) (PROPN Sottrazione)) (ibar (PRON si) (VERB volta)) (compt (sn (DET un) (NOUN momento)) (sv2 (ADP a) (VERB guardare) (compt (fs (SCONJ se) (f (ibar (AUX è)) (compc (sn (DET il) (NOUN caso) (sv2 (ADP di) (VERB accorciar) (compt (PRON la))))))))))) (CCONJ e) (f (sn (DET il) (sa (ADJ buon)) (PROPN Dieci)) (ibar (AUX può) (VERB svignar)) (compt (PRON se) (PRON la) (PUNCT ,) (sv2 (VERB scomparire) (compin (sp (ADP in) (sn (DET un) (NOUN portone))))))) (PUNCT .)));;7,065833912;function
97;10;portone;portone;NOUN;obl;scomparire;(ROOT (fc (cp (sp (ADP Per) (sn (sa (DET sua)) (NOUN fortuna))) (f (ibar (VERB passa)) (compin (sn (DET una) (NOUN macchina) (sa (ADJ straniera)) (sa (ADV così) (ADJ lunga)))))) (PUNCT ,) (f (sn (DET la) (PROPN Sottrazione)) (ibar (PRON si) (VERB volta)) (compt (sn (DET un) (NOUN momento)) (sv2 (ADP a) (VERB guardare) (compt (fs (SCONJ se) (f (ibar (AUX è)) (compc (sn (DET il) (NOUN caso) (sv2 (ADP di) (VERB accorciar) (compt (PRON la))))))))))) (CCONJ e) (f (sn (DET il) (sa (ADJ buon)) (PROPN Dieci)) (ibar (AUX può) (VERB svignar)) (compt (PRON se) (PRON la) (PUNCT ,) (sv2 (VERB scomparire) (compin (sp (ADP in) (sn (DET un) (NOUN portone))))))) (PUNCT .)));;3,346259267;content
98;11;ma;ma;CCONJ;cc;Dieci;(ROOT (fc (fc (CCONJ Ma) (ADV intanto) (f (ibar (ADV non) (AUX è)) (compc (savv (ADV più)) (sn (DET un) (NUM Dieci))))) (PUNCT :) (f (ibar (AUX è)) (ADV soltanto) (compc (sn (DET un) (NUM Otto)))) (PUNCT ,) (fc (CCONJ e) (cp (sp (ADP per) (sn (NOUN giunta))) (f (ibar (VERB perde)) (compt (sn (NOUN sangue)) (spda (ADP da) (sn (DET il) (NOUN naso))))))) (PUNCT .)));;6,662005813;function
99;11;intanto;intanto;ADV;advmod;Dieci;(ROOT (fc (fc (CCONJ Ma) (ADV intanto) (f (ibar (ADV non) (AUX è)) (compc (savv (ADV più)) (sn (DET un) (NUM Dieci))))) (PUNCT :) (f (ibar (AUX è)) (ADV soltanto) (compc (sn (DET un) (NUM Otto)))) (PUNCT ,) (fc (CCONJ e) (cp (sp (ADP per) (sn (NOUN giunta))) (f (ibar (VERB perde)) (compt (sn (NOUN sangue)) (spda (ADP da) (sn (DET il) (NOUN naso))))))) (PUNCT .)));;4,21581919;content
100;11;non;non;ADV;advmod;Dieci;(ROOT (fc (fc (CCONJ Ma) (ADV intanto) (f (ibar (ADV non) (AUX è)) (compc (savv (ADV più)) (sn (DET un) (NUM Dieci))))) (PUNCT :) (f (ibar (AUX è)) (ADV soltanto) (compc (sn (DET un) (NUM Otto)))) (PUNCT ,) (fc (CCONJ e) (cp (sp (ADP per) (sn (NOUN giunta))) (f (ibar (VERB perde)) (compt (sn (NOUN sangue)) (spda (ADP da) (sn (DET il) (NOUN naso))))))) (PUNCT .)));;7,259198169;content
101;11;è;essere;AUX;cop;Dieci;(ROOT (fc (fc (CCONJ Ma) (ADV intanto) (f (ibar (ADV non) (AUX è)) (compc (savv (ADV più)) (sn (DET un) (NUM Dieci))))) (PUNCT :) (f (ibar (AUX è)) (ADV soltanto) (compc (sn (DET un) (NUM Otto)))) (PUNCT ,) (fc (CCONJ e) (cp (sp (ADP per) (sn (NOUN giunta))) (f (ibar (VERB perde)) (compt (sn (NOUN sangue)) (spda (ADP da) (sn (DET il) (NOUN naso))))))) (PUNCT .)));;7,249521761;function
102;11;più;più;ADV;advmod;Dieci;(ROOT (fc (fc (CCONJ Ma) (ADV intanto) (f (ibar (ADV non) (AUX è)) (compc (savv (ADV più)) (sn (DET un) (NUM Dieci))))) (PUNCT :) (f (ibar (AUX è)) (ADV soltanto) (compc (sn (DET un) (NUM Otto)))) (PUNCT ,) (fc (CCONJ e) (cp (sp (ADP per) (sn (NOUN giunta))) (f (ibar (VERB perde)) (compt (sn (NOUN sangue)) (spda (ADP da) (sn (DET il) (NOUN naso))))))) (PUNCT .)));;6,382555861;content
103;11;un;uno;DET;det;Dieci;(ROOT (fc (fc (CCONJ Ma) (ADV intanto) (f (ibar (ADV non) (AUX è)) (compc (savv (ADV più)) (sn (DET un) (NUM Dieci))))) (PUNCT :) (f (ibar (AUX è)) (ADV soltanto) (compc (sn (DET un) (NUM Otto)))) (PUNCT ,) (fc (CCONJ e) (cp (sp (ADP per) (sn (NOUN giunta))) (f (ibar (VERB perde)) (compt (sn (NOUN sangue)) (spda (ADP da) (sn (DET il) (NOUN naso))))))) (PUNCT .)));;7,065833912;function
104;11;dieci;dieci;NUM;root;ROOT;(ROOT (fc (fc (CCONJ Ma) (ADV intanto) (f (ibar (ADV non) (AUX è)) (compc (savv (ADV più)) (sn (DET un) (NUM Dieci))))) (PUNCT :) (f (ibar (AUX è)) (ADV soltanto) (compc (sn (DET un) (NUM Otto)))) (PUNCT ,) (fc (CCONJ e) (cp (sp (ADP per) (sn (NOUN giunta))) (f (ibar (VERB perde)) (compt (sn (NOUN sangue)) (spda (ADP da) (sn (DET il) (NOUN naso))))))) (PUNCT .)));;5,011288915;NaN
105;11;è;essere;AUX;cop;Otto;(ROOT (fc (fc (CCONJ Ma) (ADV intanto) (f (ibar (ADV non) (AUX è)) (compc (savv (ADV più)) (sn (DET un) (NUM Dieci))))) (PUNCT :) (f (ibar (AUX è)) (ADV soltanto) (compc (sn (DET un) (NUM Otto)))) (PUNCT ,) (fc (CCONJ e) (cp (sp (ADP per) (sn (NOUN giunta))) (f (ibar (VERB perde)) (compt (sn (NOUN sangue)) (spda (ADP da) (sn (DET il) (NOUN naso))))))) (PUNCT .)));;7,249521761;function
106;11;soltanto;soltanto;ADV;advmod;Otto;(ROOT (fc (fc (CCONJ Ma) (ADV intanto) (f (ibar (ADV non) (AUX è)) (compc (savv (ADV più)) (sn (DET un) (NUM Dieci))))) (PUNCT :) (f (ibar (AUX è)) (ADV soltanto) (compc (sn (DET un) (NUM Otto)))) (PUNCT ,) (fc (CCONJ e) (cp (sp (ADP per) (sn (NOUN giunta))) (f (ibar (VERB perde)) (compt (sn (NOUN sangue)) (spda (ADP da) (sn (DET il) (NOUN naso))))))) (PUNCT .)));;4,944582877;content
107;11;un;uno;DET;det;Otto;(ROOT (fc (fc (CCONJ Ma) (ADV intanto) (f (ibar (ADV non) (AUX è)) (compc (savv (ADV più)) (sn (DET un) (NUM Dieci))))) (PUNCT :) (f (ibar (AUX è)) (ADV soltanto) (compc (sn (DET un) (NUM Otto)))) (PUNCT ,) (fc (CCONJ e) (cp (sp (ADP per) (sn (NOUN giunta))) (f (ibar (VERB perde)) (compt (sn (NOUN sangue)) (spda (ADP da) (sn (DET il) (NOUN naso))))))) (PUNCT .)));;7,065833912;function
108;11;otto;otto;NUM;parataxis;Dieci;(ROOT (fc (fc (CCONJ Ma) (ADV intanto) (f (ibar (ADV non) (AUX è)) (compc (savv (ADV più)) (sn (DET un) (NUM Dieci))))) (PUNCT :) (f (ibar (AUX è)) (ADV soltanto) (compc (sn (DET un) (NUM Otto)))) (PUNCT ,) (fc (CCONJ e) (cp (sp (ADP per) (sn (NOUN giunta))) (f (ibar (VERB perde)) (compt (sn (NOUN sangue)) (spda (ADP da) (sn (DET il) (NOUN naso))))))) (PUNCT .)));;4,823684119;NaN
109;11;e;e;CCONJ;cc;perde;(ROOT (fc (fc (CCONJ Ma) (ADV intanto) (f (ibar (ADV non) (AUX è)) (compc (savv (ADV più)) (sn (DET un) (NUM Dieci))))) (PUNCT :) (f (ibar (AUX è)) (ADV soltanto) (compc (sn (DET un) (NUM Otto)))) (PUNCT ,) (fc (CCONJ e) (cp (sp (ADP per) (sn (NOUN giunta))) (f (ibar (VERB perde)) (compt (sn (NOUN sangue)) (spda (ADP da) (sn (DET il) (NOUN naso))))))) (PUNCT .)));;2,741151583;function
110;11;per;per;ADP;case;giunta;(ROOT (fc (fc (CCONJ Ma) (ADV intanto) (f (ibar (ADV non) (AUX è)) (compc (savv (ADV più)) (sn (DET un) (NUM Dieci))))) (PUNCT :) (f (ibar (AUX è)) (ADV soltanto) (compc (sn (DET un) (NUM Otto)))) (PUNCT ,) (fc (CCONJ e) (cp (sp (ADP per) (sn (NOUN giunta))) (f (ibar (VERB perde)) (compt (sn (NOUN sangue)) (spda (ADP da) (sn (DET il) (NOUN naso))))))) (PUNCT .)));;6,912435835;function
111;11;giunta;giunta;NOUN;obl;perde;(ROOT (fc (fc (CCONJ Ma) (ADV intanto) (f (ibar (ADV non) (AUX è)) (compc (savv (ADV più)) (sn (DET un) (NUM Dieci))))) (PUNCT :) (f (ibar (AUX è)) (ADV soltanto) (compc (sn (DET un) (NUM Otto)))) (PUNCT ,) (fc (CCONJ e) (cp (sp (ADP per) (sn (NOUN giunta))) (f (ibar (VERB perde)) (compt (sn (NOUN sangue)) (spda (ADP da) (sn (DET il) (NOUN naso))))))) (PUNCT .)));;3,933255512;content
112;11;perde;perdere;VERB;conj;Otto;(ROOT (fc (fc (CCONJ Ma) (ADV intanto) (f (ibar (ADV non) (AUX è)) (compc (savv (ADV più)) (sn (DET un) (NUM Dieci))))) (PUNCT :) (f (ibar (AUX è)) (ADV soltanto) (compc (sn (DET un) (NUM Otto)))) (PUNCT ,) (fc (CCONJ e) (cp (sp (ADP per) (sn (NOUN giunta))) (f (ibar (VERB perde)) (compt (sn (NOUN sangue)) (spda (ADP da) (sn (DET il) (NOUN naso))))))) (PUNCT .)));;4,263173128;content
113;11;sangue;sangue;NOUN;obj;perde;(ROOT (fc (fc (CCONJ Ma) (ADV intanto) (f (ibar (ADV non) (AUX è)) (compc (savv (ADV più)) (sn (DET un) (NUM Dieci))))) (PUNCT :) (f (ibar (AUX è)) (ADV soltanto) (compc (sn (DET un) (NUM Otto)))) (PUNCT ,) (fc (CCONJ e) (cp (sp (ADP per) (sn (NOUN giunta))) (f (ibar (VERB perde)) (compt (sn (NOUN sangue)) (spda (ADP da) (sn (DET il) (NOUN naso))))))) (PUNCT .)));4.32 ± 1.60;5,279342847;content
114;11;dal;da;ADP;case;naso;(ROOT (fc (fc (CCONJ Ma) (ADV intanto) (f (ibar (ADV non) (AUX è)) (compc (savv (ADV più)) (sn (DET un) (NUM Dieci))))) (PUNCT :) (f (ibar (AUX è)) (ADV soltanto) (compc (sn (DET un) (NUM Otto)))) (PUNCT ,) (fc (CCONJ e) (cp (sp (ADP per) (sn (NOUN giunta))) (f (ibar (VERB perde)) (compt (sn (NOUN sangue)) (spda (ADP da) (sn (DET il) (NOUN naso))))))) (PUNCT .)));;5,733978809;function
115;11;naso;naso;NOUN;obl;perde;(ROOT (fc (fc (CCONJ Ma) (ADV intanto) (f (ibar (ADV non) (AUX è)) (compc (savv (ADV più)) (sn (DET un) (NUM Dieci))))) (PUNCT :) (f (ibar (AUX è)) (ADV soltanto) (compc (sn (DET un) (NUM Otto)))) (PUNCT ,) (fc (CCONJ e) (cp (sp (ADP per) (sn (NOUN giunta))) (f (ibar (VERB perde)) (compt (sn (NOUN sangue)) (spda (ADP da) (sn (DET il) (NOUN naso))))))) (PUNCT .)));3.24 ± 1.69;4,637615696;content
116;12;poverino;poverino;NOUN;root;ROOT;(ROOT (fp (PUNCT -) (sn (NOUN Poverino)) (PUNCT ,) (f2 (PRON che) (f (ibar (PRON ti) (AUX hanno) (VERB fatto)))) (PUNCT ?)));;3,621482;content
117;12;che;che;PRON;nsubj;fatto;(ROOT (fp (PUNCT -) (sn (NOUN Poverino)) (PUNCT ,) (f2 (PRON che) (f (ibar (PRON ti) (AUX hanno) (VERB fatto)))) (PUNCT ?)));;7,250456545;function
118;12;ti;ti;PRON;iobj;fatto;(ROOT (fp (PUNCT -) (sn (NOUN Poverino)) (PUNCT ,) (f2 (PRON che) (f (ibar (PRON ti) (AUX hanno) (VERB fatto)))) (PUNCT ?)));;6,615643201;function
119;12;hanno;avere;AUX;aux;fatto;(ROOT (fp (PUNCT -) (sn (NOUN Poverino)) (PUNCT ,) (f2 (PRON che) (f (ibar (PRON ti) (AUX hanno) (VERB fatto)))) (PUNCT ?)));;6,017911035;function
120;12;fatto;fare;VERB;acl:relcl;Poverino;(ROOT (fp (PUNCT -) (sn (NOUN Poverino)) (PUNCT ,) (f2 (PRON che) (f (ibar (PRON ti) (AUX hanno) (VERB fatto)))) (PUNCT ?)));4.40 ± 2.22;6,237129549;content
121;13;ti;ti;PRON;expl;picchiato;(ROOT (fint (f (ibar (PRON Ti) (AUX sei) (VERB picchiato)) (compin (sn (sq (DET coi)) (sa (DET tuoi)) (NOUN compagni))) (fp (PUNCT ,) (sa (ADJ vero)))) (PUNCT ?)));;6,615643201;function
122;13;sei;essere;AUX;aux;picchiato;(ROOT (fint (f (ibar (PRON Ti) (AUX sei) (VERB picchiato)) (compin (sn (sq (DET coi)) (sa (DET tuoi)) (NOUN compagni))) (fp (PUNCT ,) (sa (ADJ vero)))) (PUNCT ?)));;6,430432922;function
123;13;picchiato;picchiare;VERB;root;ROOT;(ROOT (fint (f (ibar (PRON Ti) (AUX sei) (VERB picchiato)) (compin (sn (sq (DET coi)) (sa (DET tuoi)) (NOUN compagni))) (fp (PUNCT ,) (sa (ADJ vero)))) (PUNCT ?)));;4,124916394;content
124;13;coi;coi;DET;det;compagni;(ROOT (fint (f (ibar (PRON Ti) (AUX sei) (VERB picchiato)) (compin (sn (sq (DET coi)) (sa (DET tuoi)) (NOUN compagni))) (fp (PUNCT ,) (sa (ADJ vero)))) (PUNCT ?)));;4,714734706;function
125;13;tuoi;tuo;DET;det:poss;compagni;(ROOT (fint (f (ibar (PRON Ti) (AUX sei) (VERB picchiato)) (compin (sn (sq (DET coi)) (sa (DET tuoi)) (NOUN compagni))) (fp (PUNCT ,) (sa (ADJ vero)))) (PUNCT ?)));;5,480088383;function
126;13;compagni;compagno;NOUN;nsubj;picchiato;(ROOT (fint (f (ibar (PRON Ti) (AUX sei) (VERB picchiato)) (compin (sn (sq (DET coi)) (sa (DET tuoi)) (NOUN compagni))) (fp (PUNCT ,) (sa (ADJ vero)))) (PUNCT ?)));5.16 ± 3.31;4,404706529;content
127;13;vero;vero;ADJ;discourse;picchiato;(ROOT (fint (f (ibar (PRON Ti) (AUX sei) (VERB picchiato)) (compin (sn (sq (DET coi)) (sa (DET tuoi)) (NOUN compagni))) (fp (PUNCT ,) (sa (ADJ vero)))) (PUNCT ?)));;;content
128;14;misericordia;misericordia;NOUN;obl;salvi;(ROOT (dirsp (cp (sn (NOUN Misericordia)) (PUNCT ,) (f (ir_infl (PRON si) (VERB salvi)) (sn (fint (PRON chi) (f (ibar (VERB può))))))) (PUNCT :) (fc (f (sn (DET la) (NOUN vocina)) (ibar (AUX è)) (compc (sa (coord (ADJ dolce) (CCONJ e) (ADJ compassionevole))))) (PUNCT ,) (CCONJ ma) (f (sn (DET la) (sa (DET sua)) (NOUN proprietaria)) (ibar (AUX è)) (compc (sn (DET la) (NOUN Divisione) (sp (ADP in) (sn (NOUN persona) (PUNCT .)))))))));;3,614987755;content
129;14;si;si;PRON;expl;salvi;(ROOT (dirsp (cp (sn (NOUN Misericordia)) (PUNCT ,) (f (ir_infl (PRON si) (VERB salvi)) (sn (fint (PRON chi) (f (ibar (VERB può))))))) (PUNCT :) (fc (f (sn (DET la) (NOUN vocina)) (ibar (AUX è)) (compc (sa (coord (ADJ dolce) (CCONJ e) (ADJ compassionevole))))) (PUNCT ,) (CCONJ ma) (f (sn (DET la) (sa (DET sua)) (NOUN proprietaria)) (ibar (AUX è)) (compc (sn (DET la) (NOUN Divisione) (sp (ADP in) (sn (NOUN persona) (PUNCT .)))))))));;6,553884221;function
130;14;salvi;salvare;VERB;root;ROOT;(ROOT (dirsp (cp (sn (NOUN Misericordia)) (PUNCT ,) (f (ir_infl (PRON si) (VERB salvi)) (sn (fint (PRON chi) (f (ibar (VERB può))))))) (PUNCT :) (fc (f (sn (DET la) (NOUN vocina)) (ibar (AUX è)) (compc (sa (coord (ADJ dolce) (CCONJ e) (ADJ compassionevole))))) (PUNCT ,) (CCONJ ma) (f (sn (DET la) (sa (DET sua)) (NOUN proprietaria)) (ibar (AUX è)) (compc (sn (DET la) (NOUN Divisione) (sp (ADP in) (sn (NOUN persona) (PUNCT .)))))))));6.12 ± 1.81;4,06015495;content
131;14;chi;chi;PRON;nsubj;salvi;(ROOT (dirsp (cp (sn (NOUN Misericordia)) (PUNCT ,) (f (ir_infl (PRON si) (VERB salvi)) (sn (fint (PRON chi) (f (ibar (VERB può))))))) (PUNCT :) (fc (f (sn (DET la) (NOUN vocina)) (ibar (AUX è)) (compc (sa (coord (ADJ dolce) (CCONJ e) (ADJ compassionevole))))) (PUNCT ,) (CCONJ ma) (f (sn (DET la) (sa (DET sua)) (NOUN proprietaria)) (ibar (AUX è)) (compc (sn (DET la) (NOUN Divisione) (sp (ADP in) (sn (NOUN persona) (PUNCT .)))))))));;6,108444494;function
132;14;può;potere;VERB;acl:relcl;chi;(ROOT (dirsp (cp (sn (NOUN Misericordia)) (PUNCT ,) (f (ir_infl (PRON si) (VERB salvi)) (sn (fint (PRON chi) (f (ibar (VERB può))))))) (PUNCT :) (fc (f (sn (DET la) (NOUN vocina)) (ibar (AUX è)) (compc (sa (coord (ADJ dolce) (CCONJ e) (ADJ compassionevole))))) (PUNCT ,) (CCONJ ma) (f (sn (DET la) (sa (DET sua)) (NOUN proprietaria)) (ibar (AUX è)) (compc (sn (DET la) (NOUN Divisione) (sp (ADP in) (sn (NOUN persona) (PUNCT .)))))))));;5,884100369;content
133;14;la;il;DET;det;vocina;(ROOT (dirsp (cp (sn (NOUN Misericordia)) (PUNCT ,) (f (ir_infl (PRON si) (VERB salvi)) (sn (fint (PRON chi) (f (ibar (VERB può))))))) (PUNCT :) (fc (f (sn (DET la) (NOUN vocina)) (ibar (AUX è)) (compc (sa (coord (ADJ dolce) (CCONJ e) (ADJ compassionevole))))) (PUNCT ,) (CCONJ ma) (f (sn (DET la) (sa (DET sua)) (NOUN proprietaria)) (ibar (AUX è)) (compc (sn (DET la) (NOUN Divisione) (sp (ADP in) (sn (NOUN persona) (PUNCT .)))))))));;7,055331658;function
134;14;vocina;vocina;NOUN;nsubj;dolce;(ROOT (dirsp (cp (sn (NOUN Misericordia)) (PUNCT ,) (f (ir_infl (PRON si) (VERB salvi)) (sn (fint (PRON chi) (f (ibar (VERB può))))))) (PUNCT :) (fc (f (sn (DET la) (NOUN vocina)) (ibar (AUX è)) (compc (sa (coord (ADJ dolce) (CCONJ e) (ADJ compassionevole))))) (PUNCT ,) (CCONJ ma) (f (sn (DET la) (sa (DET sua)) (NOUN proprietaria)) (ibar (AUX è)) (compc (sn (DET la) (NOUN Divisione) (sp (ADP in) (sn (NOUN persona) (PUNCT .)))))))));;2,965440196;content
135;14;è;essere;AUX;cop;dolce;(ROOT (dirsp (cp (sn (NOUN Misericordia)) (PUNCT ,) (f (ir_infl (PRON si) (VERB salvi)) (sn (fint (PRON chi) (f (ibar (VERB può))))))) (PUNCT :) (fc (f (sn (DET la) (NOUN vocina)) (ibar (AUX è)) (compc (sa (coord (ADJ dolce) (CCONJ e) (ADJ compassionevole))))) (PUNCT ,) (CCONJ ma) (f (sn (DET la) (sa (DET sua)) (NOUN proprietaria)) (ibar (AUX è)) (compc (sn (DET la) (NOUN Divisione) (sp (ADP in) (sn (NOUN persona) (PUNCT .)))))))));;7,249521761;function
136;14;dolce;dolce;ADJ;parataxis;salvi;(ROOT (dirsp (cp (sn (NOUN Misericordia)) (PUNCT ,) (f (ir_infl (PRON si) (VERB salvi)) (sn (fint (PRON chi) (f (ibar (VERB può))))))) (PUNCT :) (fc (f (sn (DET la) (NOUN vocina)) (ibar (AUX è)) (compc (sa (coord (ADJ dolce) (CCONJ e) (ADJ compassionevole))))) (PUNCT ,) (CCONJ ma) (f (sn (DET la) (sa (DET sua)) (NOUN proprietaria)) (ibar (AUX è)) (compc (sn (DET la) (NOUN Divisione) (sp (ADP in) (sn (NOUN persona) (PUNCT .)))))))));5.08 ± 2.91;4,825047682;content
137;14;e;e;CCONJ;cc;compassionevole;(ROOT (dirsp (cp (sn (NOUN Misericordia)) (PUNCT ,) (f (ir_infl (PRON si) (VERB salvi)) (sn (fint (PRON chi) (f (ibar (VERB può))))))) (PUNCT :) (fc (f (sn (DET la) (NOUN vocina)) (ibar (AUX è)) (compc (sa (coord (ADJ dolce) (CCONJ e) (ADJ compassionevole))))) (PUNCT ,) (CCONJ ma) (f (sn (DET la) (sa (DET sua)) (NOUN proprietaria)) (ibar (AUX è)) (compc (sn (DET la) (NOUN Divisione) (sp (ADP in) (sn (NOUN persona) (PUNCT .)))))))));;2,741151583;function
138;14;compassionevole;compassionevole;ADJ;conj;dolce;(ROOT (dirsp (cp (sn (NOUN Misericordia)) (PUNCT ,) (f (ir_infl (PRON si) (VERB salvi)) (sn (fint (PRON chi) (f (ibar (VERB può))))))) (PUNCT :) (fc (f (sn (DET la) (NOUN vocina)) (ibar (AUX è)) (compc (sa (coord (ADJ dolce) (CCONJ e) (ADJ compassionevole))))) (PUNCT ,) (CCONJ ma) (f (sn (DET la) (sa (DET sua)) (NOUN proprietaria)) (ibar (AUX è)) (compc (sn (DET la) (NOUN Divisione) (sp (ADP in) (sn (NOUN persona) (PUNCT .)))))))));;3,188746311;content
139;14;ma;ma;CCONJ;cc;Divisione;(ROOT (dirsp (cp (sn (NOUN Misericordia)) (PUNCT ,) (f (ir_infl (PRON si) (VERB salvi)) (sn (fint (PRON chi) (f (ibar (VERB può))))))) (PUNCT :) (fc (f (sn (DET la) (NOUN vocina)) (ibar (AUX è)) (compc (sa (coord (ADJ dolce) (CCONJ e) (ADJ compassionevole))))) (PUNCT ,) (CCONJ ma) (f (sn (DET la) (sa (DET sua)) (NOUN proprietaria)) (ibar (AUX è)) (compc (sn (DET la) (NOUN Divisione) (sp (ADP in) (sn (NOUN persona) (PUNCT .)))))))));;6,662005813;function
140;14;la;il;DET;det;proprietaria;(ROOT (dirsp (cp (sn (NOUN Misericordia)) (PUNCT ,) (f (ir_infl (PRON si) (VERB salvi)) (sn (fint (PRON chi) (f (ibar (VERB può))))))) (PUNCT :) (fc (f (sn (DET la) (NOUN vocina)) (ibar (AUX è)) (compc (sa (coord (ADJ dolce) (CCONJ e) (ADJ compassionevole))))) (PUNCT ,) (CCONJ ma) (f (sn (DET la) (sa (DET sua)) (NOUN proprietaria)) (ibar (AUX è)) (compc (sn (DET la) (NOUN Divisione) (sp (ADP in) (sn (NOUN persona) (PUNCT .)))))))));;7,055331658;function
141;14;sua;suo;DET;det:poss;proprietaria;(ROOT (dirsp (cp (sn (NOUN Misericordia)) (PUNCT ,) (f (ir_infl (PRON si) (VERB salvi)) (sn (fint (PRON chi) (f (ibar (VERB può))))))) (PUNCT :) (fc (f (sn (DET la) (NOUN vocina)) (ibar (AUX è)) (compc (sa (coord (ADJ dolce) (CCONJ e) (ADJ compassionevole))))) (PUNCT ,) (CCONJ ma) (f (sn (DET la) (sa (DET sua)) (NOUN proprietaria)) (ibar (AUX è)) (compc (sn (DET la) (NOUN Divisione) (sp (ADP in) (sn (NOUN persona) (PUNCT .)))))))));;6,022524285;function
142;14;proprietaria;proprietario;NOUN;nsubj;Divisione;(ROOT (dirsp (cp (sn (NOUN Misericordia)) (PUNCT ,) (f (ir_infl (PRON si) (VERB salvi)) (sn (fint (PRON chi) (f (ibar (VERB può))))))) (PUNCT :) (fc (f (sn (DET la) (NOUN vocina)) (ibar (AUX è)) (compc (sa (coord (ADJ dolce) (CCONJ e) (ADJ compassionevole))))) (PUNCT ,) (CCONJ ma) (f (sn (DET la) (sa (DET sua)) (NOUN proprietaria)) (ibar (AUX è)) (compc (sn (DET la) (NOUN Divisione) (sp (ADP in) (sn (NOUN persona) (PUNCT .)))))))));;3,594901194;content
143;14;è;essere;AUX;cop;Divisione;(ROOT (dirsp (cp (sn (NOUN Misericordia)) (PUNCT ,) (f (ir_infl (PRON si) (VERB salvi)) (sn (fint (PRON chi) (f (ibar (VERB può))))))) (PUNCT :) (fc (f (sn (DET la) (NOUN vocina)) (ibar (AUX è)) (compc (sa (coord (ADJ dolce) (CCONJ e) (ADJ compassionevole))))) (PUNCT ,) (CCONJ ma) (f (sn (DET la) (sa (DET sua)) (NOUN proprietaria)) (ibar (AUX è)) (compc (sn (DET la) (NOUN Divisione) (sp (ADP in) (sn (NOUN persona) (PUNCT .)))))))));;7,249521761;function
144;14;la;il;DET;det;Divisione;(ROOT (dirsp (cp (sn (NOUN Misericordia)) (PUNCT ,) (f (ir_infl (PRON si) (VERB salvi)) (sn (fint (PRON chi) (f (ibar (VERB può))))))) (PUNCT :) (fc (f (sn (DET la) (NOUN vocina)) (ibar (AUX è)) (compc (sa (coord (ADJ dolce) (CCONJ e) (ADJ compassionevole))))) (PUNCT ,) (CCONJ ma) (f (sn (DET la) (sa (DET sua)) (NOUN proprietaria)) (ibar (AUX è)) (compc (sn (DET la) (NOUN Divisione) (sp (ADP in) (sn (NOUN persona) (PUNCT .)))))))));;7,055331658;function
145;14;divisione;divisione;NOUN;conj;dolce;(ROOT (dirsp (cp (sn (NOUN Misericordia)) (PUNCT ,) (f (ir_infl (PRON si) (VERB salvi)) (sn (fint (PRON chi) (f (ibar (VERB può))))))) (PUNCT :) (fc (f (sn (DET la) (NOUN vocina)) (ibar (AUX è)) (compc (sa (coord (ADJ dolce) (CCONJ e) (ADJ compassionevole))))) (PUNCT ,) (CCONJ ma) (f (sn (DET la) (sa (DET sua)) (NOUN proprietaria)) (ibar (AUX è)) (compc (sn (DET la) (NOUN Divisione) (sp (ADP in) (sn (NOUN persona) (PUNCT .)))))))));;4,244001674;content
146;14;in;in;ADP;case;persona;(ROOT (dirsp (cp (sn (NOUN Misericordia)) (PUNCT ,) (f (ir_infl (PRON si) (VERB salvi)) (sn (fint (PRON chi) (f (ibar (VERB può))))))) (PUNCT :) (fc (f (sn (DET la) (NOUN vocina)) (ibar (AUX è)) (compc (sa (coord (ADJ dolce) (CCONJ e) (ADJ compassionevole))))) (PUNCT ,) (CCONJ ma) (f (sn (DET la) (sa (DET sua)) (NOUN proprietaria)) (ibar (AUX è)) (compc (sn (DET la) (NOUN Divisione) (sp (ADP in) (sn (NOUN persona) (PUNCT .)))))))));;6,797274494;function
147;14;persona;persona;NOUN;nmod;Divisione;(ROOT (dirsp (cp (sn (NOUN Misericordia)) (PUNCT ,) (f (ir_infl (PRON si) (VERB salvi)) (sn (fint (PRON chi) (f (ibar (VERB può))))))) (PUNCT :) (fc (f (sn (DET la) (NOUN vocina)) (ibar (AUX è)) (compc (sa (coord (ADJ dolce) (CCONJ e) (ADJ compassionevole))))) (PUNCT ,) (CCONJ ma) (f (sn (DET la) (sa (DET sua)) (NOUN proprietaria)) (ibar (AUX è)) (compc (sn (DET la) (NOUN Divisione) (sp (ADP in) (sn (NOUN persona) (PUNCT .)))))))));3.52 ± 1.26;5,403337248;content
148;15;lo;il;DET;det;bisbiglia;(ROOT (fc (cp (sn (DET Lo) (sa (ADJ sventurato)) (NUM Otto) (NOUN bisbiglia) (PUNCT «) (sn (NOUN buonasera)) (PUNCT »)) (fp (PUNCT ,) (sp (ADP con) (sn (DET un) (NOUN filo) (spd (ADP di) (sn (NOUN voce))))) (PUNCT ,))) (CCONJ e) (f (ibar (VERB cerca)) (compt (sv2 (ADP di) (VERB riguadagnare) (compt (sn (DET la) (NOUN strada)))))) (PUNCT ,) (CCONJ ma) (f (sn (DET la) (NOUN Divisione)) (ibar (AUX è)) (compc (sa (ADV più) (ADJ svelta)))) (PUNCT ,) (CCONJ e) (cp (sp (ADP con) (sn (DET un) (sa (ADJ solo)) (NOUN colpo) (spd (ADP di) (sn (NOUN forbici))) (fp (PUNCT ,) (sn (NOUN zac)) (PUNCT ,)))) (f (ibar (PRON ne) (VERB fa)) (compt (sn (NUM due) (NOUN pezzi))))) (PUNCT :)));;6,655915487;function
149;15;sventurato;sventurato;ADJ;amod;bisbiglia;(ROOT (fc (cp (sn (DET Lo) (sa (ADJ sventurato)) (NUM Otto) (NOUN bisbiglia) (PUNCT «) (sn (NOUN buonasera)) (PUNCT »)) (fp (PUNCT ,) (sp (ADP con) (sn (DET un) (NOUN filo) (spd (ADP di) (sn (NOUN voce))))) (PUNCT ,))) (CCONJ e) (f (ibar (VERB cerca)) (compt (sv2 (ADP di) (VERB riguadagnare) (compt (sn (DET la) (NOUN strada)))))) (PUNCT ,) (CCONJ ma) (f (sn (DET la) (NOUN Divisione)) (ibar (AUX è)) (compc (sa (ADV più) (ADJ svelta)))) (PUNCT ,) (CCONJ e) (cp (sp (ADP con) (sn (DET un) (sa (ADJ solo)) (NOUN colpo) (spd (ADP di) (sn (NOUN forbici))) (fp (PUNCT ,) (sn (NOUN zac)) (PUNCT ,)))) (f (ibar (PRON ne) (VERB fa)) (compt (sn (NUM due) (NOUN pezzi))))) (PUNCT :)));;2,561991092;content
150;15;otto;otto;NUM;nummod;bisbiglia;(ROOT (fc (cp (sn (DET Lo) (sa (ADJ sventurato)) (NUM Otto) (NOUN bisbiglia) (PUNCT «) (sn (NOUN buonasera)) (PUNCT »)) (fp (PUNCT ,) (sp (ADP con) (sn (DET un) (NOUN filo) (spd (ADP di) (sn (NOUN voce))))) (PUNCT ,))) (CCONJ e) (f (ibar (VERB cerca)) (compt (sv2 (ADP di) (VERB riguadagnare) (compt (sn (DET la) (NOUN strada)))))) (PUNCT ,) (CCONJ ma) (f (sn (DET la) (NOUN Divisione)) (ibar (AUX è)) (compc (sa (ADV più) (ADJ svelta)))) (PUNCT ,) (CCONJ e) (cp (sp (ADP con) (sn (DET un) (sa (ADJ solo)) (NOUN colpo) (spd (ADP di) (sn (NOUN forbici))) (fp (PUNCT ,) (sn (NOUN zac)) (PUNCT ,)))) (f (ibar (PRON ne) (VERB fa)) (compt (sn (NUM due) (NOUN pezzi))))) (PUNCT :)));;4,823684119;NaN
151;15;bisbiglia;bisbiglia;NOUN;root;ROOT;(ROOT (fc (cp (sn (DET Lo) (sa (ADJ sventurato)) (NUM Otto) (NOUN bisbiglia) (PUNCT «) (sn (NOUN buonasera)) (PUNCT »)) (fp (PUNCT ,) (sp (ADP con) (sn (DET un) (NOUN filo) (spd (ADP di) (sn (NOUN voce))))) (PUNCT ,))) (CCONJ e) (f (ibar (VERB cerca)) (compt (sv2 (ADP di) (VERB riguadagnare) (compt (sn (DET la) (NOUN strada)))))) (PUNCT ,) (CCONJ ma) (f (sn (DET la) (NOUN Divisione)) (ibar (AUX è)) (compc (sa (ADV più) (ADJ svelta)))) (PUNCT ,) (CCONJ e) (cp (sp (ADP con) (sn (DET un) (sa (ADJ solo)) (NOUN colpo) (spd (ADP di) (sn (NOUN forbici))) (fp (PUNCT ,) (sn (NOUN zac)) (PUNCT ,)))) (f (ibar (PRON ne) (VERB fa)) (compt (sn (NUM due) (NOUN pezzi))))) (PUNCT :)));;2,803707087;content
152;15;buonasera;buonasera;NOUN;nmod;bisbiglia;(ROOT (fc (cp (sn (DET Lo) (sa (ADJ sventurato)) (NUM Otto) (NOUN bisbiglia) (PUNCT «) (sn (NOUN buonasera)) (PUNCT »)) (fp (PUNCT ,) (sp (ADP con) (sn (DET un) (NOUN filo) (spd (ADP di) (sn (NOUN voce))))) (PUNCT ,))) (CCONJ e) (f (ibar (VERB cerca)) (compt (sv2 (ADP di) (VERB riguadagnare) (compt (sn (DET la) (NOUN strada)))))) (PUNCT ,) (CCONJ ma) (f (sn (DET la) (NOUN Divisione)) (ibar (AUX è)) (compc (sa (ADV più) (ADJ svelta)))) (PUNCT ,) (CCONJ e) (cp (sp (ADP con) (sn (DET un) (sa (ADJ solo)) (NOUN colpo) (spd (ADP di) (sn (NOUN forbici))) (fp (PUNCT ,) (sn (NOUN zac)) (PUNCT ,)))) (f (ibar (PRON ne) (VERB fa)) (compt (sn (NUM due) (NOUN pezzi))))) (PUNCT :)));;;content
153;15;con;con;ADP;case;filo;(ROOT (fc (cp (sn (DET Lo) (sa (ADJ sventurato)) (NUM Otto) (NOUN bisbiglia) (PUNCT «) (sn (NOUN buonasera)) (PUNCT »)) (fp (PUNCT ,) (sp (ADP con) (sn (DET un) (NOUN filo) (spd (ADP di) (sn (NOUN voce))))) (PUNCT ,))) (CCONJ e) (f (ibar (VERB cerca)) (compt (sv2 (ADP di) (VERB riguadagnare) (compt (sn (DET la) (NOUN strada)))))) (PUNCT ,) (CCONJ ma) (f (sn (DET la) (NOUN Divisione)) (ibar (AUX è)) (compc (sa (ADV più) (ADJ svelta)))) (PUNCT ,) (CCONJ e) (cp (sp (ADP con) (sn (DET un) (sa (ADJ solo)) (NOUN colpo) (spd (ADP di) (sn (NOUN forbici))) (fp (PUNCT ,) (sn (NOUN zac)) (PUNCT ,)))) (f (ibar (PRON ne) (VERB fa)) (compt (sn (NUM due) (NOUN pezzi))))) (PUNCT :)));;6,620271703;function
154;15;un;uno;DET;det;filo;(ROOT (fc (cp (sn (DET Lo) (sa (ADJ sventurato)) (NUM Otto) (NOUN bisbiglia) (PUNCT «) (sn (NOUN buonasera)) (PUNCT »)) (fp (PUNCT ,) (sp (ADP con) (sn (DET un) (NOUN filo) (spd (ADP di) (sn (NOUN voce))))) (PUNCT ,))) (CCONJ e) (f (ibar (VERB cerca)) (compt (sv2 (ADP di) (VERB riguadagnare) (compt (sn (DET la) (NOUN strada)))))) (PUNCT ,) (CCONJ ma) (f (sn (DET la) (NOUN Divisione)) (ibar (AUX è)) (compc (sa (ADV più) (ADJ svelta)))) (PUNCT ,) (CCONJ e) (cp (sp (ADP con) (sn (DET un) (sa (ADJ solo)) (NOUN colpo) (spd (ADP di) (sn (NOUN forbici))) (fp (PUNCT ,) (sn (NOUN zac)) (PUNCT ,)))) (f (ibar (PRON ne) (VERB fa)) (compt (sn (NUM due) (NOUN pezzi))))) (PUNCT :)));;7,065833912;function
155;15;filo;filo;NOUN;nmod;bisbiglia;(ROOT (fc (cp (sn (DET Lo) (sa (ADJ sventurato)) (NUM Otto) (NOUN bisbiglia) (PUNCT «) (sn (NOUN buonasera)) (PUNCT »)) (fp (PUNCT ,) (sp (ADP con) (sn (DET un) (NOUN filo) (spd (ADP di) (sn (NOUN voce))))) (PUNCT ,))) (CCONJ e) (f (ibar (VERB cerca)) (compt (sv2 (ADP di) (VERB riguadagnare) (compt (sn (DET la) (NOUN strada)))))) (PUNCT ,) (CCONJ ma) (f (sn (DET la) (NOUN Divisione)) (ibar (AUX è)) (compc (sa (ADV più) (ADJ svelta)))) (PUNCT ,) (CCONJ e) (cp (sp (ADP con) (sn (DET un) (sa (ADJ solo)) (NOUN colpo) (spd (ADP di) (sn (NOUN forbici))) (fp (PUNCT ,) (sn (NOUN zac)) (PUNCT ,)))) (f (ibar (PRON ne) (VERB fa)) (compt (sn (NUM due) (NOUN pezzi))))) (PUNCT :)));;4,325578372;content
156;15;di;di;ADP;case;voce;(ROOT (fc (cp (sn (DET Lo) (sa (ADJ sventurato)) (NUM Otto) (NOUN bisbiglia) (PUNCT «) (sn (NOUN buonasera)) (PUNCT »)) (fp (PUNCT ,) (sp (ADP con) (sn (DET un) (NOUN filo) (spd (ADP di) (sn (NOUN voce))))) (PUNCT ,))) (CCONJ e) (f (ibar (VERB cerca)) (compt (sv2 (ADP di) (VERB riguadagnare) (compt (sn (DET la) (NOUN strada)))))) (PUNCT ,) (CCONJ ma) (f (sn (DET la) (NOUN Divisione)) (ibar (AUX è)) (compc (sa (ADV più) (ADJ svelta)))) (PUNCT ,) (CCONJ e) (cp (sp (ADP con) (sn (DET un) (sa (ADJ solo)) (NOUN colpo) (spd (ADP di) (sn (NOUN forbici))) (fp (PUNCT ,) (sn (NOUN zac)) (PUNCT ,)))) (f (ibar (PRON ne) (VERB fa)) (compt (sn (NUM due) (NOUN pezzi))))) (PUNCT :)));;7,232814475;function
157;15;voce;voce;NOUN;nmod;filo;(ROOT (fc (cp (sn (DET Lo) (sa (ADJ sventurato)) (NUM Otto) (NOUN bisbiglia) (PUNCT «) (sn (NOUN buonasera)) (PUNCT »)) (fp (PUNCT ,) (sp (ADP con) (sn (DET un) (NOUN filo) (spd (ADP di) (sn (NOUN voce))))) (PUNCT ,))) (CCONJ e) (f (ibar (VERB cerca)) (compt (sv2 (ADP di) (VERB riguadagnare) (compt (sn (DET la) (NOUN strada)))))) (PUNCT ,) (CCONJ ma) (f (sn (DET la) (NOUN Divisione)) (ibar (AUX è)) (compc (sa (ADV più) (ADJ svelta)))) (PUNCT ,) (CCONJ e) (cp (sp (ADP con) (sn (DET un) (sa (ADJ solo)) (NOUN colpo) (spd (ADP di) (sn (NOUN forbici))) (fp (PUNCT ,) (sn (NOUN zac)) (PUNCT ,)))) (f (ibar (PRON ne) (VERB fa)) (compt (sn (NUM due) (NOUN pezzi))))) (PUNCT :)));3.88 ± 1.30;4,979020863;content
158;15;e;e;CCONJ;cc;cerca;(ROOT (fc (cp (sn (DET Lo) (sa (ADJ sventurato)) (NUM Otto) (NOUN bisbiglia) (PUNCT «) (sn (NOUN buonasera)) (PUNCT »)) (fp (PUNCT ,) (sp (ADP con) (sn (DET un) (NOUN filo) (spd (ADP di) (sn (NOUN voce))))) (PUNCT ,))) (CCONJ e) (f (ibar (VERB cerca)) (compt (sv2 (ADP di) (VERB riguadagnare) (compt (sn (DET la) (NOUN strada)))))) (PUNCT ,) (CCONJ ma) (f (sn (DET la) (NOUN Divisione)) (ibar (AUX è)) (compc (sa (ADV più) (ADJ svelta)))) (PUNCT ,) (CCONJ e) (cp (sp (ADP con) (sn (DET un) (sa (ADJ solo)) (NOUN colpo) (spd (ADP di) (sn (NOUN forbici))) (fp (PUNCT ,) (sn (NOUN zac)) (PUNCT ,)))) (f (ibar (PRON ne) (VERB fa)) (compt (sn (NUM due) (NOUN pezzi))))) (PUNCT :)));;2,741151583;function
159;15;cerca;cercare;VERB;conj;bisbiglia;(ROOT (fc (cp (sn (DET Lo) (sa (ADJ sventurato)) (NUM Otto) (NOUN bisbiglia) (PUNCT «) (sn (NOUN buonasera)) (PUNCT »)) (fp (PUNCT ,) (sp (ADP con) (sn (DET un) (NOUN filo) (spd (ADP di) (sn (NOUN voce))))) (PUNCT ,))) (CCONJ e) (f (ibar (VERB cerca)) (compt (sv2 (ADP di) (VERB riguadagnare) (compt (sn (DET la) (NOUN strada)))))) (PUNCT ,) (CCONJ ma) (f (sn (DET la) (NOUN Divisione)) (ibar (AUX è)) (compc (sa (ADV più) (ADJ svelta)))) (PUNCT ,) (CCONJ e) (cp (sp (ADP con) (sn (DET un) (sa (ADJ solo)) (NOUN colpo) (spd (ADP di) (sn (NOUN forbici))) (fp (PUNCT ,) (sn (NOUN zac)) (PUNCT ,)))) (f (ibar (PRON ne) (VERB fa)) (compt (sn (NUM due) (NOUN pezzi))))) (PUNCT :)));4.72 ± 2.28;5,003535817;content
160;15;di;di;ADP;mark;riguadagnare;(ROOT (fc (cp (sn (DET Lo) (sa (ADJ sventurato)) (NUM Otto) (NOUN bisbiglia) (PUNCT «) (sn (NOUN buonasera)) (PUNCT »)) (fp (PUNCT ,) (sp (ADP con) (sn (DET un) (NOUN filo) (spd (ADP di) (sn (NOUN voce))))) (PUNCT ,))) (CCONJ e) (f (ibar (VERB cerca)) (compt (sv2 (ADP di) (VERB riguadagnare) (compt (sn (DET la) (NOUN strada)))))) (PUNCT ,) (CCONJ ma) (f (sn (DET la) (NOUN Divisione)) (ibar (AUX è)) (compc (sa (ADV più) (ADJ svelta)))) (PUNCT ,) (CCONJ e) (cp (sp (ADP con) (sn (DET un) (sa (ADJ solo)) (NOUN colpo) (spd (ADP di) (sn (NOUN forbici))) (fp (PUNCT ,) (sn (NOUN zac)) (PUNCT ,)))) (f (ibar (PRON ne) (VERB fa)) (compt (sn (NUM due) (NOUN pezzi))))) (PUNCT :)));;7,232814475;function
161;15;riguadagnare;riguadagnare;VERB;xcomp;cerca;(ROOT (fc (cp (sn (DET Lo) (sa (ADJ sventurato)) (NUM Otto) (NOUN bisbiglia) (PUNCT «) (sn (NOUN buonasera)) (PUNCT »)) (fp (PUNCT ,) (sp (ADP con) (sn (DET un) (NOUN filo) (spd (ADP di) (sn (NOUN voce))))) (PUNCT ,))) (CCONJ e) (f (ibar (VERB cerca)) (compt (sv2 (ADP di) (VERB riguadagnare) (compt (sn (DET la) (NOUN strada)))))) (PUNCT ,) (CCONJ ma) (f (sn (DET la) (NOUN Divisione)) (ibar (AUX è)) (compc (sa (ADV più) (ADJ svelta)))) (PUNCT ,) (CCONJ e) (cp (sp (ADP con) (sn (DET un) (sa (ADJ solo)) (NOUN colpo) (spd (ADP di) (sn (NOUN forbici))) (fp (PUNCT ,) (sn (NOUN zac)) (PUNCT ,)))) (f (ibar (PRON ne) (VERB fa)) (compt (sn (NUM due) (NOUN pezzi))))) (PUNCT :)));;2,728742325;content
162;15;la;il;DET;det;strada;(ROOT (fc (cp (sn (DET Lo) (sa (ADJ sventurato)) (NUM Otto) (NOUN bisbiglia) (PUNCT «) (sn (NOUN buonasera)) (PUNCT »)) (fp (PUNCT ,) (sp (ADP con) (sn (DET un) (NOUN filo) (spd (ADP di) (sn (NOUN voce))))) (PUNCT ,))) (CCONJ e) (f (ibar (VERB cerca)) (compt (sv2 (ADP di) (VERB riguadagnare) (compt (sn (DET la) (NOUN strada)))))) (PUNCT ,) (CCONJ ma) (f (sn (DET la) (NOUN Divisione)) (ibar (AUX è)) (compc (sa (ADV più) (ADJ svelta)))) (PUNCT ,) (CCONJ e) (cp (sp (ADP con) (sn (DET un) (sa (ADJ solo)) (NOUN colpo) (spd (ADP di) (sn (NOUN forbici))) (fp (PUNCT ,) (sn (NOUN zac)) (PUNCT ,)))) (f (ibar (PRON ne) (VERB fa)) (compt (sn (NUM due) (NOUN pezzi))))) (PUNCT :)));;7,055331658;function
163;15;strada;strada;NOUN;obj;riguadagnare;(ROOT (fc (cp (sn (DET Lo) (sa (ADJ sventurato)) (NUM Otto) (NOUN bisbiglia) (PUNCT «) (sn (NOUN buonasera)) (PUNCT »)) (fp (PUNCT ,) (sp (ADP con) (sn (DET un) (NOUN filo) (spd (ADP di) (sn (NOUN voce))))) (PUNCT ,))) (CCONJ e) (f (ibar (VERB cerca)) (compt (sv2 (ADP di) (VERB riguadagnare) (compt (sn (DET la) (NOUN strada)))))) (PUNCT ,) (CCONJ ma) (f (sn (DET la) (NOUN Divisione)) (ibar (AUX è)) (compc (sa (ADV più) (ADJ svelta)))) (PUNCT ,) (CCONJ e) (cp (sp (ADP con) (sn (DET un) (sa (ADJ solo)) (NOUN colpo) (spd (ADP di) (sn (NOUN forbici))) (fp (PUNCT ,) (sn (NOUN zac)) (PUNCT ,)))) (f (ibar (PRON ne) (VERB fa)) (compt (sn (NUM due) (NOUN pezzi))))) (PUNCT :)));4.92 ± 1.32;5,311710966;content
164;15;ma;ma;CCONJ;cc;svelta;(ROOT (fc (cp (sn (DET Lo) (sa (ADJ sventurato)) (NUM Otto) (NOUN bisbiglia) (PUNCT «) (sn (NOUN buonasera)) (PUNCT »)) (fp (PUNCT ,) (sp (ADP con) (sn (DET un) (NOUN filo) (spd (ADP di) (sn (NOUN voce))))) (PUNCT ,))) (CCONJ e) (f (ibar (VERB cerca)) (compt (sv2 (ADP di) (VERB riguadagnare) (compt (sn (DET la) (NOUN strada)))))) (PUNCT ,) (CCONJ ma) (f (sn (DET la) (NOUN Divisione)) (ibar (AUX è)) (compc (sa (ADV più) (ADJ svelta)))) (PUNCT ,) (CCONJ e) (cp (sp (ADP con) (sn (DET un) (sa (ADJ solo)) (NOUN colpo) (spd (ADP di) (sn (NOUN forbici))) (fp (PUNCT ,) (sn (NOUN zac)) (PUNCT ,)))) (f (ibar (PRON ne) (VERB fa)) (compt (sn (NUM due) (NOUN pezzi))))) (PUNCT :)));;6,662005813;function
165;15;la;il;DET;det;Divisione;(ROOT (fc (cp (sn (DET Lo) (sa (ADJ sventurato)) (NUM Otto) (NOUN bisbiglia) (PUNCT «) (sn (NOUN buonasera)) (PUNCT »)) (fp (PUNCT ,) (sp (ADP con) (sn (DET un) (NOUN filo) (spd (ADP di) (sn (NOUN voce))))) (PUNCT ,))) (CCONJ e) (f (ibar (VERB cerca)) (compt (sv2 (ADP di) (VERB riguadagnare) (compt (sn (DET la) (NOUN strada)))))) (PUNCT ,) (CCONJ ma) (f (sn (DET la) (NOUN Divisione)) (ibar (AUX è)) (compc (sa (ADV più) (ADJ svelta)))) (PUNCT ,) (CCONJ e) (cp (sp (ADP con) (sn (DET un) (sa (ADJ solo)) (NOUN colpo) (spd (ADP di) (sn (NOUN forbici))) (fp (PUNCT ,) (sn (NOUN zac)) (PUNCT ,)))) (f (ibar (PRON ne) (VERB fa)) (compt (sn (NUM due) (NOUN pezzi))))) (PUNCT :)));;7,055331658;function
166;15;divisione;divisione;NOUN;nsubj;svelta;(ROOT (fc (cp (sn (DET Lo) (sa (ADJ sventurato)) (NUM Otto) (NOUN bisbiglia) (PUNCT «) (sn (NOUN buonasera)) (PUNCT »)) (fp (PUNCT ,) (sp (ADP con) (sn (DET un) (NOUN filo) (spd (ADP di) (sn (NOUN voce))))) (PUNCT ,))) (CCONJ e) (f (ibar (VERB cerca)) (compt (sv2 (ADP di) (VERB riguadagnare) (compt (sn (DET la) (NOUN strada)))))) (PUNCT ,) (CCONJ ma) (f (sn (DET la) (NOUN Divisione)) (ibar (AUX è)) (compc (sa (ADV più) (ADJ svelta)))) (PUNCT ,) (CCONJ e) (cp (sp (ADP con) (sn (DET un) (sa (ADJ solo)) (NOUN colpo) (spd (ADP di) (sn (NOUN forbici))) (fp (PUNCT ,) (sn (NOUN zac)) (PUNCT ,)))) (f (ibar (PRON ne) (VERB fa)) (compt (sn (NUM due) (NOUN pezzi))))) (PUNCT :)));;4,244001674;content
167;15;è;essere;AUX;cop;svelta;(ROOT (fc (cp (sn (DET Lo) (sa (ADJ sventurato)) (NUM Otto) (NOUN bisbiglia) (PUNCT «) (sn (NOUN buonasera)) (PUNCT »)) (fp (PUNCT ,) (sp (ADP con) (sn (DET un) (NOUN filo) (spd (ADP di) (sn (NOUN voce))))) (PUNCT ,))) (CCONJ e) (f (ibar (VERB cerca)) (compt (sv2 (ADP di) (VERB riguadagnare) (compt (sn (DET la) (NOUN strada)))))) (PUNCT ,) (CCONJ ma) (f (sn (DET la) (NOUN Divisione)) (ibar (AUX è)) (compc (sa (ADV più) (ADJ svelta)))) (PUNCT ,) (CCONJ e) (cp (sp (ADP con) (sn (DET un) (sa (ADJ solo)) (NOUN colpo) (spd (ADP di) (sn (NOUN forbici))) (fp (PUNCT ,) (sn (NOUN zac)) (PUNCT ,)))) (f (ibar (PRON ne) (VERB fa)) (compt (sn (NUM due) (NOUN pezzi))))) (PUNCT :)));;7,249521761;function
168;15;più;più;ADV;advmod;svelta;(ROOT (fc (cp (sn (DET Lo) (sa (ADJ sventurato)) (NUM Otto) (NOUN bisbiglia) (PUNCT «) (sn (NOUN buonasera)) (PUNCT »)) (fp (PUNCT ,) (sp (ADP con) (sn (DET un) (NOUN filo) (spd (ADP di) (sn (NOUN voce))))) (PUNCT ,))) (CCONJ e) (f (ibar (VERB cerca)) (compt (sv2 (ADP di) (VERB riguadagnare) (compt (sn (DET la) (NOUN strada)))))) (PUNCT ,) (CCONJ ma) (f (sn (DET la) (NOUN Divisione)) (ibar (AUX è)) (compc (sa (ADV più) (ADJ svelta)))) (PUNCT ,) (CCONJ e) (cp (sp (ADP con) (sn (DET un) (sa (ADJ solo)) (NOUN colpo) (spd (ADP di) (sn (NOUN forbici))) (fp (PUNCT ,) (sn (NOUN zac)) (PUNCT ,)))) (f (ibar (PRON ne) (VERB fa)) (compt (sn (NUM due) (NOUN pezzi))))) (PUNCT :)));;6,382555861;content
169;15;svelta;svelto;ADJ;conj;cerca;(ROOT (fc (cp (sn (DET Lo) (sa (ADJ sventurato)) (NUM Otto) (NOUN bisbiglia) (PUNCT «) (sn (NOUN buonasera)) (PUNCT »)) (fp (PUNCT ,) (sp (ADP con) (sn (DET un) (NOUN filo) (spd (ADP di) (sn (NOUN voce))))) (PUNCT ,))) (CCONJ e) (f (ibar (VERB cerca)) (compt (sv2 (ADP di) (VERB riguadagnare) (compt (sn (DET la) (NOUN strada)))))) (PUNCT ,) (CCONJ ma) (f (sn (DET la) (NOUN Divisione)) (ibar (AUX è)) (compc (sa (ADV più) (ADJ svelta)))) (PUNCT ,) (CCONJ e) (cp (sp (ADP con) (sn (DET un) (sa (ADJ solo)) (NOUN colpo) (spd (ADP di) (sn (NOUN forbici))) (fp (PUNCT ,) (sn (NOUN zac)) (PUNCT ,)))) (f (ibar (PRON ne) (VERB fa)) (compt (sn (NUM due) (NOUN pezzi))))) (PUNCT :)));;4,036950905;content
170;15;e;e;CCONJ;cc;fa;(ROOT (fc (cp (sn (DET Lo) (sa (ADJ sventurato)) (NUM Otto) (NOUN bisbiglia) (PUNCT «) (sn (NOUN buonasera)) (PUNCT »)) (fp (PUNCT ,) (sp (ADP con) (sn (DET un) (NOUN filo) (spd (ADP di) (sn (NOUN voce))))) (PUNCT ,))) (CCONJ e) (f (ibar (VERB cerca)) (compt (sv2 (ADP di) (VERB riguadagnare) (compt (sn (DET la) (NOUN strada)))))) (PUNCT ,) (CCONJ ma) (f (sn (DET la) (NOUN Divisione)) (ibar (AUX è)) (compc (sa (ADV più) (ADJ svelta)))) (PUNCT ,) (CCONJ e) (cp (sp (ADP con) (sn (DET un) (sa (ADJ solo)) (NOUN colpo) (spd (ADP di) (sn (NOUN forbici))) (fp (PUNCT ,) (sn (NOUN zac)) (PUNCT ,)))) (f (ibar (PRON ne) (VERB fa)) (compt (sn (NUM due) (NOUN pezzi))))) (PUNCT :)));;2,741151583;function
171;15;con;con;ADP;case;colpo;(ROOT (fc (cp (sn (DET Lo) (sa (ADJ sventurato)) (NUM Otto) (NOUN bisbiglia) (PUNCT «) (sn (NOUN buonasera)) (PUNCT »)) (fp (PUNCT ,) (sp (ADP con) (sn (DET un) (NOUN filo) (spd (ADP di) (sn (NOUN voce))))) (PUNCT ,))) (CCONJ e) (f (ibar (VERB cerca)) (compt (sv2 (ADP di) (VERB riguadagnare) (compt (sn (DET la) (NOUN strada)))))) (PUNCT ,) (CCONJ ma) (f (sn (DET la) (NOUN Divisione)) (ibar (AUX è)) (compc (sa (ADV più) (ADJ svelta)))) (PUNCT ,) (CCONJ e) (cp (sp (ADP con) (sn (DET un) (sa (ADJ solo)) (NOUN colpo) (spd (ADP di) (sn (NOUN forbici))) (fp (PUNCT ,) (sn (NOUN zac)) (PUNCT ,)))) (f (ibar (PRON ne) (VERB fa)) (compt (sn (NUM due) (NOUN pezzi))))) (PUNCT :)));;6,620271703;function
172;15;un;uno;DET;det;colpo;(ROOT (fc (cp (sn (DET Lo) (sa (ADJ sventurato)) (NUM Otto) (NOUN bisbiglia) (PUNCT «) (sn (NOUN buonasera)) (PUNCT »)) (fp (PUNCT ,) (sp (ADP con) (sn (DET un) (NOUN filo) (spd (ADP di) (sn (NOUN voce))))) (PUNCT ,))) (CCONJ e) (f (ibar (VERB cerca)) (compt (sv2 (ADP di) (VERB riguadagnare) (compt (sn (DET la) (NOUN strada)))))) (PUNCT ,) (CCONJ ma) (f (sn (DET la) (NOUN Divisione)) (ibar (AUX è)) (compc (sa (ADV più) (ADJ svelta)))) (PUNCT ,) (CCONJ e) (cp (sp (ADP con) (sn (DET un) (sa (ADJ solo)) (NOUN colpo) (spd (ADP di) (sn (NOUN forbici))) (fp (PUNCT ,) (sn (NOUN zac)) (PUNCT ,)))) (f (ibar (PRON ne) (VERB fa)) (compt (sn (NUM due) (NOUN pezzi))))) (PUNCT :)));;7,065833912;function
173;15;solo;solo;ADJ;amod;colpo;(ROOT (fc (cp (sn (DET Lo) (sa (ADJ sventurato)) (NUM Otto) (NOUN bisbiglia) (PUNCT «) (sn (NOUN buonasera)) (PUNCT »)) (fp (PUNCT ,) (sp (ADP con) (sn (DET un) (NOUN filo) (spd (ADP di) (sn (NOUN voce))))) (PUNCT ,))) (CCONJ e) (f (ibar (VERB cerca)) (compt (sv2 (ADP di) (VERB riguadagnare) (compt (sn (DET la) (NOUN strada)))))) (PUNCT ,) (CCONJ ma) (f (sn (DET la) (NOUN Divisione)) (ibar (AUX è)) (compc (sa (ADV più) (ADJ svelta)))) (PUNCT ,) (CCONJ e) (cp (sp (ADP con) (sn (DET un) (sa (ADJ solo)) (NOUN colpo) (spd (ADP di) (sn (NOUN forbici))) (fp (PUNCT ,) (sn (NOUN zac)) (PUNCT ,)))) (f (ibar (PRON ne) (VERB fa)) (compt (sn (NUM due) (NOUN pezzi))))) (PUNCT :)));4.60 ± 2.14;6,359323473;content
174;15;colpo;colpo;NOUN;obl;fa;(ROOT (fc (cp (sn (DET Lo) (sa (ADJ sventurato)) (NUM Otto) (NOUN bisbiglia) (PUNCT «) (sn (NOUN buonasera)) (PUNCT »)) (fp (PUNCT ,) (sp (ADP con) (sn (DET un) (NOUN filo) (spd (ADP di) (sn (NOUN voce))))) (PUNCT ,))) (CCONJ e) (f (ibar (VERB cerca)) (compt (sv2 (ADP di) (VERB riguadagnare) (compt (sn (DET la) (NOUN strada)))))) (PUNCT ,) (CCONJ ma) (f (sn (DET la) (NOUN Divisione)) (ibar (AUX è)) (compc (sa (ADV più) (ADJ svelta)))) (PUNCT ,) (CCONJ e) (cp (sp (ADP con) (sn (DET un) (sa (ADJ solo)) (NOUN colpo) (spd (ADP di) (sn (NOUN forbici))) (fp (PUNCT ,) (sn (NOUN zac)) (PUNCT ,)))) (f (ibar (PRON ne) (VERB fa)) (compt (sn (NUM due) (NOUN pezzi))))) (PUNCT :)));;4,938723321;content
175;15;di;di;ADP;case;forbici;(ROOT (fc (cp (sn (DET Lo) (sa (ADJ sventurato)) (NUM Otto) (NOUN bisbiglia) (PUNCT «) (sn (NOUN buonasera)) (PUNCT »)) (fp (PUNCT ,) (sp (ADP con) (sn (DET un) (NOUN filo) (spd (ADP di) (sn (NOUN voce))))) (PUNCT ,))) (CCONJ e) (f (ibar (VERB cerca)) (compt (sv2 (ADP di) (VERB riguadagnare) (compt (sn (DET la) (NOUN strada)))))) (PUNCT ,) (CCONJ ma) (f (sn (DET la) (NOUN Divisione)) (ibar (AUX è)) (compc (sa (ADV più) (ADJ svelta)))) (PUNCT ,) (CCONJ e) (cp (sp (ADP con) (sn (DET un) (sa (ADJ solo)) (NOUN colpo) (spd (ADP di) (sn (NOUN forbici))) (fp (PUNCT ,) (sn (NOUN zac)) (PUNCT ,)))) (f (ibar (PRON ne) (VERB fa)) (compt (sn (NUM due) (NOUN pezzi))))) (PUNCT :)));;7,232814475;function
176;15;forbici;forbice;NOUN;nmod;colpo;(ROOT (fc (cp (sn (DET Lo) (sa (ADJ sventurato)) (NUM Otto) (NOUN bisbiglia) (PUNCT «) (sn (NOUN buonasera)) (PUNCT »)) (fp (PUNCT ,) (sp (ADP con) (sn (DET un) (NOUN filo) (spd (ADP di) (sn (NOUN voce))))) (PUNCT ,))) (CCONJ e) (f (ibar (VERB cerca)) (compt (sv2 (ADP di) (VERB riguadagnare) (compt (sn (DET la) (NOUN strada)))))) (PUNCT ,) (CCONJ ma) (f (sn (DET la) (NOUN Divisione)) (ibar (AUX è)) (compc (sa (ADV più) (ADJ svelta)))) (PUNCT ,) (CCONJ e) (cp (sp (ADP con) (sn (DET un) (sa (ADJ solo)) (NOUN colpo) (spd (ADP di) (sn (NOUN forbici))) (fp (PUNCT ,) (sn (NOUN zac)) (PUNCT ,)))) (f (ibar (PRON ne) (VERB fa)) (compt (sn (NUM due) (NOUN pezzi))))) (PUNCT :)));;3,721122928;content
177;15;zac;zac;NOUN;appos;colpo;(ROOT (fc (cp (sn (DET Lo) (sa (ADJ sventurato)) (NUM Otto) (NOUN bisbiglia) (PUNCT «) (sn (NOUN buonasera)) (PUNCT »)) (fp (PUNCT ,) (sp (ADP con) (sn (DET un) (NOUN filo) (spd (ADP di) (sn (NOUN voce))))) (PUNCT ,))) (CCONJ e) (f (ibar (VERB cerca)) (compt (sv2 (ADP di) (VERB riguadagnare) (compt (sn (DET la) (NOUN strada)))))) (PUNCT ,) (CCONJ ma) (f (sn (DET la) (NOUN Divisione)) (ibar (AUX è)) (compc (sa (ADV più) (ADJ svelta)))) (PUNCT ,) (CCONJ e) (cp (sp (ADP con) (sn (DET un) (sa (ADJ solo)) (NOUN colpo) (spd (ADP di) (sn (NOUN forbici))) (fp (PUNCT ,) (sn (NOUN zac)) (PUNCT ,)))) (f (ibar (PRON ne) (VERB fa)) (compt (sn (NUM due) (NOUN pezzi))))) (PUNCT :)));;3,232315915;content
178;15;ne;ne;PRON;iobj;fa;(ROOT (fc (cp (sn (DET Lo) (sa (ADJ sventurato)) (NUM Otto) (NOUN bisbiglia) (PUNCT «) (sn (NOUN buonasera)) (PUNCT »)) (fp (PUNCT ,) (sp (ADP con) (sn (DET un) (NOUN filo) (spd (ADP di) (sn (NOUN voce))))) (PUNCT ,))) (CCONJ e) (f (ibar (VERB cerca)) (compt (sv2 (ADP di) (VERB riguadagnare) (compt (sn (DET la) (NOUN strada)))))) (PUNCT ,) (CCONJ ma) (f (sn (DET la) (NOUN Divisione)) (ibar (AUX è)) (compc (sa (ADV più) (ADJ svelta)))) (PUNCT ,) (CCONJ e) (cp (sp (ADP con) (sn (DET un) (sa (ADJ solo)) (NOUN colpo) (spd (ADP di) (sn (NOUN forbici))) (fp (PUNCT ,) (sn (NOUN zac)) (PUNCT ,)))) (f (ibar (PRON ne) (VERB fa)) (compt (sn (NUM due) (NOUN pezzi))))) (PUNCT :)));;6,201935117;function
179;15;fa;fare;VERB;conj;svelta;(ROOT (fc (cp (sn (DET Lo) (sa (ADJ sventurato)) (NUM Otto) (NOUN bisbiglia) (PUNCT «) (sn (NOUN buonasera)) (PUNCT »)) (fp (PUNCT ,) (sp (ADP con) (sn (DET un) (NOUN filo) (spd (ADP di) (sn (NOUN voce))))) (PUNCT ,))) (CCONJ e) (f (ibar (VERB cerca)) (compt (sv2 (ADP di) (VERB riguadagnare) (compt (sn (DET la) (NOUN strada)))))) (PUNCT ,) (CCONJ ma) (f (sn (DET la) (NOUN Divisione)) (ibar (AUX è)) (compc (sa (ADV più) (ADJ svelta)))) (PUNCT ,) (CCONJ e) (cp (sp (ADP con) (sn (DET un) (sa (ADJ solo)) (NOUN colpo) (spd (ADP di) (sn (NOUN forbici))) (fp (PUNCT ,) (sn (NOUN zac)) (PUNCT ,)))) (f (ibar (PRON ne) (VERB fa)) (compt (sn (NUM due) (NOUN pezzi))))) (PUNCT :)));4.40 ± 2.22;6,003549189;content
180;15;due;due;NUM;nummod;pezzi;(ROOT (fc (cp (sn (DET Lo) (sa (ADJ sventurato)) (NUM Otto) (NOUN bisbiglia) (PUNCT «) (sn (NOUN buonasera)) (PUNCT »)) (fp (PUNCT ,) (sp (ADP con) (sn (DET un) (NOUN filo) (spd (ADP di) (sn (NOUN voce))))) (PUNCT ,))) (CCONJ e) (f (ibar (VERB cerca)) (compt (sv2 (ADP di) (VERB riguadagnare) (compt (sn (DET la) (NOUN strada)))))) (PUNCT ,) (CCONJ ma) (f (sn (DET la) (NOUN Divisione)) (ibar (AUX è)) (compc (sa (ADV più) (ADJ svelta)))) (PUNCT ,) (CCONJ e) (cp (sp (ADP con) (sn (DET un) (sa (ADJ solo)) (NOUN colpo) (spd (ADP di) (sn (NOUN forbici))) (fp (PUNCT ,) (sn (NOUN zac)) (PUNCT ,)))) (f (ibar (PRON ne) (VERB fa)) (compt (sn (NUM due) (NOUN pezzi))))) (PUNCT :)));;5,996192947;NaN
181;15;pezzi;pezzo;NOUN;obj;fa;(ROOT (fc (cp (sn (DET Lo) (sa (ADJ sventurato)) (NUM Otto) (NOUN bisbiglia) (PUNCT «) (sn (NOUN buonasera)) (PUNCT »)) (fp (PUNCT ,) (sp (ADP con) (sn (DET un) (NOUN filo) (spd (ADP di) (sn (NOUN voce))))) (PUNCT ,))) (CCONJ e) (f (ibar (VERB cerca)) (compt (sv2 (ADP di) (VERB riguadagnare) (compt (sn (DET la) (NOUN strada)))))) (PUNCT ,) (CCONJ ma) (f (sn (DET la) (NOUN Divisione)) (ibar (AUX è)) (compc (sa (ADV più) (ADJ svelta)))) (PUNCT ,) (CCONJ e) (cp (sp (ADP con) (sn (DET un) (sa (ADJ solo)) (NOUN colpo) (spd (ADP di) (sn (NOUN forbici))) (fp (PUNCT ,) (sn (NOUN zac)) (PUNCT ,)))) (f (ibar (PRON ne) (VERB fa)) (compt (sn (NUM due) (NOUN pezzi))))) (PUNCT :)));;4,784486182;content
182;16;quattro;quattro;NUM;root;ROOT;(ROOT (f3 (sn (coord (NUM Quattro) (CCONJ e) (NUM Quattro) (PUNCT .)))));;5,206534435;NaN
183;16;e;e;CCONJ;cc;Quattro;(ROOT (f3 (sn (coord (NUM Quattro) (CCONJ e) (NUM Quattro) (PUNCT .)))));;2,741151583;function
184;16;quattro;quattro;NUM;conj;Quattro;(ROOT (f3 (sn (coord (NUM Quattro) (CCONJ e) (NUM Quattro) (PUNCT .)))));;5,206534435;NaN
185;17;uno;uno;PRON;nsubj;mette;(ROOT (fc (cp (sq (PRON Uno)) (f (ibar (PRON se) (PRON lo) (VERB mette)) (compt (sp (ADP in) (sn (NOUN tasca)))))) (PUNCT ,) (f (sq (DET l') (PRON altro)) (ibar (PRON ne) (VERB approfitta)) (compt (sp (ADP per) (sv2 (VERB scappare))))) (PUNCT ,) (f (ibar (VERB torna)) (compin (sp (ADP in) (sn (NOUN strada) (spd (ADP di) (sn (NOUN corsa))))))) (PUNCT ,) (f (ibar (VERB salta)) (compin (sp (ADP su) (sn (DET un) (NOUN tram.))))) (PUNCT -) (cp (sn (DET Un) (NOUN momento) (savv (ADV fa))) (f (ibar (AUX ero)) (compc (sn (DET un) (NUM Dieci))))) (PUNCT ,) (fp (PUNCT -) (f (ibar (VERB piange))) (PUNCT ,)) (PUNCT -) (fc (CCONJ e) (cp (savv (ADV adesso)) (f (ibar (VERB guardate)) (compt (savv (ADV qua)))))) (PUNCT !)));;6,015055575;function
186;17;se;se;PRON;expl;mette;(ROOT (fc (cp (sq (PRON Uno)) (f (ibar (PRON se) (PRON lo) (VERB mette)) (compt (sp (ADP in) (sn (NOUN tasca)))))) (PUNCT ,) (f (sq (DET l') (PRON altro)) (ibar (PRON ne) (VERB approfitta)) (compt (sp (ADP per) (sv2 (VERB scappare))))) (PUNCT ,) (f (ibar (VERB torna)) (compin (sp (ADP in) (sn (NOUN strada) (spd (ADP di) (sn (NOUN corsa))))))) (PUNCT ,) (f (ibar (VERB salta)) (compin (sp (ADP su) (sn (DET un) (NOUN tram.))))) (PUNCT -) (cp (sn (DET Un) (NOUN momento) (savv (ADV fa))) (f (ibar (AUX ero)) (compc (sn (DET un) (NUM Dieci))))) (PUNCT ,) (fp (PUNCT -) (f (ibar (VERB piange))) (PUNCT ,)) (PUNCT -) (fc (CCONJ e) (cp (savv (ADV adesso)) (f (ibar (VERB guardate)) (compt (savv (ADV qua)))))) (PUNCT !)));;6,583110863;function
187;17;lo;lo;PRON;obj;mette;(ROOT (fc (cp (sq (PRON Uno)) (f (ibar (PRON se) (PRON lo) (VERB mette)) (compt (sp (ADP in) (sn (NOUN tasca)))))) (PUNCT ,) (f (sq (DET l') (PRON altro)) (ibar (PRON ne) (VERB approfitta)) (compt (sp (ADP per) (sv2 (VERB scappare))))) (PUNCT ,) (f (ibar (VERB torna)) (compin (sp (ADP in) (sn (NOUN strada) (spd (ADP di) (sn (NOUN corsa))))))) (PUNCT ,) (f (ibar (VERB salta)) (compin (sp (ADP su) (sn (DET un) (NOUN tram.))))) (PUNCT -) (cp (sn (DET Un) (NOUN momento) (savv (ADV fa))) (f (ibar (AUX ero)) (compc (sn (DET un) (NUM Dieci))))) (PUNCT ,) (fp (PUNCT -) (f (ibar (VERB piange))) (PUNCT ,)) (PUNCT -) (fc (CCONJ e) (cp (savv (ADV adesso)) (f (ibar (VERB guardate)) (compt (savv (ADV qua)))))) (PUNCT !)));;6,655915487;function
188;17;mette;mettere;VERB;root;ROOT;(ROOT (fc (cp (sq (PRON Uno)) (f (ibar (PRON se) (PRON lo) (VERB mette)) (compt (sp (ADP in) (sn (NOUN tasca)))))) (PUNCT ,) (f (sq (DET l') (PRON altro)) (ibar (PRON ne) (VERB approfitta)) (compt (sp (ADP per) (sv2 (VERB scappare))))) (PUNCT ,) (f (ibar (VERB torna)) (compin (sp (ADP in) (sn (NOUN strada) (spd (ADP di) (sn (NOUN corsa))))))) (PUNCT ,) (f (ibar (VERB salta)) (compin (sp (ADP su) (sn (DET un) (NOUN tram.))))) (PUNCT -) (cp (sn (DET Un) (NOUN momento) (savv (ADV fa))) (f (ibar (AUX ero)) (compc (sn (DET un) (NUM Dieci))))) (PUNCT ,) (fp (PUNCT -) (f (ibar (VERB piange))) (PUNCT ,)) (PUNCT -) (fc (CCONJ e) (cp (savv (ADV adesso)) (f (ibar (VERB guardate)) (compt (savv (ADV qua)))))) (PUNCT !)));4.28 ± 1.59;4,624212915;content
189;17;in;in;ADP;case;tasca;(ROOT (fc (cp (sq (PRON Uno)) (f (ibar (PRON se) (PRON lo) (VERB mette)) (compt (sp (ADP in) (sn (NOUN tasca)))))) (PUNCT ,) (f (sq (DET l') (PRON altro)) (ibar (PRON ne) (VERB approfitta)) (compt (sp (ADP per) (sv2 (VERB scappare))))) (PUNCT ,) (f (ibar (VERB torna)) (compin (sp (ADP in) (sn (NOUN strada) (spd (ADP di) (sn (NOUN corsa))))))) (PUNCT ,) (f (ibar (VERB salta)) (compin (sp (ADP su) (sn (DET un) (NOUN tram.))))) (PUNCT -) (cp (sn (DET Un) (NOUN momento) (savv (ADV fa))) (f (ibar (AUX ero)) (compc (sn (DET un) (NUM Dieci))))) (PUNCT ,) (fp (PUNCT -) (f (ibar (VERB piange))) (PUNCT ,)) (PUNCT -) (fc (CCONJ e) (cp (savv (ADV adesso)) (f (ibar (VERB guardate)) (compt (savv (ADV qua)))))) (PUNCT !)));;6,797274494;function
190;17;tasca;tasca;NOUN;obl;mette;(ROOT (fc (cp (sq (PRON Uno)) (f (ibar (PRON se) (PRON lo) (VERB mette)) (compt (sp (ADP in) (sn (NOUN tasca)))))) (PUNCT ,) (f (sq (DET l') (PRON altro)) (ibar (PRON ne) (VERB approfitta)) (compt (sp (ADP per) (sv2 (VERB scappare))))) (PUNCT ,) (f (ibar (VERB torna)) (compin (sp (ADP in) (sn (NOUN strada) (spd (ADP di) (sn (NOUN corsa))))))) (PUNCT ,) (f (ibar (VERB salta)) (compin (sp (ADP su) (sn (DET un) (NOUN tram.))))) (PUNCT -) (cp (sn (DET Un) (NOUN momento) (savv (ADV fa))) (f (ibar (AUX ero)) (compc (sn (DET un) (NUM Dieci))))) (PUNCT ,) (fp (PUNCT -) (f (ibar (VERB piange))) (PUNCT ,)) (PUNCT -) (fc (CCONJ e) (cp (savv (ADV adesso)) (f (ibar (VERB guardate)) (compt (savv (ADV qua)))))) (PUNCT !)));;4,335808648;content
191;17;l;il;DET;det;altro;(ROOT (fc (cp (sq (PRON Uno)) (f (ibar (PRON se) (PRON lo) (VERB mette)) (compt (sp (ADP in) (sn (NOUN tasca)))))) (PUNCT ,) (f (sq (DET l') (PRON altro)) (ibar (PRON ne) (VERB approfitta)) (compt (sp (ADP per) (sv2 (VERB scappare))))) (PUNCT ,) (f (ibar (VERB torna)) (compin (sp (ADP in) (sn (NOUN strada) (spd (ADP di) (sn (NOUN corsa))))))) (PUNCT ,) (f (ibar (VERB salta)) (compin (sp (ADP su) (sn (DET un) (NOUN tram.))))) (PUNCT -) (cp (sn (DET Un) (NOUN momento) (savv (ADV fa))) (f (ibar (AUX ero)) (compc (sn (DET un) (NUM Dieci))))) (PUNCT ,) (fp (PUNCT -) (f (ibar (VERB piange))) (PUNCT ,)) (PUNCT -) (fc (CCONJ e) (cp (savv (ADV adesso)) (f (ibar (VERB guardate)) (compt (savv (ADV qua)))))) (PUNCT !)));;6,640107629;function
192;17;altro;altro;PRON;nsubj;approfitta;(ROOT (fc (cp (sq (PRON Uno)) (f (ibar (PRON se) (PRON lo) (VERB mette)) (compt (sp (ADP in) (sn (NOUN tasca)))))) (PUNCT ,) (f (sq (DET l') (PRON altro)) (ibar (PRON ne) (VERB approfitta)) (compt (sp (ADP per) (sv2 (VERB scappare))))) (PUNCT ,) (f (ibar (VERB torna)) (compin (sp (ADP in) (sn (NOUN strada) (spd (ADP di) (sn (NOUN corsa))))))) (PUNCT ,) (f (ibar (VERB salta)) (compin (sp (ADP su) (sn (DET un) (NOUN tram.))))) (PUNCT -) (cp (sn (DET Un) (NOUN momento) (savv (ADV fa))) (f (ibar (AUX ero)) (compc (sn (DET un) (NUM Dieci))))) (PUNCT ,) (fp (PUNCT -) (f (ibar (VERB piange))) (PUNCT ,)) (PUNCT -) (fc (CCONJ e) (cp (savv (ADV adesso)) (f (ibar (VERB guardate)) (compt (savv (ADV qua)))))) (PUNCT !)));;5,925371002;function
193;17;ne;ne;PRON;iobj;approfitta;(ROOT (fc (cp (sq (PRON Uno)) (f (ibar (PRON se) (PRON lo) (VERB mette)) (compt (sp (ADP in) (sn (NOUN tasca)))))) (PUNCT ,) (f (sq (DET l') (PRON altro)) (ibar (PRON ne) (VERB approfitta)) (compt (sp (ADP per) (sv2 (VERB scappare))))) (PUNCT ,) (f (ibar (VERB torna)) (compin (sp (ADP in) (sn (NOUN strada) (spd (ADP di) (sn (NOUN corsa))))))) (PUNCT ,) (f (ibar (VERB salta)) (compin (sp (ADP su) (sn (DET un) (NOUN tram.))))) (PUNCT -) (cp (sn (DET Un) (NOUN momento) (savv (ADV fa))) (f (ibar (AUX ero)) (compc (sn (DET un) (NUM Dieci))))) (PUNCT ,) (fp (PUNCT -) (f (ibar (VERB piange))) (PUNCT ,)) (PUNCT -) (fc (CCONJ e) (cp (savv (ADV adesso)) (f (ibar (VERB guardate)) (compt (savv (ADV qua)))))) (PUNCT !)));;6,201935117;function
194;17;approfitta;approfittare;VERB;conj;mette;(ROOT (fc (cp (sq (PRON Uno)) (f (ibar (PRON se) (PRON lo) (VERB mette)) (compt (sp (ADP in) (sn (NOUN tasca)))))) (PUNCT ,) (f (sq (DET l') (PRON altro)) (ibar (PRON ne) (VERB approfitta)) (compt (sp (ADP per) (sv2 (VERB scappare))))) (PUNCT ,) (f (ibar (VERB torna)) (compin (sp (ADP in) (sn (NOUN strada) (spd (ADP di) (sn (NOUN corsa))))))) (PUNCT ,) (f (ibar (VERB salta)) (compin (sp (ADP su) (sn (DET un) (NOUN tram.))))) (PUNCT -) (cp (sn (DET Un) (NOUN momento) (savv (ADV fa))) (f (ibar (AUX ero)) (compc (sn (DET un) (NUM Dieci))))) (PUNCT ,) (fp (PUNCT -) (f (ibar (VERB piange))) (PUNCT ,)) (PUNCT -) (fc (CCONJ e) (cp (savv (ADV adesso)) (f (ibar (VERB guardate)) (compt (savv (ADV qua)))))) (PUNCT !)));;3,166355039;content
195;17;per;per;ADP;mark;scappare;(ROOT (fc (cp (sq (PRON Uno)) (f (ibar (PRON se) (PRON lo) (VERB mette)) (compt (sp (ADP in) (sn (NOUN tasca)))))) (PUNCT ,) (f (sq (DET l') (PRON altro)) (ibar (PRON ne) (VERB approfitta)) (compt (sp (ADP per) (sv2 (VERB scappare))))) (PUNCT ,) (f (ibar (VERB torna)) (compin (sp (ADP in) (sn (NOUN strada) (spd (ADP di) (sn (NOUN corsa))))))) (PUNCT ,) (f (ibar (VERB salta)) (compin (sp (ADP su) (sn (DET un) (NOUN tram.))))) (PUNCT -) (cp (sn (DET Un) (NOUN momento) (savv (ADV fa))) (f (ibar (AUX ero)) (compc (sn (DET un) (NUM Dieci))))) (PUNCT ,) (fp (PUNCT -) (f (ibar (VERB piange))) (PUNCT ,)) (PUNCT -) (fc (CCONJ e) (cp (savv (ADV adesso)) (f (ibar (VERB guardate)) (compt (savv (ADV qua)))))) (PUNCT !)));;6,912435835;function
196;17;scappare;scappare;VERB;advcl;approfitta;(ROOT (fc (cp (sq (PRON Uno)) (f (ibar (PRON se) (PRON lo) (VERB mette)) (compt (sp (ADP in) (sn (NOUN tasca)))))) (PUNCT ,) (f (sq (DET l') (PRON altro)) (ibar (PRON ne) (VERB approfitta)) (compt (sp (ADP per) (sv2 (VERB scappare))))) (PUNCT ,) (f (ibar (VERB torna)) (compin (sp (ADP in) (sn (NOUN strada) (spd (ADP di) (sn (NOUN corsa))))))) (PUNCT ,) (f (ibar (VERB salta)) (compin (sp (ADP su) (sn (DET un) (NOUN tram.))))) (PUNCT -) (cp (sn (DET Un) (NOUN momento) (savv (ADV fa))) (f (ibar (AUX ero)) (compc (sn (DET un) (NUM Dieci))))) (PUNCT ,) (fp (PUNCT -) (f (ibar (VERB piange))) (PUNCT ,)) (PUNCT -) (fc (CCONJ e) (cp (savv (ADV adesso)) (f (ibar (VERB guardate)) (compt (savv (ADV qua)))))) (PUNCT !)));;4,791623926;content
197;17;torna;tornare;VERB;conj;mette;(ROOT (fc (cp (sq (PRON Uno)) (f (ibar (PRON se) (PRON lo) (VERB mette)) (compt (sp (ADP in) (sn (NOUN tasca)))))) (PUNCT ,) (f (sq (DET l') (PRON altro)) (ibar (PRON ne) (VERB approfitta)) (compt (sp (ADP per) (sv2 (VERB scappare))))) (PUNCT ,) (f (ibar (VERB torna)) (compin (sp (ADP in) (sn (NOUN strada) (spd (ADP di) (sn (NOUN corsa))))))) (PUNCT ,) (f (ibar (VERB salta)) (compin (sp (ADP su) (sn (DET un) (NOUN tram.))))) (PUNCT -) (cp (sn (DET Un) (NOUN momento) (savv (ADV fa))) (f (ibar (AUX ero)) (compc (sn (DET un) (NUM Dieci))))) (PUNCT ,) (fp (PUNCT -) (f (ibar (VERB piange))) (PUNCT ,)) (PUNCT -) (fc (CCONJ e) (cp (savv (ADV adesso)) (f (ibar (VERB guardate)) (compt (savv (ADV qua)))))) (PUNCT !)));;5,037322203;content
198;17;in;in;ADP;case;strada;(ROOT (fc (cp (sq (PRON Uno)) (f (ibar (PRON se) (PRON lo) (VERB mette)) (compt (sp (ADP in) (sn (NOUN tasca)))))) (PUNCT ,) (f (sq (DET l') (PRON altro)) (ibar (PRON ne) (VERB approfitta)) (compt (sp (ADP per) (sv2 (VERB scappare))))) (PUNCT ,) (f (ibar (VERB torna)) (compin (sp (ADP in) (sn (NOUN strada) (spd (ADP di) (sn (NOUN corsa))))))) (PUNCT ,) (f (ibar (VERB salta)) (compin (sp (ADP su) (sn (DET un) (NOUN tram.))))) (PUNCT -) (cp (sn (DET Un) (NOUN momento) (savv (ADV fa))) (f (ibar (AUX ero)) (compc (sn (DET un) (NUM Dieci))))) (PUNCT ,) (fp (PUNCT -) (f (ibar (VERB piange))) (PUNCT ,)) (PUNCT -) (fc (CCONJ e) (cp (savv (ADV adesso)) (f (ibar (VERB guardate)) (compt (savv (ADV qua)))))) (PUNCT !)));;6,797274494;function
199;17;strada;strada;NOUN;obl;torna;(ROOT (fc (cp (sq (PRON Uno)) (f (ibar (PRON se) (PRON lo) (VERB mette)) (compt (sp (ADP in) (sn (NOUN tasca)))))) (PUNCT ,) (f (sq (DET l') (PRON altro)) (ibar (PRON ne) (VERB approfitta)) (compt (sp (ADP per) (sv2 (VERB scappare))))) (PUNCT ,) (f (ibar (VERB torna)) (compin (sp (ADP in) (sn (NOUN strada) (spd (ADP di) (sn (NOUN corsa))))))) (PUNCT ,) (f (ibar (VERB salta)) (compin (sp (ADP su) (sn (DET un) (NOUN tram.))))) (PUNCT -) (cp (sn (DET Un) (NOUN momento) (savv (ADV fa))) (f (ibar (AUX ero)) (compc (sn (DET un) (NUM Dieci))))) (PUNCT ,) (fp (PUNCT -) (f (ibar (VERB piange))) (PUNCT ,)) (PUNCT -) (fc (CCONJ e) (cp (savv (ADV adesso)) (f (ibar (VERB guardate)) (compt (savv (ADV qua)))))) (PUNCT !)));4.92 ± 1.32;5,311710966;content
200;17;di;di;ADP;case;corsa;(ROOT (fc (cp (sq (PRON Uno)) (f (ibar (PRON se) (PRON lo) (VERB mette)) (compt (sp (ADP in) (sn (NOUN tasca)))))) (PUNCT ,) (f (sq (DET l') (PRON altro)) (ibar (PRON ne) (VERB approfitta)) (compt (sp (ADP per) (sv2 (VERB scappare))))) (PUNCT ,) (f (ibar (VERB torna)) (compin (sp (ADP in) (sn (NOUN strada) (spd (ADP di) (sn (NOUN corsa))))))) (PUNCT ,) (f (ibar (VERB salta)) (compin (sp (ADP su) (sn (DET un) (NOUN tram.))))) (PUNCT -) (cp (sn (DET Un) (NOUN momento) (savv (ADV fa))) (f (ibar (AUX ero)) (compc (sn (DET un) (NUM Dieci))))) (PUNCT ,) (fp (PUNCT -) (f (ibar (VERB piange))) (PUNCT ,)) (PUNCT -) (fc (CCONJ e) (cp (savv (ADV adesso)) (f (ibar (VERB guardate)) (compt (savv (ADV qua)))))) (PUNCT !)));;7,232814475;function
201;17;corsa;corsa;NOUN;obl;torna;(ROOT (fc (cp (sq (PRON Uno)) (f (ibar (PRON se) (PRON lo) (VERB mette)) (compt (sp (ADP in) (sn (NOUN tasca)))))) (PUNCT ,) (f (sq (DET l') (PRON altro)) (ibar (PRON ne) (VERB approfitta)) (compt (sp (ADP per) (sv2 (VERB scappare))))) (PUNCT ,) (f (ibar (VERB torna)) (compin (sp (ADP in) (sn (NOUN strada) (spd (ADP di) (sn (NOUN corsa))))))) (PUNCT ,) (f (ibar (VERB salta)) (compin (sp (ADP su) (sn (DET un) (NOUN tram.))))) (PUNCT -) (cp (sn (DET Un) (NOUN momento) (savv (ADV fa))) (f (ibar (AUX ero)) (compc (sn (DET un) (NUM Dieci))))) (PUNCT ,) (fp (PUNCT -) (f (ibar (VERB piange))) (PUNCT ,)) (PUNCT -) (fc (CCONJ e) (cp (savv (ADV adesso)) (f (ibar (VERB guardate)) (compt (savv (ADV qua)))))) (PUNCT !)));;4,59626959;content
202;17;salta;saltare;VERB;conj;mette;(ROOT (fc (cp (sq (PRON Uno)) (f (ibar (PRON se) (PRON lo) (VERB mette)) (compt (sp (ADP in) (sn (NOUN tasca)))))) (PUNCT ,) (f (sq (DET l') (PRON altro)) (ibar (PRON ne) (VERB approfitta)) (compt (sp (ADP per) (sv2 (VERB scappare))))) (PUNCT ,) (f (ibar (VERB torna)) (compin (sp (ADP in) (sn (NOUN strada) (spd (ADP di) (sn (NOUN corsa))))))) (PUNCT ,) (f (ibar (VERB salta)) (compin (sp (ADP su) (sn (DET un) (NOUN tram.))))) (PUNCT -) (cp (sn (DET Un) (NOUN momento) (savv (ADV fa))) (f (ibar (AUX ero)) (compc (sn (DET un) (NUM Dieci))))) (PUNCT ,) (fp (PUNCT -) (f (ibar (VERB piange))) (PUNCT ,)) (PUNCT -) (fc (CCONJ e) (cp (savv (ADV adesso)) (f (ibar (VERB guardate)) (compt (savv (ADV qua)))))) (PUNCT !)));3.48 ± 1.66;4,385576302;content
203;17;su;su;ADP;case;tram.;(ROOT (fc (cp (sq (PRON Uno)) (f (ibar (PRON se) (PRON lo) (VERB mette)) (compt (sp (ADP in) (sn (NOUN tasca)))))) (PUNCT ,) (f (sq (DET l') (PRON altro)) (ibar (PRON ne) (VERB approfitta)) (compt (sp (ADP per) (sv2 (VERB scappare))))) (PUNCT ,) (f (ibar (VERB torna)) (compin (sp (ADP in) (sn (NOUN strada) (spd (ADP di) (sn (NOUN corsa))))))) (PUNCT ,) (f (ibar (VERB salta)) (compin (sp (ADP su) (sn (DET un) (NOUN tram.))))) (PUNCT -) (cp (sn (DET Un) (NOUN momento) (savv (ADV fa))) (f (ibar (AUX ero)) (compc (sn (DET un) (NUM Dieci))))) (PUNCT ,) (fp (PUNCT -) (f (ibar (VERB piange))) (PUNCT ,)) (PUNCT -) (fc (CCONJ e) (cp (savv (ADV adesso)) (f (ibar (VERB guardate)) (compt (savv (ADV qua)))))) (PUNCT !)));;6,000068652;function
204;17;un;uno;DET;det;tram.;(ROOT (fc (cp (sq (PRON Uno)) (f (ibar (PRON se) (PRON lo) (VERB mette)) (compt (sp (ADP in) (sn (NOUN tasca)))))) (PUNCT ,) (f (sq (DET l') (PRON altro)) (ibar (PRON ne) (VERB approfitta)) (compt (sp (ADP per) (sv2 (VERB scappare))))) (PUNCT ,) (f (ibar (VERB torna)) (compin (sp (ADP in) (sn (NOUN strada) (spd (ADP di) (sn (NOUN corsa))))))) (PUNCT ,) (f (ibar (VERB salta)) (compin (sp (ADP su) (sn (DET un) (NOUN tram.))))) (PUNCT -) (cp (sn (DET Un) (NOUN momento) (savv (ADV fa))) (f (ibar (AUX ero)) (compc (sn (DET un) (NUM Dieci))))) (PUNCT ,) (fp (PUNCT -) (f (ibar (VERB piange))) (PUNCT ,)) (PUNCT -) (fc (CCONJ e) (cp (savv (ADV adesso)) (f (ibar (VERB guardate)) (compt (savv (ADV qua)))))) (PUNCT !)));;7,065833912;function
205;17;tram;tramo;NOUN;obl;salta;(ROOT (fc (cp (sq (PRON Uno)) (f (ibar (PRON se) (PRON lo) (VERB mette)) (compt (sp (ADP in) (sn (NOUN tasca)))))) (PUNCT ,) (f (sq (DET l') (PRON altro)) (ibar (PRON ne) (VERB approfitta)) (compt (sp (ADP per) (sv2 (VERB scappare))))) (PUNCT ,) (f (ibar (VERB torna)) (compin (sp (ADP in) (sn (NOUN strada) (spd (ADP di) (sn (NOUN corsa))))))) (PUNCT ,) (f (ibar (VERB salta)) (compin (sp (ADP su) (sn (DET un) (NOUN tram.))))) (PUNCT -) (cp (sn (DET Un) (NOUN momento) (savv (ADV fa))) (f (ibar (AUX ero)) (compc (sn (DET un) (NUM Dieci))))) (PUNCT ,) (fp (PUNCT -) (f (ibar (VERB piange))) (PUNCT ,)) (PUNCT -) (fc (CCONJ e) (cp (savv (ADV adesso)) (f (ibar (VERB guardate)) (compt (savv (ADV qua)))))) (PUNCT !)));;3,43766794;content
206;17;un;uno;DET;det;momento;(ROOT (fc (cp (sq (PRON Uno)) (f (ibar (PRON se) (PRON lo) (VERB mette)) (compt (sp (ADP in) (sn (NOUN tasca)))))) (PUNCT ,) (f (sq (DET l') (PRON altro)) (ibar (PRON ne) (VERB approfitta)) (compt (sp (ADP per) (sv2 (VERB scappare))))) (PUNCT ,) (f (ibar (VERB torna)) (compin (sp (ADP in) (sn (NOUN strada) (spd (ADP di) (sn (NOUN corsa))))))) (PUNCT ,) (f (ibar (VERB salta)) (compin (sp (ADP su) (sn (DET un) (NOUN tram.))))) (PUNCT -) (cp (sn (DET Un) (NOUN momento) (savv (ADV fa))) (f (ibar (AUX ero)) (compc (sn (DET un) (NUM Dieci))))) (PUNCT ,) (fp (PUNCT -) (f (ibar (VERB piange))) (PUNCT ,)) (PUNCT -) (fc (CCONJ e) (cp (savv (ADV adesso)) (f (ibar (VERB guardate)) (compt (savv (ADV qua)))))) (PUNCT !)));;7,065833912;function
207;17;momento;momento;NOUN;obl;Dieci;(ROOT (fc (cp (sq (PRON Uno)) (f (ibar (PRON se) (PRON lo) (VERB mette)) (compt (sp (ADP in) (sn (NOUN tasca)))))) (PUNCT ,) (f (sq (DET l') (PRON altro)) (ibar (PRON ne) (VERB approfitta)) (compt (sp (ADP per) (sv2 (VERB scappare))))) (PUNCT ,) (f (ibar (VERB torna)) (compin (sp (ADP in) (sn (NOUN strada) (spd (ADP di) (sn (NOUN corsa))))))) (PUNCT ,) (f (ibar (VERB salta)) (compin (sp (ADP su) (sn (DET un) (NOUN tram.))))) (PUNCT -) (cp (sn (DET Un) (NOUN momento) (savv (ADV fa))) (f (ibar (AUX ero)) (compc (sn (DET un) (NUM Dieci))))) (PUNCT ,) (fp (PUNCT -) (f (ibar (VERB piange))) (PUNCT ,)) (PUNCT -) (fc (CCONJ e) (cp (savv (ADV adesso)) (f (ibar (VERB guardate)) (compt (savv (ADV qua)))))) (PUNCT !)));5.96 ± 2.85;5,627006329;content
208;17;fa;fa;ADV;advmod;momento;(ROOT (fc (cp (sq (PRON Uno)) (f (ibar (PRON se) (PRON lo) (VERB mette)) (compt (sp (ADP in) (sn (NOUN tasca)))))) (PUNCT ,) (f (sq (DET l') (PRON altro)) (ibar (PRON ne) (VERB approfitta)) (compt (sp (ADP per) (sv2 (VERB scappare))))) (PUNCT ,) (f (ibar (VERB torna)) (compin (sp (ADP in) (sn (NOUN strada) (spd (ADP di) (sn (NOUN corsa))))))) (PUNCT ,) (f (ibar (VERB salta)) (compin (sp (ADP su) (sn (DET un) (NOUN tram.))))) (PUNCT -) (cp (sn (DET Un) (NOUN momento) (savv (ADV fa))) (f (ibar (AUX ero)) (compc (sn (DET un) (NUM Dieci))))) (PUNCT ,) (fp (PUNCT -) (f (ibar (VERB piange))) (PUNCT ,)) (PUNCT -) (fc (CCONJ e) (cp (savv (ADV adesso)) (f (ibar (VERB guardate)) (compt (savv (ADV qua)))))) (PUNCT !)));;6,003549189;content
209;17;ero;essere;AUX;cop;Dieci;(ROOT (fc (cp (sq (PRON Uno)) (f (ibar (PRON se) (PRON lo) (VERB mette)) (compt (sp (ADP in) (sn (NOUN tasca)))))) (PUNCT ,) (f (sq (DET l') (PRON altro)) (ibar (PRON ne) (VERB approfitta)) (compt (sp (ADP per) (sv2 (VERB scappare))))) (PUNCT ,) (f (ibar (VERB torna)) (compin (sp (ADP in) (sn (NOUN strada) (spd (ADP di) (sn (NOUN corsa))))))) (PUNCT ,) (f (ibar (VERB salta)) (compin (sp (ADP su) (sn (DET un) (NOUN tram.))))) (PUNCT -) (cp (sn (DET Un) (NOUN momento) (savv (ADV fa))) (f (ibar (AUX ero)) (compc (sn (DET un) (NUM Dieci))))) (PUNCT ,) (fp (PUNCT -) (f (ibar (VERB piange))) (PUNCT ,)) (PUNCT -) (fc (CCONJ e) (cp (savv (ADV adesso)) (f (ibar (VERB guardate)) (compt (savv (ADV qua)))))) (PUNCT !)));;5,613947803;function
210;17;un;uno;DET;det;Dieci;(ROOT (fc (cp (sq (PRON Uno)) (f (ibar (PRON se) (PRON lo) (VERB mette)) (compt (sp (ADP in) (sn (NOUN tasca)))))) (PUNCT ,) (f (sq (DET l') (PRON altro)) (ibar (PRON ne) (VERB approfitta)) (compt (sp (ADP per) (sv2 (VERB scappare))))) (PUNCT ,) (f (ibar (VERB torna)) (compin (sp (ADP in) (sn (NOUN strada) (spd (ADP di) (sn (NOUN corsa))))))) (PUNCT ,) (f (ibar (VERB salta)) (compin (sp (ADP su) (sn (DET un) (NOUN tram.))))) (PUNCT -) (cp (sn (DET Un) (NOUN momento) (savv (ADV fa))) (f (ibar (AUX ero)) (compc (sn (DET un) (NUM Dieci))))) (PUNCT ,) (fp (PUNCT -) (f (ibar (VERB piange))) (PUNCT ,)) (PUNCT -) (fc (CCONJ e) (cp (savv (ADV adesso)) (f (ibar (VERB guardate)) (compt (savv (ADV qua)))))) (PUNCT !)));;7,065833912;function
211;17;dieci;dieci;NUM;parataxis;mette;(ROOT (fc (cp (sq (PRON Uno)) (f (ibar (PRON se) (PRON lo) (VERB mette)) (compt (sp (ADP in) (sn (NOUN tasca)))))) (PUNCT ,) (f (sq (DET l') (PRON altro)) (ibar (PRON ne) (VERB approfitta)) (compt (sp (ADP per) (sv2 (VERB scappare))))) (PUNCT ,) (f (ibar (VERB torna)) (compin (sp (ADP in) (sn (NOUN strada) (spd (ADP di) (sn (NOUN corsa))))))) (PUNCT ,) (f (ibar (VERB salta)) (compin (sp (ADP su) (sn (DET un) (NOUN tram.))))) (PUNCT -) (cp (sn (DET Un) (NOUN momento) (savv (ADV fa))) (f (ibar (AUX ero)) (compc (sn (DET un) (NUM Dieci))))) (PUNCT ,) (fp (PUNCT -) (f (ibar (VERB piange))) (PUNCT ,)) (PUNCT -) (fc (CCONJ e) (cp (savv (ADV adesso)) (f (ibar (VERB guardate)) (compt (savv (ADV qua)))))) (PUNCT !)));;5,011288915;NaN
212;17;piange;piangere;VERB;parataxis;mette;(ROOT (fc (cp (sq (PRON Uno)) (f (ibar (PRON se) (PRON lo) (VERB mette)) (compt (sp (ADP in) (sn (NOUN tasca)))))) (PUNCT ,) (f (sq (DET l') (PRON altro)) (ibar (PRON ne) (VERB approfitta)) (compt (sp (ADP per) (sv2 (VERB scappare))))) (PUNCT ,) (f (ibar (VERB torna)) (compin (sp (ADP in) (sn (NOUN strada) (spd (ADP di) (sn (NOUN corsa))))))) (PUNCT ,) (f (ibar (VERB salta)) (compin (sp (ADP su) (sn (DET un) (NOUN tram.))))) (PUNCT -) (cp (sn (DET Un) (NOUN momento) (savv (ADV fa))) (f (ibar (AUX ero)) (compc (sn (DET un) (NUM Dieci))))) (PUNCT ,) (fp (PUNCT -) (f (ibar (VERB piange))) (PUNCT ,)) (PUNCT -) (fc (CCONJ e) (cp (savv (ADV adesso)) (f (ibar (VERB guardate)) (compt (savv (ADV qua)))))) (PUNCT !)));3.60 ± 2.02;4,05096162;content
213;17;e;e;CCONJ;cc;guardate;(ROOT (fc (cp (sq (PRON Uno)) (f (ibar (PRON se) (PRON lo) (VERB mette)) (compt (sp (ADP in) (sn (NOUN tasca)))))) (PUNCT ,) (f (sq (DET l') (PRON altro)) (ibar (PRON ne) (VERB approfitta)) (compt (sp (ADP per) (sv2 (VERB scappare))))) (PUNCT ,) (f (ibar (VERB torna)) (compin (sp (ADP in) (sn (NOUN strada) (spd (ADP di) (sn (NOUN corsa))))))) (PUNCT ,) (f (ibar (VERB salta)) (compin (sp (ADP su) (sn (DET un) (NOUN tram.))))) (PUNCT -) (cp (sn (DET Un) (NOUN momento) (savv (ADV fa))) (f (ibar (AUX ero)) (compc (sn (DET un) (NUM Dieci))))) (PUNCT ,) (fp (PUNCT -) (f (ibar (VERB piange))) (PUNCT ,)) (PUNCT -) (fc (CCONJ e) (cp (savv (ADV adesso)) (f (ibar (VERB guardate)) (compt (savv (ADV qua)))))) (PUNCT !)));;2,741151583;function
214;17;adesso;adesso;ADV;advmod;guardate;(ROOT (fc (cp (sq (PRON Uno)) (f (ibar (PRON se) (PRON lo) (VERB mette)) (compt (sp (ADP in) (sn (NOUN tasca)))))) (PUNCT ,) (f (sq (DET l') (PRON altro)) (ibar (PRON ne) (VERB approfitta)) (compt (sp (ADP per) (sv2 (VERB scappare))))) (PUNCT ,) (f (ibar (VERB torna)) (compin (sp (ADP in) (sn (NOUN strada) (spd (ADP di) (sn (NOUN corsa))))))) (PUNCT ,) (f (ibar (VERB salta)) (compin (sp (ADP su) (sn (DET un) (NOUN tram.))))) (PUNCT -) (cp (sn (DET Un) (NOUN momento) (savv (ADV fa))) (f (ibar (AUX ero)) (compc (sn (DET un) (NUM Dieci))))) (PUNCT ,) (fp (PUNCT -) (f (ibar (VERB piange))) (PUNCT ,)) (PUNCT -) (fc (CCONJ e) (cp (savv (ADV adesso)) (f (ibar (VERB guardate)) (compt (savv (ADV qua)))))) (PUNCT !)));;5,836954264;content
215;17;guardate;guardare;VERB;conj;mette;(ROOT (fc (cp (sq (PRON Uno)) (f (ibar (PRON se) (PRON lo) (VERB mette)) (compt (sp (ADP in) (sn (NOUN tasca)))))) (PUNCT ,) (f (sq (DET l') (PRON altro)) (ibar (PRON ne) (VERB approfitta)) (compt (sp (ADP per) (sv2 (VERB scappare))))) (PUNCT ,) (f (ibar (VERB torna)) (compin (sp (ADP in) (sn (NOUN strada) (spd (ADP di) (sn (NOUN corsa))))))) (PUNCT ,) (f (ibar (VERB salta)) (compin (sp (ADP su) (sn (DET un) (NOUN tram.))))) (PUNCT -) (cp (sn (DET Un) (NOUN momento) (savv (ADV fa))) (f (ibar (AUX ero)) (compc (sn (DET un) (NUM Dieci))))) (PUNCT ,) (fp (PUNCT -) (f (ibar (VERB piange))) (PUNCT ,)) (PUNCT -) (fc (CCONJ e) (cp (savv (ADV adesso)) (f (ibar (VERB guardate)) (compt (savv (ADV qua)))))) (PUNCT !)));5.08 ± 1.68;4,898706243;content
216;17;qua;qua;ADV;advmod;guardate;(ROOT (fc (cp (sq (PRON Uno)) (f (ibar (PRON se) (PRON lo) (VERB mette)) (compt (sp (ADP in) (sn (NOUN tasca)))))) (PUNCT ,) (f (sq (DET l') (PRON altro)) (ibar (PRON ne) (VERB approfitta)) (compt (sp (ADP per) (sv2 (VERB scappare))))) (PUNCT ,) (f (ibar (VERB torna)) (compin (sp (ADP in) (sn (NOUN strada) (spd (ADP di) (sn (NOUN corsa))))))) (PUNCT ,) (f (ibar (VERB salta)) (compin (sp (ADP su) (sn (DET un) (NOUN tram.))))) (PUNCT -) (cp (sn (DET Un) (NOUN momento) (savv (ADV fa))) (f (ibar (AUX ero)) (compc (sn (DET un) (NUM Dieci))))) (PUNCT ,) (fp (PUNCT -) (f (ibar (VERB piange))) (PUNCT ,)) (PUNCT -) (fc (CCONJ e) (cp (savv (ADV adesso)) (f (ibar (VERB guardate)) (compt (savv (ADV qua)))))) (PUNCT !)));;5,522856403;content
217;18;un;uno;DET;det;Quattro;(ROOT (fint (f3 (sn (DET Un) (NUM Quattro))) (PUNCT !)));;7,065833912;function
218;18;quattro;quattro;NUM;root;ROOT;(ROOT (fint (f3 (sn (DET Un) (NUM Quattro))) (PUNCT !)));;5,206534435;NaN
219;19;gli;il;DET;det;scolari;(ROOT (fc (f (sn (DET Gli) (NOUN scolari)) (ibar (PRON si) (VERB scansano)) (compin (savv (ADV frettolosamente)))) (PUNCT ,) (f (ibar (ADV non) (AUX vogliono) (VERB avere)) (compc (sq (PRON niente) (sp (ADP a) (SCONJ che) (sv2 (VERB fare) (compin (sp (ADP con) (sn (PRON lui))))))))) (PUNCT .)));;6,227520191;function
220;19;scolari;scolaro;NOUN;nsubj;scansano;(ROOT (fc (f (sn (DET Gli) (NOUN scolari)) (ibar (PRON si) (VERB scansano)) (compin (savv (ADV frettolosamente)))) (PUNCT ,) (f (ibar (ADV non) (AUX vogliono) (VERB avere)) (compc (sq (PRON niente) (sp (ADP a) (SCONJ che) (sv2 (VERB fare) (compin (sp (ADP con) (sn (PRON lui))))))))) (PUNCT .)));;2,552651066;content
221;19;si;si;PRON;expl;scansano;(ROOT (fc (f (sn (DET Gli) (NOUN scolari)) (ibar (PRON si) (VERB scansano)) (compin (savv (ADV frettolosamente)))) (PUNCT ,) (f (ibar (ADV non) (AUX vogliono) (VERB avere)) (compc (sq (PRON niente) (sp (ADP a) (SCONJ che) (sv2 (VERB fare) (compin (sp (ADP con) (sn (PRON lui))))))))) (PUNCT .)));;6,553884221;function
222;19;scansano;scansare;VERB;root;ROOT;(ROOT (fc (f (sn (DET Gli) (NOUN scolari)) (ibar (PRON si) (VERB scansano)) (compin (savv (ADV frettolosamente)))) (PUNCT ,) (f (ibar (ADV non) (AUX vogliono) (VERB avere)) (compc (sq (PRON niente) (sp (ADP a) (SCONJ che) (sv2 (VERB fare) (compin (sp (ADP con) (sn (PRON lui))))))))) (PUNCT .)));;1,588863239;content
223;19;frettolosamente;frettolosamente;ADV;advmod;scansano;(ROOT (fc (f (sn (DET Gli) (NOUN scolari)) (ibar (PRON si) (VERB scansano)) (compin (savv (ADV frettolosamente)))) (PUNCT ,) (f (ibar (ADV non) (AUX vogliono) (VERB avere)) (compc (sq (PRON niente) (sp (ADP a) (SCONJ che) (sv2 (VERB fare) (compin (sp (ADP con) (sn (PRON lui))))))))) (PUNCT .)));;2,065984493;content
224;19;non;non;ADV;advmod;avere;(ROOT (fc (f (sn (DET Gli) (NOUN scolari)) (ibar (PRON si) (VERB scansano)) (compin (savv (ADV frettolosamente)))) (PUNCT ,) (f (ibar (ADV non) (AUX vogliono) (VERB avere)) (compc (sq (PRON niente) (sp (ADP a) (SCONJ che) (sv2 (VERB fare) (compin (sp (ADP con) (sn (PRON lui))))))))) (PUNCT .)));;7,259198169;content
225;19;vogliono;volere;AUX;aux;avere;(ROOT (fc (f (sn (DET Gli) (NOUN scolari)) (ibar (PRON si) (VERB scansano)) (compin (savv (ADV frettolosamente)))) (PUNCT ,) (f (ibar (ADV non) (AUX vogliono) (VERB avere)) (compc (sq (PRON niente) (sp (ADP a) (SCONJ che) (sv2 (VERB fare) (compin (sp (ADP con) (sn (PRON lui))))))))) (PUNCT .)));;5,080308981;function
226;19;avere;avere;VERB;conj;scansano;(ROOT (fc (f (sn (DET Gli) (NOUN scolari)) (ibar (PRON si) (VERB scansano)) (compin (savv (ADV frettolosamente)))) (PUNCT ,) (f (ibar (ADV non) (AUX vogliono) (VERB avere)) (compc (sq (PRON niente) (sp (ADP a) (SCONJ che) (sv2 (VERB fare) (compin (sp (ADP con) (sn (PRON lui))))))))) (PUNCT .)));;5,640625276;content
227;19;niente;niente;PRON;obj;avere;(ROOT (fc (f (sn (DET Gli) (NOUN scolari)) (ibar (PRON si) (VERB scansano)) (compin (savv (ADV frettolosamente)))) (PUNCT ,) (f (ibar (ADV non) (AUX vogliono) (VERB avere)) (compc (sq (PRON niente) (sp (ADP a) (SCONJ che) (sv2 (VERB fare) (compin (sp (ADP con) (sn (PRON lui))))))))) (PUNCT .)));;6,061505616;function
228;19;a;a;ADP;mark;fare;(ROOT (fc (f (sn (DET Gli) (NOUN scolari)) (ibar (PRON si) (VERB scansano)) (compin (savv (ADV frettolosamente)))) (PUNCT ,) (f (ibar (ADV non) (AUX vogliono) (VERB avere)) (compc (sq (PRON niente) (sp (ADP a) (SCONJ che) (sv2 (VERB fare) (compin (sp (ADP con) (sn (PRON lui))))))))) (PUNCT .)));;7,004335738;function
229;19;che;che;SCONJ;fixed;a;(ROOT (fc (f (sn (DET Gli) (NOUN scolari)) (ibar (PRON si) (VERB scansano)) (compin (savv (ADV frettolosamente)))) (PUNCT ,) (f (ibar (ADV non) (AUX vogliono) (VERB avere)) (compc (sq (PRON niente) (sp (ADP a) (SCONJ che) (sv2 (VERB fare) (compin (sp (ADP con) (sn (PRON lui))))))))) (PUNCT .)));;7,250456545;function
230;19;fare;fare;VERB;acl;niente;(ROOT (fc (f (sn (DET Gli) (NOUN scolari)) (ibar (PRON si) (VERB scansano)) (compin (savv (ADV frettolosamente)))) (PUNCT ,) (f (ibar (ADV non) (AUX vogliono) (VERB avere)) (compc (sq (PRON niente) (sp (ADP a) (SCONJ che) (sv2 (VERB fare) (compin (sp (ADP con) (sn (PRON lui))))))))) (PUNCT .)));4.40 ± 2.22;6,231286207;content
231;19;con;con;ADP;case;lui;(ROOT (fc (f (sn (DET Gli) (NOUN scolari)) (ibar (PRON si) (VERB scansano)) (compin (savv (ADV frettolosamente)))) (PUNCT ,) (f (ibar (ADV non) (AUX vogliono) (VERB avere)) (compc (sq (PRON niente) (sp (ADP a) (SCONJ che) (sv2 (VERB fare) (compin (sp (ADP con) (sn (PRON lui))))))))) (PUNCT .)));;6,620271703;function
232;19;lui;lui;PRON;obl;fare;(ROOT (fc (f (sn (DET Gli) (NOUN scolari)) (ibar (PRON si) (VERB scansano)) (compin (savv (ADV frettolosamente)))) (PUNCT ,) (f (ibar (ADV non) (AUX vogliono) (VERB avere)) (compc (sq (PRON niente) (sp (ADP a) (SCONJ che) (sv2 (VERB fare) (compin (sp (ADP con) (sn (PRON lui))))))))) (PUNCT .)));;6,077050011;function
233;20;il;il;DET;det;tranviere;(ROOT (dirsp (f (sn (DET Il) (NOUN tranviere)) (ibar (VERB borbotta))) (PUNCT :) (PUNCT -) (f (sn (sa (DET Certa)) (NOUN gente)) (ir_infl (AUX dovrebbe) (ADV almeno) (VERB avere)) (compc (sn (DET il) (sa (ADJ buon)) (NOUN senso) (sv2 (ADP di) (VERB andare) (compin (sp (ADP a) (sn (NOUN piedi) (PUNCT .))))))))));;7,039560886;function
234;20;tranviere;tranviere;NOUN;nsubj;borbotta;(ROOT (dirsp (f (sn (DET Il) (NOUN tranviere)) (ibar (VERB borbotta))) (PUNCT :) (PUNCT -) (f (sn (sa (DET Certa)) (NOUN gente)) (ir_infl (AUX dovrebbe) (ADV almeno) (VERB avere)) (compc (sn (DET il) (sa (ADJ buon)) (NOUN senso) (sv2 (ADP di) (VERB andare) (compin (sp (ADP a) (sn (NOUN piedi) (PUNCT .))))))))));;1,93128592;content
235;20;borbotta;borbottare;VERB;root;ROOT;(ROOT (dirsp (f (sn (DET Il) (NOUN tranviere)) (ibar (VERB borbotta))) (PUNCT :) (PUNCT -) (f (sn (sa (DET Certa)) (NOUN gente)) (ir_infl (AUX dovrebbe) (ADV almeno) (VERB avere)) (compc (sn (DET il) (sa (ADJ buon)) (NOUN senso) (sv2 (ADP di) (VERB andare) (compin (sp (ADP a) (sn (NOUN piedi) (PUNCT .))))))))));;2,458094958;content
236;20;certa;certo;DET;det;gente;(ROOT (dirsp (f (sn (DET Il) (NOUN tranviere)) (ibar (VERB borbotta))) (PUNCT :) (PUNCT -) (f (sn (sa (DET Certa)) (NOUN gente)) (ir_infl (AUX dovrebbe) (ADV almeno) (VERB avere)) (compc (sn (DET il) (sa (ADJ buon)) (NOUN senso) (sv2 (ADP di) (VERB andare) (compin (sp (ADP a) (sn (NOUN piedi) (PUNCT .))))))))));;4,694100839;function
237;20;gente;gente;NOUN;nsubj;avere;(ROOT (dirsp (f (sn (DET Il) (NOUN tranviere)) (ibar (VERB borbotta))) (PUNCT :) (PUNCT -) (f (sn (sa (DET Certa)) (NOUN gente)) (ir_infl (AUX dovrebbe) (ADV almeno) (VERB avere)) (compc (sn (DET il) (sa (ADJ buon)) (NOUN senso) (sv2 (ADP di) (VERB andare) (compin (sp (ADP a) (sn (NOUN piedi) (PUNCT .))))))))));5.88 ± 2.59;5,595192339;content
238;20;dovrebbe;dovere;AUX;aux;avere;(ROOT (dirsp (f (sn (DET Il) (NOUN tranviere)) (ibar (VERB borbotta))) (PUNCT :) (PUNCT -) (f (sn (sa (DET Certa)) (NOUN gente)) (ir_infl (AUX dovrebbe) (ADV almeno) (VERB avere)) (compc (sn (DET il) (sa (ADJ buon)) (NOUN senso) (sv2 (ADP di) (VERB andare) (compin (sp (ADP a) (sn (NOUN piedi) (PUNCT .))))))))));;5,326564646;function
239;20;almeno;almeno;ADV;advmod;avere;(ROOT (dirsp (f (sn (DET Il) (NOUN tranviere)) (ibar (VERB borbotta))) (PUNCT :) (PUNCT -) (f (sn (sa (DET Certa)) (NOUN gente)) (ir_infl (AUX dovrebbe) (ADV almeno) (VERB avere)) (compc (sn (DET il) (sa (ADJ buon)) (NOUN senso) (sv2 (ADP di) (VERB andare) (compin (sp (ADP a) (sn (NOUN piedi) (PUNCT .))))))))));;5,295598085;content
240;20;avere;avere;VERB;parataxis;borbotta;(ROOT (dirsp (f (sn (DET Il) (NOUN tranviere)) (ibar (VERB borbotta))) (PUNCT :) (PUNCT -) (f (sn (sa (DET Certa)) (NOUN gente)) (ir_infl (AUX dovrebbe) (ADV almeno) (VERB avere)) (compc (sn (DET il) (sa (ADJ buon)) (NOUN senso) (sv2 (ADP di) (VERB andare) (compin (sp (ADP a) (sn (NOUN piedi) (PUNCT .))))))))));;5,640625276;content
241;20;il;il;DET;det;senso;(ROOT (dirsp (f (sn (DET Il) (NOUN tranviere)) (ibar (VERB borbotta))) (PUNCT :) (PUNCT -) (f (sn (sa (DET Certa)) (NOUN gente)) (ir_infl (AUX dovrebbe) (ADV almeno) (VERB avere)) (compc (sn (DET il) (sa (ADJ buon)) (NOUN senso) (sv2 (ADP di) (VERB andare) (compin (sp (ADP a) (sn (NOUN piedi) (PUNCT .))))))))));;7,039560886;function
242;20;buon;buono;ADJ;amod;senso;(ROOT (dirsp (f (sn (DET Il) (NOUN tranviere)) (ibar (VERB borbotta))) (PUNCT :) (PUNCT -) (f (sn (sa (DET Certa)) (NOUN gente)) (ir_infl (AUX dovrebbe) (ADV almeno) (VERB avere)) (compc (sn (DET il) (sa (ADJ buon)) (NOUN senso) (sv2 (ADP di) (VERB andare) (compin (sp (ADP a) (sn (NOUN piedi) (PUNCT .))))))))));3.48 ± 1.50;5,376096942;content
243;20;senso;senso;NOUN;obj;avere;(ROOT (dirsp (f (sn (DET Il) (NOUN tranviere)) (ibar (VERB borbotta))) (PUNCT :) (PUNCT -) (f (sn (sa (DET Certa)) (NOUN gente)) (ir_infl (AUX dovrebbe) (ADV almeno) (VERB avere)) (compc (sn (DET il) (sa (ADJ buon)) (NOUN senso) (sv2 (ADP di) (VERB andare) (compin (sp (ADP a) (sn (NOUN piedi) (PUNCT .))))))))));;5,168646835;content
244;20;di;di;ADP;mark;andare;(ROOT (dirsp (f (sn (DET Il) (NOUN tranviere)) (ibar (VERB borbotta))) (PUNCT :) (PUNCT -) (f (sn (sa (DET Certa)) (NOUN gente)) (ir_infl (AUX dovrebbe) (ADV almeno) (VERB avere)) (compc (sn (DET il) (sa (ADJ buon)) (NOUN senso) (sv2 (ADP di) (VERB andare) (compin (sp (ADP a) (sn (NOUN piedi) (PUNCT .))))))))));;7,232814475;function
245;20;andare;andare;VERB;acl;senso;(ROOT (dirsp (f (sn (DET Il) (NOUN tranviere)) (ibar (VERB borbotta))) (PUNCT :) (PUNCT -) (f (sn (sa (DET Certa)) (NOUN gente)) (ir_infl (AUX dovrebbe) (ADV almeno) (VERB avere)) (compc (sn (DET il) (sa (ADJ buon)) (NOUN senso) (sv2 (ADP di) (VERB andare) (compin (sp (ADP a) (sn (NOUN piedi) (PUNCT .))))))))));4.20 ± 1.44;5,922979074;content
246;20;a;a;ADP;case;piedi;(ROOT (dirsp (f (sn (DET Il) (NOUN tranviere)) (ibar (VERB borbotta))) (PUNCT :) (PUNCT -) (f (sn (sa (DET Certa)) (NOUN gente)) (ir_infl (AUX dovrebbe) (ADV almeno) (VERB avere)) (compc (sn (DET il) (sa (ADJ buon)) (NOUN senso) (sv2 (ADP di) (VERB andare) (compin (sp (ADP a) (sn (NOUN piedi) (PUNCT .))))))))));;7,004335738;function
247;20;piedi;piede;NOUN;obl;andare;(ROOT (dirsp (f (sn (DET Il) (NOUN tranviere)) (ibar (VERB borbotta))) (PUNCT :) (PUNCT -) (f (sn (sa (DET Certa)) (NOUN gente)) (ir_infl (AUX dovrebbe) (ADV almeno) (VERB avere)) (compc (sn (DET il) (sa (ADJ buon)) (NOUN senso) (sv2 (ADP di) (VERB andare) (compin (sp (ADP a) (sn (NOUN piedi) (PUNCT .))))))))));3.16 ± 1.40;5,161641934;content
248;21;ma;ma;CCONJ;cc;colpa;(ROOT (cp (fp (PUNCT -) (fc (CCONJ Ma) (f (ibar (ADV non) (AUX è)) (compc (sn (NOUN colpa) (sa (DET mia)))))) (PUNCT !) (PUNCT -)) (f (ibar (VERB grida)) (compin (sp (ADP tra) (sn (DET i) (NOUN singhiozzi))) (sn (DET l') (sa (ADJ ex)) (PROPN Dieci) (PUNCT .))))));;6,662005813;function
249;21;non;non;ADV;advmod;colpa;(ROOT (cp (fp (PUNCT -) (fc (CCONJ Ma) (f (ibar (ADV non) (AUX è)) (compc (sn (NOUN colpa) (sa (DET mia)))))) (PUNCT !) (PUNCT -)) (f (ibar (VERB grida)) (compin (sp (ADP tra) (sn (DET i) (NOUN singhiozzi))) (sn (DET l') (sa (ADJ ex)) (PROPN Dieci) (PUNCT .))))));;7,259198169;content
250;21;è;essere;AUX;cop;colpa;(ROOT (cp (fp (PUNCT -) (fc (CCONJ Ma) (f (ibar (ADV non) (AUX è)) (compc (sn (NOUN colpa) (sa (DET mia)))))) (PUNCT !) (PUNCT -)) (f (ibar (VERB grida)) (compin (sp (ADP tra) (sn (DET i) (NOUN singhiozzi))) (sn (DET l') (sa (ADJ ex)) (PROPN Dieci) (PUNCT .))))));;7,249521761;function
251;21;colpa;colpa;NOUN;root;ROOT;(ROOT (cp (fp (PUNCT -) (fc (CCONJ Ma) (f (ibar (ADV non) (AUX è)) (compc (sn (NOUN colpa) (sa (DET mia)))))) (PUNCT !) (PUNCT -)) (f (ibar (VERB grida)) (compin (sp (ADP tra) (sn (DET i) (NOUN singhiozzi))) (sn (DET l') (sa (ADJ ex)) (PROPN Dieci) (PUNCT .))))));6.04 ± 2.23;5,29453883;content
252;21;mia;mio;DET;det:poss;colpa;(ROOT (cp (fp (PUNCT -) (fc (CCONJ Ma) (f (ibar (ADV non) (AUX è)) (compc (sn (NOUN colpa) (sa (DET mia)))))) (PUNCT !) (PUNCT -)) (f (ibar (VERB grida)) (compin (sp (ADP tra) (sn (DET i) (NOUN singhiozzi))) (sn (DET l') (sa (ADJ ex)) (PROPN Dieci) (PUNCT .))))));;6,242274517;function
253;21;grida;gridare;VERB;parataxis;colpa;(ROOT (cp (fp (PUNCT -) (fc (CCONJ Ma) (f (ibar (ADV non) (AUX è)) (compc (sn (NOUN colpa) (sa (DET mia)))))) (PUNCT !) (PUNCT -)) (f (ibar (VERB grida)) (compin (sp (ADP tra) (sn (DET i) (NOUN singhiozzi))) (sn (DET l') (sa (ADJ ex)) (PROPN Dieci) (PUNCT .))))));4.44 ± 2.08;4,058979592;content
254;21;tra;tra;ADP;case;singhiozzi;(ROOT (cp (fp (PUNCT -) (fc (CCONJ Ma) (f (ibar (ADV non) (AUX è)) (compc (sn (NOUN colpa) (sa (DET mia)))))) (PUNCT !) (PUNCT -)) (f (ibar (VERB grida)) (compin (sp (ADP tra) (sn (DET i) (NOUN singhiozzi))) (sn (DET l') (sa (ADJ ex)) (PROPN Dieci) (PUNCT .))))));;5,670548919;function
255;21;i;il;DET;det;singhiozzi;(ROOT (cp (fp (PUNCT -) (fc (CCONJ Ma) (f (ibar (ADV non) (AUX è)) (compc (sn (NOUN colpa) (sa (DET mia)))))) (PUNCT !) (PUNCT -)) (f (ibar (VERB grida)) (compin (sp (ADP tra) (sn (DET i) (NOUN singhiozzi))) (sn (DET l') (sa (ADJ ex)) (PROPN Dieci) (PUNCT .))))));;6,584780852;function
256;21;singhiozzi;singhiozzo;NOUN;obl;grida;(ROOT (cp (fp (PUNCT -) (fc (CCONJ Ma) (f (ibar (ADV non) (AUX è)) (compc (sn (NOUN colpa) (sa (DET mia)))))) (PUNCT !) (PUNCT -)) (f (ibar (VERB grida)) (compin (sp (ADP tra) (sn (DET i) (NOUN singhiozzi))) (sn (DET l') (sa (ADJ ex)) (PROPN Dieci) (PUNCT .))))));;2,446195735;content
257;21;l;il;DET;det;Dieci;(ROOT (cp (fp (PUNCT -) (fc (CCONJ Ma) (f (ibar (ADV non) (AUX è)) (compc (sn (NOUN colpa) (sa (DET mia)))))) (PUNCT !) (PUNCT -)) (f (ibar (VERB grida)) (compin (sp (ADP tra) (sn (DET i) (NOUN singhiozzi))) (sn (DET l') (sa (ADJ ex)) (PROPN Dieci) (PUNCT .))))));;6,640107629;function
258;21;ex;ex;ADJ;amod;Dieci;(ROOT (cp (fp (PUNCT -) (fc (CCONJ Ma) (f (ibar (ADV non) (AUX è)) (compc (sn (NOUN colpa) (sa (DET mia)))))) (PUNCT !) (PUNCT -)) (f (ibar (VERB grida)) (compin (sp (ADP tra) (sn (DET i) (NOUN singhiozzi))) (sn (DET l') (sa (ADJ ex)) (PROPN Dieci) (PUNCT .))))));;4,774065304;content
259;21;dieci;Dieci;PROPN;nsubj;grida;(ROOT (cp (fp (PUNCT -) (fc (CCONJ Ma) (f (ibar (ADV non) (AUX è)) (compc (sn (NOUN colpa) (sa (DET mia)))))) (PUNCT !) (PUNCT -)) (f (ibar (VERB grida)) (compin (sp (ADP tra) (sn (DET i) (NOUN singhiozzi))) (sn (DET l') (sa (ADJ ex)) (PROPN Dieci) (PUNCT .))))));;5,011288915;content
260;22;sì;sì;INTJ;discourse;colpa;(ROOT (cp (fp (PUNCT -) (cp (INTJ Sì)) (PUNCT ,)) (f (ibar (AUX è)) (compc (sn (NOUN colpa) (spd (ADP di) (sn (DET il) (NOUN gatto)))))) (PUNCT .)));;6,497825183;function
261;22;è;essere;AUX;cop;colpa;(ROOT (cp (fp (PUNCT -) (cp (INTJ Sì)) (PUNCT ,)) (f (ibar (AUX è)) (compc (sn (NOUN colpa) (spd (ADP di) (sn (DET il) (NOUN gatto)))))) (PUNCT .)));;7,249521761;function
262;22;colpa;colpa;NOUN;root;ROOT;(ROOT (cp (fp (PUNCT -) (cp (INTJ Sì)) (PUNCT ,)) (f (ibar (AUX è)) (compc (sn (NOUN colpa) (spd (ADP di) (sn (DET il) (NOUN gatto)))))) (PUNCT .)));6.04 ± 2.23;5,29453883;content
263;22;del;di;ADP;case;gatto;(ROOT (cp (fp (PUNCT -) (cp (INTJ Sì)) (PUNCT ,)) (f (ibar (AUX è)) (compc (sn (NOUN colpa) (spd (ADP di) (sn (DET il) (NOUN gatto)))))) (PUNCT .)));;6,41186379;function
264;22;gatto;gatto;NOUN;nmod;colpa;(ROOT (cp (fp (PUNCT -) (cp (INTJ Sì)) (PUNCT ,)) (f (ibar (AUX è)) (compc (sn (NOUN colpa) (spd (ADP di) (sn (DET il) (NOUN gatto)))))) (PUNCT .)));2.56 ± 1.26;4,503840711;content
265;23;dicono;dire;VERB;root;ROOT;(ROOT (f (ibar (VERB Dicono)) (compt (sq (PRON tutti)) (savv (ADV così) (PUNCT .)))));4.08 ± 1.73;5,048225566;content
266;23;tutti;tutto;PRON;nsubj;Dicono;(ROOT (f (ibar (VERB Dicono)) (compt (sq (PRON tutti)) (savv (ADV così) (PUNCT .)))));;6,110511188;function
267;23;così;così;ADV;advmod;Dicono;(ROOT (f (ibar (VERB Dicono)) (compt (sq (PRON tutti)) (savv (ADV così) (PUNCT .)))));;6,287788074;content
268;24;il;il;DET;det;Quattro;(ROOT (f (sn (DET Il) (NUM Quattro)) (ibar (VERB scende)) (compin (sp (ADP a) (sn (DET la) (ADJ prima) (NOUN fermata) (fp (PUNCT ,) (sa (ADJ rosso) (sc (ADP come) (sn (DET una) (NOUN poltrona) (sa (ADJ rossa)) (PUNCT .))))))))));;7,039560886;function
269;24;quattro;quattro;NUM;nsubj;scende;(ROOT (f (sn (DET Il) (NUM Quattro)) (ibar (VERB scende)) (compin (sp (ADP a) (sn (DET la) (ADJ prima) (NOUN fermata) (fp (PUNCT ,) (sa (ADJ rosso) (sc (ADP come) (sn (DET una) (NOUN poltrona) (sa (ADJ rossa)) (PUNCT .))))))))));;5,206534435;NaN
270;24;scende;scendere;VERB;root;ROOT;(ROOT (f (sn (DET Il) (NUM Quattro)) (ibar (VERB scende)) (compin (sp (ADP a) (sn (DET la) (ADJ prima) (NOUN fermata) (fp (PUNCT ,) (sa (ADJ rosso) (sc (ADP come) (sn (DET una) (NOUN poltrona) (sa (ADJ rossa)) (PUNCT .))))))))));4.76 ± 2.26;3,849411611;content
271;24;alla;a;ADP;case;fermata;(ROOT (f (sn (DET Il) (NUM Quattro)) (ibar (VERB scende)) (compin (sp (ADP a) (sn (DET la) (ADJ prima) (NOUN fermata) (fp (PUNCT ,) (sa (ADJ rosso) (sc (ADP come) (sn (DET una) (NOUN poltrona) (sa (ADJ rossa)) (PUNCT .))))))))));;6,135386161;function
272;24;prima;primo;ADJ;amod;fermata;(ROOT (f (sn (DET Il) (NUM Quattro)) (ibar (VERB scende)) (compin (sp (ADP a) (sn (DET la) (ADJ prima) (NOUN fermata) (fp (PUNCT ,) (sa (ADJ rosso) (sc (ADP come) (sn (DET una) (NOUN poltrona) (sa (ADJ rossa)) (PUNCT .))))))))));;6,042129583;content
273;24;fermata;fermata;NOUN;obl;scende;(ROOT (f (sn (DET Il) (NUM Quattro)) (ibar (VERB scende)) (compin (sp (ADP a) (sn (DET la) (ADJ prima) (NOUN fermata) (fp (PUNCT ,) (sa (ADJ rosso) (sc (ADP come) (sn (DET una) (NOUN poltrona) (sa (ADJ rossa)) (PUNCT .))))))))));;4,221118015;content
274;24;rosso;rosso;ADJ;amod;fermata;(ROOT (f (sn (DET Il) (NUM Quattro)) (ibar (VERB scende)) (compin (sp (ADP a) (sn (DET la) (ADJ prima) (NOUN fermata) (fp (PUNCT ,) (sa (ADJ rosso) (sc (ADP come) (sn (DET una) (NOUN poltrona) (sa (ADJ rossa)) (PUNCT .))))))))));3.12 ± 1.36;4,705072364;content
275;24;come;come;ADP;case;poltrona;(ROOT (f (sn (DET Il) (NUM Quattro)) (ibar (VERB scende)) (compin (sp (ADP a) (sn (DET la) (ADJ prima) (NOUN fermata) (fp (PUNCT ,) (sa (ADJ rosso) (sc (ADP come) (sn (DET una) (NOUN poltrona) (sa (ADJ rossa)) (PUNCT .))))))))));;6,562704781;function
276;24;una;uno;DET;det;poltrona;(ROOT (f (sn (DET Il) (NUM Quattro)) (ibar (VERB scende)) (compin (sp (ADP a) (sn (DET la) (ADJ prima) (NOUN fermata) (fp (PUNCT ,) (sa (ADJ rosso) (sc (ADP come) (sn (DET una) (NOUN poltrona) (sa (ADJ rossa)) (PUNCT .))))))))));;6,801817508;function
277;24;poltrona;poltrona;NOUN;obl;rosso;(ROOT (f (sn (DET Il) (NUM Quattro)) (ibar (VERB scende)) (compin (sp (ADP a) (sn (DET la) (ADJ prima) (NOUN fermata) (fp (PUNCT ,) (sa (ADJ rosso) (sc (ADP come) (sn (DET una) (NOUN poltrona) (sa (ADJ rossa)) (PUNCT .))))))))));4.08 ± 1.78;3,778634195;content
278;24;rossa;rosso;ADJ;amod;poltrona;(ROOT (f (sn (DET Il) (NUM Quattro)) (ibar (VERB scende)) (compin (sp (ADP a) (sn (DET la) (ADJ prima) (NOUN fermata) (fp (PUNCT ,) (sa (ADJ rosso) (sc (ADP come) (sn (DET una) (NOUN poltrona) (sa (ADJ rossa)) (PUNCT .))))))))));3.12 ± 1.36;4,418809935;content
279;25;ahi;Ahi;INTJ;discourse;fatta;(ROOT (dirsp (cp (sn (INTJ Ahi)) (PUNCT ,) (f (ibar (PRON ne) (AUX ha) (VERB fatta)) (compt (sq (DET un') (PRON altra) (sc (ADP di) (sn (DET le) (DET sue))))))) (PUNCT :) (f (ibar (AUX ha) (VERB schiacciato)) (compt (sn (DET i) (NOUN piedi)) (sp (ADP a) (sq (PRON qualcuno) (PUNCT .)))))));;4,154947023;function
280;25;ne;ne;PRON;iobj;fatta;(ROOT (dirsp (cp (sn (INTJ Ahi)) (PUNCT ,) (f (ibar (PRON ne) (AUX ha) (VERB fatta)) (compt (sq (DET un') (PRON altra) (sc (ADP di) (sn (DET le) (DET sue))))))) (PUNCT :) (f (ibar (AUX ha) (VERB schiacciato)) (compt (sn (DET i) (NOUN piedi)) (sp (ADP a) (sq (PRON qualcuno) (PUNCT .)))))));;6,201935117;function
281;25;ha;avere;AUX;aux;fatta;(ROOT (dirsp (cp (sn (INTJ Ahi)) (PUNCT ,) (f (ibar (PRON ne) (AUX ha) (VERB fatta)) (compt (sq (DET un') (PRON altra) (sc (ADP di) (sn (DET le) (DET sue))))))) (PUNCT :) (f (ibar (AUX ha) (VERB schiacciato)) (compt (sn (DET i) (NOUN piedi)) (sp (ADP a) (sq (PRON qualcuno) (PUNCT .)))))));;6,684018637;function
282;25;fatta;fare;VERB;root;ROOT;(ROOT (dirsp (cp (sn (INTJ Ahi)) (PUNCT ,) (f (ibar (PRON ne) (AUX ha) (VERB fatta)) (compt (sq (DET un') (PRON altra) (sc (ADP di) (sn (DET le) (DET sue))))))) (PUNCT :) (f (ibar (AUX ha) (VERB schiacciato)) (compt (sn (DET i) (NOUN piedi)) (sp (ADP a) (sq (PRON qualcuno) (PUNCT .)))))));4.40 ± 2.22;5,238100711;content
283;25;un;uno;DET;det;altra;(ROOT (dirsp (cp (sn (INTJ Ahi)) (PUNCT ,) (f (ibar (PRON ne) (AUX ha) (VERB fatta)) (compt (sq (DET un') (PRON altra) (sc (ADP di) (sn (DET le) (DET sue))))))) (PUNCT :) (f (ibar (AUX ha) (VERB schiacciato)) (compt (sn (DET i) (NOUN piedi)) (sp (ADP a) (sq (PRON qualcuno) (PUNCT .)))))));;7,065833912;function
284;25;altra;altro;PRON;obj;fatta;(ROOT (dirsp (cp (sn (INTJ Ahi)) (PUNCT ,) (f (ibar (PRON ne) (AUX ha) (VERB fatta)) (compt (sq (DET un') (PRON altra) (sc (ADP di) (sn (DET le) (DET sue))))))) (PUNCT :) (f (ibar (AUX ha) (VERB schiacciato)) (compt (sn (DET i) (NOUN piedi)) (sp (ADP a) (sq (PRON qualcuno) (PUNCT .)))))));;5,649409994;function
285;25;delle;di;ADP;case;sue;(ROOT (dirsp (cp (sn (INTJ Ahi)) (PUNCT ,) (f (ibar (PRON ne) (AUX ha) (VERB fatta)) (compt (sq (DET un') (PRON altra) (sc (ADP di) (sn (DET le) (DET sue))))))) (PUNCT :) (f (ibar (AUX ha) (VERB schiacciato)) (compt (sn (DET i) (NOUN piedi)) (sp (ADP a) (sq (PRON qualcuno) (PUNCT .)))))));;5,949172583;function
286;25;sue;suo;DET;nmod;altra;(ROOT (dirsp (cp (sn (INTJ Ahi)) (PUNCT ,) (f (ibar (PRON ne) (AUX ha) (VERB fatta)) (compt (sq (DET un') (PRON altra) (sc (ADP di) (sn (DET le) (DET sue))))))) (PUNCT :) (f (ibar (AUX ha) (VERB schiacciato)) (compt (sn (DET i) (NOUN piedi)) (sp (ADP a) (sq (PRON qualcuno) (PUNCT .)))))));;5,298082303;function
287;25;ha;avere;AUX;aux;schiacciato;(ROOT (dirsp (cp (sn (INTJ Ahi)) (PUNCT ,) (f (ibar (PRON ne) (AUX ha) (VERB fatta)) (compt (sq (DET un') (PRON altra) (sc (ADP di) (sn (DET le) (DET sue))))))) (PUNCT :) (f (ibar (AUX ha) (VERB schiacciato)) (compt (sn (DET i) (NOUN piedi)) (sp (ADP a) (sq (PRON qualcuno) (PUNCT .)))))));;6,684018637;function
288;25;schiacciato;schiacciare;VERB;parataxis;fatta;(ROOT (dirsp (cp (sn (INTJ Ahi)) (PUNCT ,) (f (ibar (PRON ne) (AUX ha) (VERB fatta)) (compt (sq (DET un') (PRON altra) (sc (ADP di) (sn (DET le) (DET sue))))))) (PUNCT :) (f (ibar (AUX ha) (VERB schiacciato)) (compt (sn (DET i) (NOUN piedi)) (sp (ADP a) (sq (PRON qualcuno) (PUNCT .)))))));;3,574738596;content
289;25;i;il;DET;det;piedi;(ROOT (dirsp (cp (sn (INTJ Ahi)) (PUNCT ,) (f (ibar (PRON ne) (AUX ha) (VERB fatta)) (compt (sq (DET un') (PRON altra) (sc (ADP di) (sn (DET le) (DET sue))))))) (PUNCT :) (f (ibar (AUX ha) (VERB schiacciato)) (compt (sn (DET i) (NOUN piedi)) (sp (ADP a) (sq (PRON qualcuno) (PUNCT .)))))));;6,584780852;function
290;25;piedi;piede;NOUN;obj;schiacciato;(ROOT (dirsp (cp (sn (INTJ Ahi)) (PUNCT ,) (f (ibar (PRON ne) (AUX ha) (VERB fatta)) (compt (sq (DET un') (PRON altra) (sc (ADP di) (sn (DET le) (DET sue))))))) (PUNCT :) (f (ibar (AUX ha) (VERB schiacciato)) (compt (sn (DET i) (NOUN piedi)) (sp (ADP a) (sq (PRON qualcuno) (PUNCT .)))))));3.16 ± 1.40;5,161641934;content
291;25;a;a;ADP;case;qualcuno;(ROOT (dirsp (cp (sn (INTJ Ahi)) (PUNCT ,) (f (ibar (PRON ne) (AUX ha) (VERB fatta)) (compt (sq (DET un') (PRON altra) (sc (ADP di) (sn (DET le) (DET sue))))))) (PUNCT :) (f (ibar (AUX ha) (VERB schiacciato)) (compt (sn (DET i) (NOUN piedi)) (sp (ADP a) (sq (PRON qualcuno) (PUNCT .)))))));;7,004335738;function
292;25;qualcuno;qualcuno;PRON;obl;schiacciato;(ROOT (dirsp (cp (sn (INTJ Ahi)) (PUNCT ,) (f (ibar (PRON ne) (AUX ha) (VERB fatta)) (compt (sq (DET un') (PRON altra) (sc (ADP di) (sn (DET le) (DET sue))))))) (PUNCT :) (f (ibar (AUX ha) (VERB schiacciato)) (compt (sn (DET i) (NOUN piedi)) (sp (ADP a) (sq (PRON qualcuno) (PUNCT .)))))));;5,830633781;function
293;26;scusi;scusare;VERB;root;ROOT;(ROOT (cp_int (dirsp (PUNCT -) (f (ibar (VERB Scusi))) (PUNCT ,) (f (ibar (VERB scusi)) (compin (savv (ADV tanto)))) (PUNCT ,) (f3 (sn (NOUN signora)))) (PUNCT !)));;5,321948103;content
294;26;scusi;scusare;VERB;conj;Scusi;(ROOT (cp_int (dirsp (PUNCT -) (f (ibar (VERB Scusi))) (PUNCT ,) (f (ibar (VERB scusi)) (compin (savv (ADV tanto)))) (PUNCT ,) (f3 (sn (NOUN signora)))) (PUNCT !)));;5,321948103;content
295;26;tanto;tanto;ADV;advmod;scusi;(ROOT (cp_int (dirsp (PUNCT -) (f (ibar (VERB Scusi))) (PUNCT ,) (f (ibar (VERB scusi)) (compin (savv (ADV tanto)))) (PUNCT ,) (f3 (sn (NOUN signora)))) (PUNCT !)));;5,656885745;content
296;26;signora;signore;NOUN;vocative;Scusi;(ROOT (cp_int (dirsp (PUNCT -) (f (ibar (VERB Scusi))) (PUNCT ,) (f (ibar (VERB scusi)) (compin (savv (ADV tanto)))) (PUNCT ,) (f3 (sn (NOUN signora)))) (PUNCT !)));5.16 ± 1.55;5,543221545;content
297;27;ma;ma;CCONJ;cc;arrabbiata;(ROOT (fc (CCONJ Ma) (f (sn (DET la) (NOUN Signora)) (ibar (ADV non) (PRON si) (AUX è) (VERB arrabbiata))) (fp (PUNCT ,) (ADV anzi) (PUNCT ,)) (f (ibar (VERB sorride))) (PUNCT .)));;6,662005813;function
298;27;la;il;DET;det;Signora;(ROOT (fc (CCONJ Ma) (f (sn (DET la) (NOUN Signora)) (ibar (ADV non) (PRON si) (AUX è) (VERB arrabbiata))) (fp (PUNCT ,) (ADV anzi) (PUNCT ,)) (f (ibar (VERB sorride))) (PUNCT .)));;7,055331658;function
299;27;signora;signore;NOUN;nsubj;arrabbiata;(ROOT (fc (CCONJ Ma) (f (sn (DET la) (NOUN Signora)) (ibar (ADV non) (PRON si) (AUX è) (VERB arrabbiata))) (fp (PUNCT ,) (ADV anzi) (PUNCT ,)) (f (ibar (VERB sorride))) (PUNCT .)));5.16 ± 1.55;5,543221545;content
300;27;non;non;ADV;advmod;arrabbiata;(ROOT (fc (CCONJ Ma) (f (sn (DET la) (NOUN Signora)) (ibar (ADV non) (PRON si) (AUX è) (VERB arrabbiata))) (fp (PUNCT ,) (ADV anzi) (PUNCT ,)) (f (ibar (VERB sorride))) (PUNCT .)));;7,259198169;content
301;27;si;si;PRON;expl;arrabbiata;(ROOT (fc (CCONJ Ma) (f (sn (DET la) (NOUN Signora)) (ibar (ADV non) (PRON si) (AUX è) (VERB arrabbiata))) (fp (PUNCT ,) (ADV anzi) (PUNCT ,)) (f (ibar (VERB sorride))) (PUNCT .)));;6,553884221;function
302;27;è;essere;AUX;aux;arrabbiata;(ROOT (fc (CCONJ Ma) (f (sn (DET la) (NOUN Signora)) (ibar (ADV non) (PRON si) (AUX è) (VERB arrabbiata))) (fp (PUNCT ,) (ADV anzi) (PUNCT ,)) (f (ibar (VERB sorride))) (PUNCT .)));;7,249521761;function
303;27;arrabbiata;arrabbiato;VERB;root;ROOT;(ROOT (fc (CCONJ Ma) (f (sn (DET la) (NOUN Signora)) (ibar (ADV non) (PRON si) (AUX è) (VERB arrabbiata))) (fp (PUNCT ,) (ADV anzi) (PUNCT ,)) (f (ibar (VERB sorride))) (PUNCT .)));5.04 ± 2.35;4,521438462;content
304;27;anzi;anzi;ADV;advmod;sorride;(ROOT (fc (CCONJ Ma) (f (sn (DET la) (NOUN Signora)) (ibar (ADV non) (PRON si) (AUX è) (VERB arrabbiata))) (fp (PUNCT ,) (ADV anzi) (PUNCT ,)) (f (ibar (VERB sorride))) (PUNCT .)));;4,520422806;content
305;27;sorride;sorridere;VERB;conj;arrabbiata;(ROOT (fc (CCONJ Ma) (f (sn (DET la) (NOUN Signora)) (ibar (ADV non) (PRON si) (AUX è) (VERB arrabbiata))) (fp (PUNCT ,) (ADV anzi) (PUNCT ,)) (f (ibar (VERB sorride))) (PUNCT .)));;3,570228748;content
306;28;guarda;guardare;VERB;root;ROOT;(ROOT (fc (f (ibar (VERB Guarda))) (PUNCT ,) (f (ibar (VERB guarda))) (PUNCT ,) (f (ibar (VERB guarda))) (PUNCT ,) (f (ibar (AUX è)) (compc (savv (ADV nientemeno) (SCONJ che) (sn (DET la) (PROPN Moltiplicazione))))) (PUNCT !)));5.08 ± 1.68;5,589175818;content
307;28;guarda;guardare;VERB;conj;Guarda;(ROOT (fc (f (ibar (VERB Guarda))) (PUNCT ,) (f (ibar (VERB guarda))) (PUNCT ,) (f (ibar (VERB guarda))) (PUNCT ,) (f (ibar (AUX è)) (compc (savv (ADV nientemeno) (SCONJ che) (sn (DET la) (PROPN Moltiplicazione))))) (PUNCT !)));5.08 ± 1.68;5,589175818;content
308;28;guarda;guardare;VERB;conj;Guarda;(ROOT (fc (f (ibar (VERB Guarda))) (PUNCT ,) (f (ibar (VERB guarda))) (PUNCT ,) (f (ibar (VERB guarda))) (PUNCT ,) (f (ibar (AUX è)) (compc (savv (ADV nientemeno) (SCONJ che) (sn (DET la) (PROPN Moltiplicazione))))) (PUNCT !)));5.08 ± 1.68;5,589175818;content
309;28;è;essere;AUX;cop;nientemeno;(ROOT (fc (f (ibar (VERB Guarda))) (PUNCT ,) (f (ibar (VERB guarda))) (PUNCT ,) (f (ibar (VERB guarda))) (PUNCT ,) (f (ibar (AUX è)) (compc (savv (ADV nientemeno) (SCONJ che) (sn (DET la) (PROPN Moltiplicazione))))) (PUNCT !)));;7,249521761;function
310;28;nientemeno;nientemeno;ADV;parataxis;Guarda;(ROOT (fc (f (ibar (VERB Guarda))) (PUNCT ,) (f (ibar (VERB guarda))) (PUNCT ,) (f (ibar (VERB guarda))) (PUNCT ,) (f (ibar (AUX è)) (compc (savv (ADV nientemeno) (SCONJ che) (sn (DET la) (PROPN Moltiplicazione))))) (PUNCT !)));;2,803707087;content
311;28;che;che;SCONJ;mark;Moltiplicazione;(ROOT (fc (f (ibar (VERB Guarda))) (PUNCT ,) (f (ibar (VERB guarda))) (PUNCT ,) (f (ibar (VERB guarda))) (PUNCT ,) (f (ibar (AUX è)) (compc (savv (ADV nientemeno) (SCONJ che) (sn (DET la) (PROPN Moltiplicazione))))) (PUNCT !)));;7,250456545;function
312;28;la;il;DET;det;Moltiplicazione;(ROOT (fc (f (ibar (VERB Guarda))) (PUNCT ,) (f (ibar (VERB guarda))) (PUNCT ,) (f (ibar (VERB guarda))) (PUNCT ,) (f (ibar (AUX è)) (compc (savv (ADV nientemeno) (SCONJ che) (sn (DET la) (PROPN Moltiplicazione))))) (PUNCT !)));;7,055331658;function
313;28;moltiplicazione;Moltiplicazione;PROPN;nsubj;nientemeno;(ROOT (fc (f (ibar (VERB Guarda))) (PUNCT ,) (f (ibar (VERB guarda))) (PUNCT ,) (f (ibar (VERB guarda))) (PUNCT ,) (f (ibar (AUX è)) (compc (savv (ADV nientemeno) (SCONJ che) (sn (DET la) (PROPN Moltiplicazione))))) (PUNCT !)));;2,552651066;content
314;29;ha;avere;VERB;root;ROOT;(ROOT (dirsp (fc (f (ibar (VERB Ha)) (compc (sn (DET un) (NOUN cuore) (sa (ADJ grosso))) (savv (ADV così)))) (PUNCT ,) (sn (PRON lei)) (PUNCT ,) (CCONJ e) (f (ibar (ADV non) (AUX può) (VERB sopportare)) (compt (sn (DET la) (NOUN vista) (spd (ADP di) (sn (DET le) (NOUN persone) (sa (ADJ infelici)))))))) (PUNCT :) (fc (f (sn (NOUN seduta) (sa (ADJ stante))) (ibar (VERB moltiplica)) (compt (sn (DET il) (NUM Quattro)) (sp (ADP per) (sn (NUM tre))))) (PUNCT ,) (CCONJ ed) (cp (ADV ecco) (f3 (sn (DET un) (sa (ADJ magnifico)) (NUM Dodici) (PUNCT ,) (sa (ADJ pronto) (sp (ADP per) (sv2 (VERB contare) (compt (sn (DET un') (sa (ADJ intera)) (NOUN dozzina) (spd (ADP d') (sn (NOUN uova) (PUNCT .))))))))))))));;6,684018637;content
315;29;un;uno;DET;det;cuore;(ROOT (dirsp (fc (f (ibar (VERB Ha)) (compc (sn (DET un) (NOUN cuore) (sa (ADJ grosso))) (savv (ADV così)))) (PUNCT ,) (sn (PRON lei)) (PUNCT ,) (CCONJ e) (f (ibar (ADV non) (AUX può) (VERB sopportare)) (compt (sn (DET la) (NOUN vista) (spd (ADP di) (sn (DET le) (NOUN persone) (sa (ADJ infelici)))))))) (PUNCT :) (fc (f (sn (NOUN seduta) (sa (ADJ stante))) (ibar (VERB moltiplica)) (compt (sn (DET il) (NUM Quattro)) (sp (ADP per) (sn (NUM tre))))) (PUNCT ,) (CCONJ ed) (cp (ADV ecco) (f3 (sn (DET un) (sa (ADJ magnifico)) (NUM Dodici) (PUNCT ,) (sa (ADJ pronto) (sp (ADP per) (sv2 (VERB contare) (compt (sn (DET un') (sa (ADJ intera)) (NOUN dozzina) (spd (ADP d') (sn (NOUN uova) (PUNCT .))))))))))))));;7,065833912;function
316;29;cuore;cuore;NOUN;obj;Ha;(ROOT (dirsp (fc (f (ibar (VERB Ha)) (compc (sn (DET un) (NOUN cuore) (sa (ADJ grosso))) (savv (ADV così)))) (PUNCT ,) (sn (PRON lei)) (PUNCT ,) (CCONJ e) (f (ibar (ADV non) (AUX può) (VERB sopportare)) (compt (sn (DET la) (NOUN vista) (spd (ADP di) (sn (DET le) (NOUN persone) (sa (ADJ infelici)))))))) (PUNCT :) (fc (f (sn (NOUN seduta) (sa (ADJ stante))) (ibar (VERB moltiplica)) (compt (sn (DET il) (NUM Quattro)) (sp (ADP per) (sn (NUM tre))))) (PUNCT ,) (CCONJ ed) (cp (ADV ecco) (f3 (sn (DET un) (sa (ADJ magnifico)) (NUM Dodici) (PUNCT ,) (sa (ADJ pronto) (sp (ADP per) (sv2 (VERB contare) (compt (sn (DET un') (sa (ADJ intera)) (NOUN dozzina) (spd (ADP d') (sn (NOUN uova) (PUNCT .))))))))))))));3.80 ± 1.35;5,265885873;content
317;29;grosso;grosso;ADJ;amod;cuore;(ROOT (dirsp (fc (f (ibar (VERB Ha)) (compc (sn (DET un) (NOUN cuore) (sa (ADJ grosso))) (savv (ADV così)))) (PUNCT ,) (sn (PRON lei)) (PUNCT ,) (CCONJ e) (f (ibar (ADV non) (AUX può) (VERB sopportare)) (compt (sn (DET la) (NOUN vista) (spd (ADP di) (sn (DET le) (NOUN persone) (sa (ADJ infelici)))))))) (PUNCT :) (fc (f (sn (NOUN seduta) (sa (ADJ stante))) (ibar (VERB moltiplica)) (compt (sn (DET il) (NUM Quattro)) (sp (ADP per) (sn (NUM tre))))) (PUNCT ,) (CCONJ ed) (cp (ADV ecco) (f3 (sn (DET un) (sa (ADJ magnifico)) (NUM Dodici) (PUNCT ,) (sa (ADJ pronto) (sp (ADP per) (sv2 (VERB contare) (compt (sn (DET un') (sa (ADJ intera)) (NOUN dozzina) (spd (ADP d') (sn (NOUN uova) (PUNCT .))))))))))))));;4,872797352;content
318;29;così;così;ADV;advmod;Ha;(ROOT (dirsp (fc (f (ibar (VERB Ha)) (compc (sn (DET un) (NOUN cuore) (sa (ADJ grosso))) (savv (ADV così)))) (PUNCT ,) (sn (PRON lei)) (PUNCT ,) (CCONJ e) (f (ibar (ADV non) (AUX può) (VERB sopportare)) (compt (sn (DET la) (NOUN vista) (spd (ADP di) (sn (DET le) (NOUN persone) (sa (ADJ infelici)))))))) (PUNCT :) (fc (f (sn (NOUN seduta) (sa (ADJ stante))) (ibar (VERB moltiplica)) (compt (sn (DET il) (NUM Quattro)) (sp (ADP per) (sn (NUM tre))))) (PUNCT ,) (CCONJ ed) (cp (ADV ecco) (f3 (sn (DET un) (sa (ADJ magnifico)) (NUM Dodici) (PUNCT ,) (sa (ADJ pronto) (sp (ADP per) (sv2 (VERB contare) (compt (sn (DET un') (sa (ADJ intera)) (NOUN dozzina) (spd (ADP d') (sn (NOUN uova) (PUNCT .))))))))))))));;6,287788074;content
319;29;lei;lei;PRON;nsubj;Ha;(ROOT (dirsp (fc (f (ibar (VERB Ha)) (compc (sn (DET un) (NOUN cuore) (sa (ADJ grosso))) (savv (ADV così)))) (PUNCT ,) (sn (PRON lei)) (PUNCT ,) (CCONJ e) (f (ibar (ADV non) (AUX può) (VERB sopportare)) (compt (sn (DET la) (NOUN vista) (spd (ADP di) (sn (DET le) (NOUN persone) (sa (ADJ infelici)))))))) (PUNCT :) (fc (f (sn (NOUN seduta) (sa (ADJ stante))) (ibar (VERB moltiplica)) (compt (sn (DET il) (NUM Quattro)) (sp (ADP per) (sn (NUM tre))))) (PUNCT ,) (CCONJ ed) (cp (ADV ecco) (f3 (sn (DET un) (sa (ADJ magnifico)) (NUM Dodici) (PUNCT ,) (sa (ADJ pronto) (sp (ADP per) (sv2 (VERB contare) (compt (sn (DET un') (sa (ADJ intera)) (NOUN dozzina) (spd (ADP d') (sn (NOUN uova) (PUNCT .))))))))))))));;6,235566848;function
320;29;e;e;CCONJ;cc;sopportare;(ROOT (dirsp (fc (f (ibar (VERB Ha)) (compc (sn (DET un) (NOUN cuore) (sa (ADJ grosso))) (savv (ADV così)))) (PUNCT ,) (sn (PRON lei)) (PUNCT ,) (CCONJ e) (f (ibar (ADV non) (AUX può) (VERB sopportare)) (compt (sn (DET la) (NOUN vista) (spd (ADP di) (sn (DET le) (NOUN persone) (sa (ADJ infelici)))))))) (PUNCT :) (fc (f (sn (NOUN seduta) (sa (ADJ stante))) (ibar (VERB moltiplica)) (compt (sn (DET il) (NUM Quattro)) (sp (ADP per) (sn (NUM tre))))) (PUNCT ,) (CCONJ ed) (cp (ADV ecco) (f3 (sn (DET un) (sa (ADJ magnifico)) (NUM Dodici) (PUNCT ,) (sa (ADJ pronto) (sp (ADP per) (sv2 (VERB contare) (compt (sn (DET un') (sa (ADJ intera)) (NOUN dozzina) (spd (ADP d') (sn (NOUN uova) (PUNCT .))))))))))))));;2,741151583;function
321;29;non;non;ADV;advmod;sopportare;(ROOT (dirsp (fc (f (ibar (VERB Ha)) (compc (sn (DET un) (NOUN cuore) (sa (ADJ grosso))) (savv (ADV così)))) (PUNCT ,) (sn (PRON lei)) (PUNCT ,) (CCONJ e) (f (ibar (ADV non) (AUX può) (VERB sopportare)) (compt (sn (DET la) (NOUN vista) (spd (ADP di) (sn (DET le) (NOUN persone) (sa (ADJ infelici)))))))) (PUNCT :) (fc (f (sn (NOUN seduta) (sa (ADJ stante))) (ibar (VERB moltiplica)) (compt (sn (DET il) (NUM Quattro)) (sp (ADP per) (sn (NUM tre))))) (PUNCT ,) (CCONJ ed) (cp (ADV ecco) (f3 (sn (DET un) (sa (ADJ magnifico)) (NUM Dodici) (PUNCT ,) (sa (ADJ pronto) (sp (ADP per) (sv2 (VERB contare) (compt (sn (DET un') (sa (ADJ intera)) (NOUN dozzina) (spd (ADP d') (sn (NOUN uova) (PUNCT .))))))))))))));;7,259198169;content
322;29;può;potere;AUX;aux;sopportare;(ROOT (dirsp (fc (f (ibar (VERB Ha)) (compc (sn (DET un) (NOUN cuore) (sa (ADJ grosso))) (savv (ADV così)))) (PUNCT ,) (sn (PRON lei)) (PUNCT ,) (CCONJ e) (f (ibar (ADV non) (AUX può) (VERB sopportare)) (compt (sn (DET la) (NOUN vista) (spd (ADP di) (sn (DET le) (NOUN persone) (sa (ADJ infelici)))))))) (PUNCT :) (fc (f (sn (NOUN seduta) (sa (ADJ stante))) (ibar (VERB moltiplica)) (compt (sn (DET il) (NUM Quattro)) (sp (ADP per) (sn (NUM tre))))) (PUNCT ,) (CCONJ ed) (cp (ADV ecco) (f3 (sn (DET un) (sa (ADJ magnifico)) (NUM Dodici) (PUNCT ,) (sa (ADJ pronto) (sp (ADP per) (sv2 (VERB contare) (compt (sn (DET un') (sa (ADJ intera)) (NOUN dozzina) (spd (ADP d') (sn (NOUN uova) (PUNCT .))))))))))))));;5,884100369;function
323;29;sopportare;sopportare;VERB;conj;Ha;(ROOT (dirsp (fc (f (ibar (VERB Ha)) (compc (sn (DET un) (NOUN cuore) (sa (ADJ grosso))) (savv (ADV così)))) (PUNCT ,) (sn (PRON lei)) (PUNCT ,) (CCONJ e) (f (ibar (ADV non) (AUX può) (VERB sopportare)) (compt (sn (DET la) (NOUN vista) (spd (ADP di) (sn (DET le) (NOUN persone) (sa (ADJ infelici)))))))) (PUNCT :) (fc (f (sn (NOUN seduta) (sa (ADJ stante))) (ibar (VERB moltiplica)) (compt (sn (DET il) (NUM Quattro)) (sp (ADP per) (sn (NUM tre))))) (PUNCT ,) (CCONJ ed) (cp (ADV ecco) (f3 (sn (DET un) (sa (ADJ magnifico)) (NUM Dodici) (PUNCT ,) (sa (ADJ pronto) (sp (ADP per) (sv2 (VERB contare) (compt (sn (DET un') (sa (ADJ intera)) (NOUN dozzina) (spd (ADP d') (sn (NOUN uova) (PUNCT .))))))))))))));;4,303528232;content
324;29;la;il;DET;det;vista;(ROOT (dirsp (fc (f (ibar (VERB Ha)) (compc (sn (DET un) (NOUN cuore) (sa (ADJ grosso))) (savv (ADV così)))) (PUNCT ,) (sn (PRON lei)) (PUNCT ,) (CCONJ e) (f (ibar (ADV non) (AUX può) (VERB sopportare)) (compt (sn (DET la) (NOUN vista) (spd (ADP di) (sn (DET le) (NOUN persone) (sa (ADJ infelici)))))))) (PUNCT :) (fc (f (sn (NOUN seduta) (sa (ADJ stante))) (ibar (VERB moltiplica)) (compt (sn (DET il) (NUM Quattro)) (sp (ADP per) (sn (NUM tre))))) (PUNCT ,) (CCONJ ed) (cp (ADV ecco) (f3 (sn (DET un) (sa (ADJ magnifico)) (NUM Dodici) (PUNCT ,) (sa (ADJ pronto) (sp (ADP per) (sv2 (VERB contare) (compt (sn (DET un') (sa (ADJ intera)) (NOUN dozzina) (spd (ADP d') (sn (NOUN uova) (PUNCT .))))))))))))));;7,055331658;function
325;29;vista;vista;NOUN;obj;sopportare;(ROOT (dirsp (fc (f (ibar (VERB Ha)) (compc (sn (DET un) (NOUN cuore) (sa (ADJ grosso))) (savv (ADV così)))) (PUNCT ,) (sn (PRON lei)) (PUNCT ,) (CCONJ e) (f (ibar (ADV non) (AUX può) (VERB sopportare)) (compt (sn (DET la) (NOUN vista) (spd (ADP di) (sn (DET le) (NOUN persone) (sa (ADJ infelici)))))))) (PUNCT :) (fc (f (sn (NOUN seduta) (sa (ADJ stante))) (ibar (VERB moltiplica)) (compt (sn (DET il) (NUM Quattro)) (sp (ADP per) (sn (NUM tre))))) (PUNCT ,) (CCONJ ed) (cp (ADV ecco) (f3 (sn (DET un) (sa (ADJ magnifico)) (NUM Dodici) (PUNCT ,) (sa (ADJ pronto) (sp (ADP per) (sv2 (VERB contare) (compt (sn (DET un') (sa (ADJ intera)) (NOUN dozzina) (spd (ADP d') (sn (NOUN uova) (PUNCT .))))))))))))));4.12 ± 1.94;5,163611947;content
326;29;delle;di;ADP;case;persone;(ROOT (dirsp (fc (f (ibar (VERB Ha)) (compc (sn (DET un) (NOUN cuore) (sa (ADJ grosso))) (savv (ADV così)))) (PUNCT ,) (sn (PRON lei)) (PUNCT ,) (CCONJ e) (f (ibar (ADV non) (AUX può) (VERB sopportare)) (compt (sn (DET la) (NOUN vista) (spd (ADP di) (sn (DET le) (NOUN persone) (sa (ADJ infelici)))))))) (PUNCT :) (fc (f (sn (NOUN seduta) (sa (ADJ stante))) (ibar (VERB moltiplica)) (compt (sn (DET il) (NUM Quattro)) (sp (ADP per) (sn (NUM tre))))) (PUNCT ,) (CCONJ ed) (cp (ADV ecco) (f3 (sn (DET un) (sa (ADJ magnifico)) (NUM Dodici) (PUNCT ,) (sa (ADJ pronto) (sp (ADP per) (sv2 (VERB contare) (compt (sn (DET un') (sa (ADJ intera)) (NOUN dozzina) (spd (ADP d') (sn (NOUN uova) (PUNCT .))))))))))))));;5,949172583;function
327;29;persone;persona;NOUN;nmod;vista;(ROOT (dirsp (fc (f (ibar (VERB Ha)) (compc (sn (DET un) (NOUN cuore) (sa (ADJ grosso))) (savv (ADV così)))) (PUNCT ,) (sn (PRON lei)) (PUNCT ,) (CCONJ e) (f (ibar (ADV non) (AUX può) (VERB sopportare)) (compt (sn (DET la) (NOUN vista) (spd (ADP di) (sn (DET le) (NOUN persone) (sa (ADJ infelici)))))))) (PUNCT :) (fc (f (sn (NOUN seduta) (sa (ADJ stante))) (ibar (VERB moltiplica)) (compt (sn (DET il) (NUM Quattro)) (sp (ADP per) (sn (NUM tre))))) (PUNCT ,) (CCONJ ed) (cp (ADV ecco) (f3 (sn (DET un) (sa (ADJ magnifico)) (NUM Dodici) (PUNCT ,) (sa (ADJ pronto) (sp (ADP per) (sv2 (VERB contare) (compt (sn (DET un') (sa (ADJ intera)) (NOUN dozzina) (spd (ADP d') (sn (NOUN uova) (PUNCT .))))))))))))));3.52 ± 1.26;5,586048595;content
328;29;infelici;infelice;ADJ;amod;persone;(ROOT (dirsp (fc (f (ibar (VERB Ha)) (compc (sn (DET un) (NOUN cuore) (sa (ADJ grosso))) (savv (ADV così)))) (PUNCT ,) (sn (PRON lei)) (PUNCT ,) (CCONJ e) (f (ibar (ADV non) (AUX può) (VERB sopportare)) (compt (sn (DET la) (NOUN vista) (spd (ADP di) (sn (DET le) (NOUN persone) (sa (ADJ infelici)))))))) (PUNCT :) (fc (f (sn (NOUN seduta) (sa (ADJ stante))) (ibar (VERB moltiplica)) (compt (sn (DET il) (NUM Quattro)) (sp (ADP per) (sn (NUM tre))))) (PUNCT ,) (CCONJ ed) (cp (ADV ecco) (f3 (sn (DET un) (sa (ADJ magnifico)) (NUM Dodici) (PUNCT ,) (sa (ADJ pronto) (sp (ADP per) (sv2 (VERB contare) (compt (sn (DET un') (sa (ADJ intera)) (NOUN dozzina) (spd (ADP d') (sn (NOUN uova) (PUNCT .))))))))))))));6.28 ± 2.23;3,404440987;content
329;29;seduta;seduta;NOUN;nsubj;moltiplica;(ROOT (dirsp (fc (f (ibar (VERB Ha)) (compc (sn (DET un) (NOUN cuore) (sa (ADJ grosso))) (savv (ADV così)))) (PUNCT ,) (sn (PRON lei)) (PUNCT ,) (CCONJ e) (f (ibar (ADV non) (AUX può) (VERB sopportare)) (compt (sn (DET la) (NOUN vista) (spd (ADP di) (sn (DET le) (NOUN persone) (sa (ADJ infelici)))))))) (PUNCT :) (fc (f (sn (NOUN seduta) (sa (ADJ stante))) (ibar (VERB moltiplica)) (compt (sn (DET il) (NUM Quattro)) (sp (ADP per) (sn (NUM tre))))) (PUNCT ,) (CCONJ ed) (cp (ADV ecco) (f3 (sn (DET un) (sa (ADJ magnifico)) (NUM Dodici) (PUNCT ,) (sa (ADJ pronto) (sp (ADP per) (sv2 (VERB contare) (compt (sn (DET un') (sa (ADJ intera)) (NOUN dozzina) (spd (ADP d') (sn (NOUN uova) (PUNCT .))))))))))))));;4,479396031;content
330;29;stante;stante;ADJ;amod;seduta;(ROOT (dirsp (fc (f (ibar (VERB Ha)) (compc (sn (DET un) (NOUN cuore) (sa (ADJ grosso))) (savv (ADV così)))) (PUNCT ,) (sn (PRON lei)) (PUNCT ,) (CCONJ e) (f (ibar (ADV non) (AUX può) (VERB sopportare)) (compt (sn (DET la) (NOUN vista) (spd (ADP di) (sn (DET le) (NOUN persone) (sa (ADJ infelici)))))))) (PUNCT :) (fc (f (sn (NOUN seduta) (sa (ADJ stante))) (ibar (VERB moltiplica)) (compt (sn (DET il) (NUM Quattro)) (sp (ADP per) (sn (NUM tre))))) (PUNCT ,) (CCONJ ed) (cp (ADV ecco) (f3 (sn (DET un) (sa (ADJ magnifico)) (NUM Dodici) (PUNCT ,) (sa (ADJ pronto) (sp (ADP per) (sv2 (VERB contare) (compt (sn (DET un') (sa (ADJ intera)) (NOUN dozzina) (spd (ADP d') (sn (NOUN uova) (PUNCT .))))))))))))));;2,872164467;content
331;29;moltiplica;moltiplicare;VERB;parataxis;Ha;(ROOT (dirsp (fc (f (ibar (VERB Ha)) (compc (sn (DET un) (NOUN cuore) (sa (ADJ grosso))) (savv (ADV così)))) (PUNCT ,) (sn (PRON lei)) (PUNCT ,) (CCONJ e) (f (ibar (ADV non) (AUX può) (VERB sopportare)) (compt (sn (DET la) (NOUN vista) (spd (ADP di) (sn (DET le) (NOUN persone) (sa (ADJ infelici)))))))) (PUNCT :) (fc (f (sn (NOUN seduta) (sa (ADJ stante))) (ibar (VERB moltiplica)) (compt (sn (DET il) (NUM Quattro)) (sp (ADP per) (sn (NUM tre))))) (PUNCT ,) (CCONJ ed) (cp (ADV ecco) (f3 (sn (DET un) (sa (ADJ magnifico)) (NUM Dodici) (PUNCT ,) (sa (ADJ pronto) (sp (ADP per) (sv2 (VERB contare) (compt (sn (DET un') (sa (ADJ intera)) (NOUN dozzina) (spd (ADP d') (sn (NOUN uova) (PUNCT .))))))))))))));;2,561991092;content
332;29;il;il;DET;det;Quattro;(ROOT (dirsp (fc (f (ibar (VERB Ha)) (compc (sn (DET un) (NOUN cuore) (sa (ADJ grosso))) (savv (ADV così)))) (PUNCT ,) (sn (PRON lei)) (PUNCT ,) (CCONJ e) (f (ibar (ADV non) (AUX può) (VERB sopportare)) (compt (sn (DET la) (NOUN vista) (spd (ADP di) (sn (DET le) (NOUN persone) (sa (ADJ infelici)))))))) (PUNCT :) (fc (f (sn (NOUN seduta) (sa (ADJ stante))) (ibar (VERB moltiplica)) (compt (sn (DET il) (NUM Quattro)) (sp (ADP per) (sn (NUM tre))))) (PUNCT ,) (CCONJ ed) (cp (ADV ecco) (f3 (sn (DET un) (sa (ADJ magnifico)) (NUM Dodici) (PUNCT ,) (sa (ADJ pronto) (sp (ADP per) (sv2 (VERB contare) (compt (sn (DET un') (sa (ADJ intera)) (NOUN dozzina) (spd (ADP d') (sn (NOUN uova) (PUNCT .))))))))))))));;7,039560886;function
333;29;quattro;quattro;NUM;obj;moltiplica;(ROOT (dirsp (fc (f (ibar (VERB Ha)) (compc (sn (DET un) (NOUN cuore) (sa (ADJ grosso))) (savv (ADV così)))) (PUNCT ,) (sn (PRON lei)) (PUNCT ,) (CCONJ e) (f (ibar (ADV non) (AUX può) (VERB sopportare)) (compt (sn (DET la) (NOUN vista) (spd (ADP di) (sn (DET le) (NOUN persone) (sa (ADJ infelici)))))))) (PUNCT :) (fc (f (sn (NOUN seduta) (sa (ADJ stante))) (ibar (VERB moltiplica)) (compt (sn (DET il) (NUM Quattro)) (sp (ADP per) (sn (NUM tre))))) (PUNCT ,) (CCONJ ed) (cp (ADV ecco) (f3 (sn (DET un) (sa (ADJ magnifico)) (NUM Dodici) (PUNCT ,) (sa (ADJ pronto) (sp (ADP per) (sv2 (VERB contare) (compt (sn (DET un') (sa (ADJ intera)) (NOUN dozzina) (spd (ADP d') (sn (NOUN uova) (PUNCT .))))))))))))));;5,206534435;NaN
334;29;per;per;ADP;case;tre;(ROOT (dirsp (fc (f (ibar (VERB Ha)) (compc (sn (DET un) (NOUN cuore) (sa (ADJ grosso))) (savv (ADV così)))) (PUNCT ,) (sn (PRON lei)) (PUNCT ,) (CCONJ e) (f (ibar (ADV non) (AUX può) (VERB sopportare)) (compt (sn (DET la) (NOUN vista) (spd (ADP di) (sn (DET le) (NOUN persone) (sa (ADJ infelici)))))))) (PUNCT :) (fc (f (sn (NOUN seduta) (sa (ADJ stante))) (ibar (VERB moltiplica)) (compt (sn (DET il) (NUM Quattro)) (sp (ADP per) (sn (NUM tre))))) (PUNCT ,) (CCONJ ed) (cp (ADV ecco) (f3 (sn (DET un) (sa (ADJ magnifico)) (NUM Dodici) (PUNCT ,) (sa (ADJ pronto) (sp (ADP per) (sv2 (VERB contare) (compt (sn (DET un') (sa (ADJ intera)) (NOUN dozzina) (spd (ADP d') (sn (NOUN uova) (PUNCT .))))))))))))));;6,912435835;function
335;29;tre;tre;NUM;nummod;Quattro;(ROOT (dirsp (fc (f (ibar (VERB Ha)) (compc (sn (DET un) (NOUN cuore) (sa (ADJ grosso))) (savv (ADV così)))) (PUNCT ,) (sn (PRON lei)) (PUNCT ,) (CCONJ e) (f (ibar (ADV non) (AUX può) (VERB sopportare)) (compt (sn (DET la) (NOUN vista) (spd (ADP di) (sn (DET le) (NOUN persone) (sa (ADJ infelici)))))))) (PUNCT :) (fc (f (sn (NOUN seduta) (sa (ADJ stante))) (ibar (VERB moltiplica)) (compt (sn (DET il) (NUM Quattro)) (sp (ADP per) (sn (NUM tre))))) (PUNCT ,) (CCONJ ed) (cp (ADV ecco) (f3 (sn (DET un) (sa (ADJ magnifico)) (NUM Dodici) (PUNCT ,) (sa (ADJ pronto) (sp (ADP per) (sv2 (VERB contare) (compt (sn (DET un') (sa (ADJ intera)) (NOUN dozzina) (spd (ADP d') (sn (NOUN uova) (PUNCT .))))))))))))));;5,607871462;NaN
336;29;ed;e;CCONJ;cc;Dodici;(ROOT (dirsp (fc (f (ibar (VERB Ha)) (compc (sn (DET un) (NOUN cuore) (sa (ADJ grosso))) (savv (ADV così)))) (PUNCT ,) (sn (PRON lei)) (PUNCT ,) (CCONJ e) (f (ibar (ADV non) (AUX può) (VERB sopportare)) (compt (sn (DET la) (NOUN vista) (spd (ADP di) (sn (DET le) (NOUN persone) (sa (ADJ infelici)))))))) (PUNCT :) (fc (f (sn (NOUN seduta) (sa (ADJ stante))) (ibar (VERB moltiplica)) (compt (sn (DET il) (NUM Quattro)) (sp (ADP per) (sn (NUM tre))))) (PUNCT ,) (CCONJ ed) (cp (ADV ecco) (f3 (sn (DET un) (sa (ADJ magnifico)) (NUM Dodici) (PUNCT ,) (sa (ADJ pronto) (sp (ADP per) (sv2 (VERB contare) (compt (sn (DET un') (sa (ADJ intera)) (NOUN dozzina) (spd (ADP d') (sn (NOUN uova) (PUNCT .))))))))))))));;5,795365296;function
337;29;ecco;ecco;ADV;advmod;Dodici;(ROOT (dirsp (fc (f (ibar (VERB Ha)) (compc (sn (DET un) (NOUN cuore) (sa (ADJ grosso))) (savv (ADV così)))) (PUNCT ,) (sn (PRON lei)) (PUNCT ,) (CCONJ e) (f (ibar (ADV non) (AUX può) (VERB sopportare)) (compt (sn (DET la) (NOUN vista) (spd (ADP di) (sn (DET le) (NOUN persone) (sa (ADJ infelici)))))))) (PUNCT :) (fc (f (sn (NOUN seduta) (sa (ADJ stante))) (ibar (VERB moltiplica)) (compt (sn (DET il) (NUM Quattro)) (sp (ADP per) (sn (NUM tre))))) (PUNCT ,) (CCONJ ed) (cp (ADV ecco) (f3 (sn (DET un) (sa (ADJ magnifico)) (NUM Dodici) (PUNCT ,) (sa (ADJ pronto) (sp (ADP per) (sv2 (VERB contare) (compt (sn (DET un') (sa (ADJ intera)) (NOUN dozzina) (spd (ADP d') (sn (NOUN uova) (PUNCT .))))))))))))));;5,695815269;content
338;29;un;uno;DET;det;Dodici;(ROOT (dirsp (fc (f (ibar (VERB Ha)) (compc (sn (DET un) (NOUN cuore) (sa (ADJ grosso))) (savv (ADV così)))) (PUNCT ,) (sn (PRON lei)) (PUNCT ,) (CCONJ e) (f (ibar (ADV non) (AUX può) (VERB sopportare)) (compt (sn (DET la) (NOUN vista) (spd (ADP di) (sn (DET le) (NOUN persone) (sa (ADJ infelici)))))))) (PUNCT :) (fc (f (sn (NOUN seduta) (sa (ADJ stante))) (ibar (VERB moltiplica)) (compt (sn (DET il) (NUM Quattro)) (sp (ADP per) (sn (NUM tre))))) (PUNCT ,) (CCONJ ed) (cp (ADV ecco) (f3 (sn (DET un) (sa (ADJ magnifico)) (NUM Dodici) (PUNCT ,) (sa (ADJ pronto) (sp (ADP per) (sv2 (VERB contare) (compt (sn (DET un') (sa (ADJ intera)) (NOUN dozzina) (spd (ADP d') (sn (NOUN uova) (PUNCT .))))))))))))));;7,065833912;function
339;29;magnifico;magnifico;ADJ;amod;Dodici;(ROOT (dirsp (fc (f (ibar (VERB Ha)) (compc (sn (DET un) (NOUN cuore) (sa (ADJ grosso))) (savv (ADV così)))) (PUNCT ,) (sn (PRON lei)) (PUNCT ,) (CCONJ e) (f (ibar (ADV non) (AUX può) (VERB sopportare)) (compt (sn (DET la) (NOUN vista) (spd (ADP di) (sn (DET le) (NOUN persone) (sa (ADJ infelici)))))))) (PUNCT :) (fc (f (sn (NOUN seduta) (sa (ADJ stante))) (ibar (VERB moltiplica)) (compt (sn (DET il) (NUM Quattro)) (sp (ADP per) (sn (NUM tre))))) (PUNCT ,) (CCONJ ed) (cp (ADV ecco) (f3 (sn (DET un) (sa (ADJ magnifico)) (NUM Dodici) (PUNCT ,) (sa (ADJ pronto) (sp (ADP per) (sv2 (VERB contare) (compt (sn (DET un') (sa (ADJ intera)) (NOUN dozzina) (spd (ADP d') (sn (NOUN uova) (PUNCT .))))))))))))));6.44 ± 2.20;4,521844061;content
340;29;dodici;dodici;NUM;conj;moltiplica;(ROOT (dirsp (fc (f (ibar (VERB Ha)) (compc (sn (DET un) (NOUN cuore) (sa (ADJ grosso))) (savv (ADV così)))) (PUNCT ,) (sn (PRON lei)) (PUNCT ,) (CCONJ e) (f (ibar (ADV non) (AUX può) (VERB sopportare)) (compt (sn (DET la) (NOUN vista) (spd (ADP di) (sn (DET le) (NOUN persone) (sa (ADJ infelici)))))))) (PUNCT :) (fc (f (sn (NOUN seduta) (sa (ADJ stante))) (ibar (VERB moltiplica)) (compt (sn (DET il) (NUM Quattro)) (sp (ADP per) (sn (NUM tre))))) (PUNCT ,) (CCONJ ed) (cp (ADV ecco) (f3 (sn (DET un) (sa (ADJ magnifico)) (NUM Dodici) (PUNCT ,) (sa (ADJ pronto) (sp (ADP per) (sv2 (VERB contare) (compt (sn (DET un') (sa (ADJ intera)) (NOUN dozzina) (spd (ADP d') (sn (NOUN uova) (PUNCT .))))))))))))));;4,2285489;NaN
341;29;pronto;pronto;ADJ;amod;Dodici;(ROOT (dirsp (fc (f (ibar (VERB Ha)) (compc (sn (DET un) (NOUN cuore) (sa (ADJ grosso))) (savv (ADV così)))) (PUNCT ,) (sn (PRON lei)) (PUNCT ,) (CCONJ e) (f (ibar (ADV non) (AUX può) (VERB sopportare)) (compt (sn (DET la) (NOUN vista) (spd (ADP di) (sn (DET le) (NOUN persone) (sa (ADJ infelici)))))))) (PUNCT :) (fc (f (sn (NOUN seduta) (sa (ADJ stante))) (ibar (VERB moltiplica)) (compt (sn (DET il) (NUM Quattro)) (sp (ADP per) (sn (NUM tre))))) (PUNCT ,) (CCONJ ed) (cp (ADV ecco) (f3 (sn (DET un) (sa (ADJ magnifico)) (NUM Dodici) (PUNCT ,) (sa (ADJ pronto) (sp (ADP per) (sv2 (VERB contare) (compt (sn (DET un') (sa (ADJ intera)) (NOUN dozzina) (spd (ADP d') (sn (NOUN uova) (PUNCT .))))))))))))));;5,462393089;content
342;29;per;per;ADP;mark;contare;(ROOT (dirsp (fc (f (ibar (VERB Ha)) (compc (sn (DET un) (NOUN cuore) (sa (ADJ grosso))) (savv (ADV così)))) (PUNCT ,) (sn (PRON lei)) (PUNCT ,) (CCONJ e) (f (ibar (ADV non) (AUX può) (VERB sopportare)) (compt (sn (DET la) (NOUN vista) (spd (ADP di) (sn (DET le) (NOUN persone) (sa (ADJ infelici)))))))) (PUNCT :) (fc (f (sn (NOUN seduta) (sa (ADJ stante))) (ibar (VERB moltiplica)) (compt (sn (DET il) (NUM Quattro)) (sp (ADP per) (sn (NUM tre))))) (PUNCT ,) (CCONJ ed) (cp (ADV ecco) (f3 (sn (DET un) (sa (ADJ magnifico)) (NUM Dodici) (PUNCT ,) (sa (ADJ pronto) (sp (ADP per) (sv2 (VERB contare) (compt (sn (DET un') (sa (ADJ intera)) (NOUN dozzina) (spd (ADP d') (sn (NOUN uova) (PUNCT .))))))))))))));;6,912435835;function
343;29;contare;contare;VERB;advcl;pronto;(ROOT (dirsp (fc (f (ibar (VERB Ha)) (compc (sn (DET un) (NOUN cuore) (sa (ADJ grosso))) (savv (ADV così)))) (PUNCT ,) (sn (PRON lei)) (PUNCT ,) (CCONJ e) (f (ibar (ADV non) (AUX può) (VERB sopportare)) (compt (sn (DET la) (NOUN vista) (spd (ADP di) (sn (DET le) (NOUN persone) (sa (ADJ infelici)))))))) (PUNCT :) (fc (f (sn (NOUN seduta) (sa (ADJ stante))) (ibar (VERB moltiplica)) (compt (sn (DET il) (NUM Quattro)) (sp (ADP per) (sn (NUM tre))))) (PUNCT ,) (CCONJ ed) (cp (ADV ecco) (f3 (sn (DET un) (sa (ADJ magnifico)) (NUM Dodici) (PUNCT ,) (sa (ADJ pronto) (sp (ADP per) (sv2 (VERB contare) (compt (sn (DET un') (sa (ADJ intera)) (NOUN dozzina) (spd (ADP d') (sn (NOUN uova) (PUNCT .))))))))))))));;4,397344295;content
344;29;un;uno;DET;det;dozzina;(ROOT (dirsp (fc (f (ibar (VERB Ha)) (compc (sn (DET un) (NOUN cuore) (sa (ADJ grosso))) (savv (ADV così)))) (PUNCT ,) (sn (PRON lei)) (PUNCT ,) (CCONJ e) (f (ibar (ADV non) (AUX può) (VERB sopportare)) (compt (sn (DET la) (NOUN vista) (spd (ADP di) (sn (DET le) (NOUN persone) (sa (ADJ infelici)))))))) (PUNCT :) (fc (f (sn (NOUN seduta) (sa (ADJ stante))) (ibar (VERB moltiplica)) (compt (sn (DET il) (NUM Quattro)) (sp (ADP per) (sn (NUM tre))))) (PUNCT ,) (CCONJ ed) (cp (ADV ecco) (f3 (sn (DET un) (sa (ADJ magnifico)) (NUM Dodici) (PUNCT ,) (sa (ADJ pronto) (sp (ADP per) (sv2 (VERB contare) (compt (sn (DET un') (sa (ADJ intera)) (NOUN dozzina) (spd (ADP d') (sn (NOUN uova) (PUNCT .))))))))))))));;7,065833912;function
345;29;intera;intero;ADJ;amod;dozzina;(ROOT (dirsp (fc (f (ibar (VERB Ha)) (compc (sn (DET un) (NOUN cuore) (sa (ADJ grosso))) (savv (ADV così)))) (PUNCT ,) (sn (PRON lei)) (PUNCT ,) (CCONJ e) (f (ibar (ADV non) (AUX può) (VERB sopportare)) (compt (sn (DET la) (NOUN vista) (spd (ADP di) (sn (DET le) (NOUN persone) (sa (ADJ infelici)))))))) (PUNCT :) (fc (f (sn (NOUN seduta) (sa (ADJ stante))) (ibar (VERB moltiplica)) (compt (sn (DET il) (NUM Quattro)) (sp (ADP per) (sn (NUM tre))))) (PUNCT ,) (CCONJ ed) (cp (ADV ecco) (f3 (sn (DET un) (sa (ADJ magnifico)) (NUM Dodici) (PUNCT ,) (sa (ADJ pronto) (sp (ADP per) (sv2 (VERB contare) (compt (sn (DET un') (sa (ADJ intera)) (NOUN dozzina) (spd (ADP d') (sn (NOUN uova) (PUNCT .))))))))))))));;4,678697727;content
346;29;dozzina;dozzina;NOUN;obj;contare;(ROOT (dirsp (fc (f (ibar (VERB Ha)) (compc (sn (DET un) (NOUN cuore) (sa (ADJ grosso))) (savv (ADV così)))) (PUNCT ,) (sn (PRON lei)) (PUNCT ,) (CCONJ e) (f (ibar (ADV non) (AUX può) (VERB sopportare)) (compt (sn (DET la) (NOUN vista) (spd (ADP di) (sn (DET le) (NOUN persone) (sa (ADJ infelici)))))))) (PUNCT :) (fc (f (sn (NOUN seduta) (sa (ADJ stante))) (ibar (VERB moltiplica)) (compt (sn (DET il) (NUM Quattro)) (sp (ADP per) (sn (NUM tre))))) (PUNCT ,) (CCONJ ed) (cp (ADV ecco) (f3 (sn (DET un) (sa (ADJ magnifico)) (NUM Dodici) (PUNCT ,) (sa (ADJ pronto) (sp (ADP per) (sv2 (VERB contare) (compt (sn (DET un') (sa (ADJ intera)) (NOUN dozzina) (spd (ADP d') (sn (NOUN uova) (PUNCT .))))))))))))));;4,071165006;content
347;29;d;di;ADP;case;uova;(ROOT (dirsp (fc (f (ibar (VERB Ha)) (compc (sn (DET un) (NOUN cuore) (sa (ADJ grosso))) (savv (ADV così)))) (PUNCT ,) (sn (PRON lei)) (PUNCT ,) (CCONJ e) (f (ibar (ADV non) (AUX può) (VERB sopportare)) (compt (sn (DET la) (NOUN vista) (spd (ADP di) (sn (DET le) (NOUN persone) (sa (ADJ infelici)))))))) (PUNCT :) (fc (f (sn (NOUN seduta) (sa (ADJ stante))) (ibar (VERB moltiplica)) (compt (sn (DET il) (NUM Quattro)) (sp (ADP per) (sn (NUM tre))))) (PUNCT ,) (CCONJ ed) (cp (ADV ecco) (f3 (sn (DET un) (sa (ADJ magnifico)) (NUM Dodici) (PUNCT ,) (sa (ADJ pronto) (sp (ADP per) (sv2 (VERB contare) (compt (sn (DET un') (sa (ADJ intera)) (NOUN dozzina) (spd (ADP d') (sn (NOUN uova) (PUNCT .))))))))))))));;5,87641417;function
348;29;uova;uovo;NOUN;nmod;dozzina;(ROOT (dirsp (fc (f (ibar (VERB Ha)) (compc (sn (DET un) (NOUN cuore) (sa (ADJ grosso))) (savv (ADV così)))) (PUNCT ,) (sn (PRON lei)) (PUNCT ,) (CCONJ e) (f (ibar (ADV non) (AUX può) (VERB sopportare)) (compt (sn (DET la) (NOUN vista) (spd (ADP di) (sn (DET le) (NOUN persone) (sa (ADJ infelici)))))))) (PUNCT :) (fc (f (sn (NOUN seduta) (sa (ADJ stante))) (ibar (VERB moltiplica)) (compt (sn (DET il) (NUM Quattro)) (sp (ADP per) (sn (NUM tre))))) (PUNCT ,) (CCONJ ed) (cp (ADV ecco) (f3 (sn (DET un) (sa (ADJ magnifico)) (NUM Dodici) (PUNCT ,) (sa (ADJ pronto) (sp (ADP per) (sv2 (VERB contare) (compt (sn (DET un') (sa (ADJ intera)) (NOUN dozzina) (spd (ADP d') (sn (NOUN uova) (PUNCT .))))))))))))));4.52 ± 1.45;4,40827555;content
349;30;evviva;evvivare;VERB;root;ROOT;(ROOT (cp (fp (PUNCT -) (f (ibar (VERB Evviva))) (PUNCT ,) (fp (PUNCT -) (f (ibar (VERB grida)) (compt (sn (DET il) (NUM Dodici)))) (PUNCT ,)) (PUNCT -)) (f (ibar (AUX sono) (VERB promosso))) (PUNCT !)));;4,036950905;content
350;30;grida;gridare;VERB;parataxis;Evviva;(ROOT (cp (fp (PUNCT -) (f (ibar (VERB Evviva))) (PUNCT ,) (fp (PUNCT -) (f (ibar (VERB grida)) (compt (sn (DET il) (NUM Dodici)))) (PUNCT ,)) (PUNCT -)) (f (ibar (AUX sono) (VERB promosso))) (PUNCT !)));4.44 ± 2.08;4,058979592;content
351;30;il;il;DET;det;Dodici;(ROOT (cp (fp (PUNCT -) (f (ibar (VERB Evviva))) (PUNCT ,) (fp (PUNCT -) (f (ibar (VERB grida)) (compt (sn (DET il) (NUM Dodici)))) (PUNCT ,)) (PUNCT -)) (f (ibar (AUX sono) (VERB promosso))) (PUNCT !)));;7,039560886;function
352;30;dodici;dodici;NUM;nsubj;grida;(ROOT (cp (fp (PUNCT -) (f (ibar (VERB Evviva))) (PUNCT ,) (fp (PUNCT -) (f (ibar (VERB grida)) (compt (sn (DET il) (NUM Dodici)))) (PUNCT ,)) (PUNCT -)) (f (ibar (AUX sono) (VERB promosso))) (PUNCT !)));;4,2285489;NaN
353;30;sono;essere;AUX;aux;promosso;(ROOT (cp (fp (PUNCT -) (f (ibar (VERB Evviva))) (PUNCT ,) (fp (PUNCT -) (f (ibar (VERB grida)) (compt (sn (DET il) (NUM Dodici)))) (PUNCT ,)) (PUNCT -)) (f (ibar (AUX sono) (VERB promosso))) (PUNCT !)));;6,768130002;function
354;30;promosso;promuovere;VERB;parataxis;Evviva;(ROOT (cp (fp (PUNCT -) (f (ibar (VERB Evviva))) (PUNCT ,) (fp (PUNCT -) (f (ibar (VERB grida)) (compt (sn (DET il) (NUM Dodici)))) (PUNCT ,)) (PUNCT -)) (f (ibar (AUX sono) (VERB promosso))) (PUNCT !)));;3,704806416;content
355;31;promosso;promuovere;VERB;root;ROOT;(ROOT (f3 (sv3 (VERB Promosso) (comppas (sn (ADV più) (NUM due) (PUNCT .))))));;3,704806416;content
356;31;più;più;ADV;advmod;due;(ROOT (f3 (sv3 (VERB Promosso) (comppas (sn (ADV più) (NUM due) (PUNCT .))))));;6,382555861;content
357;31;due;due;NUM;nummod;Promosso;(ROOT (f3 (sv3 (VERB Promosso) (comppas (sn (ADV più) (NUM due) (PUNCT .))))));;5,996192947;NaN
