token_id;sentence_ids;tokens_no_punct;lemma_no_punct;PoS;depparse;head;constituency;AoA(m+sd);Zipf_freq;type_of_words
1;0;il;il;DET;det;ciuccio;(ROOT (f3 (sn (DET Il) (NOUN ciuccio) (spd (ADP di) (sn (PROPN Nina) (PUNCT .))))));;7,039560886;function
2;0;ciuccio;ciuccio;NOUN;root;ROOT;(ROOT (f3 (sn (DET Il) (NOUN ciuccio) (spd (ADP di) (sn (PROPN Nina) (PUNCT .))))));2.96 ± 1.57;2,858376183;content
3;0;di;di;ADP;case;Nina;(ROOT (f3 (sn (DET Il) (NOUN ciuccio) (spd (ADP di) (sn (PROPN Nina) (PUNCT .))))));;7,232814475;function
4;0;nina;Nina;PROPN;nmod;ciuccio;(ROOT (f3 (sn (DET Il) (NOUN ciuccio) (spd (ADP di) (sn (PROPN Nina) (PUNCT .))))));;1,668044485;content
5;1;quando;quando;SCONJ;mark;smetterai;(ROOT (dirsp (PUNCT “) (fs (SCONJ Quando) (f (ir_infl (VERB smetterai)) (compt (sv2 (ADP di) (VERB tenere) (compt (savv (ADV sempre)) (sn (sa (DET quel)) (NOUN ciuccio))))))) (PUNCT ?) (PUNCT ”) (fp (PUNCT ,) (f (ibar (VERB chiede)) (compt (sn (DET la) (NOUN mamma)) (sp (ADP a) (sn (PROPN Nina) (PUNCT .))))))));;6,212844009;function
6;1;smetterai;smettere;VERB;root;ROOT;(ROOT (dirsp (PUNCT “) (fs (SCONJ Quando) (f (ir_infl (VERB smetterai)) (compt (sv2 (ADP di) (VERB tenere) (compt (savv (ADV sempre)) (sn (sa (DET quel)) (NOUN ciuccio))))))) (PUNCT ?) (PUNCT ”) (fp (PUNCT ,) (f (ibar (VERB chiede)) (compt (sn (DET la) (NOUN mamma)) (sp (ADP a) (sn (PROPN Nina) (PUNCT .))))))));;3,447400436;content
7;1;di;di;ADP;mark;tenere;(ROOT (dirsp (PUNCT “) (fs (SCONJ Quando) (f (ir_infl (VERB smetterai)) (compt (sv2 (ADP di) (VERB tenere) (compt (savv (ADV sempre)) (sn (sa (DET quel)) (NOUN ciuccio))))))) (PUNCT ?) (PUNCT ”) (fp (PUNCT ,) (f (ibar (VERB chiede)) (compt (sn (DET la) (NOUN mamma)) (sp (ADP a) (sn (PROPN Nina) (PUNCT .))))))));;7,232814475;function
8;1;tenere;tenere;VERB;xcomp;smetterai;(ROOT (dirsp (PUNCT “) (fs (SCONJ Quando) (f (ir_infl (VERB smetterai)) (compt (sv2 (ADP di) (VERB tenere) (compt (savv (ADV sempre)) (sn (sa (DET quel)) (NOUN ciuccio))))))) (PUNCT ?) (PUNCT ”) (fp (PUNCT ,) (f (ibar (VERB chiede)) (compt (sn (DET la) (NOUN mamma)) (sp (ADP a) (sn (PROPN Nina) (PUNCT .))))))));4.40 ± 1.89;4,891020935;content
9;1;sempre;sempre;ADV;advmod;tenere;(ROOT (dirsp (PUNCT “) (fs (SCONJ Quando) (f (ir_infl (VERB smetterai)) (compt (sv2 (ADP di) (VERB tenere) (compt (savv (ADV sempre)) (sn (sa (DET quel)) (NOUN ciuccio))))))) (PUNCT ?) (PUNCT ”) (fp (PUNCT ,) (f (ibar (VERB chiede)) (compt (sn (DET la) (NOUN mamma)) (sp (ADP a) (sn (PROPN Nina) (PUNCT .))))))));;5,921350175;content
10;1;quel;quello;DET;det;ciuccio;(ROOT (dirsp (PUNCT “) (fs (SCONJ Quando) (f (ir_infl (VERB smetterai)) (compt (sv2 (ADP di) (VERB tenere) (compt (savv (ADV sempre)) (sn (sa (DET quel)) (NOUN ciuccio))))))) (PUNCT ?) (PUNCT ”) (fp (PUNCT ,) (f (ibar (VERB chiede)) (compt (sn (DET la) (NOUN mamma)) (sp (ADP a) (sn (PROPN Nina) (PUNCT .))))))));;5,90824416;function
11;1;ciuccio;ciuccio;NOUN;obj;tenere;(ROOT (dirsp (PUNCT “) (fs (SCONJ Quando) (f (ir_infl (VERB smetterai)) (compt (sv2 (ADP di) (VERB tenere) (compt (savv (ADV sempre)) (sn (sa (DET quel)) (NOUN ciuccio))))))) (PUNCT ?) (PUNCT ”) (fp (PUNCT ,) (f (ibar (VERB chiede)) (compt (sn (DET la) (NOUN mamma)) (sp (ADP a) (sn (PROPN Nina) (PUNCT .))))))));2.96 ± 1.57;2,858376183;content
12;1;chiede;chiedere;VERB;parataxis;smetterai;(ROOT (dirsp (PUNCT “) (fs (SCONJ Quando) (f (ir_infl (VERB smetterai)) (compt (sv2 (ADP di) (VERB tenere) (compt (savv (ADV sempre)) (sn (sa (DET quel)) (NOUN ciuccio))))))) (PUNCT ?) (PUNCT ”) (fp (PUNCT ,) (f (ibar (VERB chiede)) (compt (sn (DET la) (NOUN mamma)) (sp (ADP a) (sn (PROPN Nina) (PUNCT .))))))));;4,493578784;content
13;1;la;il;DET;det;mamma;(ROOT (dirsp (PUNCT “) (fs (SCONJ Quando) (f (ir_infl (VERB smetterai)) (compt (sv2 (ADP di) (VERB tenere) (compt (savv (ADV sempre)) (sn (sa (DET quel)) (NOUN ciuccio))))))) (PUNCT ?) (PUNCT ”) (fp (PUNCT ,) (f (ibar (VERB chiede)) (compt (sn (DET la) (NOUN mamma)) (sp (ADP a) (sn (PROPN Nina) (PUNCT .))))))));;7,055331658;function
14;1;mamma;mamma;NOUN;nsubj;chiede;(ROOT (dirsp (PUNCT “) (fs (SCONJ Quando) (f (ir_infl (VERB smetterai)) (compt (sv2 (ADP di) (VERB tenere) (compt (savv (ADV sempre)) (sn (sa (DET quel)) (NOUN ciuccio))))))) (PUNCT ?) (PUNCT ”) (fp (PUNCT ,) (f (ibar (VERB chiede)) (compt (sn (DET la) (NOUN mamma)) (sp (ADP a) (sn (PROPN Nina) (PUNCT .))))))));1.88 ± 1.27;5,66327005;content
15;1;a;a;ADP;case;Nina;(ROOT (dirsp (PUNCT “) (fs (SCONJ Quando) (f (ir_infl (VERB smetterai)) (compt (sv2 (ADP di) (VERB tenere) (compt (savv (ADV sempre)) (sn (sa (DET quel)) (NOUN ciuccio))))))) (PUNCT ?) (PUNCT ”) (fp (PUNCT ,) (f (ibar (VERB chiede)) (compt (sn (DET la) (NOUN mamma)) (sp (ADP a) (sn (PROPN Nina) (PUNCT .))))))));;7,004335738;function
16;1;nina;Nina;PROPN;obl;chiede;(ROOT (dirsp (PUNCT “) (fs (SCONJ Quando) (f (ir_infl (VERB smetterai)) (compt (sv2 (ADP di) (VERB tenere) (compt (savv (ADV sempre)) (sn (sa (DET quel)) (NOUN ciuccio))))))) (PUNCT ?) (PUNCT ”) (fp (PUNCT ,) (f (ibar (VERB chiede)) (compt (sn (DET la) (NOUN mamma)) (sp (ADP a) (sn (PROPN Nina) (PUNCT .))))))));;1,668044485;content
17;2;mai;Mai;INTJ;discourse;risponde;(ROOT (dirsp (PUNCT “) (cp (INTJ Mai!)) (PUNCT ”) (PUNCT ,) (f (ibar (VERB risponde)) (compin (sn (PROPN Nina) (PUNCT .))))));;6,144963021;function
18;2;risponde;rispondere;VERB;root;ROOT;(ROOT (dirsp (PUNCT “) (cp (INTJ Mai!)) (PUNCT ”) (PUNCT ,) (f (ibar (VERB risponde)) (compin (sn (PROPN Nina) (PUNCT .))))));3.88 ± 1.59;4,376323713;content
19;2;nina;Nina;PROPN;nsubj;risponde;(ROOT (dirsp (PUNCT “) (cp (INTJ Mai!)) (PUNCT ”) (PUNCT ,) (f (ibar (VERB risponde)) (compin (sn (PROPN Nina) (PUNCT .))))));;1,668044485;content
20;3;è;essere;AUX;cop;ciuccio;(ROOT (dirsp (PUNCT “) (f (ibar (AUX È)) (compc (sn (DET il) (sa (DET mio)) (NOUN ciuccio)))) (PUNCT !) (PUNCT ”) (PUNCT .)));;7,249521761;function
21;3;il;il;DET;det;ciuccio;(ROOT (dirsp (PUNCT “) (f (ibar (AUX È)) (compc (sn (DET il) (sa (DET mio)) (NOUN ciuccio)))) (PUNCT !) (PUNCT ”) (PUNCT .)));;7,039560886;function
22;3;mio;mio;DET;det:poss;ciuccio;(ROOT (dirsp (PUNCT “) (f (ibar (AUX È)) (compc (sn (DET il) (sa (DET mio)) (NOUN ciuccio)))) (PUNCT !) (PUNCT ”) (PUNCT .)));;6,336217551;function
23;3;ciuccio;ciuccio;NOUN;root;ROOT;(ROOT (dirsp (PUNCT “) (f (ibar (AUX È)) (compc (sn (DET il) (sa (DET mio)) (NOUN ciuccio)))) (PUNCT !) (PUNCT ”) (PUNCT .)));2.96 ± 1.57;2,858376183;content
24;4;ma;ma;CCONJ;cc;grande;(ROOT (dirsp (PUNCT “) (fc (CCONJ Ma) (fs (ADV quando) (f (ibar (AUX sarai)) (compc (sa (ADJ grande))))) (f (ir_infl (VERB dovrai))))));;6,662005813;function
25;4;quando;quando;ADV;advmod;grande;(ROOT (dirsp (PUNCT “) (fc (CCONJ Ma) (fs (ADV quando) (f (ibar (AUX sarai)) (compc (sa (ADJ grande))))) (f (ir_infl (VERB dovrai))))));;6,212844009;content
26;4;sarai;essere;AUX;cop;grande;(ROOT (dirsp (PUNCT “) (fc (CCONJ Ma) (fs (ADV quando) (f (ibar (AUX sarai)) (compc (sa (ADJ grande))))) (f (ir_infl (VERB dovrai))))));;5,007827069;function
27;4;grande;grande;ADJ;root;ROOT;(ROOT (dirsp (PUNCT “) (fc (CCONJ Ma) (fs (ADV quando) (f (ibar (AUX sarai)) (compc (sa (ADJ grande))))) (f (ir_infl (VERB dovrai))))));4.64 ± 2.04;5,615282093;content
28;4;dovrai;dovere;VERB;parataxis;grande;(ROOT (dirsp (PUNCT “) (fc (CCONJ Ma) (fs (ADV quando) (f (ibar (AUX sarai)) (compc (sa (ADJ grande))))) (f (ir_infl (VERB dovrai))))));;4,754226289;content
29;5;sbarazzar;sbarazzare;VERB;root;ROOT;(ROOT (fint (f3 (sv2 (VERB sbarazzar) (compt (PRON te) (PRON ne)))) (PUNCT !)));;;content
30;5;te;te;PRON;expl;sbarazzar;(ROOT (fint (f3 (sv2 (VERB sbarazzar) (compt (PRON te) (PRON ne)))) (PUNCT !)));;6,290869614;function
31;5;ne;ne;PRON;iob;sbarazzar;(ROOT (fint (f3 (sv2 (VERB sbarazzar) (compt (PRON te) (PRON ne)))) (PUNCT !)));;6,201935117;function
32;6;nina;Nina;PROPN;nsubj;mette;(ROOT (f (sn (PROPN Nina)) (ibar (PRON si) (VERB mette)) (compt (sn (DET il) (NOUN ciuccio)) (sp (ADP in) (sn (NOUN bocca)))) (PUNCT :)));;1,668044485;content
33;6;si;si;PRON;expl;mette;(ROOT (f (sn (PROPN Nina)) (ibar (PRON si) (VERB mette)) (compt (sn (DET il) (NOUN ciuccio)) (sp (ADP in) (sn (NOUN bocca)))) (PUNCT :)));;6,553884221;function
34;6;mette;mettere;VERB;root;ROOT;(ROOT (f (sn (PROPN Nina)) (ibar (PRON si) (VERB mette)) (compt (sn (DET il) (NOUN ciuccio)) (sp (ADP in) (sn (NOUN bocca)))) (PUNCT :)));4.28 ± 1.59;4,624212915;content
35;6;il;il;DET;det;ciuccio;(ROOT (f (sn (PROPN Nina)) (ibar (PRON si) (VERB mette)) (compt (sn (DET il) (NOUN ciuccio)) (sp (ADP in) (sn (NOUN bocca)))) (PUNCT :)));;7,039560886;function
36;6;ciuccio;ciuccio;NOUN;obj;mette;(ROOT (f (sn (PROPN Nina)) (ibar (PRON si) (VERB mette)) (compt (sn (DET il) (NOUN ciuccio)) (sp (ADP in) (sn (NOUN bocca)))) (PUNCT :)));2.96 ± 1.57;2,858376183;content
37;6;in;in;ADP;case;bocca;(ROOT (f (sn (PROPN Nina)) (ibar (PRON si) (VERB mette)) (compt (sn (DET il) (NOUN ciuccio)) (sp (ADP in) (sn (NOUN bocca)))) (PUNCT :)));;6,797274494;function
38;6;bocca;bocca;NOUN;obl;mette;(ROOT (f (sn (PROPN Nina)) (ibar (PRON si) (VERB mette)) (compt (sn (DET il) (NOUN ciuccio)) (sp (ADP in) (sn (NOUN bocca)))) (PUNCT :)));2.44 ± 1.08;4,963684877;content
39;7;affolutamente;affolutamente;ADV;advmod;no;(ROOT (dirsp (PUNCT “) (f3 (savv (ADV Affolutamente)) (INTJ no)) (PUNCT !)));;;content
40;7;no;no;INTJ;root;ROOT;(ROOT (dirsp (PUNCT “) (f3 (savv (ADV Affolutamente)) (INTJ no)) (PUNCT !)));;6,605764599;function
41;8;non;non;ADV;advmod;sbarazzerò;(ROOT (f (ir_infl (ADV Non) (PRON me) (PRON ne) (VERB sbarazzerò)) (compt (savv (ADV mai))) (PUNCT ”) (PUNCT .)));;7,259198169;content
42;8;me;me;PRON;expl;sbarazzerò;(ROOT (f (ir_infl (ADV Non) (PRON me) (PRON ne) (VERB sbarazzerò)) (compt (savv (ADV mai))) (PUNCT ”) (PUNCT .)));;6,337855516;function
43;8;ne;ne;PRON;iobj;sbarazzerò;(ROOT (f (ir_infl (ADV Non) (PRON me) (PRON ne) (VERB sbarazzerò)) (compt (savv (ADV mai))) (PUNCT ”) (PUNCT .)));;6,201935117;function
44;8;sbarazzerò;sbarazzare;VERB;root;ROOT;(ROOT (f (ir_infl (ADV Non) (PRON me) (PRON ne) (VERB sbarazzerò)) (compt (savv (ADV mai))) (PUNCT ”) (PUNCT .)));;2,630255924;content
45;8;mai;mai;ADV;advmod;sbarazzerò;(ROOT (f (ir_infl (ADV Non) (PRON me) (PRON ne) (VERB sbarazzerò)) (compt (savv (ADV mai))) (PUNCT ”) (PUNCT .)));;6,144963021;content
46;9;la;il;DET;det;mamma;(ROOT (cp (sn (DET La) (NOUN mamma)) (savv (ADV allora)) (f (ibar (PRON le) (VERB dice))) (PUNCT :)));;7,055331658;function
47;9;mamma;mamma;NOUN;nsubj;dice;(ROOT (cp (sn (DET La) (NOUN mamma)) (savv (ADV allora)) (f (ibar (PRON le) (VERB dice))) (PUNCT :)));1.88 ± 1.27;5,66327005;content
48;9;allora;allora;ADV;advmod;dice;(ROOT (cp (sn (DET La) (NOUN mamma)) (savv (ADV allora)) (f (ibar (PRON le) (VERB dice))) (PUNCT :)));;6,072527547;content
49;9;le;le;PRON;iobj;dice;(ROOT (cp (sn (DET La) (NOUN mamma)) (savv (ADV allora)) (f (ibar (PRON le) (VERB dice))) (PUNCT :)));;6,624997683;function
50;9;dice;dire;VERB;root;ROOT;(ROOT (cp (sn (DET La) (NOUN mamma)) (savv (ADV allora)) (f (ibar (PRON le) (VERB dice))) (PUNCT :)));4.08 ± 1.73;5,609257672;content
51;10;lo;lo;PRON;obj;porterai;(ROOT (dirsp (PUNCT “) (f (ir_infl (PRON Lo) (VERB porterai)) (compt (fs (ADV anche) (SCONJ quando) (f (ir_infl (VERB andrai)) (compin (sp (ADP a) (sn (NOUN spasso)))))))) (PUNCT ?)));;6,655915487;function
52;10;porterai;portare;VERB;root;ROOT;(ROOT (dirsp (PUNCT “) (f (ir_infl (PRON Lo) (VERB porterai)) (compt (fs (ADV anche) (SCONJ quando) (f (ir_infl (VERB andrai)) (compin (sp (ADP a) (sn (NOUN spasso)))))))) (PUNCT ?)));4.52 ± 2.06;3,791896126;content
53;10;anche;anche;ADV;advmod;andrai;(ROOT (dirsp (PUNCT “) (f (ir_infl (PRON Lo) (VERB porterai)) (compt (fs (ADV anche) (SCONJ quando) (f (ir_infl (VERB andrai)) (compin (sp (ADP a) (sn (NOUN spasso)))))))) (PUNCT ?)));;6,115086172;content
54;10;quando;quando;SCONJ;mark;andrai;(ROOT (dirsp (PUNCT “) (f (ir_infl (PRON Lo) (VERB porterai)) (compt (fs (ADV anche) (SCONJ quando) (f (ir_infl (VERB andrai)) (compin (sp (ADP a) (sn (NOUN spasso)))))))) (PUNCT ?)));;6,212844009;function
55;10;andrai;andare;VERB;advcl;porterai;(ROOT (dirsp (PUNCT “) (f (ir_infl (PRON Lo) (VERB porterai)) (compt (fs (ADV anche) (SCONJ quando) (f (ir_infl (VERB andrai)) (compin (sp (ADP a) (sn (NOUN spasso)))))))) (PUNCT ?)));4.20 ± 1.44;4,532654438;content
56;10;a;a;ADP;case;spasso;(ROOT (dirsp (PUNCT “) (f (ir_infl (PRON Lo) (VERB porterai)) (compt (fs (ADV anche) (SCONJ quando) (f (ir_infl (VERB andrai)) (compin (sp (ADP a) (sn (NOUN spasso)))))))) (PUNCT ?)));;7,004335738;function
57;10;spasso;spasso;NOUN;obl;andrai;(ROOT (dirsp (PUNCT “) (f (ir_infl (PRON Lo) (VERB porterai)) (compt (fs (ADV anche) (SCONJ quando) (f (ir_infl (VERB andrai)) (compin (sp (ADP a) (sn (NOUN spasso)))))))) (PUNCT ?)));;3,964709675;content
58;11;ficuro;ficuro;NOUN;root;ROOT;(ROOT (dirsp (PUNCT ”) (PUNCT “) (f3 (sn (NOUN Ficuro)) (PUNCT ,) (sp (ADV assieme) (ADP a) (sn (DET i) (NOUN biscotti) (sp (ADP a) (sn (DET il) (NOUN cioccolato)))))) (PUNCT !) (PUNCT ”) (fp (PUNCT ,) (f (ibar (VERB risponde)) (compc (sa (ADJ sicura)) (sn (PROPN Nina) (PUNCT .)))))));;;content
59;11;assieme;assieme;ADV;case;biscotti;(ROOT (dirsp (PUNCT ”) (PUNCT “) (f3 (sn (NOUN Ficuro)) (PUNCT ,) (sp (ADV assieme) (ADP a) (sn (DET i) (NOUN biscotti) (sp (ADP a) (sn (DET il) (NOUN cioccolato)))))) (PUNCT !) (PUNCT ”) (fp (PUNCT ,) (f (ibar (VERB risponde)) (compc (sa (ADJ sicura)) (sn (PROPN Nina) (PUNCT .)))))));;4,446678017;content
60;11;a;a;ADP;fixed;assieme;(ROOT (dirsp (PUNCT ”) (PUNCT “) (f3 (sn (NOUN Ficuro)) (PUNCT ,) (sp (ADV assieme) (ADP a) (sn (DET i) (NOUN biscotti) (sp (ADP a) (sn (DET il) (NOUN cioccolato)))))) (PUNCT !) (PUNCT ”) (fp (PUNCT ,) (f (ibar (VERB risponde)) (compc (sa (ADJ sicura)) (sn (PROPN Nina) (PUNCT .)))))));;7,004335738;function
61;11;i;il;DET;det;biscotti;(ROOT (dirsp (PUNCT ”) (PUNCT “) (f3 (sn (NOUN Ficuro)) (PUNCT ,) (sp (ADV assieme) (ADP a) (sn (DET i) (NOUN biscotti) (sp (ADP a) (sn (DET il) (NOUN cioccolato)))))) (PUNCT !) (PUNCT ”) (fp (PUNCT ,) (f (ibar (VERB risponde)) (compc (sa (ADJ sicura)) (sn (PROPN Nina) (PUNCT .)))))));;6,584780852;function
62;11;biscotti;biscotto;NOUN;nmod;Ficuro;(ROOT (dirsp (PUNCT ”) (PUNCT “) (f3 (sn (NOUN Ficuro)) (PUNCT ,) (sp (ADV assieme) (ADP a) (sn (DET i) (NOUN biscotti) (sp (ADP a) (sn (DET il) (NOUN cioccolato)))))) (PUNCT !) (PUNCT ”) (fp (PUNCT ,) (f (ibar (VERB risponde)) (compc (sa (ADJ sicura)) (sn (PROPN Nina) (PUNCT .)))))));3.40 ± 1.44;4,227152774;content
63;11;a;a;ADP;case;cioccolato;(ROOT (dirsp (PUNCT ”) (PUNCT “) (f3 (sn (NOUN Ficuro)) (PUNCT ,) (sp (ADV assieme) (ADP a) (sn (DET i) (NOUN biscotti) (sp (ADP a) (sn (DET il) (NOUN cioccolato)))))) (PUNCT !) (PUNCT ”) (fp (PUNCT ,) (f (ibar (VERB risponde)) (compc (sa (ADJ sicura)) (sn (PROPN Nina) (PUNCT .)))))));;7,004335738;function
64;11;il;il;DET;det;cioccolato;(ROOT (dirsp (PUNCT ”) (PUNCT “) (f3 (sn (NOUN Ficuro)) (PUNCT ,) (sp (ADV assieme) (ADP a) (sn (DET i) (NOUN biscotti) (sp (ADP a) (sn (DET il) (NOUN cioccolato)))))) (PUNCT !) (PUNCT ”) (fp (PUNCT ,) (f (ibar (VERB risponde)) (compc (sa (ADJ sicura)) (sn (PROPN Nina) (PUNCT .)))))));;7,039560886;function
65;11;cioccolato;cioccolato;NOUN;nmod;biscotti;(ROOT (dirsp (PUNCT ”) (PUNCT “) (f3 (sn (NOUN Ficuro)) (PUNCT ,) (sp (ADV assieme) (ADP a) (sn (DET i) (NOUN biscotti) (sp (ADP a) (sn (DET il) (NOUN cioccolato)))))) (PUNCT !) (PUNCT ”) (fp (PUNCT ,) (f (ibar (VERB risponde)) (compc (sa (ADJ sicura)) (sn (PROPN Nina) (PUNCT .)))))));3.52 ± 1.45;4,259294648;content
66;11;risponde;rispondere;VERB;parataxis;Ficuro;(ROOT (dirsp (PUNCT ”) (PUNCT “) (f3 (sn (NOUN Ficuro)) (PUNCT ,) (sp (ADV assieme) (ADP a) (sn (DET i) (NOUN biscotti) (sp (ADP a) (sn (DET il) (NOUN cioccolato)))))) (PUNCT !) (PUNCT ”) (fp (PUNCT ,) (f (ibar (VERB risponde)) (compc (sa (ADJ sicura)) (sn (PROPN Nina) (PUNCT .)))))));3.88 ± 1.59;4,376323713;content
67;11;sicura;sicuro;ADJ;xcomp;risponde;(ROOT (dirsp (PUNCT ”) (PUNCT “) (f3 (sn (NOUN Ficuro)) (PUNCT ,) (sp (ADV assieme) (ADP a) (sn (DET i) (NOUN biscotti) (sp (ADP a) (sn (DET il) (NOUN cioccolato)))))) (PUNCT !) (PUNCT ”) (fp (PUNCT ,) (f (ibar (VERB risponde)) (compc (sa (ADJ sicura)) (sn (PROPN Nina) (PUNCT .)))))));5.80 ± 1.61;5,13754741;content
68;11;nina;Nina;PROPN;nsubj;risponde;(ROOT (dirsp (PUNCT ”) (PUNCT “) (f3 (sn (NOUN Ficuro)) (PUNCT ,) (sp (ADV assieme) (ADP a) (sn (DET i) (NOUN biscotti) (sp (ADP a) (sn (DET il) (NOUN cioccolato)))))) (PUNCT !) (PUNCT ”) (fp (PUNCT ,) (f (ibar (VERB risponde)) (compc (sa (ADJ sicura)) (sn (PROPN Nina) (PUNCT .)))))));;1,668044485;content
69;12;la;il;DET;det;mamma;(ROOT (cp (sn (DET La) (NOUN mamma)) (savv (ADV allora)) (f (ibar (PRON le) (VERB dice))) (PUNCT :)));;7,055331658;function
70;12;mamma;mamma;NOUN;nsubj;dice;(ROOT (cp (sn (DET La) (NOUN mamma)) (savv (ADV allora)) (f (ibar (PRON le) (VERB dice))) (PUNCT :)));1.88 ± 1.27;5,66327005;content
71;12;allora;allora;ADV;advmod;dice;(ROOT (cp (sn (DET La) (NOUN mamma)) (savv (ADV allora)) (f (ibar (PRON le) (VERB dice))) (PUNCT :)));;6,072527547;content
72;12;le;le;PRON;iobj;dice;(ROOT (cp (sn (DET La) (NOUN mamma)) (savv (ADV allora)) (f (ibar (PRON le) (VERB dice))) (PUNCT :)));;6,624997683;function
73;12;dice;dire;VERB;root;ROOT;(ROOT (cp (sn (DET La) (NOUN mamma)) (savv (ADV allora)) (f (ibar (PRON le) (VERB dice))) (PUNCT :)));4.08 ± 1.73;5,609257672;content
74;13;anche;anche;ADV;advmod;andrai;(ROOT (cp_int (dirsp (PUNCT “) (fs (ADV Anche) (SCONJ quando) (f (ir_infl (VERB andrai)) (compin (sp (ADP in) (sn (NOUN piscina))))))) (PUNCT ?)));;6,115086172;content
75;13;quando;quando;SCONJ;mark;andrai;(ROOT (cp_int (dirsp (PUNCT “) (fs (ADV Anche) (SCONJ quando) (f (ir_infl (VERB andrai)) (compin (sp (ADP in) (sn (NOUN piscina))))))) (PUNCT ?)));;6,212844009;function
76;13;andrai;andare;VERB;root;ROOT;(ROOT (cp_int (dirsp (PUNCT “) (fs (ADV Anche) (SCONJ quando) (f (ir_infl (VERB andrai)) (compin (sp (ADP in) (sn (NOUN piscina))))))) (PUNCT ?)));4.20 ± 1.44;4,532654438;content
77;13;in;in;ADP;case;piscina;(ROOT (cp_int (dirsp (PUNCT “) (fs (ADV Anche) (SCONJ quando) (f (ir_infl (VERB andrai)) (compin (sp (ADP in) (sn (NOUN piscina))))))) (PUNCT ?)));;6,797274494;function
78;13;piscina;piscina;NOUN;obl;andrai;(ROOT (cp_int (dirsp (PUNCT “) (fs (ADV Anche) (SCONJ quando) (f (ir_infl (VERB andrai)) (compin (sp (ADP in) (sn (NOUN piscina))))))) (PUNCT ?)));4.72 ± 1.93;4,34229308;content
79;15;sì;sì;INTJ;discourse;farò;(ROOT (dirsp (PUNCT “) (cp (INTJ Sì)) (PUNCT ,) (f (ir_infl (PRON ci) (VERB farò)) (compt (coord (sn (DET i) (NOUN tuffi)) (CCONJ e) (sn (DET le) (NOUN immersioni))))) (PUNCT !) (PUNCT ”) (fp (PUNCT ,) (f (ibar (VERB risponde)) (compt (sn (PROPN Nina)) (sn (sq (DET tutta)) (NOUN fiera) (PUNCT .)))))));;6,497825183;function
80;15;ci;ci;PRON;expl;farò;(ROOT (dirsp (PUNCT “) (cp (INTJ Sì)) (PUNCT ,) (f (ir_infl (PRON ci) (VERB farò)) (compt (coord (sn (DET i) (NOUN tuffi)) (CCONJ e) (sn (DET le) (NOUN immersioni))))) (PUNCT !) (PUNCT ”) (fp (PUNCT ,) (f (ibar (VERB risponde)) (compt (sn (PROPN Nina)) (sn (sq (DET tutta)) (NOUN fiera) (PUNCT .)))))));;6,517126939;function
81;15;farò;fare;VERB;root;ROOT;(ROOT (dirsp (PUNCT “) (cp (INTJ Sì)) (PUNCT ,) (f (ir_infl (PRON ci) (VERB farò)) (compt (coord (sn (DET i) (NOUN tuffi)) (CCONJ e) (sn (DET le) (NOUN immersioni))))) (PUNCT !) (PUNCT ”) (fp (PUNCT ,) (f (ibar (VERB risponde)) (compt (sn (PROPN Nina)) (sn (sq (DET tutta)) (NOUN fiera) (PUNCT .)))))));4.40 ± 2.22;5,398907477;content
82;15;i;il;DET;det;tuffi;(ROOT (dirsp (PUNCT “) (cp (INTJ Sì)) (PUNCT ,) (f (ir_infl (PRON ci) (VERB farò)) (compt (coord (sn (DET i) (NOUN tuffi)) (CCONJ e) (sn (DET le) (NOUN immersioni))))) (PUNCT !) (PUNCT ”) (fp (PUNCT ,) (f (ibar (VERB risponde)) (compt (sn (PROPN Nina)) (sn (sq (DET tutta)) (NOUN fiera) (PUNCT .)))))));;6,584780852;function
83;15;tuffi;tuffo;NOUN;obj;farò;(ROOT (dirsp (PUNCT “) (cp (INTJ Sì)) (PUNCT ,) (f (ir_infl (PRON ci) (VERB farò)) (compt (coord (sn (DET i) (NOUN tuffi)) (CCONJ e) (sn (DET le) (NOUN immersioni))))) (PUNCT !) (PUNCT ”) (fp (PUNCT ,) (f (ibar (VERB risponde)) (compt (sn (PROPN Nina)) (sn (sq (DET tutta)) (NOUN fiera) (PUNCT .)))))));;2,781987837;content
84;15;e;e;CCONJ;cc;immersioni;(ROOT (dirsp (PUNCT “) (cp (INTJ Sì)) (PUNCT ,) (f (ir_infl (PRON ci) (VERB farò)) (compt (coord (sn (DET i) (NOUN tuffi)) (CCONJ e) (sn (DET le) (NOUN immersioni))))) (PUNCT !) (PUNCT ”) (fp (PUNCT ,) (f (ibar (VERB risponde)) (compt (sn (PROPN Nina)) (sn (sq (DET tutta)) (NOUN fiera) (PUNCT .)))))));;2,741151583;function
85;15;le;il;DET;det;immersioni;(ROOT (dirsp (PUNCT “) (cp (INTJ Sì)) (PUNCT ,) (f (ir_infl (PRON ci) (VERB farò)) (compt (coord (sn (DET i) (NOUN tuffi)) (CCONJ e) (sn (DET le) (NOUN immersioni))))) (PUNCT !) (PUNCT ”) (fp (PUNCT ,) (f (ibar (VERB risponde)) (compt (sn (PROPN Nina)) (sn (sq (DET tutta)) (NOUN fiera) (PUNCT .)))))));;6,624997683;function
86;15;immersioni;immersione;NOUN;conj;tuffi;(ROOT (dirsp (PUNCT “) (cp (INTJ Sì)) (PUNCT ,) (f (ir_infl (PRON ci) (VERB farò)) (compt (coord (sn (DET i) (NOUN tuffi)) (CCONJ e) (sn (DET le) (NOUN immersioni))))) (PUNCT !) (PUNCT ”) (fp (PUNCT ,) (f (ibar (VERB risponde)) (compt (sn (PROPN Nina)) (sn (sq (DET tutta)) (NOUN fiera) (PUNCT .)))))));;3,074584665;content
87;15;risponde;rispondere;VERB;parataxis;farò;(ROOT (dirsp (PUNCT “) (cp (INTJ Sì)) (PUNCT ,) (f (ir_infl (PRON ci) (VERB farò)) (compt (coord (sn (DET i) (NOUN tuffi)) (CCONJ e) (sn (DET le) (NOUN immersioni))))) (PUNCT !) (PUNCT ”) (fp (PUNCT ,) (f (ibar (VERB risponde)) (compt (sn (PROPN Nina)) (sn (sq (DET tutta)) (NOUN fiera) (PUNCT .)))))));3.88 ± 1.59;4,376323713;content
88;15;nina;Nina;PROPN;nsubj;risponde;(ROOT (dirsp (PUNCT “) (cp (INTJ Sì)) (PUNCT ,) (f (ir_infl (PRON ci) (VERB farò)) (compt (coord (sn (DET i) (NOUN tuffi)) (CCONJ e) (sn (DET le) (NOUN immersioni))))) (PUNCT !) (PUNCT ”) (fp (PUNCT ,) (f (ibar (VERB risponde)) (compt (sn (PROPN Nina)) (sn (sq (DET tutta)) (NOUN fiera) (PUNCT .)))))));;1,668044485;content
89;15;tutta;tutto;DET;det;fiera;(ROOT (dirsp (PUNCT “) (cp (INTJ Sì)) (PUNCT ,) (f (ir_infl (PRON ci) (VERB farò)) (compt (coord (sn (DET i) (NOUN tuffi)) (CCONJ e) (sn (DET le) (NOUN immersioni))))) (PUNCT !) (PUNCT ”) (fp (PUNCT ,) (f (ibar (VERB risponde)) (compt (sn (PROPN Nina)) (sn (sq (DET tutta)) (NOUN fiera) (PUNCT .)))))));;5,540385318;function
90;15;fiera;fiera;NOUN;nsubj;risponde;(ROOT (dirsp (PUNCT “) (cp (INTJ Sì)) (PUNCT ,) (f (ir_infl (PRON ci) (VERB farò)) (compt (coord (sn (DET i) (NOUN tuffi)) (CCONJ e) (sn (DET le) (NOUN immersioni))))) (PUNCT !) (PUNCT ”) (fp (PUNCT ,) (f (ibar (VERB risponde)) (compt (sn (PROPN Nina)) (sn (sq (DET tutta)) (NOUN fiera) (PUNCT .)))))));;4,190271299;content
91;16;la;il;DET;det;mamma;(ROOT (fint (f (sn (DET La) (NOUN mamma)) (ibar (PRON le) (VERB chiede)) (dirsp (PUNCT “) (fs (ADV Anche) (SCONJ quando) (fc (f (ir_infl (AUX sarai)) (compc (sa (ADJ grande)))) (CCONJ e) (f (ir_infl (VERB andrai)) (compin (sv2 (ADP a) (VERB lavorare)))))))) (PUNCT ?)));;7,055331658;function
92;16;mamma;mamma;NOUN;nsubj;chiede;(ROOT (fint (f (sn (DET La) (NOUN mamma)) (ibar (PRON le) (VERB chiede)) (dirsp (PUNCT “) (fs (ADV Anche) (SCONJ quando) (fc (f (ir_infl (AUX sarai)) (compc (sa (ADJ grande)))) (CCONJ e) (f (ir_infl (VERB andrai)) (compin (sv2 (ADP a) (VERB lavorare)))))))) (PUNCT ?)));1.88 ± 1.27;5,66327005;content
93;16;le;le;PRON;iobj;chiede;(ROOT (fint (f (sn (DET La) (NOUN mamma)) (ibar (PRON le) (VERB chiede)) (dirsp (PUNCT “) (fs (ADV Anche) (SCONJ quando) (fc (f (ir_infl (AUX sarai)) (compc (sa (ADJ grande)))) (CCONJ e) (f (ir_infl (VERB andrai)) (compin (sv2 (ADP a) (VERB lavorare)))))))) (PUNCT ?)));;6,624997683;function
94;16;chiede;chiedere;VERB;root;ROOT;(ROOT (fint (f (sn (DET La) (NOUN mamma)) (ibar (PRON le) (VERB chiede)) (dirsp (PUNCT “) (fs (ADV Anche) (SCONJ quando) (fc (f (ir_infl (AUX sarai)) (compc (sa (ADJ grande)))) (CCONJ e) (f (ir_infl (VERB andrai)) (compin (sv2 (ADP a) (VERB lavorare)))))))) (PUNCT ?)));;4,493578784;content
95;16;anche;anche;ADV;advmod;grande;(ROOT (fint (f (sn (DET La) (NOUN mamma)) (ibar (PRON le) (VERB chiede)) (dirsp (PUNCT “) (fs (ADV Anche) (SCONJ quando) (fc (f (ir_infl (AUX sarai)) (compc (sa (ADJ grande)))) (CCONJ e) (f (ir_infl (VERB andrai)) (compin (sv2 (ADP a) (VERB lavorare)))))))) (PUNCT ?)));;6,115086172;content
96;16;quando;quando;SCONJ;mark;grande;(ROOT (fint (f (sn (DET La) (NOUN mamma)) (ibar (PRON le) (VERB chiede)) (dirsp (PUNCT “) (fs (ADV Anche) (SCONJ quando) (fc (f (ir_infl (AUX sarai)) (compc (sa (ADJ grande)))) (CCONJ e) (f (ir_infl (VERB andrai)) (compin (sv2 (ADP a) (VERB lavorare)))))))) (PUNCT ?)));;6,212844009;function
97;16;sarai;essere;AUX;cop;grande;(ROOT (fint (f (sn (DET La) (NOUN mamma)) (ibar (PRON le) (VERB chiede)) (dirsp (PUNCT “) (fs (ADV Anche) (SCONJ quando) (fc (f (ir_infl (AUX sarai)) (compc (sa (ADJ grande)))) (CCONJ e) (f (ir_infl (VERB andrai)) (compin (sv2 (ADP a) (VERB lavorare)))))))) (PUNCT ?)));;5,007827069;function
98;16;grande;grande;ADJ;advcl;chiede;(ROOT (fint (f (sn (DET La) (NOUN mamma)) (ibar (PRON le) (VERB chiede)) (dirsp (PUNCT “) (fs (ADV Anche) (SCONJ quando) (fc (f (ir_infl (AUX sarai)) (compc (sa (ADJ grande)))) (CCONJ e) (f (ir_infl (VERB andrai)) (compin (sv2 (ADP a) (VERB lavorare)))))))) (PUNCT ?)));4.64 ± 2.04;5,615282093;content
99;16;e;e;CCONJ;cc;andrai;(ROOT (fint (f (sn (DET La) (NOUN mamma)) (ibar (PRON le) (VERB chiede)) (dirsp (PUNCT “) (fs (ADV Anche) (SCONJ quando) (fc (f (ir_infl (AUX sarai)) (compc (sa (ADJ grande)))) (CCONJ e) (f (ir_infl (VERB andrai)) (compin (sv2 (ADP a) (VERB lavorare)))))))) (PUNCT ?)));;2,741151583;function
100;16;andrai;andare;VERB;conj;grande;(ROOT (fint (f (sn (DET La) (NOUN mamma)) (ibar (PRON le) (VERB chiede)) (dirsp (PUNCT “) (fs (ADV Anche) (SCONJ quando) (fc (f (ir_infl (AUX sarai)) (compc (sa (ADJ grande)))) (CCONJ e) (f (ir_infl (VERB andrai)) (compin (sv2 (ADP a) (VERB lavorare)))))))) (PUNCT ?)));4.20 ± 1.44;4,532654438;content
101;16;a;a;ADP;mark;lavorare;(ROOT (fint (f (sn (DET La) (NOUN mamma)) (ibar (PRON le) (VERB chiede)) (dirsp (PUNCT “) (fs (ADV Anche) (SCONJ quando) (fc (f (ir_infl (AUX sarai)) (compc (sa (ADJ grande)))) (CCONJ e) (f (ir_infl (VERB andrai)) (compin (sv2 (ADP a) (VERB lavorare)))))))) (PUNCT ?)));;7,004335738;function
102;16;lavorare;lavorare;VERB;xcomp;andrai;(ROOT (fint (f (sn (DET La) (NOUN mamma)) (ibar (PRON le) (VERB chiede)) (dirsp (PUNCT “) (fs (ADV Anche) (SCONJ quando) (fc (f (ir_infl (AUX sarai)) (compc (sa (ADJ grande)))) (CCONJ e) (f (ir_infl (VERB andrai)) (compin (sv2 (ADP a) (VERB lavorare)))))))) (PUNCT ?)));7.00 ± 2.87;5,121005863;content
103;17;non;non;ADV;advmod;separerai;(ROOT (fint (f (ir_infl (ADV Non) (PRON te) (PRON ne) (VERB separerai)) (compt (savv (ADV proprio) (ADV mai)))) (PUNCT ?)));;7,259198169;content
104;17;te;te;PRON;expl;separerai;(ROOT (fint (f (ir_infl (ADV Non) (PRON te) (PRON ne) (VERB separerai)) (compt (savv (ADV proprio) (ADV mai)))) (PUNCT ?)));;6,290869614;function
105;17;ne;ne;PRON;iobj;separerai;(ROOT (fint (f (ir_infl (ADV Non) (PRON te) (PRON ne) (VERB separerai)) (compt (savv (ADV proprio) (ADV mai)))) (PUNCT ?)));;6,201935117;function
106;17;separerai;separare;VERB;root;ROOT;(ROOT (fint (f (ir_infl (ADV Non) (PRON te) (PRON ne) (VERB separerai)) (compt (savv (ADV proprio) (ADV mai)))) (PUNCT ?)));;1,491953226;content
107;17;proprio;proprio;ADV;advmod;mai;(ROOT (fint (f (ir_infl (ADV Non) (PRON te) (PRON ne) (VERB separerai)) (compt (savv (ADV proprio) (ADV mai)))) (PUNCT ?)));;5,884320377;content
108;17;mai;mai;ADV;advmod;separerai;(ROOT (fint (f (ir_infl (ADV Non) (PRON te) (PRON ne) (VERB separerai)) (compt (savv (ADV proprio) (ADV mai)))) (PUNCT ?)));;6,144963021;content
109;18;no;No;INTJ;discourse;starà;(ROOT (dirsp (PUNCT ”) (PUNCT “) (cp (cp (INTJ No)) (fp (PUNCT ,) (cp (INTJ no)) (PUNCT ,)) (f (sn (DET il) (sa (DET mio)) (NOUN ciuccio)) (ir_infl (VERB starà)) (compin (savv (ADV sempre)) (sp (ADP con) (sn (PRON me!)))))) (PUNCT ”) (fc (CCONJ E) (fint (ADV quando) (f (ibar (PRON ti) (VERB sposerai))))) (PUNCT ?)));;6,605764599;function
110;18;no;no;INTJ;discourse;starà;(ROOT (dirsp (PUNCT ”) (PUNCT “) (cp (cp (INTJ No)) (fp (PUNCT ,) (cp (INTJ no)) (PUNCT ,)) (f (sn (DET il) (sa (DET mio)) (NOUN ciuccio)) (ir_infl (VERB starà)) (compin (savv (ADV sempre)) (sp (ADP con) (sn (PRON me!)))))) (PUNCT ”) (fc (CCONJ E) (fint (ADV quando) (f (ibar (PRON ti) (VERB sposerai))))) (PUNCT ?)));;6,605764599;function
111;18;il;il;DET;det;ciuccio;(ROOT (dirsp (PUNCT ”) (PUNCT “) (cp (cp (INTJ No)) (fp (PUNCT ,) (cp (INTJ no)) (PUNCT ,)) (f (sn (DET il) (sa (DET mio)) (NOUN ciuccio)) (ir_infl (VERB starà)) (compin (savv (ADV sempre)) (sp (ADP con) (sn (PRON me!)))))) (PUNCT ”) (fc (CCONJ E) (fint (ADV quando) (f (ibar (PRON ti) (VERB sposerai))))) (PUNCT ?)));;7,039560886;function
112;18;mio;mio;DET;det:poss;ciuccio;(ROOT (dirsp (PUNCT ”) (PUNCT “) (cp (cp (INTJ No)) (fp (PUNCT ,) (cp (INTJ no)) (PUNCT ,)) (f (sn (DET il) (sa (DET mio)) (NOUN ciuccio)) (ir_infl (VERB starà)) (compin (savv (ADV sempre)) (sp (ADP con) (sn (PRON me!)))))) (PUNCT ”) (fc (CCONJ E) (fint (ADV quando) (f (ibar (PRON ti) (VERB sposerai))))) (PUNCT ?)));;6,336217551;function
113;18;ciuccio;ciuccio;NOUN;nsubj;starà;(ROOT (dirsp (PUNCT ”) (PUNCT “) (cp (cp (INTJ No)) (fp (PUNCT ,) (cp (INTJ no)) (PUNCT ,)) (f (sn (DET il) (sa (DET mio)) (NOUN ciuccio)) (ir_infl (VERB starà)) (compin (savv (ADV sempre)) (sp (ADP con) (sn (PRON me!)))))) (PUNCT ”) (fc (CCONJ E) (fint (ADV quando) (f (ibar (PRON ti) (VERB sposerai))))) (PUNCT ?)));2.96 ± 1.57;2,858376183;content
114;18;starà;stare;VERB;root;ROOT;(ROOT (dirsp (PUNCT ”) (PUNCT “) (cp (cp (INTJ No)) (fp (PUNCT ,) (cp (INTJ no)) (PUNCT ,)) (f (sn (DET il) (sa (DET mio)) (NOUN ciuccio)) (ir_infl (VERB starà)) (compin (savv (ADV sempre)) (sp (ADP con) (sn (PRON me!)))))) (PUNCT ”) (fc (CCONJ E) (fint (ADV quando) (f (ibar (PRON ti) (VERB sposerai))))) (PUNCT ?)));4.60 ± 2.35;4,575187016;content
115;18;sempre;sempre;ADV;advmod;starà;(ROOT (dirsp (PUNCT ”) (PUNCT “) (cp (cp (INTJ No)) (fp (PUNCT ,) (cp (INTJ no)) (PUNCT ,)) (f (sn (DET il) (sa (DET mio)) (NOUN ciuccio)) (ir_infl (VERB starà)) (compin (savv (ADV sempre)) (sp (ADP con) (sn (PRON me!)))))) (PUNCT ”) (fc (CCONJ E) (fint (ADV quando) (f (ibar (PRON ti) (VERB sposerai))))) (PUNCT ?)));;5,921350175;content
116;18;con;con;ADP;case;me!;(ROOT (dirsp (PUNCT ”) (PUNCT “) (cp (cp (INTJ No)) (fp (PUNCT ,) (cp (INTJ no)) (PUNCT ,)) (f (sn (DET il) (sa (DET mio)) (NOUN ciuccio)) (ir_infl (VERB starà)) (compin (savv (ADV sempre)) (sp (ADP con) (sn (PRON me!)))))) (PUNCT ”) (fc (CCONJ E) (fint (ADV quando) (f (ibar (PRON ti) (VERB sposerai))))) (PUNCT ?)));;6,620271703;function
117;18;me;me;PRON;obl;starà;(ROOT (dirsp (PUNCT ”) (PUNCT “) (cp (cp (INTJ No)) (fp (PUNCT ,) (cp (INTJ no)) (PUNCT ,)) (f (sn (DET il) (sa (DET mio)) (NOUN ciuccio)) (ir_infl (VERB starà)) (compin (savv (ADV sempre)) (sp (ADP con) (sn (PRON me!)))))) (PUNCT ”) (fc (CCONJ E) (fint (ADV quando) (f (ibar (PRON ti) (VERB sposerai))))) (PUNCT ?)));;6,337855516;function
118;18;e;e;CCONJ;cc;sposerai;(ROOT (dirsp (PUNCT ”) (PUNCT “) (cp (cp (INTJ No)) (fp (PUNCT ,) (cp (INTJ no)) (PUNCT ,)) (f (sn (DET il) (sa (DET mio)) (NOUN ciuccio)) (ir_infl (VERB starà)) (compin (savv (ADV sempre)) (sp (ADP con) (sn (PRON me!)))))) (PUNCT ”) (fc (CCONJ E) (fint (ADV quando) (f (ibar (PRON ti) (VERB sposerai))))) (PUNCT ?)));;2,741151583;function
119;18;quando;quando;ADV;advmod;sposerai;(ROOT (dirsp (PUNCT ”) (PUNCT “) (cp (cp (INTJ No)) (fp (PUNCT ,) (cp (INTJ no)) (PUNCT ,)) (f (sn (DET il) (sa (DET mio)) (NOUN ciuccio)) (ir_infl (VERB starà)) (compin (savv (ADV sempre)) (sp (ADP con) (sn (PRON me!)))))) (PUNCT ”) (fc (CCONJ E) (fint (ADV quando) (f (ibar (PRON ti) (VERB sposerai))))) (PUNCT ?)));;6,212844009;content
120;18;ti;ti;PRON;iobj;sposerai;(ROOT (dirsp (PUNCT ”) (PUNCT “) (cp (cp (INTJ No)) (fp (PUNCT ,) (cp (INTJ no)) (PUNCT ,)) (f (sn (DET il) (sa (DET mio)) (NOUN ciuccio)) (ir_infl (VERB starà)) (compin (savv (ADV sempre)) (sp (ADP con) (sn (PRON me!)))))) (PUNCT ”) (fc (CCONJ E) (fint (ADV quando) (f (ibar (PRON ti) (VERB sposerai))))) (PUNCT ?)));;6,615643201;function
121;18;sposerai;sposare;VERB;parataxis;starà;(ROOT (dirsp (PUNCT ”) (PUNCT “) (cp (cp (INTJ No)) (fp (PUNCT ,) (cp (INTJ no)) (PUNCT ,)) (f (sn (DET il) (sa (DET mio)) (NOUN ciuccio)) (ir_infl (VERB starà)) (compin (savv (ADV sempre)) (sp (ADP con) (sn (PRON me!)))))) (PUNCT ”) (fc (CCONJ E) (fint (ADV quando) (f (ibar (PRON ti) (VERB sposerai))))) (PUNCT ?)));;3,522350527;content
122;19;chiede;chiedere;VERB;root;ROOT;(ROOT (dirsp (PUNCT ”) (fp (PUNCT ,) (f (ibar (VERB chiede)) (compt (sn (DET la) (NOUN mamma) (PUNCT .)))))));;4,493578784;content
123;19;la;il;DET;det;mamma;(ROOT (dirsp (PUNCT ”) (fp (PUNCT ,) (f (ibar (VERB chiede)) (compt (sn (DET la) (NOUN mamma) (PUNCT .)))))));;7,055331658;function
124;19;mamma;mamma;NOUN;nsubj;chiede;(ROOT (dirsp (PUNCT ”) (fp (PUNCT ,) (f (ibar (VERB chiede)) (compt (sn (DET la) (NOUN mamma) (PUNCT .)))))));1.88 ± 1.27;5,66327005;content
125;20;starà;stare;VERB;root;ROOT;(ROOT (dirsp (PUNCT “) (f (ir_infl (VERB Starà)) (compin (savv (ADV benissimo)) (sp (ADP con) (sn (DET il) (sa (DET mio)) (NOUN vestito))))) (PUNCT ”) (PUNCT ,) (f (ibar (PRON le) (VERB risponde)) (compt (sn (PROPN Nina) (PUNCT .))))));4.60 ± 2.35;4,575187016;content
126;20;benissimo;bene;ADV;advmod;Starà;(ROOT (dirsp (PUNCT “) (f (ir_infl (VERB Starà)) (compin (savv (ADV benissimo)) (sp (ADP con) (sn (DET il) (sa (DET mio)) (NOUN vestito))))) (PUNCT ”) (PUNCT ,) (f (ibar (PRON le) (VERB risponde)) (compt (sn (PROPN Nina) (PUNCT .))))));;5,002531745;content
127;20;con;con;ADP;case;vestito;(ROOT (dirsp (PUNCT “) (f (ir_infl (VERB Starà)) (compin (savv (ADV benissimo)) (sp (ADP con) (sn (DET il) (sa (DET mio)) (NOUN vestito))))) (PUNCT ”) (PUNCT ,) (f (ibar (PRON le) (VERB risponde)) (compt (sn (PROPN Nina) (PUNCT .))))));;6,620271703;function
128;20;il;il;DET;det;vestito;(ROOT (dirsp (PUNCT “) (f (ir_infl (VERB Starà)) (compin (savv (ADV benissimo)) (sp (ADP con) (sn (DET il) (sa (DET mio)) (NOUN vestito))))) (PUNCT ”) (PUNCT ,) (f (ibar (PRON le) (VERB risponde)) (compt (sn (PROPN Nina) (PUNCT .))))));;7,039560886;function
129;20;mio;mio;DET;det:poss;vestito;(ROOT (dirsp (PUNCT “) (f (ir_infl (VERB Starà)) (compin (savv (ADV benissimo)) (sp (ADP con) (sn (DET il) (sa (DET mio)) (NOUN vestito))))) (PUNCT ”) (PUNCT ,) (f (ibar (PRON le) (VERB risponde)) (compt (sn (PROPN Nina) (PUNCT .))))));;6,336217551;function
130;20;vestito;vestito;NOUN;obl;Starà;(ROOT (dirsp (PUNCT “) (f (ir_infl (VERB Starà)) (compin (savv (ADV benissimo)) (sp (ADP con) (sn (DET il) (sa (DET mio)) (NOUN vestito))))) (PUNCT ”) (PUNCT ,) (f (ibar (PRON le) (VERB risponde)) (compt (sn (PROPN Nina) (PUNCT .))))));4.48 ± 1.71;4,841133585;content
131;20;le;le;PRON;iobj;risponde;(ROOT (dirsp (PUNCT “) (f (ir_infl (VERB Starà)) (compin (savv (ADV benissimo)) (sp (ADP con) (sn (DET il) (sa (DET mio)) (NOUN vestito))))) (PUNCT ”) (PUNCT ,) (f (ibar (PRON le) (VERB risponde)) (compt (sn (PROPN Nina) (PUNCT .))))));;6,624997683;function
132;20;risponde;rispondere;VERB;parataxis;Starà;(ROOT (dirsp (PUNCT “) (f (ir_infl (VERB Starà)) (compin (savv (ADV benissimo)) (sp (ADP con) (sn (DET il) (sa (DET mio)) (NOUN vestito))))) (PUNCT ”) (PUNCT ,) (f (ibar (PRON le) (VERB risponde)) (compt (sn (PROPN Nina) (PUNCT .))))));3.88 ± 1.59;4,376323713;content
133;20;nina;Nina;PROPN;nsubj;risponde;(ROOT (dirsp (PUNCT “) (f (ir_infl (VERB Starà)) (compin (savv (ADV benissimo)) (sp (ADP con) (sn (DET il) (sa (DET mio)) (NOUN vestito))))) (PUNCT ”) (PUNCT ,) (f (ibar (PRON le) (VERB risponde)) (compt (sn (PROPN Nina) (PUNCT .))))));;1,668044485;content
134;21;dopodiché;dopodiché;SCONJ;mark;va;(ROOT (fc (SCONJ Dopodiché) (f (sn (PROPN Nina)) (ibar (VERB va)) (compin (sp (ADP a) (sn (DET il) (NOUN parco))) (sv2 (ADP a) (VERB passeggiare)))) (PUNCT ,) (f (ibar (AUX è)) (compc (sn (DET una) (sa (ADJ bella)) (NOUN giornata) (spd (ADP di) (sn (NOUN sole)))))) (CCONJ e) (f (ibar (PRON c') (VERB è)) (compc (sn (DET un) (NOUN venticello) (sa (ADJ fresco)) (PUNCT .))))));;3,311497161;function
135;21;nina;Nina;PROPN;nsubj;va;(ROOT (fc (SCONJ Dopodiché) (f (sn (PROPN Nina)) (ibar (VERB va)) (compin (sp (ADP a) (sn (DET il) (NOUN parco))) (sv2 (ADP a) (VERB passeggiare)))) (PUNCT ,) (f (ibar (AUX è)) (compc (sn (DET una) (sa (ADJ bella)) (NOUN giornata) (spd (ADP di) (sn (NOUN sole)))))) (CCONJ e) (f (ibar (PRON c') (VERB è)) (compc (sn (DET un) (NOUN venticello) (sa (ADJ fresco)) (PUNCT .))))));;1,668044485;content
136;21;va;andare;VERB;advcl;giornata;(ROOT (fc (SCONJ Dopodiché) (f (sn (PROPN Nina)) (ibar (VERB va)) (compin (sp (ADP a) (sn (DET il) (NOUN parco))) (sv2 (ADP a) (VERB passeggiare)))) (PUNCT ,) (f (ibar (AUX è)) (compc (sn (DET una) (sa (ADJ bella)) (NOUN giornata) (spd (ADP di) (sn (NOUN sole)))))) (CCONJ e) (f (ibar (PRON c') (VERB è)) (compc (sn (DET un) (NOUN venticello) (sa (ADJ fresco)) (PUNCT .))))));4.20 ± 1.44;6,162363764;content
137;21;a;a;ADP;case;parco;(ROOT (fc (SCONJ Dopodiché) (f (sn (PROPN Nina)) (ibar (VERB va)) (compin (sp (ADP a) (sn (DET il) (NOUN parco))) (sv2 (ADP a) (VERB passeggiare)))) (PUNCT ,) (f (ibar (AUX è)) (compc (sn (DET una) (sa (ADJ bella)) (NOUN giornata) (spd (ADP di) (sn (NOUN sole)))))) (CCONJ e) (f (ibar (PRON c') (VERB è)) (compc (sn (DET un) (NOUN venticello) (sa (ADJ fresco)) (PUNCT .))))));;7,004335738;function
138;21;il;il;DET;det;parco;(ROOT (fc (SCONJ Dopodiché) (f (sn (PROPN Nina)) (ibar (VERB va)) (compin (sp (ADP a) (sn (DET il) (NOUN parco))) (sv2 (ADP a) (VERB passeggiare)))) (PUNCT ,) (f (ibar (AUX è)) (compc (sn (DET una) (sa (ADJ bella)) (NOUN giornata) (spd (ADP di) (sn (NOUN sole)))))) (CCONJ e) (f (ibar (PRON c') (VERB è)) (compc (sn (DET un) (NOUN venticello) (sa (ADJ fresco)) (PUNCT .))))));;7,039560886;function
139;21;parco;parco;NOUN;obl;va;(ROOT (fc (SCONJ Dopodiché) (f (sn (PROPN Nina)) (ibar (VERB va)) (compin (sp (ADP a) (sn (DET il) (NOUN parco))) (sv2 (ADP a) (VERB passeggiare)))) (PUNCT ,) (f (ibar (AUX è)) (compc (sn (DET una) (sa (ADJ bella)) (NOUN giornata) (spd (ADP di) (sn (NOUN sole)))))) (CCONJ e) (f (ibar (PRON c') (VERB è)) (compc (sn (DET un) (NOUN venticello) (sa (ADJ fresco)) (PUNCT .))))));;4,475917617;content
140;21;a;a;ADP;mark;passeggiare;(ROOT (fc (SCONJ Dopodiché) (f (sn (PROPN Nina)) (ibar (VERB va)) (compin (sp (ADP a) (sn (DET il) (NOUN parco))) (sv2 (ADP a) (VERB passeggiare)))) (PUNCT ,) (f (ibar (AUX è)) (compc (sn (DET una) (sa (ADJ bella)) (NOUN giornata) (spd (ADP di) (sn (NOUN sole)))))) (CCONJ e) (f (ibar (PRON c') (VERB è)) (compc (sn (DET un) (NOUN venticello) (sa (ADJ fresco)) (PUNCT .))))));;7,004335738;function
141;21;passeggiare;passeggiare;VERB;xcomp;va;(ROOT (fc (SCONJ Dopodiché) (f (sn (PROPN Nina)) (ibar (VERB va)) (compin (sp (ADP a) (sn (DET il) (NOUN parco))) (sv2 (ADP a) (VERB passeggiare)))) (PUNCT ,) (f (ibar (AUX è)) (compc (sn (DET una) (sa (ADJ bella)) (NOUN giornata) (spd (ADP di) (sn (NOUN sole)))))) (CCONJ e) (f (ibar (PRON c') (VERB è)) (compc (sn (DET un) (NOUN venticello) (sa (ADJ fresco)) (PUNCT .))))));;3,447400436;content
142;21;è;essere;AUX;cop;giornata;(ROOT (fc (SCONJ Dopodiché) (f (sn (PROPN Nina)) (ibar (VERB va)) (compin (sp (ADP a) (sn (DET il) (NOUN parco))) (sv2 (ADP a) (VERB passeggiare)))) (PUNCT ,) (f (ibar (AUX è)) (compc (sn (DET una) (sa (ADJ bella)) (NOUN giornata) (spd (ADP di) (sn (NOUN sole)))))) (CCONJ e) (f (ibar (PRON c') (VERB è)) (compc (sn (DET un) (NOUN venticello) (sa (ADJ fresco)) (PUNCT .))))));;7,249521761;function
143;21;una;uno;DET;det;giornata;(ROOT (fc (SCONJ Dopodiché) (f (sn (PROPN Nina)) (ibar (VERB va)) (compin (sp (ADP a) (sn (DET il) (NOUN parco))) (sv2 (ADP a) (VERB passeggiare)))) (PUNCT ,) (f (ibar (AUX è)) (compc (sn (DET una) (sa (ADJ bella)) (NOUN giornata) (spd (ADP di) (sn (NOUN sole)))))) (CCONJ e) (f (ibar (PRON c') (VERB è)) (compc (sn (DET un) (NOUN venticello) (sa (ADJ fresco)) (PUNCT .))))));;6,801817508;function
144;21;bella;bello;ADJ;amod;giornata;(ROOT (fc (SCONJ Dopodiché) (f (sn (PROPN Nina)) (ibar (VERB va)) (compin (sp (ADP a) (sn (DET il) (NOUN parco))) (sv2 (ADP a) (VERB passeggiare)))) (PUNCT ,) (f (ibar (AUX è)) (compc (sn (DET una) (sa (ADJ bella)) (NOUN giornata) (spd (ADP di) (sn (NOUN sole)))))) (CCONJ e) (f (ibar (PRON c') (VERB è)) (compc (sn (DET un) (NOUN venticello) (sa (ADJ fresco)) (PUNCT .))))));3.80 ± 2.35;5,484893151;content
145;21;giornata;giornata;NOUN;root;ROOT;(ROOT (fc (SCONJ Dopodiché) (f (sn (PROPN Nina)) (ibar (VERB va)) (compin (sp (ADP a) (sn (DET il) (NOUN parco))) (sv2 (ADP a) (VERB passeggiare)))) (PUNCT ,) (f (ibar (AUX è)) (compc (sn (DET una) (sa (ADJ bella)) (NOUN giornata) (spd (ADP di) (sn (NOUN sole)))))) (CCONJ e) (f (ibar (PRON c') (VERB è)) (compc (sn (DET un) (NOUN venticello) (sa (ADJ fresco)) (PUNCT .))))));;5,003101004;content
146;21;di;di;ADP;case;sole;(ROOT (fc (SCONJ Dopodiché) (f (sn (PROPN Nina)) (ibar (VERB va)) (compin (sp (ADP a) (sn (DET il) (NOUN parco))) (sv2 (ADP a) (VERB passeggiare)))) (PUNCT ,) (f (ibar (AUX è)) (compc (sn (DET una) (sa (ADJ bella)) (NOUN giornata) (spd (ADP di) (sn (NOUN sole)))))) (CCONJ e) (f (ibar (PRON c') (VERB è)) (compc (sn (DET un) (NOUN venticello) (sa (ADJ fresco)) (PUNCT .))))));;7,232814475;function
147;21;sole;sole;NOUN;nmod;giornata;(ROOT (fc (SCONJ Dopodiché) (f (sn (PROPN Nina)) (ibar (VERB va)) (compin (sp (ADP a) (sn (DET il) (NOUN parco))) (sv2 (ADP a) (VERB passeggiare)))) (PUNCT ,) (f (ibar (AUX è)) (compc (sn (DET una) (sa (ADJ bella)) (NOUN giornata) (spd (ADP di) (sn (NOUN sole)))))) (CCONJ e) (f (ibar (PRON c') (VERB è)) (compc (sn (DET un) (NOUN venticello) (sa (ADJ fresco)) (PUNCT .))))));3.64 ± 2.22;4,889371768;content
148;21;e;e;CCONJ;cc;è;(ROOT (fc (SCONJ Dopodiché) (f (sn (PROPN Nina)) (ibar (VERB va)) (compin (sp (ADP a) (sn (DET il) (NOUN parco))) (sv2 (ADP a) (VERB passeggiare)))) (PUNCT ,) (f (ibar (AUX è)) (compc (sn (DET una) (sa (ADJ bella)) (NOUN giornata) (spd (ADP di) (sn (NOUN sole)))))) (CCONJ e) (f (ibar (PRON c') (VERB è)) (compc (sn (DET un) (NOUN venticello) (sa (ADJ fresco)) (PUNCT .))))));;2,741151583;function
149;21;c;ci;PRON;expl;è;(ROOT (fc (SCONJ Dopodiché) (f (sn (PROPN Nina)) (ibar (VERB va)) (compin (sp (ADP a) (sn (DET il) (NOUN parco))) (sv2 (ADP a) (VERB passeggiare)))) (PUNCT ,) (f (ibar (AUX è)) (compc (sn (DET una) (sa (ADJ bella)) (NOUN giornata) (spd (ADP di) (sn (NOUN sole)))))) (CCONJ e) (f (ibar (PRON c') (VERB è)) (compc (sn (DET un) (NOUN venticello) (sa (ADJ fresco)) (PUNCT .))))));;6,166704172;function
150;21;è;essere;VERB;conj;giornata;(ROOT (fc (SCONJ Dopodiché) (f (sn (PROPN Nina)) (ibar (VERB va)) (compin (sp (ADP a) (sn (DET il) (NOUN parco))) (sv2 (ADP a) (VERB passeggiare)))) (PUNCT ,) (f (ibar (AUX è)) (compc (sn (DET una) (sa (ADJ bella)) (NOUN giornata) (spd (ADP di) (sn (NOUN sole)))))) (CCONJ e) (f (ibar (PRON c') (VERB è)) (compc (sn (DET un) (NOUN venticello) (sa (ADJ fresco)) (PUNCT .))))));;7,249521761;content
151;21;un;uno;DET;det;venticello;(ROOT (fc (SCONJ Dopodiché) (f (sn (PROPN Nina)) (ibar (VERB va)) (compin (sp (ADP a) (sn (DET il) (NOUN parco))) (sv2 (ADP a) (VERB passeggiare)))) (PUNCT ,) (f (ibar (AUX è)) (compc (sn (DET una) (sa (ADJ bella)) (NOUN giornata) (spd (ADP di) (sn (NOUN sole)))))) (CCONJ e) (f (ibar (PRON c') (VERB è)) (compc (sn (DET un) (NOUN venticello) (sa (ADJ fresco)) (PUNCT .))))));;7,065833912;function
152;21;venticello;venticello;NOUN;nsubj;è;(ROOT (fc (SCONJ Dopodiché) (f (sn (PROPN Nina)) (ibar (VERB va)) (compin (sp (ADP a) (sn (DET il) (NOUN parco))) (sv2 (ADP a) (VERB passeggiare)))) (PUNCT ,) (f (ibar (AUX è)) (compc (sn (DET una) (sa (ADJ bella)) (NOUN giornata) (spd (ADP di) (sn (NOUN sole)))))) (CCONJ e) (f (ibar (PRON c') (VERB è)) (compc (sn (DET un) (NOUN venticello) (sa (ADJ fresco)) (PUNCT .))))));;2,287833243;content
153;21;fresco;fresco;ADJ;amod;venticello;(ROOT (fc (SCONJ Dopodiché) (f (sn (PROPN Nina)) (ibar (VERB va)) (compin (sp (ADP a) (sn (DET il) (NOUN parco))) (sv2 (ADP a) (VERB passeggiare)))) (PUNCT ,) (f (ibar (AUX è)) (compc (sn (DET una) (sa (ADJ bella)) (NOUN giornata) (spd (ADP di) (sn (NOUN sole)))))) (CCONJ e) (f (ibar (PRON c') (VERB è)) (compc (sn (DET un) (NOUN venticello) (sa (ADJ fresco)) (PUNCT .))))));;4,143957687;content
154;22;improvvisamente;improvvisamente;ADV;advmod;esce;(ROOT (cp (savv (ADV Improvvisamente)) (fp (PUNCT ,) (spda (ADP da) (ADP dietro) (sn (DET un) (NOUN albero))) (PUNCT ,)) (fc (f (sn (DET un) (NOUN lupo)) (ibar (VERB esce)) (compin (spda (ADP da) (sn (DET il) (NOUN bosco))))) (PUNCT ,) (f (ibar (AUX è)) (compc (sn (DET un) (NOUN lupo) (coord (sa (ADJ spaventoso)) (PUNCT ,) (sa (ADJ cattivo)) (PUNCT ,) (sa (ADJ affamato))))))) (PUNCT .)));;4,224548001;content
155;22;da;da;ADP;case;albero;(ROOT (cp (savv (ADV Improvvisamente)) (fp (PUNCT ,) (spda (ADP da) (ADP dietro) (sn (DET un) (NOUN albero))) (PUNCT ,)) (fc (f (sn (DET un) (NOUN lupo)) (ibar (VERB esce)) (compin (spda (ADP da) (sn (DET il) (NOUN bosco))))) (PUNCT ,) (f (ibar (AUX è)) (compc (sn (DET un) (NOUN lupo) (coord (sa (ADJ spaventoso)) (PUNCT ,) (sa (ADJ cattivo)) (PUNCT ,) (sa (ADJ affamato))))))) (PUNCT .)));;6,577812618;function
156;22;dietro;dietro;ADP;case;albero;(ROOT (cp (savv (ADV Improvvisamente)) (fp (PUNCT ,) (spda (ADP da) (ADP dietro) (sn (DET un) (NOUN albero))) (PUNCT ,)) (fc (f (sn (DET un) (NOUN lupo)) (ibar (VERB esce)) (compin (spda (ADP da) (sn (DET il) (NOUN bosco))))) (PUNCT ,) (f (ibar (AUX è)) (compc (sn (DET un) (NOUN lupo) (coord (sa (ADJ spaventoso)) (PUNCT ,) (sa (ADJ cattivo)) (PUNCT ,) (sa (ADJ affamato))))))) (PUNCT .)));;5,239598045;function
157;22;un;uno;DET;det;albero;(ROOT (cp (savv (ADV Improvvisamente)) (fp (PUNCT ,) (spda (ADP da) (ADP dietro) (sn (DET un) (NOUN albero))) (PUNCT ,)) (fc (f (sn (DET un) (NOUN lupo)) (ibar (VERB esce)) (compin (spda (ADP da) (sn (DET il) (NOUN bosco))))) (PUNCT ,) (f (ibar (AUX è)) (compc (sn (DET un) (NOUN lupo) (coord (sa (ADJ spaventoso)) (PUNCT ,) (sa (ADJ cattivo)) (PUNCT ,) (sa (ADJ affamato))))))) (PUNCT .)));;7,065833912;function
158;22;albero;albero;NOUN;obl;esce;(ROOT (cp (savv (ADV Improvvisamente)) (fp (PUNCT ,) (spda (ADP da) (ADP dietro) (sn (DET un) (NOUN albero))) (PUNCT ,)) (fc (f (sn (DET un) (NOUN lupo)) (ibar (VERB esce)) (compin (spda (ADP da) (sn (DET il) (NOUN bosco))))) (PUNCT ,) (f (ibar (AUX è)) (compc (sn (DET un) (NOUN lupo) (coord (sa (ADJ spaventoso)) (PUNCT ,) (sa (ADJ cattivo)) (PUNCT ,) (sa (ADJ affamato))))))) (PUNCT .)));3.56 ± 1.19;4,603299767;content
159;22;un;uno;DET;det;lupo;(ROOT (cp (savv (ADV Improvvisamente)) (fp (PUNCT ,) (spda (ADP da) (ADP dietro) (sn (DET un) (NOUN albero))) (PUNCT ,)) (fc (f (sn (DET un) (NOUN lupo)) (ibar (VERB esce)) (compin (spda (ADP da) (sn (DET il) (NOUN bosco))))) (PUNCT ,) (f (ibar (AUX è)) (compc (sn (DET un) (NOUN lupo) (coord (sa (ADJ spaventoso)) (PUNCT ,) (sa (ADJ cattivo)) (PUNCT ,) (sa (ADJ affamato))))))) (PUNCT .)));;7,065833912;function
160;22;lupo;lupo;NOUN;nsubj;esce;(ROOT (cp (savv (ADV Improvvisamente)) (fp (PUNCT ,) (spda (ADP da) (ADP dietro) (sn (DET un) (NOUN albero))) (PUNCT ,)) (fc (f (sn (DET un) (NOUN lupo)) (ibar (VERB esce)) (compin (spda (ADP da) (sn (DET il) (NOUN bosco))))) (PUNCT ,) (f (ibar (AUX è)) (compc (sn (DET un) (NOUN lupo) (coord (sa (ADJ spaventoso)) (PUNCT ,) (sa (ADJ cattivo)) (PUNCT ,) (sa (ADJ affamato))))))) (PUNCT .)));3.92 ± 0.86;4,449560513;content
161;22;esce;uscire;VERB;root;ROOT;(ROOT (cp (savv (ADV Improvvisamente)) (fp (PUNCT ,) (spda (ADP da) (ADP dietro) (sn (DET un) (NOUN albero))) (PUNCT ,)) (fc (f (sn (DET un) (NOUN lupo)) (ibar (VERB esce)) (compin (spda (ADP da) (sn (DET il) (NOUN bosco))))) (PUNCT ,) (f (ibar (AUX è)) (compc (sn (DET un) (NOUN lupo) (coord (sa (ADJ spaventoso)) (PUNCT ,) (sa (ADJ cattivo)) (PUNCT ,) (sa (ADJ affamato))))))) (PUNCT .)));4.28 ± 2.32;4,481180499;content
162;22;da;da;ADP;case;bosco;(ROOT (cp (savv (ADV Improvvisamente)) (fp (PUNCT ,) (spda (ADP da) (ADP dietro) (sn (DET un) (NOUN albero))) (PUNCT ,)) (fc (f (sn (DET un) (NOUN lupo)) (ibar (VERB esce)) (compin (spda (ADP da) (sn (DET il) (NOUN bosco))))) (PUNCT ,) (f (ibar (AUX è)) (compc (sn (DET un) (NOUN lupo) (coord (sa (ADJ spaventoso)) (PUNCT ,) (sa (ADJ cattivo)) (PUNCT ,) (sa (ADJ affamato))))))) (PUNCT .)));;6,577812618;function
163;22;il;il;DET;det;bosco;(ROOT (cp (savv (ADV Improvvisamente)) (fp (PUNCT ,) (spda (ADP da) (ADP dietro) (sn (DET un) (NOUN albero))) (PUNCT ,)) (fc (f (sn (DET un) (NOUN lupo)) (ibar (VERB esce)) (compin (spda (ADP da) (sn (DET il) (NOUN bosco))))) (PUNCT ,) (f (ibar (AUX è)) (compc (sn (DET un) (NOUN lupo) (coord (sa (ADJ spaventoso)) (PUNCT ,) (sa (ADJ cattivo)) (PUNCT ,) (sa (ADJ affamato))))))) (PUNCT .)));;7,039560886;function
164;22;bosco;bosco;NOUN;obl;esce;(ROOT (cp (savv (ADV Improvvisamente)) (fp (PUNCT ,) (spda (ADP da) (ADP dietro) (sn (DET un) (NOUN albero))) (PUNCT ,)) (fc (f (sn (DET un) (NOUN lupo)) (ibar (VERB esce)) (compin (spda (ADP da) (sn (DET il) (NOUN bosco))))) (PUNCT ,) (f (ibar (AUX è)) (compc (sn (DET un) (NOUN lupo) (coord (sa (ADJ spaventoso)) (PUNCT ,) (sa (ADJ cattivo)) (PUNCT ,) (sa (ADJ affamato))))))) (PUNCT .)));4.52 ± 1.26;4,24188269;content
165;22;è;essere;AUX;cop;lupo;(ROOT (cp (savv (ADV Improvvisamente)) (fp (PUNCT ,) (spda (ADP da) (ADP dietro) (sn (DET un) (NOUN albero))) (PUNCT ,)) (fc (f (sn (DET un) (NOUN lupo)) (ibar (VERB esce)) (compin (spda (ADP da) (sn (DET il) (NOUN bosco))))) (PUNCT ,) (f (ibar (AUX è)) (compc (sn (DET un) (NOUN lupo) (coord (sa (ADJ spaventoso)) (PUNCT ,) (sa (ADJ cattivo)) (PUNCT ,) (sa (ADJ affamato))))))) (PUNCT .)));;7,249521761;function
166;22;un;uno;DET;det;lupo;(ROOT (cp (savv (ADV Improvvisamente)) (fp (PUNCT ,) (spda (ADP da) (ADP dietro) (sn (DET un) (NOUN albero))) (PUNCT ,)) (fc (f (sn (DET un) (NOUN lupo)) (ibar (VERB esce)) (compin (spda (ADP da) (sn (DET il) (NOUN bosco))))) (PUNCT ,) (f (ibar (AUX è)) (compc (sn (DET un) (NOUN lupo) (coord (sa (ADJ spaventoso)) (PUNCT ,) (sa (ADJ cattivo)) (PUNCT ,) (sa (ADJ affamato))))))) (PUNCT .)));;7,065833912;function
167;22;lupo;lupo;NOUN;conj;esce;(ROOT (cp (savv (ADV Improvvisamente)) (fp (PUNCT ,) (spda (ADP da) (ADP dietro) (sn (DET un) (NOUN albero))) (PUNCT ,)) (fc (f (sn (DET un) (NOUN lupo)) (ibar (VERB esce)) (compin (spda (ADP da) (sn (DET il) (NOUN bosco))))) (PUNCT ,) (f (ibar (AUX è)) (compc (sn (DET un) (NOUN lupo) (coord (sa (ADJ spaventoso)) (PUNCT ,) (sa (ADJ cattivo)) (PUNCT ,) (sa (ADJ affamato))))))) (PUNCT .)));3.92 ± 0.86;4,449560513;content
168;22;spaventoso;spaventoso;ADJ;amod;lupo;(ROOT (cp (savv (ADV Improvvisamente)) (fp (PUNCT ,) (spda (ADP da) (ADP dietro) (sn (DET un) (NOUN albero))) (PUNCT ,)) (fc (f (sn (DET un) (NOUN lupo)) (ibar (VERB esce)) (compin (spda (ADP da) (sn (DET il) (NOUN bosco))))) (PUNCT ,) (f (ibar (AUX è)) (compc (sn (DET un) (NOUN lupo) (coord (sa (ADJ spaventoso)) (PUNCT ,) (sa (ADJ cattivo)) (PUNCT ,) (sa (ADJ affamato))))))) (PUNCT .)));5.24 ± 2.20;4,038804227;content
169;22;cattivo;cattivo;ADJ;conj;spaventoso;(ROOT (cp (savv (ADV Improvvisamente)) (fp (PUNCT ,) (spda (ADP da) (ADP dietro) (sn (DET un) (NOUN albero))) (PUNCT ,)) (fc (f (sn (DET un) (NOUN lupo)) (ibar (VERB esce)) (compin (spda (ADP da) (sn (DET il) (NOUN bosco))))) (PUNCT ,) (f (ibar (AUX è)) (compc (sn (DET un) (NOUN lupo) (coord (sa (ADJ spaventoso)) (PUNCT ,) (sa (ADJ cattivo)) (PUNCT ,) (sa (ADJ affamato))))))) (PUNCT .)));3.48 ± 1.26;4,710488731;content
170;22;affamato;affamato;ADJ;conj;spaventoso;(ROOT (cp (savv (ADV Improvvisamente)) (fp (PUNCT ,) (spda (ADP da) (ADP dietro) (sn (DET un) (NOUN albero))) (PUNCT ,)) (fc (f (sn (DET un) (NOUN lupo)) (ibar (VERB esce)) (compin (spda (ADP da) (sn (DET il) (NOUN bosco))))) (PUNCT ,) (f (ibar (AUX è)) (compc (sn (DET un) (NOUN lupo) (coord (sa (ADJ spaventoso)) (PUNCT ,) (sa (ADJ cattivo)) (PUNCT ,) (sa (ADJ affamato))))))) (PUNCT .)));4.84 ± 2.15;3,853681062;content
171;23;argh;Argh;INTJ;root;ROOT;(ROOT (dirsp (PUNCT “) (cp (INTJ Argh) (PUNCT ,) (sn (NOUN bambina))) (PUNCT !)));;;function
172;23;bambina;bambino;NOUN;vocative;Argh;(ROOT (dirsp (PUNCT “) (cp (INTJ Argh) (PUNCT ,) (sn (NOUN bambina))) (PUNCT !)));3.20 ± 1.12;4,98282431;content
173;24;adesso;adesso;ADV;advmod;mangio;(ROOT (cp (savv (ADV Adesso)) (f (ibar (PRON ti) (VERB mangio))) (PUNCT !) (PUNCT ”) (fp (PUNCT ,) (f (ibar (PRON le) (VERB dice)) (compt (sn (DET il) (NOUN lupo)) (PUNCT ,) (sa (ADJ inferocito) (PUNCT .)))))));;5,836954264;content
174;24;ti;ti;PRON;iobj;mangio;(ROOT (cp (savv (ADV Adesso)) (f (ibar (PRON ti) (VERB mangio))) (PUNCT !) (PUNCT ”) (fp (PUNCT ,) (f (ibar (PRON le) (VERB dice)) (compt (sn (DET il) (NOUN lupo)) (PUNCT ,) (sa (ADJ inferocito) (PUNCT .)))))));;6,615643201;function
175;24;mangio;mangiare;VERB;root;ROOT;(ROOT (cp (savv (ADV Adesso)) (f (ibar (PRON ti) (VERB mangio))) (PUNCT !) (PUNCT ”) (fp (PUNCT ,) (f (ibar (PRON le) (VERB dice)) (compt (sn (DET il) (NOUN lupo)) (PUNCT ,) (sa (ADJ inferocito) (PUNCT .)))))));3.24 ± 1.74;4,209623729;content
176;24;le;le;PRON;iobj;dice;(ROOT (cp (savv (ADV Adesso)) (f (ibar (PRON ti) (VERB mangio))) (PUNCT !) (PUNCT ”) (fp (PUNCT ,) (f (ibar (PRON le) (VERB dice)) (compt (sn (DET il) (NOUN lupo)) (PUNCT ,) (sa (ADJ inferocito) (PUNCT .)))))));;6,624997683;function
177;24;dice;dire;VERB;parataxis;mangio;(ROOT (cp (savv (ADV Adesso)) (f (ibar (PRON ti) (VERB mangio))) (PUNCT !) (PUNCT ”) (fp (PUNCT ,) (f (ibar (PRON le) (VERB dice)) (compt (sn (DET il) (NOUN lupo)) (PUNCT ,) (sa (ADJ inferocito) (PUNCT .)))))));4.08 ± 1.73;5,609257672;content
178;24;il;il;DET;det;lupo;(ROOT (cp (savv (ADV Adesso)) (f (ibar (PRON ti) (VERB mangio))) (PUNCT !) (PUNCT ”) (fp (PUNCT ,) (f (ibar (PRON le) (VERB dice)) (compt (sn (DET il) (NOUN lupo)) (PUNCT ,) (sa (ADJ inferocito) (PUNCT .)))))));;7,039560886;function
179;24;lupo;lupo;NOUN;nsubj;dice;(ROOT (cp (savv (ADV Adesso)) (f (ibar (PRON ti) (VERB mangio))) (PUNCT !) (PUNCT ”) (fp (PUNCT ,) (f (ibar (PRON le) (VERB dice)) (compt (sn (DET il) (NOUN lupo)) (PUNCT ,) (sa (ADJ inferocito) (PUNCT .)))))));3.92 ± 0.86;4,449560513;content
180;24;inferocito;inferocito;ADJ;amod;lupo;(ROOT (cp (savv (ADV Adesso)) (f (ibar (PRON ti) (VERB mangio))) (PUNCT !) (PUNCT ”) (fp (PUNCT ,) (f (ibar (PRON le) (VERB dice)) (compt (sn (DET il) (NOUN lupo)) (PUNCT ,) (sa (ADJ inferocito) (PUNCT .)))))));;2,232315915;content
181;25;ehi;ehi;INTJ;discourse;laffiami;(ROOT (dirsp (PUNCT “) (sn (INTJ Ehi)) (PUNCT ,) (f (ibar (VERB laffiami)) (compt (sv2 (VERB stare)))) (PUNCT !) (PUNCT ”) (PUNCT “) (fint (ADV Come) (PUNCT ?)) (PUNCT ”) (fp (PUNCT ,) (f (ibar (VERB chiede)) (compt (sn (DET il) (NOUN lupo) (PUNCT ,) (f2 (PRON che) (f (ibar (ADV non) (AUX ha) (VERB capito)) (compt (sn (DET una) (sa (ADJ sola)) (NOUN parola) (spd (ADP di) (sn (PRON quello) (f2 (PRON che) (f (sn (PROPN Nina)) (ibar (AUX ha) (VERB cercato)) (compt (sv2 (ADP di) (NOUN dirgli) (PUNCT .)))))))))))))))));;1,844135744;function
182;25;laffiami;laffiare;VERB;root;ROOT;(ROOT (dirsp (PUNCT “) (sn (INTJ Ehi)) (PUNCT ,) (f (ibar (VERB laffiami)) (compt (sv2 (VERB stare)))) (PUNCT !) (PUNCT ”) (PUNCT “) (fint (ADV Come) (PUNCT ?)) (PUNCT ”) (fp (PUNCT ,) (f (ibar (VERB chiede)) (compt (sn (DET il) (NOUN lupo) (PUNCT ,) (f2 (PRON che) (f (ibar (ADV non) (AUX ha) (VERB capito)) (compt (sn (DET una) (sa (ADJ sola)) (NOUN parola) (spd (ADP di) (sn (PRON quello) (f2 (PRON che) (f (sn (PROPN Nina)) (ibar (AUX ha) (VERB cercato)) (compt (sv2 (ADP di) (NOUN dirgli) (PUNCT .)))))))))))))))));;1,19092323;content
183;25;stare;stare;VERB;ccomp;laffiami;(ROOT (dirsp (PUNCT “) (sn (INTJ Ehi)) (PUNCT ,) (f (ibar (VERB laffiami)) (compt (sv2 (VERB stare)))) (PUNCT !) (PUNCT ”) (PUNCT “) (fint (ADV Come) (PUNCT ?)) (PUNCT ”) (fp (PUNCT ,) (f (ibar (VERB chiede)) (compt (sn (DET il) (NOUN lupo) (PUNCT ,) (f2 (PRON che) (f (ibar (ADV non) (AUX ha) (VERB capito)) (compt (sn (DET una) (sa (ADJ sola)) (NOUN parola) (spd (ADP di) (sn (PRON quello) (f2 (PRON che) (f (sn (PROPN Nina)) (ibar (AUX ha) (VERB cercato)) (compt (sv2 (ADP di) (NOUN dirgli) (PUNCT .)))))))))))))))));4.60 ± 2.35;5,514886537;content
184;25;come;come;ADV;parataxis;laffiami;(ROOT (dirsp (PUNCT “) (sn (INTJ Ehi)) (PUNCT ,) (f (ibar (VERB laffiami)) (compt (sv2 (VERB stare)))) (PUNCT !) (PUNCT ”) (PUNCT “) (fint (ADV Come) (PUNCT ?)) (PUNCT ”) (fp (PUNCT ,) (f (ibar (VERB chiede)) (compt (sn (DET il) (NOUN lupo) (PUNCT ,) (f2 (PRON che) (f (ibar (ADV non) (AUX ha) (VERB capito)) (compt (sn (DET una) (sa (ADJ sola)) (NOUN parola) (spd (ADP di) (sn (PRON quello) (f2 (PRON che) (f (sn (PROPN Nina)) (ibar (AUX ha) (VERB cercato)) (compt (sv2 (ADP di) (NOUN dirgli) (PUNCT .)))))))))))))))));;6,562704781;content
185;25;chiede;chiedere;VERB;parataxis;laffiami;(ROOT (dirsp (PUNCT “) (sn (INTJ Ehi)) (PUNCT ,) (f (ibar (VERB laffiami)) (compt (sv2 (VERB stare)))) (PUNCT !) (PUNCT ”) (PUNCT “) (fint (ADV Come) (PUNCT ?)) (PUNCT ”) (fp (PUNCT ,) (f (ibar (VERB chiede)) (compt (sn (DET il) (NOUN lupo) (PUNCT ,) (f2 (PRON che) (f (ibar (ADV non) (AUX ha) (VERB capito)) (compt (sn (DET una) (sa (ADJ sola)) (NOUN parola) (spd (ADP di) (sn (PRON quello) (f2 (PRON che) (f (sn (PROPN Nina)) (ibar (AUX ha) (VERB cercato)) (compt (sv2 (ADP di) (NOUN dirgli) (PUNCT .)))))))))))))))));;4,493578784;content
186;25;il;il;DET;det;lupo;(ROOT (dirsp (PUNCT “) (sn (INTJ Ehi)) (PUNCT ,) (f (ibar (VERB laffiami)) (compt (sv2 (VERB stare)))) (PUNCT !) (PUNCT ”) (PUNCT “) (fint (ADV Come) (PUNCT ?)) (PUNCT ”) (fp (PUNCT ,) (f (ibar (VERB chiede)) (compt (sn (DET il) (NOUN lupo) (PUNCT ,) (f2 (PRON che) (f (ibar (ADV non) (AUX ha) (VERB capito)) (compt (sn (DET una) (sa (ADJ sola)) (NOUN parola) (spd (ADP di) (sn (PRON quello) (f2 (PRON che) (f (sn (PROPN Nina)) (ibar (AUX ha) (VERB cercato)) (compt (sv2 (ADP di) (NOUN dirgli) (PUNCT .)))))))))))))))));;7,039560886;function
187;25;lupo;lupo;NOUN;nsubj;chiede;(ROOT (dirsp (PUNCT “) (sn (INTJ Ehi)) (PUNCT ,) (f (ibar (VERB laffiami)) (compt (sv2 (VERB stare)))) (PUNCT !) (PUNCT ”) (PUNCT “) (fint (ADV Come) (PUNCT ?)) (PUNCT ”) (fp (PUNCT ,) (f (ibar (VERB chiede)) (compt (sn (DET il) (NOUN lupo) (PUNCT ,) (f2 (PRON che) (f (ibar (ADV non) (AUX ha) (VERB capito)) (compt (sn (DET una) (sa (ADJ sola)) (NOUN parola) (spd (ADP di) (sn (PRON quello) (f2 (PRON che) (f (sn (PROPN Nina)) (ibar (AUX ha) (VERB cercato)) (compt (sv2 (ADP di) (NOUN dirgli) (PUNCT .)))))))))))))))));3.92 ± 0.86;4,449560513;content
188;25;che;che;PRON;nsubj;capito;(ROOT (dirsp (PUNCT “) (sn (INTJ Ehi)) (PUNCT ,) (f (ibar (VERB laffiami)) (compt (sv2 (VERB stare)))) (PUNCT !) (PUNCT ”) (PUNCT “) (fint (ADV Come) (PUNCT ?)) (PUNCT ”) (fp (PUNCT ,) (f (ibar (VERB chiede)) (compt (sn (DET il) (NOUN lupo) (PUNCT ,) (f2 (PRON che) (f (ibar (ADV non) (AUX ha) (VERB capito)) (compt (sn (DET una) (sa (ADJ sola)) (NOUN parola) (spd (ADP di) (sn (PRON quello) (f2 (PRON che) (f (sn (PROPN Nina)) (ibar (AUX ha) (VERB cercato)) (compt (sv2 (ADP di) (NOUN dirgli) (PUNCT .)))))))))))))))));;7,250456545;function
189;25;non;non;ADV;advmod;capito;(ROOT (dirsp (PUNCT “) (sn (INTJ Ehi)) (PUNCT ,) (f (ibar (VERB laffiami)) (compt (sv2 (VERB stare)))) (PUNCT !) (PUNCT ”) (PUNCT “) (fint (ADV Come) (PUNCT ?)) (PUNCT ”) (fp (PUNCT ,) (f (ibar (VERB chiede)) (compt (sn (DET il) (NOUN lupo) (PUNCT ,) (f2 (PRON che) (f (ibar (ADV non) (AUX ha) (VERB capito)) (compt (sn (DET una) (sa (ADJ sola)) (NOUN parola) (spd (ADP di) (sn (PRON quello) (f2 (PRON che) (f (sn (PROPN Nina)) (ibar (AUX ha) (VERB cercato)) (compt (sv2 (ADP di) (NOUN dirgli) (PUNCT .)))))))))))))))));;7,259198169;content
190;25;ha;avere;AUX;aux;capito;(ROOT (dirsp (PUNCT “) (sn (INTJ Ehi)) (PUNCT ,) (f (ibar (VERB laffiami)) (compt (sv2 (VERB stare)))) (PUNCT !) (PUNCT ”) (PUNCT “) (fint (ADV Come) (PUNCT ?)) (PUNCT ”) (fp (PUNCT ,) (f (ibar (VERB chiede)) (compt (sn (DET il) (NOUN lupo) (PUNCT ,) (f2 (PRON che) (f (ibar (ADV non) (AUX ha) (VERB capito)) (compt (sn (DET una) (sa (ADJ sola)) (NOUN parola) (spd (ADP di) (sn (PRON quello) (f2 (PRON che) (f (sn (PROPN Nina)) (ibar (AUX ha) (VERB cercato)) (compt (sv2 (ADP di) (NOUN dirgli) (PUNCT .)))))))))))))))));;6,684018637;function
191;25;capito;capitare;VERB;acl:relcl;lupo;(ROOT (dirsp (PUNCT “) (sn (INTJ Ehi)) (PUNCT ,) (f (ibar (VERB laffiami)) (compt (sv2 (VERB stare)))) (PUNCT !) (PUNCT ”) (PUNCT “) (fint (ADV Come) (PUNCT ?)) (PUNCT ”) (fp (PUNCT ,) (f (ibar (VERB chiede)) (compt (sn (DET il) (NOUN lupo) (PUNCT ,) (f2 (PRON che) (f (ibar (ADV non) (AUX ha) (VERB capito)) (compt (sn (DET una) (sa (ADJ sola)) (NOUN parola) (spd (ADP di) (sn (PRON quello) (f2 (PRON che) (f (sn (PROPN Nina)) (ibar (AUX ha) (VERB cercato)) (compt (sv2 (ADP di) (NOUN dirgli) (PUNCT .)))))))))))))))));;5,491551317;content
192;25;una;uno;DET;det;parola;(ROOT (dirsp (PUNCT “) (sn (INTJ Ehi)) (PUNCT ,) (f (ibar (VERB laffiami)) (compt (sv2 (VERB stare)))) (PUNCT !) (PUNCT ”) (PUNCT “) (fint (ADV Come) (PUNCT ?)) (PUNCT ”) (fp (PUNCT ,) (f (ibar (VERB chiede)) (compt (sn (DET il) (NOUN lupo) (PUNCT ,) (f2 (PRON che) (f (ibar (ADV non) (AUX ha) (VERB capito)) (compt (sn (DET una) (sa (ADJ sola)) (NOUN parola) (spd (ADP di) (sn (PRON quello) (f2 (PRON che) (f (sn (PROPN Nina)) (ibar (AUX ha) (VERB cercato)) (compt (sv2 (ADP di) (NOUN dirgli) (PUNCT .)))))))))))))))));;6,801817508;function
193;25;sola;solo;ADJ;amod;parola;(ROOT (dirsp (PUNCT “) (sn (INTJ Ehi)) (PUNCT ,) (f (ibar (VERB laffiami)) (compt (sv2 (VERB stare)))) (PUNCT !) (PUNCT ”) (PUNCT “) (fint (ADV Come) (PUNCT ?)) (PUNCT ”) (fp (PUNCT ,) (f (ibar (VERB chiede)) (compt (sn (DET il) (NOUN lupo) (PUNCT ,) (f2 (PRON che) (f (ibar (ADV non) (AUX ha) (VERB capito)) (compt (sn (DET una) (sa (ADJ sola)) (NOUN parola) (spd (ADP di) (sn (PRON quello) (f2 (PRON che) (f (sn (PROPN Nina)) (ibar (AUX ha) (VERB cercato)) (compt (sv2 (ADP di) (NOUN dirgli) (PUNCT .)))))))))))))))));4.60 ± 2.14;5,290759195;content
194;25;parola;parola;NOUN;obj;capito;(ROOT (dirsp (PUNCT “) (sn (INTJ Ehi)) (PUNCT ,) (f (ibar (VERB laffiami)) (compt (sv2 (VERB stare)))) (PUNCT !) (PUNCT ”) (PUNCT “) (fint (ADV Come) (PUNCT ?)) (PUNCT ”) (fp (PUNCT ,) (f (ibar (VERB chiede)) (compt (sn (DET il) (NOUN lupo) (PUNCT ,) (f2 (PRON che) (f (ibar (ADV non) (AUX ha) (VERB capito)) (compt (sn (DET una) (sa (ADJ sola)) (NOUN parola) (spd (ADP di) (sn (PRON quello) (f2 (PRON che) (f (sn (PROPN Nina)) (ibar (AUX ha) (VERB cercato)) (compt (sv2 (ADP di) (NOUN dirgli) (PUNCT .)))))))))))))))));4.44 ± 1.92;5,141239394;content
195;25;di;di;ADP;case;quello;(ROOT (dirsp (PUNCT “) (sn (INTJ Ehi)) (PUNCT ,) (f (ibar (VERB laffiami)) (compt (sv2 (VERB stare)))) (PUNCT !) (PUNCT ”) (PUNCT “) (fint (ADV Come) (PUNCT ?)) (PUNCT ”) (fp (PUNCT ,) (f (ibar (VERB chiede)) (compt (sn (DET il) (NOUN lupo) (PUNCT ,) (f2 (PRON che) (f (ibar (ADV non) (AUX ha) (VERB capito)) (compt (sn (DET una) (sa (ADJ sola)) (NOUN parola) (spd (ADP di) (sn (PRON quello) (f2 (PRON che) (f (sn (PROPN Nina)) (ibar (AUX ha) (VERB cercato)) (compt (sv2 (ADP di) (NOUN dirgli) (PUNCT .)))))))))))))))));;7,232814475;function
196;25;quello;quello;PRON;nmod;parola;(ROOT (dirsp (PUNCT “) (sn (INTJ Ehi)) (PUNCT ,) (f (ibar (VERB laffiami)) (compt (sv2 (VERB stare)))) (PUNCT !) (PUNCT ”) (PUNCT “) (fint (ADV Come) (PUNCT ?)) (PUNCT ”) (fp (PUNCT ,) (f (ibar (VERB chiede)) (compt (sn (DET il) (NOUN lupo) (PUNCT ,) (f2 (PRON che) (f (ibar (ADV non) (AUX ha) (VERB capito)) (compt (sn (DET una) (sa (ADJ sola)) (NOUN parola) (spd (ADP di) (sn (PRON quello) (f2 (PRON che) (f (sn (PROPN Nina)) (ibar (AUX ha) (VERB cercato)) (compt (sv2 (ADP di) (NOUN dirgli) (PUNCT .)))))))))))))))));;6,160949149;function
197;25;che;che;PRON;obj;cercato;(ROOT (dirsp (PUNCT “) (sn (INTJ Ehi)) (PUNCT ,) (f (ibar (VERB laffiami)) (compt (sv2 (VERB stare)))) (PUNCT !) (PUNCT ”) (PUNCT “) (fint (ADV Come) (PUNCT ?)) (PUNCT ”) (fp (PUNCT ,) (f (ibar (VERB chiede)) (compt (sn (DET il) (NOUN lupo) (PUNCT ,) (f2 (PRON che) (f (ibar (ADV non) (AUX ha) (VERB capito)) (compt (sn (DET una) (sa (ADJ sola)) (NOUN parola) (spd (ADP di) (sn (PRON quello) (f2 (PRON che) (f (sn (PROPN Nina)) (ibar (AUX ha) (VERB cercato)) (compt (sv2 (ADP di) (NOUN dirgli) (PUNCT .)))))))))))))))));;7,250456545;function
198;25;nina;Nina;PROPN;nsubj;cercato;(ROOT (dirsp (PUNCT “) (sn (INTJ Ehi)) (PUNCT ,) (f (ibar (VERB laffiami)) (compt (sv2 (VERB stare)))) (PUNCT !) (PUNCT ”) (PUNCT “) (fint (ADV Come) (PUNCT ?)) (PUNCT ”) (fp (PUNCT ,) (f (ibar (VERB chiede)) (compt (sn (DET il) (NOUN lupo) (PUNCT ,) (f2 (PRON che) (f (ibar (ADV non) (AUX ha) (VERB capito)) (compt (sn (DET una) (sa (ADJ sola)) (NOUN parola) (spd (ADP di) (sn (PRON quello) (f2 (PRON che) (f (sn (PROPN Nina)) (ibar (AUX ha) (VERB cercato)) (compt (sv2 (ADP di) (NOUN dirgli) (PUNCT .)))))))))))))))));;1,668044485;content
199;25;ha;avere;AUX;aux;cercato;(ROOT (dirsp (PUNCT “) (sn (INTJ Ehi)) (PUNCT ,) (f (ibar (VERB laffiami)) (compt (sv2 (VERB stare)))) (PUNCT !) (PUNCT ”) (PUNCT “) (fint (ADV Come) (PUNCT ?)) (PUNCT ”) (fp (PUNCT ,) (f (ibar (VERB chiede)) (compt (sn (DET il) (NOUN lupo) (PUNCT ,) (f2 (PRON che) (f (ibar (ADV non) (AUX ha) (VERB capito)) (compt (sn (DET una) (sa (ADJ sola)) (NOUN parola) (spd (ADP di) (sn (PRON quello) (f2 (PRON che) (f (sn (PROPN Nina)) (ibar (AUX ha) (VERB cercato)) (compt (sv2 (ADP di) (NOUN dirgli) (PUNCT .)))))))))))))))));;6,684018637;function
200;25;cercato;cercare;VERB;acl:relcl;quello;(ROOT (dirsp (PUNCT “) (sn (INTJ Ehi)) (PUNCT ,) (f (ibar (VERB laffiami)) (compt (sv2 (VERB stare)))) (PUNCT !) (PUNCT ”) (PUNCT “) (fint (ADV Come) (PUNCT ?)) (PUNCT ”) (fp (PUNCT ,) (f (ibar (VERB chiede)) (compt (sn (DET il) (NOUN lupo) (PUNCT ,) (f2 (PRON che) (f (ibar (ADV non) (AUX ha) (VERB capito)) (compt (sn (DET una) (sa (ADJ sola)) (NOUN parola) (spd (ADP di) (sn (PRON quello) (f2 (PRON che) (f (sn (PROPN Nina)) (ibar (AUX ha) (VERB cercato)) (compt (sv2 (ADP di) (NOUN dirgli) (PUNCT .)))))))))))))))));4.72 ± 2.28;4,937440667;content
201;25;di;di;ADP;case;dirgli;(ROOT (dirsp (PUNCT “) (sn (INTJ Ehi)) (PUNCT ,) (f (ibar (VERB laffiami)) (compt (sv2 (VERB stare)))) (PUNCT !) (PUNCT ”) (PUNCT “) (fint (ADV Come) (PUNCT ?)) (PUNCT ”) (fp (PUNCT ,) (f (ibar (VERB chiede)) (compt (sn (DET il) (NOUN lupo) (PUNCT ,) (f2 (PRON che) (f (ibar (ADV non) (AUX ha) (VERB capito)) (compt (sn (DET una) (sa (ADJ sola)) (NOUN parola) (spd (ADP di) (sn (PRON quello) (f2 (PRON che) (f (sn (PROPN Nina)) (ibar (AUX ha) (VERB cercato)) (compt (sv2 (ADP di) (NOUN dirgli) (PUNCT .)))))))))))))))));;7,232814475;function
202;25;dirgli;dirglio;NOUN;obl;cercato;(ROOT (dirsp (PUNCT “) (sn (INTJ Ehi)) (PUNCT ,) (f (ibar (VERB laffiami)) (compt (sv2 (VERB stare)))) (PUNCT !) (PUNCT ”) (PUNCT “) (fint (ADV Come) (PUNCT ?)) (PUNCT ”) (fp (PUNCT ,) (f (ibar (VERB chiede)) (compt (sn (DET il) (NOUN lupo) (PUNCT ,) (f2 (PRON che) (f (ibar (ADV non) (AUX ha) (VERB capito)) (compt (sn (DET una) (sa (ADJ sola)) (NOUN parola) (spd (ADP di) (sn (PRON quello) (f2 (PRON che) (f (sn (PROPN Nina)) (ibar (AUX ha) (VERB cercato)) (compt (sv2 (ADP di) (NOUN dirgli) (PUNCT .)))))))))))))))));;4,453136935;content
203;26;nina;Nina;PROPN;nsubj;ripete;(ROOT (cp (sn (PROPN Nina)) (savv (ADV allora)) (f (ibar (VERB ripete)) (compt (sp (ADP a) (sn (NOUN voce) (sa (ADV più) (ADJ alta)))) (PUNCT “) (fint (ibar (VERB Laffiami)) (sv2 (VERB stare))) (PUNCT !) (PUNCT ”)))));;1,668044485;content
204;26;allora;allora;ADV;advmod;ripete;(ROOT (cp (sn (PROPN Nina)) (savv (ADV allora)) (f (ibar (VERB ripete)) (compt (sp (ADP a) (sn (NOUN voce) (sa (ADV più) (ADJ alta)))) (PUNCT “) (fint (ibar (VERB Laffiami)) (sv2 (VERB stare))) (PUNCT !) (PUNCT ”)))));;6,072527547;content
205;26;ripete;ripetere;VERB;root;ROOT;(ROOT (cp (sn (PROPN Nina)) (savv (ADV allora)) (f (ibar (VERB ripete)) (compt (sp (ADP a) (sn (NOUN voce) (sa (ADV più) (ADJ alta)))) (PUNCT “) (fint (ibar (VERB Laffiami)) (sv2 (VERB stare))) (PUNCT !) (PUNCT ”)))));;3,466234585;content
206;26;a;a;ADP;case;voce;(ROOT (cp (sn (PROPN Nina)) (savv (ADV allora)) (f (ibar (VERB ripete)) (compt (sp (ADP a) (sn (NOUN voce) (sa (ADV più) (ADJ alta)))) (PUNCT “) (fint (ibar (VERB Laffiami)) (sv2 (VERB stare))) (PUNCT !) (PUNCT ”)))));;7,004335738;function
207;26;voce;voce;NOUN;obl;ripete;(ROOT (cp (sn (PROPN Nina)) (savv (ADV allora)) (f (ibar (VERB ripete)) (compt (sp (ADP a) (sn (NOUN voce) (sa (ADV più) (ADJ alta)))) (PUNCT “) (fint (ibar (VERB Laffiami)) (sv2 (VERB stare))) (PUNCT !) (PUNCT ”)))));3.88 ± 1.30;4,979020863;content
208;26;più;più;ADV;advmod;alta;(ROOT (cp (sn (PROPN Nina)) (savv (ADV allora)) (f (ibar (VERB ripete)) (compt (sp (ADP a) (sn (NOUN voce) (sa (ADV più) (ADJ alta)))) (PUNCT “) (fint (ibar (VERB Laffiami)) (sv2 (VERB stare))) (PUNCT !) (PUNCT ”)))));;6,382555861;content
209;26;alta;alto;ADJ;amod;voce;(ROOT (cp (sn (PROPN Nina)) (savv (ADV allora)) (f (ibar (VERB ripete)) (compt (sp (ADP a) (sn (NOUN voce) (sa (ADV più) (ADJ alta)))) (PUNCT “) (fint (ibar (VERB Laffiami)) (sv2 (VERB stare))) (PUNCT !) (PUNCT ”)))));4.04 ± 1.10;4,688405767;content
210;26;laffiami;laffiare;VERB;parataxis;ripete;(ROOT (cp (sn (PROPN Nina)) (savv (ADV allora)) (f (ibar (VERB ripete)) (compt (sp (ADP a) (sn (NOUN voce) (sa (ADV più) (ADJ alta)))) (PUNCT “) (fint (ibar (VERB Laffiami)) (sv2 (VERB stare))) (PUNCT !) (PUNCT ”)))));;1,19092323;content
211;26;stare;stare;VERB;ccomp;Laffiami;(ROOT (cp (sn (PROPN Nina)) (savv (ADV allora)) (f (ibar (VERB ripete)) (compt (sp (ADP a) (sn (NOUN voce) (sa (ADV più) (ADJ alta)))) (PUNCT “) (fint (ibar (VERB Laffiami)) (sv2 (VERB stare))) (PUNCT !) (PUNCT ”)))));4.60 ± 2.35;5,514886537;content
212;27;il;il;DET;det;lupo;(ROOT (f (sn (DET Il) (NOUN lupo) (fp (PUNCT ,) (sa (ADJ spazientito)) (PUNCT ,))) (ibar (VERB continua)) (compt (sv2 (ADP a) (ADV non) (VERB capire) (compt (sn (DET una) (NOUN parola) (PUNCT .)))))));;7,039560886;function
213;27;lupo;lupo;NOUN;nsubj;continua;(ROOT (f (sn (DET Il) (NOUN lupo) (fp (PUNCT ,) (sa (ADJ spazientito)) (PUNCT ,))) (ibar (VERB continua)) (compt (sv2 (ADP a) (ADV non) (VERB capire) (compt (sn (DET una) (NOUN parola) (PUNCT .)))))));3.92 ± 0.86;4,449560513;content
214;27;spazientito;spazientito;ADJ;amod;lupo;(ROOT (f (sn (DET Il) (NOUN lupo) (fp (PUNCT ,) (sa (ADJ spazientito)) (PUNCT ,))) (ibar (VERB continua)) (compt (sv2 (ADP a) (ADV non) (VERB capire) (compt (sn (DET una) (NOUN parola) (PUNCT .)))))));;1,668044485;content
215;27;continua;continuare;VERB;root;ROOT;(ROOT (f (sn (DET Il) (NOUN lupo) (fp (PUNCT ,) (sa (ADJ spazientito)) (PUNCT ,))) (ibar (VERB continua)) (compt (sv2 (ADP a) (ADV non) (VERB capire) (compt (sn (DET una) (NOUN parola) (PUNCT .)))))));;4,980680162;content
216;27;a;a;ADP;mark;capire;(ROOT (f (sn (DET Il) (NOUN lupo) (fp (PUNCT ,) (sa (ADJ spazientito)) (PUNCT ,))) (ibar (VERB continua)) (compt (sv2 (ADP a) (ADV non) (VERB capire) (compt (sn (DET una) (NOUN parola) (PUNCT .)))))));;7,004335738;function
217;27;non;non;ADV;advmod;capire;(ROOT (f (sn (DET Il) (NOUN lupo) (fp (PUNCT ,) (sa (ADJ spazientito)) (PUNCT ,))) (ibar (VERB continua)) (compt (sv2 (ADP a) (ADV non) (VERB capire) (compt (sn (DET una) (NOUN parola) (PUNCT .)))))));;7,259198169;content
218;27;capire;capire;VERB;xcomp;continua;(ROOT (f (sn (DET Il) (NOUN lupo) (fp (PUNCT ,) (sa (ADJ spazientito)) (PUNCT ,))) (ibar (VERB continua)) (compt (sv2 (ADP a) (ADV non) (VERB capire) (compt (sn (DET una) (NOUN parola) (PUNCT .)))))));;5,184932263;content
219;27;una;uno;DET;det;parola;(ROOT (f (sn (DET Il) (NOUN lupo) (fp (PUNCT ,) (sa (ADJ spazientito)) (PUNCT ,))) (ibar (VERB continua)) (compt (sv2 (ADP a) (ADV non) (VERB capire) (compt (sn (DET una) (NOUN parola) (PUNCT .)))))));;6,801817508;function
220;27;parola;parola;NOUN;obj;capire;(ROOT (f (sn (DET Il) (NOUN lupo) (fp (PUNCT ,) (sa (ADJ spazientito)) (PUNCT ,))) (ibar (VERB continua)) (compt (sv2 (ADP a) (ADV non) (VERB capire) (compt (sn (DET una) (NOUN parola) (PUNCT .)))))));4.44 ± 1.92;5,141239394;content
221;28;nina;Nina;PROPN;nsubj;leva;(ROOT (fc (f (sn (PROPN Nina)) (ibar (PRON si) (VERB leva)) (compt (sn (DET il) (NOUN ciuccio) (spd (ADP di) (sn (NOUN bocca)))))) (CCONJ ed) (f (ibar (VERB urla))) (PUNCT :)));;1,668044485;content
222;28;si;si;PRON;expl;leva;(ROOT (fc (f (sn (PROPN Nina)) (ibar (PRON si) (VERB leva)) (compt (sn (DET il) (NOUN ciuccio) (spd (ADP di) (sn (NOUN bocca)))))) (CCONJ ed) (f (ibar (VERB urla))) (PUNCT :)));;6,553884221;function
223;28;leva;levare;VERB;root;ROOT;(ROOT (fc (f (sn (PROPN Nina)) (ibar (PRON si) (VERB leva)) (compt (sn (DET il) (NOUN ciuccio) (spd (ADP di) (sn (NOUN bocca)))))) (CCONJ ed) (f (ibar (VERB urla))) (PUNCT :)));4.96 ± 2.17;3,957707746;content
224;28;il;il;DET;det;ciuccio;(ROOT (fc (f (sn (PROPN Nina)) (ibar (PRON si) (VERB leva)) (compt (sn (DET il) (NOUN ciuccio) (spd (ADP di) (sn (NOUN bocca)))))) (CCONJ ed) (f (ibar (VERB urla))) (PUNCT :)));;7,039560886;function
225;28;ciuccio;ciuccio;NOUN;obj;leva;(ROOT (fc (f (sn (PROPN Nina)) (ibar (PRON si) (VERB leva)) (compt (sn (DET il) (NOUN ciuccio) (spd (ADP di) (sn (NOUN bocca)))))) (CCONJ ed) (f (ibar (VERB urla))) (PUNCT :)));2.96 ± 1.57;2,858376183;content
226;28;di;di;ADP;case;bocca;(ROOT (fc (f (sn (PROPN Nina)) (ibar (PRON si) (VERB leva)) (compt (sn (DET il) (NOUN ciuccio) (spd (ADP di) (sn (NOUN bocca)))))) (CCONJ ed) (f (ibar (VERB urla))) (PUNCT :)));;7,232814475;function
227;28;bocca;bocca;NOUN;nmod;ciuccio;(ROOT (fc (f (sn (PROPN Nina)) (ibar (PRON si) (VERB leva)) (compt (sn (DET il) (NOUN ciuccio) (spd (ADP di) (sn (NOUN bocca)))))) (CCONJ ed) (f (ibar (VERB urla))) (PUNCT :)));2.44 ± 1.08;4,963684877;content
228;28;ed;e;CCONJ;cc;urla;(ROOT (fc (f (sn (PROPN Nina)) (ibar (PRON si) (VERB leva)) (compt (sn (DET il) (NOUN ciuccio) (spd (ADP di) (sn (NOUN bocca)))))) (CCONJ ed) (f (ibar (VERB urla))) (PUNCT :)));;5,795365296;function
229;28;urla;urlare;VERB;conj;leva;(ROOT (fc (f (sn (PROPN Nina)) (ibar (PRON si) (VERB leva)) (compt (sn (DET il) (NOUN ciuccio) (spd (ADP di) (sn (NOUN bocca)))))) (CCONJ ed) (f (ibar (VERB urla))) (PUNCT :)));;4,328593767;content
230;29;sei;essere;AUX;cop;brutto;(ROOT (dirsp (PUNCT “) (f (ibar (AUX Sei)) (compc (coord (sa (ADJ brutto)) (PUNCT ,) (sa (ADJ cattivo)) (CCONJ e) (sn (NOUN puzzi))))) (PUNCT !)));;6,430432922;function
231;29;brutto;brutto;ADJ;root;ROOT;(ROOT (dirsp (PUNCT “) (f (ibar (AUX Sei)) (compc (coord (sa (ADJ brutto)) (PUNCT ,) (sa (ADJ cattivo)) (CCONJ e) (sn (NOUN puzzi))))) (PUNCT !)));3.28 ± 1.43;4,90302551;content
232;29;cattivo;cattivo;ADJ;conj;brutto;(ROOT (dirsp (PUNCT “) (f (ibar (AUX Sei)) (compc (coord (sa (ADJ brutto)) (PUNCT ,) (sa (ADJ cattivo)) (CCONJ e) (sn (NOUN puzzi))))) (PUNCT !)));3.48 ± 1.26;4,710488731;content
233;29;e;e;CCONJ;cc;puzzi;(ROOT (dirsp (PUNCT “) (f (ibar (AUX Sei)) (compc (coord (sa (ADJ brutto)) (PUNCT ,) (sa (ADJ cattivo)) (CCONJ e) (sn (NOUN puzzi))))) (PUNCT !)));;2,741151583;function
234;29;puzzi;puzzo;NOUN;conj;brutto;(ROOT (dirsp (PUNCT “) (f (ibar (AUX Sei)) (compc (coord (sa (ADJ brutto)) (PUNCT ,) (sa (ADJ cattivo)) (CCONJ e) (sn (NOUN puzzi))))) (PUNCT !)));;3,651069048;content
235;30;lasciami;LASCIAMI;PROPN;root;ROOT;(ROOT (cp (f3 (sn (PROPN LA-SCIA-MI) (PROPN STA-RE))) (PUNCT !) (PUNCT ”)));;4,913844942;content
236;30;stare;STARE;PROPN;flat:name;LA-SCIA-MI;(ROOT (cp (f3 (sn (PROPN LA-SCIA-MI) (PROPN STA-RE))) (PUNCT !) (PUNCT ”)));;5,514886537;content
237;31;il;il;DET;det;lupo;(ROOT (cp_int (cp (sn (DET Il) (NOUN lupo)) (sn (sa (DET questa)) (NOUN volta)) (fc (f (ibar (AUX ha) (VERB capito)) (compt (savv (ADV bene)))) (CCONJ e) (f (ibar (VERB va)) (compin (sp (ADP su) (sn (sq (DET tutte)) (DET le) (NOUN furie))))) (PUNCT ,) (PUNCT “) (fint (INTJ ah) (INTJ sì)))) (PUNCT ?)));;7,039560886;function
238;31;lupo;lupo;NOUN;nsubj;capito;(ROOT (cp_int (cp (sn (DET Il) (NOUN lupo)) (sn (sa (DET questa)) (NOUN volta)) (fc (f (ibar (AUX ha) (VERB capito)) (compt (savv (ADV bene)))) (CCONJ e) (f (ibar (VERB va)) (compin (sp (ADP su) (sn (sq (DET tutte)) (DET le) (NOUN furie))))) (PUNCT ,) (PUNCT “) (fint (INTJ ah) (INTJ sì)))) (PUNCT ?)));3.92 ± 0.86;4,449560513;content
239;31;questa;questo;DET;det;volta;(ROOT (cp_int (cp (sn (DET Il) (NOUN lupo)) (sn (sa (DET questa)) (NOUN volta)) (fc (f (ibar (AUX ha) (VERB capito)) (compt (savv (ADV bene)))) (CCONJ e) (f (ibar (VERB va)) (compin (sp (ADP su) (sn (sq (DET tutte)) (DET le) (NOUN furie))))) (PUNCT ,) (PUNCT “) (fint (INTJ ah) (INTJ sì)))) (PUNCT ?)));;6,209842069;function
240;31;volta;volta;NOUN;obl;capito;(ROOT (cp_int (cp (sn (DET Il) (NOUN lupo)) (sn (sa (DET questa)) (NOUN volta)) (fc (f (ibar (AUX ha) (VERB capito)) (compt (savv (ADV bene)))) (CCONJ e) (f (ibar (VERB va)) (compin (sp (ADP su) (sn (sq (DET tutte)) (DET le) (NOUN furie))))) (PUNCT ,) (PUNCT “) (fint (INTJ ah) (INTJ sì)))) (PUNCT ?)));;5,820011577;content
241;31;ha;avere;AUX;aux;capito;(ROOT (cp_int (cp (sn (DET Il) (NOUN lupo)) (sn (sa (DET questa)) (NOUN volta)) (fc (f (ibar (AUX ha) (VERB capito)) (compt (savv (ADV bene)))) (CCONJ e) (f (ibar (VERB va)) (compin (sp (ADP su) (sn (sq (DET tutte)) (DET le) (NOUN furie))))) (PUNCT ,) (PUNCT “) (fint (INTJ ah) (INTJ sì)))) (PUNCT ?)));;6,684018637;function
242;31;capito;capitare;VERB;root;ROOT;(ROOT (cp_int (cp (sn (DET Il) (NOUN lupo)) (sn (sa (DET questa)) (NOUN volta)) (fc (f (ibar (AUX ha) (VERB capito)) (compt (savv (ADV bene)))) (CCONJ e) (f (ibar (VERB va)) (compin (sp (ADP su) (sn (sq (DET tutte)) (DET le) (NOUN furie))))) (PUNCT ,) (PUNCT “) (fint (INTJ ah) (INTJ sì)))) (PUNCT ?)));;5,491551317;content
243;31;bene;bene;ADV;advmod;capito;(ROOT (cp_int (cp (sn (DET Il) (NOUN lupo)) (sn (sa (DET questa)) (NOUN volta)) (fc (f (ibar (AUX ha) (VERB capito)) (compt (savv (ADV bene)))) (CCONJ e) (f (ibar (VERB va)) (compin (sp (ADP su) (sn (sq (DET tutte)) (DET le) (NOUN furie))))) (PUNCT ,) (PUNCT “) (fint (INTJ ah) (INTJ sì)))) (PUNCT ?)));;6,454992194;content
244;31;e;e;CCONJ;cc;va;(ROOT (cp_int (cp (sn (DET Il) (NOUN lupo)) (sn (sa (DET questa)) (NOUN volta)) (fc (f (ibar (AUX ha) (VERB capito)) (compt (savv (ADV bene)))) (CCONJ e) (f (ibar (VERB va)) (compin (sp (ADP su) (sn (sq (DET tutte)) (DET le) (NOUN furie))))) (PUNCT ,) (PUNCT “) (fint (INTJ ah) (INTJ sì)))) (PUNCT ?)));;2,741151583;function
245;31;va;andare;VERB;conj;capito;(ROOT (cp_int (cp (sn (DET Il) (NOUN lupo)) (sn (sa (DET questa)) (NOUN volta)) (fc (f (ibar (AUX ha) (VERB capito)) (compt (savv (ADV bene)))) (CCONJ e) (f (ibar (VERB va)) (compin (sp (ADP su) (sn (sq (DET tutte)) (DET le) (NOUN furie))))) (PUNCT ,) (PUNCT “) (fint (INTJ ah) (INTJ sì)))) (PUNCT ?)));4.20 ± 1.44;6,162363764;content
246;31;su;su;ADP;case;furie;(ROOT (cp_int (cp (sn (DET Il) (NOUN lupo)) (sn (sa (DET questa)) (NOUN volta)) (fc (f (ibar (AUX ha) (VERB capito)) (compt (savv (ADV bene)))) (CCONJ e) (f (ibar (VERB va)) (compin (sp (ADP su) (sn (sq (DET tutte)) (DET le) (NOUN furie))))) (PUNCT ,) (PUNCT “) (fint (INTJ ah) (INTJ sì)))) (PUNCT ?)));;6,000068652;function
247;31;tutte;tutto;DET;det:predet;furie;(ROOT (cp_int (cp (sn (DET Il) (NOUN lupo)) (sn (sa (DET questa)) (NOUN volta)) (fc (f (ibar (AUX ha) (VERB capito)) (compt (savv (ADV bene)))) (CCONJ e) (f (ibar (VERB va)) (compin (sp (ADP su) (sn (sq (DET tutte)) (DET le) (NOUN furie))))) (PUNCT ,) (PUNCT “) (fint (INTJ ah) (INTJ sì)))) (PUNCT ?)));;5,553895518;function
248;31;le;il;DET;det;furie;(ROOT (cp_int (cp (sn (DET Il) (NOUN lupo)) (sn (sa (DET questa)) (NOUN volta)) (fc (f (ibar (AUX ha) (VERB capito)) (compt (savv (ADV bene)))) (CCONJ e) (f (ibar (VERB va)) (compin (sp (ADP su) (sn (sq (DET tutte)) (DET le) (NOUN furie))))) (PUNCT ,) (PUNCT “) (fint (INTJ ah) (INTJ sì)))) (PUNCT ?)));;6,624997683;function
249;31;furie;furia;NOUN;obl;va;(ROOT (cp_int (cp (sn (DET Il) (NOUN lupo)) (sn (sa (DET questa)) (NOUN volta)) (fc (f (ibar (AUX ha) (VERB capito)) (compt (savv (ADV bene)))) (CCONJ e) (f (ibar (VERB va)) (compin (sp (ADP su) (sn (sq (DET tutte)) (DET le) (NOUN furie))))) (PUNCT ,) (PUNCT “) (fint (INTJ ah) (INTJ sì)))) (PUNCT ?)));8.52 ± 2.35;3,154711057;content
250;31;ah;ah;INTJ;discourse;capito;(ROOT (cp_int (cp (sn (DET Il) (NOUN lupo)) (sn (sa (DET questa)) (NOUN volta)) (fc (f (ibar (AUX ha) (VERB capito)) (compt (savv (ADV bene)))) (CCONJ e) (f (ibar (VERB va)) (compin (sp (ADP su) (sn (sq (DET tutte)) (DET le) (NOUN furie))))) (PUNCT ,) (PUNCT “) (fint (INTJ ah) (INTJ sì)))) (PUNCT ?)));;2,25162107;function
251;31;sì;sì;INTJ;discourse;capito;(ROOT (cp_int (cp (sn (DET Il) (NOUN lupo)) (sn (sa (DET questa)) (NOUN volta)) (fc (f (ibar (AUX ha) (VERB capito)) (compt (savv (ADV bene)))) (CCONJ e) (f (ibar (VERB va)) (compin (sp (ADP su) (sn (sq (DET tutte)) (DET le) (NOUN furie))))) (PUNCT ,) (PUNCT “) (fint (INTJ ah) (INTJ sì)))) (PUNCT ?)));;6,497825183;function
252;32;sono;essere;AUX;cop;brutto;(ROOT (fint (f (ibar (AUX Sono)) (compc (sa (ADJ brutto)))) (PUNCT ?)));;6,768130002;function
253;32;brutto;brutto;ADJ;root;ROOT;(ROOT (fint (f (ibar (AUX Sono)) (compc (sa (ADJ brutto)))) (PUNCT ?)));3.28 ± 1.43;4,90302551;content
254;33;sono;essere;AUX;cop;cattivo;(ROOT (fint (f (ibar (AUX Sono)) (compc (sa (ADJ cattivo)))) (PUNCT ?)));;6,768130002;function
255;33;cattivo;cattivo;ADJ;root;ROOT;(ROOT (fint (f (ibar (AUX Sono)) (compc (sa (ADJ cattivo)))) (PUNCT ?)));3.48 ± 1.26;4,710488731;content
256;34;puzzo;puzzo;NOUN;root;ROOT;(ROOT (fint (f3 (sn (NOUN Puzzo))) (PUNCT ?)));;3,284344915;content
257;35;sta;stare;VERB;root;ROOT;(ROOT (fc (f (ibar (VERB Sta)) (compin (sv2 (ADP a) (VERB vedere) (compt (sn (sa (DET questa)) (NOUN marmocchia)))))) (PUNCT ,) (f3 (sn (NOUN argh!))) (PUNCT ”) (PUNCT “) (fc (f (ibar (VERB Tieni))) (PUNCT ,) (f (ibar (VERB succhia)) (compt (sn (PRON questo)))) (PUNCT ,) (f (ir_infl (PRON ti) (VERB calmerà)))) (PUNCT ”) (PUNCT ,) (f (ibar (VERB dice)) (compt (sn (PROPN Nina)) (sv5 (VERB porgendo) (compt (PRON gli) (sn (DET il) (NOUN ciuccio) (PUNCT .))))))));4.60 ± 2.35;6,089640186;content
258;35;a;a;ADP;mark;vedere;(ROOT (fc (f (ibar (VERB Sta)) (compin (sv2 (ADP a) (VERB vedere) (compt (sn (sa (DET questa)) (NOUN marmocchia)))))) (PUNCT ,) (f3 (sn (NOUN argh!))) (PUNCT ”) (PUNCT “) (fc (f (ibar (VERB Tieni))) (PUNCT ,) (f (ibar (VERB succhia)) (compt (sn (PRON questo)))) (PUNCT ,) (f (ir_infl (PRON ti) (VERB calmerà)))) (PUNCT ”) (PUNCT ,) (f (ibar (VERB dice)) (compt (sn (PROPN Nina)) (sv5 (VERB porgendo) (compt (PRON gli) (sn (DET il) (NOUN ciuccio) (PUNCT .))))))));;7,004335738;function
259;35;vedere;vedere;VERB;xcomp;Sta;(ROOT (fc (f (ibar (VERB Sta)) (compin (sv2 (ADP a) (VERB vedere) (compt (sn (sa (DET questa)) (NOUN marmocchia)))))) (PUNCT ,) (f3 (sn (NOUN argh!))) (PUNCT ”) (PUNCT “) (fc (f (ibar (VERB Tieni))) (PUNCT ,) (f (ibar (VERB succhia)) (compt (sn (PRON questo)))) (PUNCT ,) (f (ir_infl (PRON ti) (VERB calmerà)))) (PUNCT ”) (PUNCT ,) (f (ibar (VERB dice)) (compt (sn (PROPN Nina)) (sv5 (VERB porgendo) (compt (PRON gli) (sn (DET il) (NOUN ciuccio) (PUNCT .))))))));4.60 ± 1.50;5,73232148;content
260;35;questa;questo;DET;det;marmocchia;(ROOT (fc (f (ibar (VERB Sta)) (compin (sv2 (ADP a) (VERB vedere) (compt (sn (sa (DET questa)) (NOUN marmocchia)))))) (PUNCT ,) (f3 (sn (NOUN argh!))) (PUNCT ”) (PUNCT “) (fc (f (ibar (VERB Tieni))) (PUNCT ,) (f (ibar (VERB succhia)) (compt (sn (PRON questo)))) (PUNCT ,) (f (ir_infl (PRON ti) (VERB calmerà)))) (PUNCT ”) (PUNCT ,) (f (ibar (VERB dice)) (compt (sn (PROPN Nina)) (sv5 (VERB porgendo) (compt (PRON gli) (sn (DET il) (NOUN ciuccio) (PUNCT .))))))));;6,209842069;function
261;35;marmocchia;marmocchia;NOUN;obj;vedere;(ROOT (fc (f (ibar (VERB Sta)) (compin (sv2 (ADP a) (VERB vedere) (compt (sn (sa (DET questa)) (NOUN marmocchia)))))) (PUNCT ,) (f3 (sn (NOUN argh!))) (PUNCT ”) (PUNCT “) (fc (f (ibar (VERB Tieni))) (PUNCT ,) (f (ibar (VERB succhia)) (compt (sn (PRON questo)))) (PUNCT ,) (f (ir_infl (PRON ti) (VERB calmerà)))) (PUNCT ”) (PUNCT ,) (f (ibar (VERB dice)) (compt (sn (PROPN Nina)) (sv5 (VERB porgendo) (compt (PRON gli) (sn (DET il) (NOUN ciuccio) (PUNCT .))))))));;2,120342156;content
262;35;argh;argh;NOUN;conj;marmocchia;(ROOT (fc (f (ibar (VERB Sta)) (compin (sv2 (ADP a) (VERB vedere) (compt (sn (sa (DET questa)) (NOUN marmocchia)))))) (PUNCT ,) (f3 (sn (NOUN argh!))) (PUNCT ”) (PUNCT “) (fc (f (ibar (VERB Tieni))) (PUNCT ,) (f (ibar (VERB succhia)) (compt (sn (PRON questo)))) (PUNCT ,) (f (ir_infl (PRON ti) (VERB calmerà)))) (PUNCT ”) (PUNCT ,) (f (ibar (VERB dice)) (compt (sn (PROPN Nina)) (sv5 (VERB porgendo) (compt (PRON gli) (sn (DET il) (NOUN ciuccio) (PUNCT .))))))));;;content
263;35;tieni;tenere;VERB;parataxis;Sta;(ROOT (fc (f (ibar (VERB Sta)) (compin (sv2 (ADP a) (VERB vedere) (compt (sn (sa (DET questa)) (NOUN marmocchia)))))) (PUNCT ,) (f3 (sn (NOUN argh!))) (PUNCT ”) (PUNCT “) (fc (f (ibar (VERB Tieni))) (PUNCT ,) (f (ibar (VERB succhia)) (compt (sn (PRON questo)))) (PUNCT ,) (f (ir_infl (PRON ti) (VERB calmerà)))) (PUNCT ”) (PUNCT ,) (f (ibar (VERB dice)) (compt (sn (PROPN Nina)) (sv5 (VERB porgendo) (compt (PRON gli) (sn (DET il) (NOUN ciuccio) (PUNCT .))))))));4.40 ± 1.89;5,05165043;content
264;35;succhia;succhiare;VERB;conj;Tieni;(ROOT (fc (f (ibar (VERB Sta)) (compin (sv2 (ADP a) (VERB vedere) (compt (sn (sa (DET questa)) (NOUN marmocchia)))))) (PUNCT ,) (f3 (sn (NOUN argh!))) (PUNCT ”) (PUNCT “) (fc (f (ibar (VERB Tieni))) (PUNCT ,) (f (ibar (VERB succhia)) (compt (sn (PRON questo)))) (PUNCT ,) (f (ir_infl (PRON ti) (VERB calmerà)))) (PUNCT ”) (PUNCT ,) (f (ibar (VERB dice)) (compt (sn (PROPN Nina)) (sv5 (VERB porgendo) (compt (PRON gli) (sn (DET il) (NOUN ciuccio) (PUNCT .))))))));;3,459267144;content
265;35;questo;questo;PRON;obj;succhia;(ROOT (fc (f (ibar (VERB Sta)) (compin (sv2 (ADP a) (VERB vedere) (compt (sn (sa (DET questa)) (NOUN marmocchia)))))) (PUNCT ,) (f3 (sn (NOUN argh!))) (PUNCT ”) (PUNCT “) (fc (f (ibar (VERB Tieni))) (PUNCT ,) (f (ibar (VERB succhia)) (compt (sn (PRON questo)))) (PUNCT ,) (f (ir_infl (PRON ti) (VERB calmerà)))) (PUNCT ”) (PUNCT ,) (f (ibar (VERB dice)) (compt (sn (PROPN Nina)) (sv5 (VERB porgendo) (compt (PRON gli) (sn (DET il) (NOUN ciuccio) (PUNCT .))))))));;6,484206212;function
266;35;ti;ti;PRON;iobj;calmerà;(ROOT (fc (f (ibar (VERB Sta)) (compin (sv2 (ADP a) (VERB vedere) (compt (sn (sa (DET questa)) (NOUN marmocchia)))))) (PUNCT ,) (f3 (sn (NOUN argh!))) (PUNCT ”) (PUNCT “) (fc (f (ibar (VERB Tieni))) (PUNCT ,) (f (ibar (VERB succhia)) (compt (sn (PRON questo)))) (PUNCT ,) (f (ir_infl (PRON ti) (VERB calmerà)))) (PUNCT ”) (PUNCT ,) (f (ibar (VERB dice)) (compt (sn (PROPN Nina)) (sv5 (VERB porgendo) (compt (PRON gli) (sn (DET il) (NOUN ciuccio) (PUNCT .))))))));;6,615643201;function
267;35;calmerà;calmare;VERB;conj;Tieni;(ROOT (fc (f (ibar (VERB Sta)) (compin (sv2 (ADP a) (VERB vedere) (compt (sn (sa (DET questa)) (NOUN marmocchia)))))) (PUNCT ,) (f3 (sn (NOUN argh!))) (PUNCT ”) (PUNCT “) (fc (f (ibar (VERB Tieni))) (PUNCT ,) (f (ibar (VERB succhia)) (compt (sn (PRON questo)))) (PUNCT ,) (f (ir_infl (PRON ti) (VERB calmerà)))) (PUNCT ”) (PUNCT ,) (f (ibar (VERB dice)) (compt (sn (PROPN Nina)) (sv5 (VERB porgendo) (compt (PRON gli) (sn (DET il) (NOUN ciuccio) (PUNCT .))))))));;3,110001322;content
268;35;dice;dire;VERB;parataxis;Sta;(ROOT (fc (f (ibar (VERB Sta)) (compin (sv2 (ADP a) (VERB vedere) (compt (sn (sa (DET questa)) (NOUN marmocchia)))))) (PUNCT ,) (f3 (sn (NOUN argh!))) (PUNCT ”) (PUNCT “) (fc (f (ibar (VERB Tieni))) (PUNCT ,) (f (ibar (VERB succhia)) (compt (sn (PRON questo)))) (PUNCT ,) (f (ir_infl (PRON ti) (VERB calmerà)))) (PUNCT ”) (PUNCT ,) (f (ibar (VERB dice)) (compt (sn (PROPN Nina)) (sv5 (VERB porgendo) (compt (PRON gli) (sn (DET il) (NOUN ciuccio) (PUNCT .))))))));4.08 ± 1.73;5,609257672;content
269;35;nina;Nina;PROPN;nsubj;dice;(ROOT (fc (f (ibar (VERB Sta)) (compin (sv2 (ADP a) (VERB vedere) (compt (sn (sa (DET questa)) (NOUN marmocchia)))))) (PUNCT ,) (f3 (sn (NOUN argh!))) (PUNCT ”) (PUNCT “) (fc (f (ibar (VERB Tieni))) (PUNCT ,) (f (ibar (VERB succhia)) (compt (sn (PRON questo)))) (PUNCT ,) (f (ir_infl (PRON ti) (VERB calmerà)))) (PUNCT ”) (PUNCT ,) (f (ibar (VERB dice)) (compt (sn (PROPN Nina)) (sv5 (VERB porgendo) (compt (PRON gli) (sn (DET il) (NOUN ciuccio) (PUNCT .))))))));;1,668044485;content
270;35;porgendo;porgere;VERB;advcl;dice;(ROOT (fc (f (ibar (VERB Sta)) (compin (sv2 (ADP a) (VERB vedere) (compt (sn (sa (DET questa)) (NOUN marmocchia)))))) (PUNCT ,) (f3 (sn (NOUN argh!))) (PUNCT ”) (PUNCT “) (fc (f (ibar (VERB Tieni))) (PUNCT ,) (f (ibar (VERB succhia)) (compt (sn (PRON questo)))) (PUNCT ,) (f (ir_infl (PRON ti) (VERB calmerà)))) (PUNCT ”) (PUNCT ,) (f (ibar (VERB dice)) (compt (sn (PROPN Nina)) (sv5 (VERB porgendo) (compt (PRON gli) (sn (DET il) (NOUN ciuccio) (PUNCT .))))))));;2,145165739;content
271;35;gli;gli;PRON;iobj;porgendo;(ROOT (fc (f (ibar (VERB Sta)) (compin (sv2 (ADP a) (VERB vedere) (compt (sn (sa (DET questa)) (NOUN marmocchia)))))) (PUNCT ,) (f3 (sn (NOUN argh!))) (PUNCT ”) (PUNCT “) (fc (f (ibar (VERB Tieni))) (PUNCT ,) (f (ibar (VERB succhia)) (compt (sn (PRON questo)))) (PUNCT ,) (f (ir_infl (PRON ti) (VERB calmerà)))) (PUNCT ”) (PUNCT ,) (f (ibar (VERB dice)) (compt (sn (PROPN Nina)) (sv5 (VERB porgendo) (compt (PRON gli) (sn (DET il) (NOUN ciuccio) (PUNCT .))))))));;6,227520191;function
272;35;il;il;DET;det;ciuccio;(ROOT (fc (f (ibar (VERB Sta)) (compin (sv2 (ADP a) (VERB vedere) (compt (sn (sa (DET questa)) (NOUN marmocchia)))))) (PUNCT ,) (f3 (sn (NOUN argh!))) (PUNCT ”) (PUNCT “) (fc (f (ibar (VERB Tieni))) (PUNCT ,) (f (ibar (VERB succhia)) (compt (sn (PRON questo)))) (PUNCT ,) (f (ir_infl (PRON ti) (VERB calmerà)))) (PUNCT ”) (PUNCT ,) (f (ibar (VERB dice)) (compt (sn (PROPN Nina)) (sv5 (VERB porgendo) (compt (PRON gli) (sn (DET il) (NOUN ciuccio) (PUNCT .))))))));;7,039560886;function
273;35;ciuccio;ciuccio;NOUN;obj;porgendo;(ROOT (fc (f (ibar (VERB Sta)) (compin (sv2 (ADP a) (VERB vedere) (compt (sn (sa (DET questa)) (NOUN marmocchia)))))) (PUNCT ,) (f3 (sn (NOUN argh!))) (PUNCT ”) (PUNCT “) (fc (f (ibar (VERB Tieni))) (PUNCT ,) (f (ibar (VERB succhia)) (compt (sn (PRON questo)))) (PUNCT ,) (f (ir_infl (PRON ti) (VERB calmerà)))) (PUNCT ”) (PUNCT ,) (f (ibar (VERB dice)) (compt (sn (PROPN Nina)) (sv5 (VERB porgendo) (compt (PRON gli) (sn (DET il) (NOUN ciuccio) (PUNCT .))))))));2.96 ± 1.57;2,858376183;content
274;36;di;di;ADP;case;colpo;(ROOT (cp (spd (ADP Di) (sn (NOUN colpo))) (PUNCT ,) (f (sn (DET il) (NOUN lupo)) (ibar (ADV non) (VERB ha)) (compc (savv (ADV più)) (sn (NOUN voglia) (sv2 (ADP di) (VERB mangiar) (compt (PRON si) (sn (PROPN Nina) (PUNCT .)))))))));;7,232814475;function
275;36;colpo;colpo;NOUN;obl;ha;(ROOT (cp (spd (ADP Di) (sn (NOUN colpo))) (PUNCT ,) (f (sn (DET il) (NOUN lupo)) (ibar (ADV non) (VERB ha)) (compc (savv (ADV più)) (sn (NOUN voglia) (sv2 (ADP di) (VERB mangiar) (compt (PRON si) (sn (PROPN Nina) (PUNCT .)))))))));;4,938723321;content
276;36;il;il;DET;det;lupo;(ROOT (cp (spd (ADP Di) (sn (NOUN colpo))) (PUNCT ,) (f (sn (DET il) (NOUN lupo)) (ibar (ADV non) (VERB ha)) (compc (savv (ADV più)) (sn (NOUN voglia) (sv2 (ADP di) (VERB mangiar) (compt (PRON si) (sn (PROPN Nina) (PUNCT .)))))))));;7,039560886;function
277;36;lupo;lupo;NOUN;nsubj;ha;(ROOT (cp (spd (ADP Di) (sn (NOUN colpo))) (PUNCT ,) (f (sn (DET il) (NOUN lupo)) (ibar (ADV non) (VERB ha)) (compc (savv (ADV più)) (sn (NOUN voglia) (sv2 (ADP di) (VERB mangiar) (compt (PRON si) (sn (PROPN Nina) (PUNCT .)))))))));3.92 ± 0.86;4,449560513;content
278;36;non;non;ADV;advmod;ha;(ROOT (cp (spd (ADP Di) (sn (NOUN colpo))) (PUNCT ,) (f (sn (DET il) (NOUN lupo)) (ibar (ADV non) (VERB ha)) (compc (savv (ADV più)) (sn (NOUN voglia) (sv2 (ADP di) (VERB mangiar) (compt (PRON si) (sn (PROPN Nina) (PUNCT .)))))))));;7,259198169;content
279;36;ha;avere;VERB;root;ROOT;(ROOT (cp (spd (ADP Di) (sn (NOUN colpo))) (PUNCT ,) (f (sn (DET il) (NOUN lupo)) (ibar (ADV non) (VERB ha)) (compc (savv (ADV più)) (sn (NOUN voglia) (sv2 (ADP di) (VERB mangiar) (compt (PRON si) (sn (PROPN Nina) (PUNCT .)))))))));;6,684018637;content
280;36;più;più;ADV;advmod;ha;(ROOT (cp (spd (ADP Di) (sn (NOUN colpo))) (PUNCT ,) (f (sn (DET il) (NOUN lupo)) (ibar (ADV non) (VERB ha)) (compc (savv (ADV più)) (sn (NOUN voglia) (sv2 (ADP di) (VERB mangiar) (compt (PRON si) (sn (PROPN Nina) (PUNCT .)))))))));;6,382555861;content
281;36;voglia;voglia;NOUN;obj;ha;(ROOT (cp (spd (ADP Di) (sn (NOUN colpo))) (PUNCT ,) (f (sn (DET il) (NOUN lupo)) (ibar (ADV non) (VERB ha)) (compc (savv (ADV più)) (sn (NOUN voglia) (sv2 (ADP di) (VERB mangiar) (compt (PRON si) (sn (PROPN Nina) (PUNCT .)))))))));6.56 ± 2.53;5,066910001;content
282;36;di;di;ADP;mark;mangiar;(ROOT (cp (spd (ADP Di) (sn (NOUN colpo))) (PUNCT ,) (f (sn (DET il) (NOUN lupo)) (ibar (ADV non) (VERB ha)) (compc (savv (ADV più)) (sn (NOUN voglia) (sv2 (ADP di) (VERB mangiar) (compt (PRON si) (sn (PROPN Nina) (PUNCT .)))))))));;7,232814475;function
283;36;mangiar;mangiare;VERB;acl;voglia;(ROOT (cp (spd (ADP Di) (sn (NOUN colpo))) (PUNCT ,) (f (sn (DET il) (NOUN lupo)) (ibar (ADV non) (VERB ha)) (compc (savv (ADV più)) (sn (NOUN voglia) (sv2 (ADP di) (VERB mangiar) (compt (PRON si) (sn (PROPN Nina) (PUNCT .)))))))));3.24 ± 1.74;2,580089314;content
284;36;si;si;PRON;expl;mangiar;(ROOT (cp (spd (ADP Di) (sn (NOUN colpo))) (PUNCT ,) (f (sn (DET il) (NOUN lupo)) (ibar (ADV non) (VERB ha)) (compc (savv (ADV più)) (sn (NOUN voglia) (sv2 (ADP di) (VERB mangiar) (compt (PRON si) (sn (PROPN Nina) (PUNCT .)))))))));;6,553884221;function
285;36;nina;Nina;PROPN;obj;mangiar;(ROOT (cp (spd (ADP Di) (sn (NOUN colpo))) (PUNCT ,) (f (sn (DET il) (NOUN lupo)) (ibar (ADV non) (VERB ha)) (compc (savv (ADV più)) (sn (NOUN voglia) (sv2 (ADP di) (VERB mangiar) (compt (PRON si) (sn (PROPN Nina) (PUNCT .)))))))));;1,668044485;content
286;37;il;il;DET;det;lupo;(ROOT (f (sn (DET Il) (NOUN lupo) (coord (sa (ADJ spaventoso)) (PUNCT ,) (sa (ADJ cattivo)) (CCONJ e) (sa (ADJ affamato)))) (ibar (AUX è) (VERB diventato)) (compc (sn (DET un) (NOUN cucciolo) (coord (sa (ADJ dolce)) (PUNCT ,) (sa (ADJ tenero)) (CCONJ e) (sa (ADJ coccolone)))) (fp (PUNCT ,) (sv5 (VERB sorridendo)) (PUNCT ,))) (fc (f (ibar (VERB sparisce)) (compin (sp (ADP in) (sn (DET il) (NOUN bosco))) (sp (ADV insieme) (ADP a) (sn (DET il) (NOUN ciuccio))))) (CCONJ e) (f (ir_infl (ADV non) (VERB tornerà)) (compin (savv (ADV mai) (ADV più) (PUNCT .)))))));;7,039560886;function
287;37;lupo;lupo;NOUN;nsubj;diventato;(ROOT (f (sn (DET Il) (NOUN lupo) (coord (sa (ADJ spaventoso)) (PUNCT ,) (sa (ADJ cattivo)) (CCONJ e) (sa (ADJ affamato)))) (ibar (AUX è) (VERB diventato)) (compc (sn (DET un) (NOUN cucciolo) (coord (sa (ADJ dolce)) (PUNCT ,) (sa (ADJ tenero)) (CCONJ e) (sa (ADJ coccolone)))) (fp (PUNCT ,) (sv5 (VERB sorridendo)) (PUNCT ,))) (fc (f (ibar (VERB sparisce)) (compin (sp (ADP in) (sn (DET il) (NOUN bosco))) (sp (ADV insieme) (ADP a) (sn (DET il) (NOUN ciuccio))))) (CCONJ e) (f (ir_infl (ADV non) (VERB tornerà)) (compin (savv (ADV mai) (ADV più) (PUNCT .)))))));3.92 ± 0.86;4,449560513;content
288;37;spaventoso;spaventoso;ADJ;amod;lupo;(ROOT (f (sn (DET Il) (NOUN lupo) (coord (sa (ADJ spaventoso)) (PUNCT ,) (sa (ADJ cattivo)) (CCONJ e) (sa (ADJ affamato)))) (ibar (AUX è) (VERB diventato)) (compc (sn (DET un) (NOUN cucciolo) (coord (sa (ADJ dolce)) (PUNCT ,) (sa (ADJ tenero)) (CCONJ e) (sa (ADJ coccolone)))) (fp (PUNCT ,) (sv5 (VERB sorridendo)) (PUNCT ,))) (fc (f (ibar (VERB sparisce)) (compin (sp (ADP in) (sn (DET il) (NOUN bosco))) (sp (ADV insieme) (ADP a) (sn (DET il) (NOUN ciuccio))))) (CCONJ e) (f (ir_infl (ADV non) (VERB tornerà)) (compin (savv (ADV mai) (ADV più) (PUNCT .)))))));5.24 ± 2.20;4,038804227;content
289;37;cattivo;cattivo;ADJ;conj;spaventoso;(ROOT (f (sn (DET Il) (NOUN lupo) (coord (sa (ADJ spaventoso)) (PUNCT ,) (sa (ADJ cattivo)) (CCONJ e) (sa (ADJ affamato)))) (ibar (AUX è) (VERB diventato)) (compc (sn (DET un) (NOUN cucciolo) (coord (sa (ADJ dolce)) (PUNCT ,) (sa (ADJ tenero)) (CCONJ e) (sa (ADJ coccolone)))) (fp (PUNCT ,) (sv5 (VERB sorridendo)) (PUNCT ,))) (fc (f (ibar (VERB sparisce)) (compin (sp (ADP in) (sn (DET il) (NOUN bosco))) (sp (ADV insieme) (ADP a) (sn (DET il) (NOUN ciuccio))))) (CCONJ e) (f (ir_infl (ADV non) (VERB tornerà)) (compin (savv (ADV mai) (ADV più) (PUNCT .)))))));3.48 ± 1.26;4,710488731;content
290;37;e;e;CCONJ;cc;affamato;(ROOT (f (sn (DET Il) (NOUN lupo) (coord (sa (ADJ spaventoso)) (PUNCT ,) (sa (ADJ cattivo)) (CCONJ e) (sa (ADJ affamato)))) (ibar (AUX è) (VERB diventato)) (compc (sn (DET un) (NOUN cucciolo) (coord (sa (ADJ dolce)) (PUNCT ,) (sa (ADJ tenero)) (CCONJ e) (sa (ADJ coccolone)))) (fp (PUNCT ,) (sv5 (VERB sorridendo)) (PUNCT ,))) (fc (f (ibar (VERB sparisce)) (compin (sp (ADP in) (sn (DET il) (NOUN bosco))) (sp (ADV insieme) (ADP a) (sn (DET il) (NOUN ciuccio))))) (CCONJ e) (f (ir_infl (ADV non) (VERB tornerà)) (compin (savv (ADV mai) (ADV più) (PUNCT .)))))));;2,741151583;function
291;37;affamato;affamato;ADJ;conj;spaventoso;(ROOT (f (sn (DET Il) (NOUN lupo) (coord (sa (ADJ spaventoso)) (PUNCT ,) (sa (ADJ cattivo)) (CCONJ e) (sa (ADJ affamato)))) (ibar (AUX è) (VERB diventato)) (compc (sn (DET un) (NOUN cucciolo) (coord (sa (ADJ dolce)) (PUNCT ,) (sa (ADJ tenero)) (CCONJ e) (sa (ADJ coccolone)))) (fp (PUNCT ,) (sv5 (VERB sorridendo)) (PUNCT ,))) (fc (f (ibar (VERB sparisce)) (compin (sp (ADP in) (sn (DET il) (NOUN bosco))) (sp (ADV insieme) (ADP a) (sn (DET il) (NOUN ciuccio))))) (CCONJ e) (f (ir_infl (ADV non) (VERB tornerà)) (compin (savv (ADV mai) (ADV più) (PUNCT .)))))));4.84 ± 2.15;3,853681062;content
292;37;è;essere;AUX;aux;diventato;(ROOT (f (sn (DET Il) (NOUN lupo) (coord (sa (ADJ spaventoso)) (PUNCT ,) (sa (ADJ cattivo)) (CCONJ e) (sa (ADJ affamato)))) (ibar (AUX è) (VERB diventato)) (compc (sn (DET un) (NOUN cucciolo) (coord (sa (ADJ dolce)) (PUNCT ,) (sa (ADJ tenero)) (CCONJ e) (sa (ADJ coccolone)))) (fp (PUNCT ,) (sv5 (VERB sorridendo)) (PUNCT ,))) (fc (f (ibar (VERB sparisce)) (compin (sp (ADP in) (sn (DET il) (NOUN bosco))) (sp (ADV insieme) (ADP a) (sn (DET il) (NOUN ciuccio))))) (CCONJ e) (f (ir_infl (ADV non) (VERB tornerà)) (compin (savv (ADV mai) (ADV più) (PUNCT .)))))));;7,249521761;function
293;37;diventato;diventare;VERB;root;ROOT;(ROOT (f (sn (DET Il) (NOUN lupo) (coord (sa (ADJ spaventoso)) (PUNCT ,) (sa (ADJ cattivo)) (CCONJ e) (sa (ADJ affamato)))) (ibar (AUX è) (VERB diventato)) (compc (sn (DET un) (NOUN cucciolo) (coord (sa (ADJ dolce)) (PUNCT ,) (sa (ADJ tenero)) (CCONJ e) (sa (ADJ coccolone)))) (fp (PUNCT ,) (sv5 (VERB sorridendo)) (PUNCT ,))) (fc (f (ibar (VERB sparisce)) (compin (sp (ADP in) (sn (DET il) (NOUN bosco))) (sp (ADV insieme) (ADP a) (sn (DET il) (NOUN ciuccio))))) (CCONJ e) (f (ir_infl (ADV non) (VERB tornerà)) (compin (savv (ADV mai) (ADV più) (PUNCT .)))))));;4,711537752;content
294;37;un;uno;DET;det;cucciolo;(ROOT (f (sn (DET Il) (NOUN lupo) (coord (sa (ADJ spaventoso)) (PUNCT ,) (sa (ADJ cattivo)) (CCONJ e) (sa (ADJ affamato)))) (ibar (AUX è) (VERB diventato)) (compc (sn (DET un) (NOUN cucciolo) (coord (sa (ADJ dolce)) (PUNCT ,) (sa (ADJ tenero)) (CCONJ e) (sa (ADJ coccolone)))) (fp (PUNCT ,) (sv5 (VERB sorridendo)) (PUNCT ,))) (fc (f (ibar (VERB sparisce)) (compin (sp (ADP in) (sn (DET il) (NOUN bosco))) (sp (ADV insieme) (ADP a) (sn (DET il) (NOUN ciuccio))))) (CCONJ e) (f (ir_infl (ADV non) (VERB tornerà)) (compin (savv (ADV mai) (ADV più) (PUNCT .)))))));;7,065833912;function
295;37;cucciolo;cucciolo;NOUN;xcomp;diventato;(ROOT (f (sn (DET Il) (NOUN lupo) (coord (sa (ADJ spaventoso)) (PUNCT ,) (sa (ADJ cattivo)) (CCONJ e) (sa (ADJ affamato)))) (ibar (AUX è) (VERB diventato)) (compc (sn (DET un) (NOUN cucciolo) (coord (sa (ADJ dolce)) (PUNCT ,) (sa (ADJ tenero)) (CCONJ e) (sa (ADJ coccolone)))) (fp (PUNCT ,) (sv5 (VERB sorridendo)) (PUNCT ,))) (fc (f (ibar (VERB sparisce)) (compin (sp (ADP in) (sn (DET il) (NOUN bosco))) (sp (ADV insieme) (ADP a) (sn (DET il) (NOUN ciuccio))))) (CCONJ e) (f (ir_infl (ADV non) (VERB tornerà)) (compin (savv (ADV mai) (ADV più) (PUNCT .)))))));4.12 ± 1.09;3,979798346;content
296;37;dolce;dolce;ADJ;amod;cucciolo;(ROOT (f (sn (DET Il) (NOUN lupo) (coord (sa (ADJ spaventoso)) (PUNCT ,) (sa (ADJ cattivo)) (CCONJ e) (sa (ADJ affamato)))) (ibar (AUX è) (VERB diventato)) (compc (sn (DET un) (NOUN cucciolo) (coord (sa (ADJ dolce)) (PUNCT ,) (sa (ADJ tenero)) (CCONJ e) (sa (ADJ coccolone)))) (fp (PUNCT ,) (sv5 (VERB sorridendo)) (PUNCT ,))) (fc (f (ibar (VERB sparisce)) (compin (sp (ADP in) (sn (DET il) (NOUN bosco))) (sp (ADV insieme) (ADP a) (sn (DET il) (NOUN ciuccio))))) (CCONJ e) (f (ir_infl (ADV non) (VERB tornerà)) (compin (savv (ADV mai) (ADV più) (PUNCT .)))))));5.08 ± 2.91;4,825047682;content
297;37;tenero;tenero;ADJ;conj;dolce;(ROOT (f (sn (DET Il) (NOUN lupo) (coord (sa (ADJ spaventoso)) (PUNCT ,) (sa (ADJ cattivo)) (CCONJ e) (sa (ADJ affamato)))) (ibar (AUX è) (VERB diventato)) (compc (sn (DET un) (NOUN cucciolo) (coord (sa (ADJ dolce)) (PUNCT ,) (sa (ADJ tenero)) (CCONJ e) (sa (ADJ coccolone)))) (fp (PUNCT ,) (sv5 (VERB sorridendo)) (PUNCT ,))) (fc (f (ibar (VERB sparisce)) (compin (sp (ADP in) (sn (DET il) (NOUN bosco))) (sp (ADV insieme) (ADP a) (sn (DET il) (NOUN ciuccio))))) (CCONJ e) (f (ir_infl (ADV non) (VERB tornerà)) (compin (savv (ADV mai) (ADV più) (PUNCT .)))))));4.96 ± 1.74;3,766688211;content
298;37;e;e;CCONJ;cc;coccolone;(ROOT (f (sn (DET Il) (NOUN lupo) (coord (sa (ADJ spaventoso)) (PUNCT ,) (sa (ADJ cattivo)) (CCONJ e) (sa (ADJ affamato)))) (ibar (AUX è) (VERB diventato)) (compc (sn (DET un) (NOUN cucciolo) (coord (sa (ADJ dolce)) (PUNCT ,) (sa (ADJ tenero)) (CCONJ e) (sa (ADJ coccolone)))) (fp (PUNCT ,) (sv5 (VERB sorridendo)) (PUNCT ,))) (fc (f (ibar (VERB sparisce)) (compin (sp (ADP in) (sn (DET il) (NOUN bosco))) (sp (ADV insieme) (ADP a) (sn (DET il) (NOUN ciuccio))))) (CCONJ e) (f (ir_infl (ADV non) (VERB tornerà)) (compin (savv (ADV mai) (ADV più) (PUNCT .)))))));;2,741151583;function
299;37;coccolone;coccolone;ADJ;conj;dolce;(ROOT (f (sn (DET Il) (NOUN lupo) (coord (sa (ADJ spaventoso)) (PUNCT ,) (sa (ADJ cattivo)) (CCONJ e) (sa (ADJ affamato)))) (ibar (AUX è) (VERB diventato)) (compc (sn (DET un) (NOUN cucciolo) (coord (sa (ADJ dolce)) (PUNCT ,) (sa (ADJ tenero)) (CCONJ e) (sa (ADJ coccolone)))) (fp (PUNCT ,) (sv5 (VERB sorridendo)) (PUNCT ,))) (fc (f (ibar (VERB sparisce)) (compin (sp (ADP in) (sn (DET il) (NOUN bosco))) (sp (ADV insieme) (ADP a) (sn (DET il) (NOUN ciuccio))))) (CCONJ e) (f (ir_infl (ADV non) (VERB tornerà)) (compin (savv (ADV mai) (ADV più) (PUNCT .)))))));;2,287833243;content
300;37;sorridendo;sorridere;VERB;advcl;sparisce;(ROOT (f (sn (DET Il) (NOUN lupo) (coord (sa (ADJ spaventoso)) (PUNCT ,) (sa (ADJ cattivo)) (CCONJ e) (sa (ADJ affamato)))) (ibar (AUX è) (VERB diventato)) (compc (sn (DET un) (NOUN cucciolo) (coord (sa (ADJ dolce)) (PUNCT ,) (sa (ADJ tenero)) (CCONJ e) (sa (ADJ coccolone)))) (fp (PUNCT ,) (sv5 (VERB sorridendo)) (PUNCT ,))) (fc (f (ibar (VERB sparisce)) (compin (sp (ADP in) (sn (DET il) (NOUN bosco))) (sp (ADV insieme) (ADP a) (sn (DET il) (NOUN ciuccio))))) (CCONJ e) (f (ir_infl (ADV non) (VERB tornerà)) (compin (savv (ADV mai) (ADV più) (PUNCT .)))))));;3,538253245;content
301;37;sparisce;sparire;VERB;conj;diventato;(ROOT (f (sn (DET Il) (NOUN lupo) (coord (sa (ADJ spaventoso)) (PUNCT ,) (sa (ADJ cattivo)) (CCONJ e) (sa (ADJ affamato)))) (ibar (AUX è) (VERB diventato)) (compc (sn (DET un) (NOUN cucciolo) (coord (sa (ADJ dolce)) (PUNCT ,) (sa (ADJ tenero)) (CCONJ e) (sa (ADJ coccolone)))) (fp (PUNCT ,) (sv5 (VERB sorridendo)) (PUNCT ,))) (fc (f (ibar (VERB sparisce)) (compin (sp (ADP in) (sn (DET il) (NOUN bosco))) (sp (ADV insieme) (ADP a) (sn (DET il) (NOUN ciuccio))))) (CCONJ e) (f (ir_infl (ADV non) (VERB tornerà)) (compin (savv (ADV mai) (ADV più) (PUNCT .)))))));;3,559210115;content
302;37;in;in;ADP;case;bosco;(ROOT (f (sn (DET Il) (NOUN lupo) (coord (sa (ADJ spaventoso)) (PUNCT ,) (sa (ADJ cattivo)) (CCONJ e) (sa (ADJ affamato)))) (ibar (AUX è) (VERB diventato)) (compc (sn (DET un) (NOUN cucciolo) (coord (sa (ADJ dolce)) (PUNCT ,) (sa (ADJ tenero)) (CCONJ e) (sa (ADJ coccolone)))) (fp (PUNCT ,) (sv5 (VERB sorridendo)) (PUNCT ,))) (fc (f (ibar (VERB sparisce)) (compin (sp (ADP in) (sn (DET il) (NOUN bosco))) (sp (ADV insieme) (ADP a) (sn (DET il) (NOUN ciuccio))))) (CCONJ e) (f (ir_infl (ADV non) (VERB tornerà)) (compin (savv (ADV mai) (ADV più) (PUNCT .)))))));;6,797274494;function
303;37;il;il;DET;det;bosco;(ROOT (f (sn (DET Il) (NOUN lupo) (coord (sa (ADJ spaventoso)) (PUNCT ,) (sa (ADJ cattivo)) (CCONJ e) (sa (ADJ affamato)))) (ibar (AUX è) (VERB diventato)) (compc (sn (DET un) (NOUN cucciolo) (coord (sa (ADJ dolce)) (PUNCT ,) (sa (ADJ tenero)) (CCONJ e) (sa (ADJ coccolone)))) (fp (PUNCT ,) (sv5 (VERB sorridendo)) (PUNCT ,))) (fc (f (ibar (VERB sparisce)) (compin (sp (ADP in) (sn (DET il) (NOUN bosco))) (sp (ADV insieme) (ADP a) (sn (DET il) (NOUN ciuccio))))) (CCONJ e) (f (ir_infl (ADV non) (VERB tornerà)) (compin (savv (ADV mai) (ADV più) (PUNCT .)))))));;7,039560886;function
304;37;bosco;bosco;NOUN;obl;sparisce;(ROOT (f (sn (DET Il) (NOUN lupo) (coord (sa (ADJ spaventoso)) (PUNCT ,) (sa (ADJ cattivo)) (CCONJ e) (sa (ADJ affamato)))) (ibar (AUX è) (VERB diventato)) (compc (sn (DET un) (NOUN cucciolo) (coord (sa (ADJ dolce)) (PUNCT ,) (sa (ADJ tenero)) (CCONJ e) (sa (ADJ coccolone)))) (fp (PUNCT ,) (sv5 (VERB sorridendo)) (PUNCT ,))) (fc (f (ibar (VERB sparisce)) (compin (sp (ADP in) (sn (DET il) (NOUN bosco))) (sp (ADV insieme) (ADP a) (sn (DET il) (NOUN ciuccio))))) (CCONJ e) (f (ir_infl (ADV non) (VERB tornerà)) (compin (savv (ADV mai) (ADV più) (PUNCT .)))))));4.52 ± 1.26;4,24188269;content
305;37;insieme;insieme;ADV;case;ciuccio;(ROOT (f (sn (DET Il) (NOUN lupo) (coord (sa (ADJ spaventoso)) (PUNCT ,) (sa (ADJ cattivo)) (CCONJ e) (sa (ADJ affamato)))) (ibar (AUX è) (VERB diventato)) (compc (sn (DET un) (NOUN cucciolo) (coord (sa (ADJ dolce)) (PUNCT ,) (sa (ADJ tenero)) (CCONJ e) (sa (ADJ coccolone)))) (fp (PUNCT ,) (sv5 (VERB sorridendo)) (PUNCT ,))) (fc (f (ibar (VERB sparisce)) (compin (sp (ADP in) (sn (DET il) (NOUN bosco))) (sp (ADV insieme) (ADP a) (sn (DET il) (NOUN ciuccio))))) (CCONJ e) (f (ir_infl (ADV non) (VERB tornerà)) (compin (savv (ADV mai) (ADV più) (PUNCT .)))))));;5,500638545;content
306;37;a;a;ADP;fixed;insieme;(ROOT (f (sn (DET Il) (NOUN lupo) (coord (sa (ADJ spaventoso)) (PUNCT ,) (sa (ADJ cattivo)) (CCONJ e) (sa (ADJ affamato)))) (ibar (AUX è) (VERB diventato)) (compc (sn (DET un) (NOUN cucciolo) (coord (sa (ADJ dolce)) (PUNCT ,) (sa (ADJ tenero)) (CCONJ e) (sa (ADJ coccolone)))) (fp (PUNCT ,) (sv5 (VERB sorridendo)) (PUNCT ,))) (fc (f (ibar (VERB sparisce)) (compin (sp (ADP in) (sn (DET il) (NOUN bosco))) (sp (ADV insieme) (ADP a) (sn (DET il) (NOUN ciuccio))))) (CCONJ e) (f (ir_infl (ADV non) (VERB tornerà)) (compin (savv (ADV mai) (ADV più) (PUNCT .)))))));;7,004335738;function
307;37;il;il;DET;det;ciuccio;(ROOT (f (sn (DET Il) (NOUN lupo) (coord (sa (ADJ spaventoso)) (PUNCT ,) (sa (ADJ cattivo)) (CCONJ e) (sa (ADJ affamato)))) (ibar (AUX è) (VERB diventato)) (compc (sn (DET un) (NOUN cucciolo) (coord (sa (ADJ dolce)) (PUNCT ,) (sa (ADJ tenero)) (CCONJ e) (sa (ADJ coccolone)))) (fp (PUNCT ,) (sv5 (VERB sorridendo)) (PUNCT ,))) (fc (f (ibar (VERB sparisce)) (compin (sp (ADP in) (sn (DET il) (NOUN bosco))) (sp (ADV insieme) (ADP a) (sn (DET il) (NOUN ciuccio))))) (CCONJ e) (f (ir_infl (ADV non) (VERB tornerà)) (compin (savv (ADV mai) (ADV più) (PUNCT .)))))));;7,039560886;function
308;37;ciuccio;ciuccio;NOUN;obl;sparisce;(ROOT (f (sn (DET Il) (NOUN lupo) (coord (sa (ADJ spaventoso)) (PUNCT ,) (sa (ADJ cattivo)) (CCONJ e) (sa (ADJ affamato)))) (ibar (AUX è) (VERB diventato)) (compc (sn (DET un) (NOUN cucciolo) (coord (sa (ADJ dolce)) (PUNCT ,) (sa (ADJ tenero)) (CCONJ e) (sa (ADJ coccolone)))) (fp (PUNCT ,) (sv5 (VERB sorridendo)) (PUNCT ,))) (fc (f (ibar (VERB sparisce)) (compin (sp (ADP in) (sn (DET il) (NOUN bosco))) (sp (ADV insieme) (ADP a) (sn (DET il) (NOUN ciuccio))))) (CCONJ e) (f (ir_infl (ADV non) (VERB tornerà)) (compin (savv (ADV mai) (ADV più) (PUNCT .)))))));2.96 ± 1.57;2,858376183;content
309;37;e;e;CCONJ;cc;tornerà;(ROOT (f (sn (DET Il) (NOUN lupo) (coord (sa (ADJ spaventoso)) (PUNCT ,) (sa (ADJ cattivo)) (CCONJ e) (sa (ADJ affamato)))) (ibar (AUX è) (VERB diventato)) (compc (sn (DET un) (NOUN cucciolo) (coord (sa (ADJ dolce)) (PUNCT ,) (sa (ADJ tenero)) (CCONJ e) (sa (ADJ coccolone)))) (fp (PUNCT ,) (sv5 (VERB sorridendo)) (PUNCT ,))) (fc (f (ibar (VERB sparisce)) (compin (sp (ADP in) (sn (DET il) (NOUN bosco))) (sp (ADV insieme) (ADP a) (sn (DET il) (NOUN ciuccio))))) (CCONJ e) (f (ir_infl (ADV non) (VERB tornerà)) (compin (savv (ADV mai) (ADV più) (PUNCT .)))))));;2,741151583;function
310;37;non;non;ADV;advmod;tornerà;(ROOT (f (sn (DET Il) (NOUN lupo) (coord (sa (ADJ spaventoso)) (PUNCT ,) (sa (ADJ cattivo)) (CCONJ e) (sa (ADJ affamato)))) (ibar (AUX è) (VERB diventato)) (compc (sn (DET un) (NOUN cucciolo) (coord (sa (ADJ dolce)) (PUNCT ,) (sa (ADJ tenero)) (CCONJ e) (sa (ADJ coccolone)))) (fp (PUNCT ,) (sv5 (VERB sorridendo)) (PUNCT ,))) (fc (f (ibar (VERB sparisce)) (compin (sp (ADP in) (sn (DET il) (NOUN bosco))) (sp (ADV insieme) (ADP a) (sn (DET il) (NOUN ciuccio))))) (CCONJ e) (f (ir_infl (ADV non) (VERB tornerà)) (compin (savv (ADV mai) (ADV più) (PUNCT .)))))));;7,259198169;content
311;37;tornerà;tornare;VERB;conj;diventato;(ROOT (f (sn (DET Il) (NOUN lupo) (coord (sa (ADJ spaventoso)) (PUNCT ,) (sa (ADJ cattivo)) (CCONJ e) (sa (ADJ affamato)))) (ibar (AUX è) (VERB diventato)) (compc (sn (DET un) (NOUN cucciolo) (coord (sa (ADJ dolce)) (PUNCT ,) (sa (ADJ tenero)) (CCONJ e) (sa (ADJ coccolone)))) (fp (PUNCT ,) (sv5 (VERB sorridendo)) (PUNCT ,))) (fc (f (ibar (VERB sparisce)) (compin (sp (ADP in) (sn (DET il) (NOUN bosco))) (sp (ADV insieme) (ADP a) (sn (DET il) (NOUN ciuccio))))) (CCONJ e) (f (ir_infl (ADV non) (VERB tornerà)) (compin (savv (ADV mai) (ADV più) (PUNCT .)))))));;4,542236289;content
312;37;mai;mai;ADV;advmod;tornerà;(ROOT (f (sn (DET Il) (NOUN lupo) (coord (sa (ADJ spaventoso)) (PUNCT ,) (sa (ADJ cattivo)) (CCONJ e) (sa (ADJ affamato)))) (ibar (AUX è) (VERB diventato)) (compc (sn (DET un) (NOUN cucciolo) (coord (sa (ADJ dolce)) (PUNCT ,) (sa (ADJ tenero)) (CCONJ e) (sa (ADJ coccolone)))) (fp (PUNCT ,) (sv5 (VERB sorridendo)) (PUNCT ,))) (fc (f (ibar (VERB sparisce)) (compin (sp (ADP in) (sn (DET il) (NOUN bosco))) (sp (ADV insieme) (ADP a) (sn (DET il) (NOUN ciuccio))))) (CCONJ e) (f (ir_infl (ADV non) (VERB tornerà)) (compin (savv (ADV mai) (ADV più) (PUNCT .)))))));;6,144963021;content
313;37;più;più;ADV;advmod;tornerà;(ROOT (f (sn (DET Il) (NOUN lupo) (coord (sa (ADJ spaventoso)) (PUNCT ,) (sa (ADJ cattivo)) (CCONJ e) (sa (ADJ affamato)))) (ibar (AUX è) (VERB diventato)) (compc (sn (DET un) (NOUN cucciolo) (coord (sa (ADJ dolce)) (PUNCT ,) (sa (ADJ tenero)) (CCONJ e) (sa (ADJ coccolone)))) (fp (PUNCT ,) (sv5 (VERB sorridendo)) (PUNCT ,))) (fc (f (ibar (VERB sparisce)) (compin (sp (ADP in) (sn (DET il) (NOUN bosco))) (sp (ADV insieme) (ADP a) (sn (DET il) (NOUN ciuccio))))) (CCONJ e) (f (ir_infl (ADV non) (VERB tornerà)) (compin (savv (ADV mai) (ADV più) (PUNCT .)))))));;6,382555861;content
314;38;dopo;dopo;ADP;case;incontro;(ROOT (cp (sp (ADP Dopo) (sn (sa (DET questo)) (sa (ADJ strano)) (NOUN incontro))) (sn (PROPN Nina) (fp (PUNCT ,) (sa (sq (DET un) (ADV po')) (ADJ stanca)) (PUNCT ,))) (f (ibar (VERB decide)) (compt (sv2 (ADP di) (VERB tornare) (compin (sp (ADP a) (sn (NOUN casa))) (spda (ADP da) (sn (DET la) (NOUN mamma) (PUNCT .)))))))));;5,792396528;function
315;38;questo;questo;DET;det;incontro;(ROOT (cp (sp (ADP Dopo) (sn (sa (DET questo)) (sa (ADJ strano)) (NOUN incontro))) (sn (PROPN Nina) (fp (PUNCT ,) (sa (sq (DET un) (ADV po')) (ADJ stanca)) (PUNCT ,))) (f (ibar (VERB decide)) (compt (sv2 (ADP di) (VERB tornare) (compin (sp (ADP a) (sn (NOUN casa))) (spda (ADP da) (sn (DET la) (NOUN mamma) (PUNCT .)))))))));;6,484206212;function
316;38;strano;strano;ADJ;amod;incontro;(ROOT (cp (sp (ADP Dopo) (sn (sa (DET questo)) (sa (ADJ strano)) (NOUN incontro))) (sn (PROPN Nina) (fp (PUNCT ,) (sa (sq (DET un) (ADV po')) (ADJ stanca)) (PUNCT ,))) (f (ibar (VERB decide)) (compt (sv2 (ADP di) (VERB tornare) (compin (sp (ADP a) (sn (NOUN casa))) (spda (ADP da) (sn (DET la) (NOUN mamma) (PUNCT .)))))))));5.88 ± 2.11;5,190553923;content
317;38;incontro;incontro;NOUN;obl;decide;(ROOT (cp (sp (ADP Dopo) (sn (sa (DET questo)) (sa (ADJ strano)) (NOUN incontro))) (sn (PROPN Nina) (fp (PUNCT ,) (sa (sq (DET un) (ADV po')) (ADJ stanca)) (PUNCT ,))) (f (ibar (VERB decide)) (compt (sv2 (ADP di) (VERB tornare) (compin (sp (ADP a) (sn (NOUN casa))) (spda (ADP da) (sn (DET la) (NOUN mamma) (PUNCT .)))))))));;4,860240111;content
318;38;nina;Nina;PROPN;nsubj;decide;(ROOT (cp (sp (ADP Dopo) (sn (sa (DET questo)) (sa (ADJ strano)) (NOUN incontro))) (sn (PROPN Nina) (fp (PUNCT ,) (sa (sq (DET un) (ADV po')) (ADJ stanca)) (PUNCT ,))) (f (ibar (VERB decide)) (compt (sv2 (ADP di) (VERB tornare) (compin (sp (ADP a) (sn (NOUN casa))) (spda (ADP da) (sn (DET la) (NOUN mamma) (PUNCT .)))))))));;1,668044485;content
319;38;un;uno;DET;det;po';(ROOT (cp (sp (ADP Dopo) (sn (sa (DET questo)) (sa (ADJ strano)) (NOUN incontro))) (sn (PROPN Nina) (fp (PUNCT ,) (sa (sq (DET un) (ADV po')) (ADJ stanca)) (PUNCT ,))) (f (ibar (VERB decide)) (compt (sv2 (ADP di) (VERB tornare) (compin (sp (ADP a) (sn (NOUN casa))) (spda (ADP da) (sn (DET la) (NOUN mamma) (PUNCT .)))))))));;7,065833912;function
320;38;po;poco;ADV;advmod;stanca;(ROOT (cp (sp (ADP Dopo) (sn (sa (DET questo)) (sa (ADJ strano)) (NOUN incontro))) (sn (PROPN Nina) (fp (PUNCT ,) (sa (sq (DET un) (ADV po')) (ADJ stanca)) (PUNCT ,))) (f (ibar (VERB decide)) (compt (sv2 (ADP di) (VERB tornare) (compin (sp (ADP a) (sn (NOUN casa))) (spda (ADP da) (sn (DET la) (NOUN mamma) (PUNCT .)))))))));;4,399095757;content
321;38;stanca;stanco;ADJ;amod;Nina;(ROOT (cp (sp (ADP Dopo) (sn (sa (DET questo)) (sa (ADJ strano)) (NOUN incontro))) (sn (PROPN Nina) (fp (PUNCT ,) (sa (sq (DET un) (ADV po')) (ADJ stanca)) (PUNCT ,))) (f (ibar (VERB decide)) (compt (sv2 (ADP di) (VERB tornare) (compin (sp (ADP a) (sn (NOUN casa))) (spda (ADP da) (sn (DET la) (NOUN mamma) (PUNCT .)))))))));5.80 ± 1.87;4,451828998;content
322;38;decide;decidere;VERB;root;ROOT;(ROOT (cp (sp (ADP Dopo) (sn (sa (DET questo)) (sa (ADJ strano)) (NOUN incontro))) (sn (PROPN Nina) (fp (PUNCT ,) (sa (sq (DET un) (ADV po')) (ADJ stanca)) (PUNCT ,))) (f (ibar (VERB decide)) (compt (sv2 (ADP di) (VERB tornare) (compin (sp (ADP a) (sn (NOUN casa))) (spda (ADP da) (sn (DET la) (NOUN mamma) (PUNCT .)))))))));;3,953226593;content
323;38;di;di;ADP;mark;tornare;(ROOT (cp (sp (ADP Dopo) (sn (sa (DET questo)) (sa (ADJ strano)) (NOUN incontro))) (sn (PROPN Nina) (fp (PUNCT ,) (sa (sq (DET un) (ADV po')) (ADJ stanca)) (PUNCT ,))) (f (ibar (VERB decide)) (compt (sv2 (ADP di) (VERB tornare) (compin (sp (ADP a) (sn (NOUN casa))) (spda (ADP da) (sn (DET la) (NOUN mamma) (PUNCT .)))))))));;7,232814475;function
324;38;tornare;tornare;VERB;xcomp;decide;(ROOT (cp (sp (ADP Dopo) (sn (sa (DET questo)) (sa (ADJ strano)) (NOUN incontro))) (sn (PROPN Nina) (fp (PUNCT ,) (sa (sq (DET un) (ADV po')) (ADJ stanca)) (PUNCT ,))) (f (ibar (VERB decide)) (compt (sv2 (ADP di) (VERB tornare) (compin (sp (ADP a) (sn (NOUN casa))) (spda (ADP da) (sn (DET la) (NOUN mamma) (PUNCT .)))))))));;5,348123033;content
325;38;a;a;ADP;case;casa;(ROOT (cp (sp (ADP Dopo) (sn (sa (DET questo)) (sa (ADJ strano)) (NOUN incontro))) (sn (PROPN Nina) (fp (PUNCT ,) (sa (sq (DET un) (ADV po')) (ADJ stanca)) (PUNCT ,))) (f (ibar (VERB decide)) (compt (sv2 (ADP di) (VERB tornare) (compin (sp (ADP a) (sn (NOUN casa))) (spda (ADP da) (sn (DET la) (NOUN mamma) (PUNCT .)))))))));;7,004335738;function
326;38;casa;casa;NOUN;obl;tornare;(ROOT (cp (sp (ADP Dopo) (sn (sa (DET questo)) (sa (ADJ strano)) (NOUN incontro))) (sn (PROPN Nina) (fp (PUNCT ,) (sa (sq (DET un) (ADV po')) (ADJ stanca)) (PUNCT ,))) (f (ibar (VERB decide)) (compt (sv2 (ADP di) (VERB tornare) (compin (sp (ADP a) (sn (NOUN casa))) (spda (ADP da) (sn (DET la) (NOUN mamma) (PUNCT .)))))))));3.40 ± 1.63;6,003702937;content
327;38;da;da;ADP;case;mamma;(ROOT (cp (sp (ADP Dopo) (sn (sa (DET questo)) (sa (ADJ strano)) (NOUN incontro))) (sn (PROPN Nina) (fp (PUNCT ,) (sa (sq (DET un) (ADV po')) (ADJ stanca)) (PUNCT ,))) (f (ibar (VERB decide)) (compt (sv2 (ADP di) (VERB tornare) (compin (sp (ADP a) (sn (NOUN casa))) (spda (ADP da) (sn (DET la) (NOUN mamma) (PUNCT .)))))))));;6,577812618;function
328;38;la;il;DET;det;mamma;(ROOT (cp (sp (ADP Dopo) (sn (sa (DET questo)) (sa (ADJ strano)) (NOUN incontro))) (sn (PROPN Nina) (fp (PUNCT ,) (sa (sq (DET un) (ADV po')) (ADJ stanca)) (PUNCT ,))) (f (ibar (VERB decide)) (compt (sv2 (ADP di) (VERB tornare) (compin (sp (ADP a) (sn (NOUN casa))) (spda (ADP da) (sn (DET la) (NOUN mamma) (PUNCT .)))))))));;7,055331658;function
329;38;mamma;mamma;NOUN;obl;tornare;(ROOT (cp (sp (ADP Dopo) (sn (sa (DET questo)) (sa (ADJ strano)) (NOUN incontro))) (sn (PROPN Nina) (fp (PUNCT ,) (sa (sq (DET un) (ADV po')) (ADJ stanca)) (PUNCT ,))) (f (ibar (VERB decide)) (compt (sv2 (ADP di) (VERB tornare) (compin (sp (ADP a) (sn (NOUN casa))) (spda (ADP da) (sn (DET la) (NOUN mamma) (PUNCT .)))))))));1.88 ± 1.27;5,66327005;content
330;39;dov;dove;ADV;advmod;finito;(ROOT (dirsp (PUNCT “) (f (ibar (ADV Dov') (AUX è) (VERB finito)) (compin (sn (DET il) (sa (DET tuo)) (NOUN ciuccio)))) (PUNCT ?) (PUNCT ”) (fp (PUNCT ,) (f (ibar (VERB chiede)) (compt (sn (DET la) (NOUN mamma)) (sp (ADP a) (sn (PROPN Nina))) (fs (SCONJ quando) (f (ibar (VERB rientra) (PUNCT .)))))))));;5,564019217;content
331;39;è;essere;AUX;aux;finito;(ROOT (dirsp (PUNCT “) (f (ibar (ADV Dov') (AUX è) (VERB finito)) (compin (sn (DET il) (sa (DET tuo)) (NOUN ciuccio)))) (PUNCT ?) (PUNCT ”) (fp (PUNCT ,) (f (ibar (VERB chiede)) (compt (sn (DET la) (NOUN mamma)) (sp (ADP a) (sn (PROPN Nina))) (fs (SCONJ quando) (f (ibar (VERB rientra) (PUNCT .)))))))));;7,249521761;function
332;39;finito;finire;VERB;root;ROOT;(ROOT (dirsp (PUNCT “) (f (ibar (ADV Dov') (AUX è) (VERB finito)) (compin (sn (DET il) (sa (DET tuo)) (NOUN ciuccio)))) (PUNCT ?) (PUNCT ”) (fp (PUNCT ,) (f (ibar (VERB chiede)) (compt (sn (DET la) (NOUN mamma)) (sp (ADP a) (sn (PROPN Nina))) (fs (SCONJ quando) (f (ibar (VERB rientra) (PUNCT .)))))))));5.32 ± 2.90;5,321449975;content
333;39;il;il;DET;det;ciuccio;(ROOT (dirsp (PUNCT “) (f (ibar (ADV Dov') (AUX è) (VERB finito)) (compin (sn (DET il) (sa (DET tuo)) (NOUN ciuccio)))) (PUNCT ?) (PUNCT ”) (fp (PUNCT ,) (f (ibar (VERB chiede)) (compt (sn (DET la) (NOUN mamma)) (sp (ADP a) (sn (PROPN Nina))) (fs (SCONJ quando) (f (ibar (VERB rientra) (PUNCT .)))))))));;7,039560886;function
334;39;tuo;tuo;DET;det:poss;ciuccio;(ROOT (dirsp (PUNCT “) (f (ibar (ADV Dov') (AUX è) (VERB finito)) (compin (sn (DET il) (sa (DET tuo)) (NOUN ciuccio)))) (PUNCT ?) (PUNCT ”) (fp (PUNCT ,) (f (ibar (VERB chiede)) (compt (sn (DET la) (NOUN mamma)) (sp (ADP a) (sn (PROPN Nina))) (fs (SCONJ quando) (f (ibar (VERB rientra) (PUNCT .)))))))));;6,080045574;function
335;39;ciuccio;ciuccio;NOUN;nsubj;finito;(ROOT (dirsp (PUNCT “) (f (ibar (ADV Dov') (AUX è) (VERB finito)) (compin (sn (DET il) (sa (DET tuo)) (NOUN ciuccio)))) (PUNCT ?) (PUNCT ”) (fp (PUNCT ,) (f (ibar (VERB chiede)) (compt (sn (DET la) (NOUN mamma)) (sp (ADP a) (sn (PROPN Nina))) (fs (SCONJ quando) (f (ibar (VERB rientra) (PUNCT .)))))))));2.96 ± 1.57;2,858376183;content
336;39;chiede;chiedere;VERB;parataxis;finito;(ROOT (dirsp (PUNCT “) (f (ibar (ADV Dov') (AUX è) (VERB finito)) (compin (sn (DET il) (sa (DET tuo)) (NOUN ciuccio)))) (PUNCT ?) (PUNCT ”) (fp (PUNCT ,) (f (ibar (VERB chiede)) (compt (sn (DET la) (NOUN mamma)) (sp (ADP a) (sn (PROPN Nina))) (fs (SCONJ quando) (f (ibar (VERB rientra) (PUNCT .)))))))));;4,493578784;content
337;39;la;il;DET;det;mamma;(ROOT (dirsp (PUNCT “) (f (ibar (ADV Dov') (AUX è) (VERB finito)) (compin (sn (DET il) (sa (DET tuo)) (NOUN ciuccio)))) (PUNCT ?) (PUNCT ”) (fp (PUNCT ,) (f (ibar (VERB chiede)) (compt (sn (DET la) (NOUN mamma)) (sp (ADP a) (sn (PROPN Nina))) (fs (SCONJ quando) (f (ibar (VERB rientra) (PUNCT .)))))))));;7,055331658;function
338;39;mamma;mamma;NOUN;nsubj;chiede;(ROOT (dirsp (PUNCT “) (f (ibar (ADV Dov') (AUX è) (VERB finito)) (compin (sn (DET il) (sa (DET tuo)) (NOUN ciuccio)))) (PUNCT ?) (PUNCT ”) (fp (PUNCT ,) (f (ibar (VERB chiede)) (compt (sn (DET la) (NOUN mamma)) (sp (ADP a) (sn (PROPN Nina))) (fs (SCONJ quando) (f (ibar (VERB rientra) (PUNCT .)))))))));1.88 ± 1.27;5,66327005;content
339;39;a;a;ADP;case;Nina;(ROOT (dirsp (PUNCT “) (f (ibar (ADV Dov') (AUX è) (VERB finito)) (compin (sn (DET il) (sa (DET tuo)) (NOUN ciuccio)))) (PUNCT ?) (PUNCT ”) (fp (PUNCT ,) (f (ibar (VERB chiede)) (compt (sn (DET la) (NOUN mamma)) (sp (ADP a) (sn (PROPN Nina))) (fs (SCONJ quando) (f (ibar (VERB rientra) (PUNCT .)))))))));;7,004335738;function
340;39;nina;Nina;PROPN;obl;chiede;(ROOT (dirsp (PUNCT “) (f (ibar (ADV Dov') (AUX è) (VERB finito)) (compin (sn (DET il) (sa (DET tuo)) (NOUN ciuccio)))) (PUNCT ?) (PUNCT ”) (fp (PUNCT ,) (f (ibar (VERB chiede)) (compt (sn (DET la) (NOUN mamma)) (sp (ADP a) (sn (PROPN Nina))) (fs (SCONJ quando) (f (ibar (VERB rientra) (PUNCT .)))))))));;1,668044485;content
341;39;quando;quando;SCONJ;mark;rientra;(ROOT (dirsp (PUNCT “) (f (ibar (ADV Dov') (AUX è) (VERB finito)) (compin (sn (DET il) (sa (DET tuo)) (NOUN ciuccio)))) (PUNCT ?) (PUNCT ”) (fp (PUNCT ,) (f (ibar (VERB chiede)) (compt (sn (DET la) (NOUN mamma)) (sp (ADP a) (sn (PROPN Nina))) (fs (SCONJ quando) (f (ibar (VERB rientra) (PUNCT .)))))))));;6,212844009;function
342;39;rientra;rientrare;VERB;advcl;chiede;(ROOT (dirsp (PUNCT “) (f (ibar (ADV Dov') (AUX è) (VERB finito)) (compin (sn (DET il) (sa (DET tuo)) (NOUN ciuccio)))) (PUNCT ?) (PUNCT ”) (fp (PUNCT ,) (f (ibar (VERB chiede)) (compt (sn (DET la) (NOUN mamma)) (sp (ADP a) (sn (PROPN Nina))) (fs (SCONJ quando) (f (ibar (VERB rientra) (PUNCT .)))))))));;3,729999329;content
343;40;spero;sperare;VERB;root;ROOT;(ROOT (dirsp (PUNCT “) (f (ir_infl (VERB Spero)) (compt (fac (SCONJ che) (f (sn (PRON tu)) (ir_infl (ADV non) (PRON lo) (AUX abbia) (VERB perso)))))) (PUNCT !) (PUNCT ”) (fp (PUNCT ,) (f (ibar (VERB chiede)) (compt (sa (ADJ preoccupata)) (PUNCT .))))));;5,251545534;content
344;40;che;che;SCONJ;mark;perso;(ROOT (dirsp (PUNCT “) (f (ir_infl (VERB Spero)) (compt (fac (SCONJ che) (f (sn (PRON tu)) (ir_infl (ADV non) (PRON lo) (AUX abbia) (VERB perso)))))) (PUNCT !) (PUNCT ”) (fp (PUNCT ,) (f (ibar (VERB chiede)) (compt (sa (ADJ preoccupata)) (PUNCT .))))));;7,250456545;function
345;40;tu;tu;PRON;nsubj;perso;(ROOT (dirsp (PUNCT “) (f (ir_infl (VERB Spero)) (compt (fac (SCONJ che) (f (sn (PRON tu)) (ir_infl (ADV non) (PRON lo) (AUX abbia) (VERB perso)))))) (PUNCT !) (PUNCT ”) (fp (PUNCT ,) (f (ibar (VERB chiede)) (compt (sa (ADJ preoccupata)) (PUNCT .))))));;6,414765586;function
346;40;non;non;ADV;advmod;perso;(ROOT (dirsp (PUNCT “) (f (ir_infl (VERB Spero)) (compt (fac (SCONJ che) (f (sn (PRON tu)) (ir_infl (ADV non) (PRON lo) (AUX abbia) (VERB perso)))))) (PUNCT !) (PUNCT ”) (fp (PUNCT ,) (f (ibar (VERB chiede)) (compt (sa (ADJ preoccupata)) (PUNCT .))))));;7,259198169;content
347;40;lo;lo;PRON;obj;perso;(ROOT (dirsp (PUNCT “) (f (ir_infl (VERB Spero)) (compt (fac (SCONJ che) (f (sn (PRON tu)) (ir_infl (ADV non) (PRON lo) (AUX abbia) (VERB perso)))))) (PUNCT !) (PUNCT ”) (fp (PUNCT ,) (f (ibar (VERB chiede)) (compt (sa (ADJ preoccupata)) (PUNCT .))))));;6,655915487;function
348;40;abbia;avere;AUX;aux;perso;(ROOT (dirsp (PUNCT “) (f (ir_infl (VERB Spero)) (compt (fac (SCONJ che) (f (sn (PRON tu)) (ir_infl (ADV non) (PRON lo) (AUX abbia) (VERB perso)))))) (PUNCT !) (PUNCT ”) (fp (PUNCT ,) (f (ibar (VERB chiede)) (compt (sa (ADJ preoccupata)) (PUNCT .))))));;5,622383493;function
349;40;perso;perdere;VERB;ccomp;Spero;(ROOT (dirsp (PUNCT “) (f (ir_infl (VERB Spero)) (compt (fac (SCONJ che) (f (sn (PRON tu)) (ir_infl (ADV non) (PRON lo) (AUX abbia) (VERB perso)))))) (PUNCT !) (PUNCT ”) (fp (PUNCT ,) (f (ibar (VERB chiede)) (compt (sa (ADJ preoccupata)) (PUNCT .))))));;5,292824891;content
350;40;chiede;chiedere;VERB;parataxis;Spero;(ROOT (dirsp (PUNCT “) (f (ir_infl (VERB Spero)) (compt (fac (SCONJ che) (f (sn (PRON tu)) (ir_infl (ADV non) (PRON lo) (AUX abbia) (VERB perso)))))) (PUNCT !) (PUNCT ”) (fp (PUNCT ,) (f (ibar (VERB chiede)) (compt (sa (ADJ preoccupata)) (PUNCT .))))));;4,493578784;content
351;40;preoccupata;preoccupato;ADJ;xcomp;chiede;(ROOT (dirsp (PUNCT “) (f (ir_infl (VERB Spero)) (compt (fac (SCONJ che) (f (sn (PRON tu)) (ir_infl (ADV non) (PRON lo) (AUX abbia) (VERB perso)))))) (PUNCT !) (PUNCT ”) (fp (PUNCT ,) (f (ibar (VERB chiede)) (compt (sa (ADJ preoccupata)) (PUNCT .))))));6.48 ± 1.85;4,453255644;content
352;41;l;lo;PRON;obj;regalato;(ROOT (dirsp (PUNCT “) (f (ibar (PRON L') (AUX ho) (VERB regalato)) (compt (sp (ADP a) (sq (PRON qualcuno))) (fac (PRON che) (f (ibar (PRON ne) (VERB aveva)) (compc (savv (ADV veramente)) (sn (NOUN bisogno))))))) (PUNCT ”) (fp (PUNCT ,) (fc (f (ibar (VERB risponde)) (compin (sn (PROPN Nina)))) (CCONJ e) (f (ibar (VERB sorride)) (compin (sp (ADP tra) (coord (SCONJ se) (CCONJ e) (SCONJ se) (PUNCT .)))))))));;6,640107629;function
353;41;ho;avere;AUX;aux;regalato;(ROOT (dirsp (PUNCT “) (f (ibar (PRON L') (AUX ho) (VERB regalato)) (compt (sp (ADP a) (sq (PRON qualcuno))) (fac (PRON che) (f (ibar (PRON ne) (VERB aveva)) (compc (savv (ADV veramente)) (sn (NOUN bisogno))))))) (PUNCT ”) (fp (PUNCT ,) (fc (f (ibar (VERB risponde)) (compin (sn (PROPN Nina)))) (CCONJ e) (f (ibar (VERB sorride)) (compin (sp (ADP tra) (coord (SCONJ se) (CCONJ e) (SCONJ se) (PUNCT .)))))))));;6,720262455;function
354;41;regalato;regalare;VERB;root;ROOT;(ROOT (dirsp (PUNCT “) (f (ibar (PRON L') (AUX ho) (VERB regalato)) (compt (sp (ADP a) (sq (PRON qualcuno))) (fac (PRON che) (f (ibar (PRON ne) (VERB aveva)) (compc (savv (ADV veramente)) (sn (NOUN bisogno))))))) (PUNCT ”) (fp (PUNCT ,) (fc (f (ibar (VERB risponde)) (compin (sn (PROPN Nina)))) (CCONJ e) (f (ibar (VERB sorride)) (compin (sp (ADP tra) (coord (SCONJ se) (CCONJ e) (SCONJ se) (PUNCT .)))))))));4.76 ± 1.48;4,032908035;content
355;41;a;a;ADP;case;qualcuno;(ROOT (dirsp (PUNCT “) (f (ibar (PRON L') (AUX ho) (VERB regalato)) (compt (sp (ADP a) (sq (PRON qualcuno))) (fac (PRON che) (f (ibar (PRON ne) (VERB aveva)) (compc (savv (ADV veramente)) (sn (NOUN bisogno))))))) (PUNCT ”) (fp (PUNCT ,) (fc (f (ibar (VERB risponde)) (compin (sn (PROPN Nina)))) (CCONJ e) (f (ibar (VERB sorride)) (compin (sp (ADP tra) (coord (SCONJ se) (CCONJ e) (SCONJ se) (PUNCT .)))))))));;7,004335738;function
356;41;qualcuno;qualcuno;PRON;obl;regalato;(ROOT (dirsp (PUNCT “) (f (ibar (PRON L') (AUX ho) (VERB regalato)) (compt (sp (ADP a) (sq (PRON qualcuno))) (fac (PRON che) (f (ibar (PRON ne) (VERB aveva)) (compc (savv (ADV veramente)) (sn (NOUN bisogno))))))) (PUNCT ”) (fp (PUNCT ,) (fc (f (ibar (VERB risponde)) (compin (sn (PROPN Nina)))) (CCONJ e) (f (ibar (VERB sorride)) (compin (sp (ADP tra) (coord (SCONJ se) (CCONJ e) (SCONJ se) (PUNCT .)))))))));;5,830633781;function
357;41;che;che;PRON;nsubj;aveva;(ROOT (dirsp (PUNCT “) (f (ibar (PRON L') (AUX ho) (VERB regalato)) (compt (sp (ADP a) (sq (PRON qualcuno))) (fac (PRON che) (f (ibar (PRON ne) (VERB aveva)) (compc (savv (ADV veramente)) (sn (NOUN bisogno))))))) (PUNCT ”) (fp (PUNCT ,) (fc (f (ibar (VERB risponde)) (compin (sn (PROPN Nina)))) (CCONJ e) (f (ibar (VERB sorride)) (compin (sp (ADP tra) (coord (SCONJ se) (CCONJ e) (SCONJ se) (PUNCT .)))))))));;7,250456545;function
358;41;ne;ne;PRON;iobj;aveva;(ROOT (dirsp (PUNCT “) (f (ibar (PRON L') (AUX ho) (VERB regalato)) (compt (sp (ADP a) (sq (PRON qualcuno))) (fac (PRON che) (f (ibar (PRON ne) (VERB aveva)) (compc (savv (ADV veramente)) (sn (NOUN bisogno))))))) (PUNCT ”) (fp (PUNCT ,) (fc (f (ibar (VERB risponde)) (compin (sn (PROPN Nina)))) (CCONJ e) (f (ibar (VERB sorride)) (compin (sp (ADP tra) (coord (SCONJ se) (CCONJ e) (SCONJ se) (PUNCT .)))))))));;6,201935117;function
359;41;aveva;avere;VERB;acl:relcl;qualcuno;(ROOT (dirsp (PUNCT “) (f (ibar (PRON L') (AUX ho) (VERB regalato)) (compt (sp (ADP a) (sq (PRON qualcuno))) (fac (PRON che) (f (ibar (PRON ne) (VERB aveva)) (compc (savv (ADV veramente)) (sn (NOUN bisogno))))))) (PUNCT ”) (fp (PUNCT ,) (fc (f (ibar (VERB risponde)) (compin (sn (PROPN Nina)))) (CCONJ e) (f (ibar (VERB sorride)) (compin (sp (ADP tra) (coord (SCONJ se) (CCONJ e) (SCONJ se) (PUNCT .)))))))));;5,632280537;content
360;41;veramente;veramente;ADV;advmod;aveva;(ROOT (dirsp (PUNCT “) (f (ibar (PRON L') (AUX ho) (VERB regalato)) (compt (sp (ADP a) (sq (PRON qualcuno))) (fac (PRON che) (f (ibar (PRON ne) (VERB aveva)) (compc (savv (ADV veramente)) (sn (NOUN bisogno))))))) (PUNCT ”) (fp (PUNCT ,) (fc (f (ibar (VERB risponde)) (compin (sn (PROPN Nina)))) (CCONJ e) (f (ibar (VERB sorride)) (compin (sp (ADP tra) (coord (SCONJ se) (CCONJ e) (SCONJ se) (PUNCT .)))))))));;5,314055894;content
361;41;bisogno;bisogno;NOUN;obj;aveva;(ROOT (dirsp (PUNCT “) (f (ibar (PRON L') (AUX ho) (VERB regalato)) (compt (sp (ADP a) (sq (PRON qualcuno))) (fac (PRON che) (f (ibar (PRON ne) (VERB aveva)) (compc (savv (ADV veramente)) (sn (NOUN bisogno))))))) (PUNCT ”) (fp (PUNCT ,) (fc (f (ibar (VERB risponde)) (compin (sn (PROPN Nina)))) (CCONJ e) (f (ibar (VERB sorride)) (compin (sp (ADP tra) (coord (SCONJ se) (CCONJ e) (SCONJ se) (PUNCT .)))))))));;5,803235462;content
362;41;risponde;rispondere;VERB;parataxis;regalato;(ROOT (dirsp (PUNCT “) (f (ibar (PRON L') (AUX ho) (VERB regalato)) (compt (sp (ADP a) (sq (PRON qualcuno))) (fac (PRON che) (f (ibar (PRON ne) (VERB aveva)) (compc (savv (ADV veramente)) (sn (NOUN bisogno))))))) (PUNCT ”) (fp (PUNCT ,) (fc (f (ibar (VERB risponde)) (compin (sn (PROPN Nina)))) (CCONJ e) (f (ibar (VERB sorride)) (compin (sp (ADP tra) (coord (SCONJ se) (CCONJ e) (SCONJ se) (PUNCT .)))))))));3.88 ± 1.59;4,376323713;content
363;41;nina;Nina;PROPN;nsubj;risponde;(ROOT (dirsp (PUNCT “) (f (ibar (PRON L') (AUX ho) (VERB regalato)) (compt (sp (ADP a) (sq (PRON qualcuno))) (fac (PRON che) (f (ibar (PRON ne) (VERB aveva)) (compc (savv (ADV veramente)) (sn (NOUN bisogno))))))) (PUNCT ”) (fp (PUNCT ,) (fc (f (ibar (VERB risponde)) (compin (sn (PROPN Nina)))) (CCONJ e) (f (ibar (VERB sorride)) (compin (sp (ADP tra) (coord (SCONJ se) (CCONJ e) (SCONJ se) (PUNCT .)))))))));;1,668044485;content
364;41;e;e;CCONJ;cc;sorride;(ROOT (dirsp (PUNCT “) (f (ibar (PRON L') (AUX ho) (VERB regalato)) (compt (sp (ADP a) (sq (PRON qualcuno))) (fac (PRON che) (f (ibar (PRON ne) (VERB aveva)) (compc (savv (ADV veramente)) (sn (NOUN bisogno))))))) (PUNCT ”) (fp (PUNCT ,) (fc (f (ibar (VERB risponde)) (compin (sn (PROPN Nina)))) (CCONJ e) (f (ibar (VERB sorride)) (compin (sp (ADP tra) (coord (SCONJ se) (CCONJ e) (SCONJ se) (PUNCT .)))))))));;2,741151583;function
365;41;sorride;sorridere;VERB;conj;risponde;(ROOT (dirsp (PUNCT “) (f (ibar (PRON L') (AUX ho) (VERB regalato)) (compt (sp (ADP a) (sq (PRON qualcuno))) (fac (PRON che) (f (ibar (PRON ne) (VERB aveva)) (compc (savv (ADV veramente)) (sn (NOUN bisogno))))))) (PUNCT ”) (fp (PUNCT ,) (fc (f (ibar (VERB risponde)) (compin (sn (PROPN Nina)))) (CCONJ e) (f (ibar (VERB sorride)) (compin (sp (ADP tra) (coord (SCONJ se) (CCONJ e) (SCONJ se) (PUNCT .)))))))));;3,570228748;content
366;41;tra;tra;ADP;case;se;(ROOT (dirsp (PUNCT “) (f (ibar (PRON L') (AUX ho) (VERB regalato)) (compt (sp (ADP a) (sq (PRON qualcuno))) (fac (PRON che) (f (ibar (PRON ne) (VERB aveva)) (compc (savv (ADV veramente)) (sn (NOUN bisogno))))))) (PUNCT ”) (fp (PUNCT ,) (fc (f (ibar (VERB risponde)) (compin (sn (PROPN Nina)))) (CCONJ e) (f (ibar (VERB sorride)) (compin (sp (ADP tra) (coord (SCONJ se) (CCONJ e) (SCONJ se) (PUNCT .)))))))));;5,670548919;function
367;41;se;se;SCONJ;obl;sorride;(ROOT (dirsp (PUNCT “) (f (ibar (PRON L') (AUX ho) (VERB regalato)) (compt (sp (ADP a) (sq (PRON qualcuno))) (fac (PRON che) (f (ibar (PRON ne) (VERB aveva)) (compc (savv (ADV veramente)) (sn (NOUN bisogno))))))) (PUNCT ”) (fp (PUNCT ,) (fc (f (ibar (VERB risponde)) (compin (sn (PROPN Nina)))) (CCONJ e) (f (ibar (VERB sorride)) (compin (sp (ADP tra) (coord (SCONJ se) (CCONJ e) (SCONJ se) (PUNCT .)))))))));;6,583110863;function
368;41;e;e;CCONJ;cc;se;(ROOT (dirsp (PUNCT “) (f (ibar (PRON L') (AUX ho) (VERB regalato)) (compt (sp (ADP a) (sq (PRON qualcuno))) (fac (PRON che) (f (ibar (PRON ne) (VERB aveva)) (compc (savv (ADV veramente)) (sn (NOUN bisogno))))))) (PUNCT ”) (fp (PUNCT ,) (fc (f (ibar (VERB risponde)) (compin (sn (PROPN Nina)))) (CCONJ e) (f (ibar (VERB sorride)) (compin (sp (ADP tra) (coord (SCONJ se) (CCONJ e) (SCONJ se) (PUNCT .)))))))));;2,741151583;function
369;41;se;se;SCONJ;conj;se;(ROOT (dirsp (PUNCT “) (f (ibar (PRON L') (AUX ho) (VERB regalato)) (compt (sp (ADP a) (sq (PRON qualcuno))) (fac (PRON che) (f (ibar (PRON ne) (VERB aveva)) (compc (savv (ADV veramente)) (sn (NOUN bisogno))))))) (PUNCT ”) (fp (PUNCT ,) (fc (f (ibar (VERB risponde)) (compin (sn (PROPN Nina)))) (CCONJ e) (f (ibar (VERB sorride)) (compin (sp (ADP tra) (coord (SCONJ se) (CCONJ e) (SCONJ se) (PUNCT .)))))))));;6,583110863;function
