token_id;sentence_ids;tokens_no_punct;lemma_no_punct;PoS;depparse;head;constituency;AoA(m+sd);Zipf_freq;type_of_words
1;0;la;il;DET;det;guerra;(ROOT (f3 (sn (DET La) (NOUN guerra) (spd (ADP di) (sn (DET le) (NOUN campane) (PUNCT .))))));;7,055331658;function
2;0;guerra;guerra;NOUN;root;ROOT;(ROOT (f3 (sn (DET La) (NOUN guerra) (spd (ADP di) (sn (DET le) (NOUN campane) (PUNCT .))))));6.64 ± 1.96;5,181173263;content
3;0;di;di;ADP;case;campane;(ROOT (f3 (sn (DET La) (NOUN guerra) (spd (ADP di) (sn (DET le) (NOUN campane) (PUNCT .))))));;7,232814475;function
4;0;le;il;DET;det;campane;(ROOT (f3 (sn (DET La) (NOUN guerra) (spd (ADP di) (sn (DET le) (NOUN campane) (PUNCT .))))));;6,624997683;function
5;0;campane;campana;NOUN;nmod;guerra;(ROOT (f3 (sn (DET La) (NOUN guerra) (spd (ADP di) (sn (DET le) (NOUN campane) (PUNCT .))))));5.04 ± 1.84;3,650315718;content
6;1;c;ci;PRON;expl;era;(ROOT (f (ibar (PRON C') (VERB era)) (compc (sn (DET una) (NOUN volta)) (sn (DET una) (NOUN guerra)) (fp (PUNCT ,) (sn (DET una) (sa (coord (ADJ grande) (CCONJ e) (ADJ terribile))) (NOUN guerra)) (PUNCT ,)) (f2 (PRON che) (f (ibar (VERB faceva) (VERB morire)) (compt (sn (sq (DET molti)) (NOUN soldati)) (coord (spda (ADP da) (sn (DET una) (NOUN parte))) (CCONJ e) (spda (ADP da) (DET l') (sq (PRON altra)))))))) (PUNCT .)));;6,166704172;function
7;1;era;essere;VERB;root;ROOT;(ROOT (f (ibar (PRON C') (VERB era)) (compc (sn (DET una) (NOUN volta)) (sn (DET una) (NOUN guerra)) (fp (PUNCT ,) (sn (DET una) (sa (coord (ADJ grande) (CCONJ e) (ADJ terribile))) (NOUN guerra)) (PUNCT ,)) (f2 (PRON che) (f (ibar (VERB faceva) (VERB morire)) (compt (sn (sq (DET molti)) (NOUN soldati)) (coord (spda (ADP da) (sn (DET una) (NOUN parte))) (CCONJ e) (spda (ADP da) (DET l') (sq (PRON altra)))))))) (PUNCT .)));;6,283626334;content
8;1;una;uno;DET;det;volta;(ROOT (f (ibar (PRON C') (VERB era)) (compc (sn (DET una) (NOUN volta)) (sn (DET una) (NOUN guerra)) (fp (PUNCT ,) (sn (DET una) (sa (coord (ADJ grande) (CCONJ e) (ADJ terribile))) (NOUN guerra)) (PUNCT ,)) (f2 (PRON che) (f (ibar (VERB faceva) (VERB morire)) (compt (sn (sq (DET molti)) (NOUN soldati)) (coord (spda (ADP da) (sn (DET una) (NOUN parte))) (CCONJ e) (spda (ADP da) (DET l') (sq (PRON altra)))))))) (PUNCT .)));;6,801817508;function
9;1;volta;volta;NOUN;obl;era;(ROOT (f (ibar (PRON C') (VERB era)) (compc (sn (DET una) (NOUN volta)) (sn (DET una) (NOUN guerra)) (fp (PUNCT ,) (sn (DET una) (sa (coord (ADJ grande) (CCONJ e) (ADJ terribile))) (NOUN guerra)) (PUNCT ,)) (f2 (PRON che) (f (ibar (VERB faceva) (VERB morire)) (compt (sn (sq (DET molti)) (NOUN soldati)) (coord (spda (ADP da) (sn (DET una) (NOUN parte))) (CCONJ e) (spda (ADP da) (DET l') (sq (PRON altra)))))))) (PUNCT .)));;5,820011577;content
10;1;una;uno;DET;det;guerra;(ROOT (f (ibar (PRON C') (VERB era)) (compc (sn (DET una) (NOUN volta)) (sn (DET una) (NOUN guerra)) (fp (PUNCT ,) (sn (DET una) (sa (coord (ADJ grande) (CCONJ e) (ADJ terribile))) (NOUN guerra)) (PUNCT ,)) (f2 (PRON che) (f (ibar (VERB faceva) (VERB morire)) (compt (sn (sq (DET molti)) (NOUN soldati)) (coord (spda (ADP da) (sn (DET una) (NOUN parte))) (CCONJ e) (spda (ADP da) (DET l') (sq (PRON altra)))))))) (PUNCT .)));;6,801817508;function
11;1;guerra;guerra;NOUN;nsubj;era;(ROOT (f (ibar (PRON C') (VERB era)) (compc (sn (DET una) (NOUN volta)) (sn (DET una) (NOUN guerra)) (fp (PUNCT ,) (sn (DET una) (sa (coord (ADJ grande) (CCONJ e) (ADJ terribile))) (NOUN guerra)) (PUNCT ,)) (f2 (PRON che) (f (ibar (VERB faceva) (VERB morire)) (compt (sn (sq (DET molti)) (NOUN soldati)) (coord (spda (ADP da) (sn (DET una) (NOUN parte))) (CCONJ e) (spda (ADP da) (DET l') (sq (PRON altra)))))))) (PUNCT .)));6.64 ± 1.96;5,181173263;content
12;1;una;uno;DET;det;guerra;(ROOT (f (ibar (PRON C') (VERB era)) (compc (sn (DET una) (NOUN volta)) (sn (DET una) (NOUN guerra)) (fp (PUNCT ,) (sn (DET una) (sa (coord (ADJ grande) (CCONJ e) (ADJ terribile))) (NOUN guerra)) (PUNCT ,)) (f2 (PRON che) (f (ibar (VERB faceva) (VERB morire)) (compt (sn (sq (DET molti)) (NOUN soldati)) (coord (spda (ADP da) (sn (DET una) (NOUN parte))) (CCONJ e) (spda (ADP da) (DET l') (sq (PRON altra)))))))) (PUNCT .)));;6,801817508;function
13;1;grande;grande;ADJ;amod;guerra;(ROOT (f (ibar (PRON C') (VERB era)) (compc (sn (DET una) (NOUN volta)) (sn (DET una) (NOUN guerra)) (fp (PUNCT ,) (sn (DET una) (sa (coord (ADJ grande) (CCONJ e) (ADJ terribile))) (NOUN guerra)) (PUNCT ,)) (f2 (PRON che) (f (ibar (VERB faceva) (VERB morire)) (compt (sn (sq (DET molti)) (NOUN soldati)) (coord (spda (ADP da) (sn (DET una) (NOUN parte))) (CCONJ e) (spda (ADP da) (DET l') (sq (PRON altra)))))))) (PUNCT .)));4.64 ± 2.04;5,615282093;content
14;1;e;e;CCONJ;cc;terribile;(ROOT (f (ibar (PRON C') (VERB era)) (compc (sn (DET una) (NOUN volta)) (sn (DET una) (NOUN guerra)) (fp (PUNCT ,) (sn (DET una) (sa (coord (ADJ grande) (CCONJ e) (ADJ terribile))) (NOUN guerra)) (PUNCT ,)) (f2 (PRON che) (f (ibar (VERB faceva) (VERB morire)) (compt (sn (sq (DET molti)) (NOUN soldati)) (coord (spda (ADP da) (sn (DET una) (NOUN parte))) (CCONJ e) (spda (ADP da) (DET l') (sq (PRON altra)))))))) (PUNCT .)));;2,741151583;function
15;1;terribile;terribile;ADJ;conj;grande;(ROOT (f (ibar (PRON C') (VERB era)) (compc (sn (DET una) (NOUN volta)) (sn (DET una) (NOUN guerra)) (fp (PUNCT ,) (sn (DET una) (sa (coord (ADJ grande) (CCONJ e) (ADJ terribile))) (NOUN guerra)) (PUNCT ,)) (f2 (PRON che) (f (ibar (VERB faceva) (VERB morire)) (compt (sn (sq (DET molti)) (NOUN soldati)) (coord (spda (ADP da) (sn (DET una) (NOUN parte))) (CCONJ e) (spda (ADP da) (DET l') (sq (PRON altra)))))))) (PUNCT .)));;4,837669943;content
16;1;guerra;guerra;NOUN;conj;guerra;(ROOT (f (ibar (PRON C') (VERB era)) (compc (sn (DET una) (NOUN volta)) (sn (DET una) (NOUN guerra)) (fp (PUNCT ,) (sn (DET una) (sa (coord (ADJ grande) (CCONJ e) (ADJ terribile))) (NOUN guerra)) (PUNCT ,)) (f2 (PRON che) (f (ibar (VERB faceva) (VERB morire)) (compt (sn (sq (DET molti)) (NOUN soldati)) (coord (spda (ADP da) (sn (DET una) (NOUN parte))) (CCONJ e) (spda (ADP da) (DET l') (sq (PRON altra)))))))) (PUNCT .)));6.64 ± 1.96;5,181173263;content
17;1;che;che;PRON;nsubj;faceva;(ROOT (f (ibar (PRON C') (VERB era)) (compc (sn (DET una) (NOUN volta)) (sn (DET una) (NOUN guerra)) (fp (PUNCT ,) (sn (DET una) (sa (coord (ADJ grande) (CCONJ e) (ADJ terribile))) (NOUN guerra)) (PUNCT ,)) (f2 (PRON che) (f (ibar (VERB faceva) (VERB morire)) (compt (sn (sq (DET molti)) (NOUN soldati)) (coord (spda (ADP da) (sn (DET una) (NOUN parte))) (CCONJ e) (spda (ADP da) (DET l') (sq (PRON altra)))))))) (PUNCT .)));;7,250456545;function
18;1;faceva;fare;VERB;acl:relcl;guerra;(ROOT (f (ibar (PRON C') (VERB era)) (compc (sn (DET una) (NOUN volta)) (sn (DET una) (NOUN guerra)) (fp (PUNCT ,) (sn (DET una) (sa (coord (ADJ grande) (CCONJ e) (ADJ terribile))) (NOUN guerra)) (PUNCT ,)) (f2 (PRON che) (f (ibar (VERB faceva) (VERB morire)) (compt (sn (sq (DET molti)) (NOUN soldati)) (coord (spda (ADP da) (sn (DET una) (NOUN parte))) (CCONJ e) (spda (ADP da) (DET l') (sq (PRON altra)))))))) (PUNCT .)));4.40 ± 2.22;4,910958432;content
19;1;morire;morire;VERB;ccomp;faceva;(ROOT (f (ibar (PRON C') (VERB era)) (compc (sn (DET una) (NOUN volta)) (sn (DET una) (NOUN guerra)) (fp (PUNCT ,) (sn (DET una) (sa (coord (ADJ grande) (CCONJ e) (ADJ terribile))) (NOUN guerra)) (PUNCT ,)) (f2 (PRON che) (f (ibar (VERB faceva) (VERB morire)) (compt (sn (sq (DET molti)) (NOUN soldati)) (coord (spda (ADP da) (sn (DET una) (NOUN parte))) (CCONJ e) (spda (ADP da) (DET l') (sq (PRON altra)))))))) (PUNCT .)));;5,199416944;content
20;1;molti;molto;DET;det;soldati;(ROOT (f (ibar (PRON C') (VERB era)) (compc (sn (DET una) (NOUN volta)) (sn (DET una) (NOUN guerra)) (fp (PUNCT ,) (sn (DET una) (sa (coord (ADJ grande) (CCONJ e) (ADJ terribile))) (NOUN guerra)) (PUNCT ,)) (f2 (PRON che) (f (ibar (VERB faceva) (VERB morire)) (compt (sn (sq (DET molti)) (NOUN soldati)) (coord (spda (ADP da) (sn (DET una) (NOUN parte))) (CCONJ e) (spda (ADP da) (DET l') (sq (PRON altra)))))))) (PUNCT .)));;5,080896868;function
21;1;soldati;soldato;NOUN;obj;morire;(ROOT (f (ibar (PRON C') (VERB era)) (compc (sn (DET una) (NOUN volta)) (sn (DET una) (NOUN guerra)) (fp (PUNCT ,) (sn (DET una) (sa (coord (ADJ grande) (CCONJ e) (ADJ terribile))) (NOUN guerra)) (PUNCT ,)) (f2 (PRON che) (f (ibar (VERB faceva) (VERB morire)) (compt (sn (sq (DET molti)) (NOUN soldati)) (coord (spda (ADP da) (sn (DET una) (NOUN parte))) (CCONJ e) (spda (ADP da) (DET l') (sq (PRON altra)))))))) (PUNCT .)));6.68 ± 2.14;4,567043756;content
22;1;da;da;ADP;case;parte;(ROOT (f (ibar (PRON C') (VERB era)) (compc (sn (DET una) (NOUN volta)) (sn (DET una) (NOUN guerra)) (fp (PUNCT ,) (sn (DET una) (sa (coord (ADJ grande) (CCONJ e) (ADJ terribile))) (NOUN guerra)) (PUNCT ,)) (f2 (PRON che) (f (ibar (VERB faceva) (VERB morire)) (compt (sn (sq (DET molti)) (NOUN soldati)) (coord (spda (ADP da) (sn (DET una) (NOUN parte))) (CCONJ e) (spda (ADP da) (DET l') (sq (PRON altra)))))))) (PUNCT .)));;6,577812618;function
23;1;una;uno;DET;det;parte;(ROOT (f (ibar (PRON C') (VERB era)) (compc (sn (DET una) (NOUN volta)) (sn (DET una) (NOUN guerra)) (fp (PUNCT ,) (sn (DET una) (sa (coord (ADJ grande) (CCONJ e) (ADJ terribile))) (NOUN guerra)) (PUNCT ,)) (f2 (PRON che) (f (ibar (VERB faceva) (VERB morire)) (compt (sn (sq (DET molti)) (NOUN soldati)) (coord (spda (ADP da) (sn (DET una) (NOUN parte))) (CCONJ e) (spda (ADP da) (DET l') (sq (PRON altra)))))))) (PUNCT .)));;6,801817508;function
24;1;parte;parte;NOUN;obl;morire;(ROOT (f (ibar (PRON C') (VERB era)) (compc (sn (DET una) (NOUN volta)) (sn (DET una) (NOUN guerra)) (fp (PUNCT ,) (sn (DET una) (sa (coord (ADJ grande) (CCONJ e) (ADJ terribile))) (NOUN guerra)) (PUNCT ,)) (f2 (PRON che) (f (ibar (VERB faceva) (VERB morire)) (compt (sn (sq (DET molti)) (NOUN soldati)) (coord (spda (ADP da) (sn (DET una) (NOUN parte))) (CCONJ e) (spda (ADP da) (DET l') (sq (PRON altra)))))))) (PUNCT .)));7.52 ± 3.39;5,847768581;content
25;1;e;e;CCONJ;cc;altra;(ROOT (f (ibar (PRON C') (VERB era)) (compc (sn (DET una) (NOUN volta)) (sn (DET una) (NOUN guerra)) (fp (PUNCT ,) (sn (DET una) (sa (coord (ADJ grande) (CCONJ e) (ADJ terribile))) (NOUN guerra)) (PUNCT ,)) (f2 (PRON che) (f (ibar (VERB faceva) (VERB morire)) (compt (sn (sq (DET molti)) (NOUN soldati)) (coord (spda (ADP da) (sn (DET una) (NOUN parte))) (CCONJ e) (spda (ADP da) (DET l') (sq (PRON altra)))))))) (PUNCT .)));;2,741151583;function
26;1;da;da;ADP;case;altra;(ROOT (f (ibar (PRON C') (VERB era)) (compc (sn (DET una) (NOUN volta)) (sn (DET una) (NOUN guerra)) (fp (PUNCT ,) (sn (DET una) (sa (coord (ADJ grande) (CCONJ e) (ADJ terribile))) (NOUN guerra)) (PUNCT ,)) (f2 (PRON che) (f (ibar (VERB faceva) (VERB morire)) (compt (sn (sq (DET molti)) (NOUN soldati)) (coord (spda (ADP da) (sn (DET una) (NOUN parte))) (CCONJ e) (spda (ADP da) (DET l') (sq (PRON altra)))))))) (PUNCT .)));;6,577812618;function
27;1;l;il;DET;det;altra;(ROOT (f (ibar (PRON C') (VERB era)) (compc (sn (DET una) (NOUN volta)) (sn (DET una) (NOUN guerra)) (fp (PUNCT ,) (sn (DET una) (sa (coord (ADJ grande) (CCONJ e) (ADJ terribile))) (NOUN guerra)) (PUNCT ,)) (f2 (PRON che) (f (ibar (VERB faceva) (VERB morire)) (compt (sn (sq (DET molti)) (NOUN soldati)) (coord (spda (ADP da) (sn (DET una) (NOUN parte))) (CCONJ e) (spda (ADP da) (DET l') (sq (PRON altra)))))))) (PUNCT .)));;6,640107629;function
28;1;altra;altro;PRON;conj;parte;(ROOT (f (ibar (PRON C') (VERB era)) (compc (sn (DET una) (NOUN volta)) (sn (DET una) (NOUN guerra)) (fp (PUNCT ,) (sn (DET una) (sa (coord (ADJ grande) (CCONJ e) (ADJ terribile))) (NOUN guerra)) (PUNCT ,)) (f2 (PRON che) (f (ibar (VERB faceva) (VERB morire)) (compt (sn (sq (DET molti)) (NOUN soldati)) (coord (spda (ADP da) (sn (DET una) (NOUN parte))) (CCONJ e) (spda (ADP da) (DET l') (sq (PRON altra)))))))) (PUNCT .)));;5,649409994;function
29;2;noi;noi;PRON;nsubj;stavamo;(ROOT (fc (f (sn (PRON Noi)) (ibar (VERB stavamo)) (compc (spd (ADP di) (savv (ADV qua))))) (CCONJ e) (f (sn (DET i) (sa (DET nostri)) (NOUN nemici)) (ibar (VERB stavano)) (compin (savv (ADP di) (ADV là)))) (PUNCT ,) (fc (CCONJ e) (f (ibar (PRON ci) (VERB sparavamo)) (compt (savv (ADV addosso)) (sn (coord (NOUN giorno) (CCONJ e) (NOUN notte))))) (PUNCT ,) (fc (CCONJ ma) (f (sn (DET la) (NOUN guerra)) (ibar (AUX era)) (compc (sa (ADV tanto) (ADJ lunga) (fac (SCONJ che) (cp (sp (ADP a) (sn (DET un) (sq (ADJ certo)) (NOUN punto))) (fc (f (ibar (PRON ci) (VERB venne) (ADP a) (VERB mancare)) (compin (sn (DET il) (NOUN bronzo)) (sp (ADP per) (sn (DET i) (NOUN cannoni))))) (PUNCT ,) (f (ibar (ADV non) (VERB avevamo)) (compc (savv (ADV più)) (sn (NOUN ferro) (sp (ADP per) (sn (DET le) (NOUN baionette)))))) (PUNCT ,) (f3 (savv (ADV eccetera))))))))))) (PUNCT .)));;5,985902456;function
30;2;stavamo;stare;VERB;root;ROOT;(ROOT (fc (f (sn (PRON Noi)) (ibar (VERB stavamo)) (compc (spd (ADP di) (savv (ADV qua))))) (CCONJ e) (f (sn (DET i) (sa (DET nostri)) (NOUN nemici)) (ibar (VERB stavano)) (compin (savv (ADP di) (ADV là)))) (PUNCT ,) (fc (CCONJ e) (f (ibar (PRON ci) (VERB sparavamo)) (compt (savv (ADV addosso)) (sn (coord (NOUN giorno) (CCONJ e) (NOUN notte))))) (PUNCT ,) (fc (CCONJ ma) (f (sn (DET la) (NOUN guerra)) (ibar (AUX era)) (compc (sa (ADV tanto) (ADJ lunga) (fac (SCONJ che) (cp (sp (ADP a) (sn (DET un) (sq (ADJ certo)) (NOUN punto))) (fc (f (ibar (PRON ci) (VERB venne) (ADP a) (VERB mancare)) (compin (sn (DET il) (NOUN bronzo)) (sp (ADP per) (sn (DET i) (NOUN cannoni))))) (PUNCT ,) (f (ibar (ADV non) (VERB avevamo)) (compc (savv (ADV più)) (sn (NOUN ferro) (sp (ADP per) (sn (DET le) (NOUN baionette)))))) (PUNCT ,) (f3 (savv (ADV eccetera))))))))))) (PUNCT .)));4.60 ± 2.35;4,738636416;content
31;2;di;di;ADP;case;qua;(ROOT (fc (f (sn (PRON Noi)) (ibar (VERB stavamo)) (compc (spd (ADP di) (savv (ADV qua))))) (CCONJ e) (f (sn (DET i) (sa (DET nostri)) (NOUN nemici)) (ibar (VERB stavano)) (compin (savv (ADP di) (ADV là)))) (PUNCT ,) (fc (CCONJ e) (f (ibar (PRON ci) (VERB sparavamo)) (compt (savv (ADV addosso)) (sn (coord (NOUN giorno) (CCONJ e) (NOUN notte))))) (PUNCT ,) (fc (CCONJ ma) (f (sn (DET la) (NOUN guerra)) (ibar (AUX era)) (compc (sa (ADV tanto) (ADJ lunga) (fac (SCONJ che) (cp (sp (ADP a) (sn (DET un) (sq (ADJ certo)) (NOUN punto))) (fc (f (ibar (PRON ci) (VERB venne) (ADP a) (VERB mancare)) (compin (sn (DET il) (NOUN bronzo)) (sp (ADP per) (sn (DET i) (NOUN cannoni))))) (PUNCT ,) (f (ibar (ADV non) (VERB avevamo)) (compc (savv (ADV più)) (sn (NOUN ferro) (sp (ADP per) (sn (DET le) (NOUN baionette)))))) (PUNCT ,) (f3 (savv (ADV eccetera))))))))))) (PUNCT .)));;7,232814475;function
32;2;qua;qua;ADV;advmod;stavamo;(ROOT (fc (f (sn (PRON Noi)) (ibar (VERB stavamo)) (compc (spd (ADP di) (savv (ADV qua))))) (CCONJ e) (f (sn (DET i) (sa (DET nostri)) (NOUN nemici)) (ibar (VERB stavano)) (compin (savv (ADP di) (ADV là)))) (PUNCT ,) (fc (CCONJ e) (f (ibar (PRON ci) (VERB sparavamo)) (compt (savv (ADV addosso)) (sn (coord (NOUN giorno) (CCONJ e) (NOUN notte))))) (PUNCT ,) (fc (CCONJ ma) (f (sn (DET la) (NOUN guerra)) (ibar (AUX era)) (compc (sa (ADV tanto) (ADJ lunga) (fac (SCONJ che) (cp (sp (ADP a) (sn (DET un) (sq (ADJ certo)) (NOUN punto))) (fc (f (ibar (PRON ci) (VERB venne) (ADP a) (VERB mancare)) (compin (sn (DET il) (NOUN bronzo)) (sp (ADP per) (sn (DET i) (NOUN cannoni))))) (PUNCT ,) (f (ibar (ADV non) (VERB avevamo)) (compc (savv (ADV più)) (sn (NOUN ferro) (sp (ADP per) (sn (DET le) (NOUN baionette)))))) (PUNCT ,) (f3 (savv (ADV eccetera))))))))))) (PUNCT .)));;5,522856403;content
33;2;e;e;CCONJ;cc;stavano;(ROOT (fc (f (sn (PRON Noi)) (ibar (VERB stavamo)) (compc (spd (ADP di) (savv (ADV qua))))) (CCONJ e) (f (sn (DET i) (sa (DET nostri)) (NOUN nemici)) (ibar (VERB stavano)) (compin (savv (ADP di) (ADV là)))) (PUNCT ,) (fc (CCONJ e) (f (ibar (PRON ci) (VERB sparavamo)) (compt (savv (ADV addosso)) (sn (coord (NOUN giorno) (CCONJ e) (NOUN notte))))) (PUNCT ,) (fc (CCONJ ma) (f (sn (DET la) (NOUN guerra)) (ibar (AUX era)) (compc (sa (ADV tanto) (ADJ lunga) (fac (SCONJ che) (cp (sp (ADP a) (sn (DET un) (sq (ADJ certo)) (NOUN punto))) (fc (f (ibar (PRON ci) (VERB venne) (ADP a) (VERB mancare)) (compin (sn (DET il) (NOUN bronzo)) (sp (ADP per) (sn (DET i) (NOUN cannoni))))) (PUNCT ,) (f (ibar (ADV non) (VERB avevamo)) (compc (savv (ADV più)) (sn (NOUN ferro) (sp (ADP per) (sn (DET le) (NOUN baionette)))))) (PUNCT ,) (f3 (savv (ADV eccetera))))))))))) (PUNCT .)));;2,741151583;function
34;2;i;il;DET;det;nemici;(ROOT (fc (f (sn (PRON Noi)) (ibar (VERB stavamo)) (compc (spd (ADP di) (savv (ADV qua))))) (CCONJ e) (f (sn (DET i) (sa (DET nostri)) (NOUN nemici)) (ibar (VERB stavano)) (compin (savv (ADP di) (ADV là)))) (PUNCT ,) (fc (CCONJ e) (f (ibar (PRON ci) (VERB sparavamo)) (compt (savv (ADV addosso)) (sn (coord (NOUN giorno) (CCONJ e) (NOUN notte))))) (PUNCT ,) (fc (CCONJ ma) (f (sn (DET la) (NOUN guerra)) (ibar (AUX era)) (compc (sa (ADV tanto) (ADJ lunga) (fac (SCONJ che) (cp (sp (ADP a) (sn (DET un) (sq (ADJ certo)) (NOUN punto))) (fc (f (ibar (PRON ci) (VERB venne) (ADP a) (VERB mancare)) (compin (sn (DET il) (NOUN bronzo)) (sp (ADP per) (sn (DET i) (NOUN cannoni))))) (PUNCT ,) (f (ibar (ADV non) (VERB avevamo)) (compc (savv (ADV più)) (sn (NOUN ferro) (sp (ADP per) (sn (DET le) (NOUN baionette)))))) (PUNCT ,) (f3 (savv (ADV eccetera))))))))))) (PUNCT .)));;6,584780852;function
35;2;nostri;nostro;DET;det:poss;nemici;(ROOT (fc (f (sn (PRON Noi)) (ibar (VERB stavamo)) (compc (spd (ADP di) (savv (ADV qua))))) (CCONJ e) (f (sn (DET i) (sa (DET nostri)) (NOUN nemici)) (ibar (VERB stavano)) (compin (savv (ADP di) (ADV là)))) (PUNCT ,) (fc (CCONJ e) (f (ibar (PRON ci) (VERB sparavamo)) (compt (savv (ADV addosso)) (sn (coord (NOUN giorno) (CCONJ e) (NOUN notte))))) (PUNCT ,) (fc (CCONJ ma) (f (sn (DET la) (NOUN guerra)) (ibar (AUX era)) (compc (sa (ADV tanto) (ADJ lunga) (fac (SCONJ che) (cp (sp (ADP a) (sn (DET un) (sq (ADJ certo)) (NOUN punto))) (fc (f (ibar (PRON ci) (VERB venne) (ADP a) (VERB mancare)) (compin (sn (DET il) (NOUN bronzo)) (sp (ADP per) (sn (DET i) (NOUN cannoni))))) (PUNCT ,) (f (ibar (ADV non) (VERB avevamo)) (compc (savv (ADV più)) (sn (NOUN ferro) (sp (ADP per) (sn (DET le) (NOUN baionette)))))) (PUNCT ,) (f3 (savv (ADV eccetera))))))))))) (PUNCT .)));;5,282203194;function
36;2;nemici;nemico;NOUN;nsubj;stavano;(ROOT (fc (f (sn (PRON Noi)) (ibar (VERB stavamo)) (compc (spd (ADP di) (savv (ADV qua))))) (CCONJ e) (f (sn (DET i) (sa (DET nostri)) (NOUN nemici)) (ibar (VERB stavano)) (compin (savv (ADP di) (ADV là)))) (PUNCT ,) (fc (CCONJ e) (f (ibar (PRON ci) (VERB sparavamo)) (compt (savv (ADV addosso)) (sn (coord (NOUN giorno) (CCONJ e) (NOUN notte))))) (PUNCT ,) (fc (CCONJ ma) (f (sn (DET la) (NOUN guerra)) (ibar (AUX era)) (compc (sa (ADV tanto) (ADJ lunga) (fac (SCONJ che) (cp (sp (ADP a) (sn (DET un) (sq (ADJ certo)) (NOUN punto))) (fc (f (ibar (PRON ci) (VERB venne) (ADP a) (VERB mancare)) (compin (sn (DET il) (NOUN bronzo)) (sp (ADP per) (sn (DET i) (NOUN cannoni))))) (PUNCT ,) (f (ibar (ADV non) (VERB avevamo)) (compc (savv (ADV più)) (sn (NOUN ferro) (sp (ADP per) (sn (DET le) (NOUN baionette)))))) (PUNCT ,) (f3 (savv (ADV eccetera))))))))))) (PUNCT .)));;4,43371304;content
37;2;stavano;stare;VERB;conj;stavamo;(ROOT (fc (f (sn (PRON Noi)) (ibar (VERB stavamo)) (compc (spd (ADP di) (savv (ADV qua))))) (CCONJ e) (f (sn (DET i) (sa (DET nostri)) (NOUN nemici)) (ibar (VERB stavano)) (compin (savv (ADP di) (ADV là)))) (PUNCT ,) (fc (CCONJ e) (f (ibar (PRON ci) (VERB sparavamo)) (compt (savv (ADV addosso)) (sn (coord (NOUN giorno) (CCONJ e) (NOUN notte))))) (PUNCT ,) (fc (CCONJ ma) (f (sn (DET la) (NOUN guerra)) (ibar (AUX era)) (compc (sa (ADV tanto) (ADJ lunga) (fac (SCONJ che) (cp (sp (ADP a) (sn (DET un) (sq (ADJ certo)) (NOUN punto))) (fc (f (ibar (PRON ci) (VERB venne) (ADP a) (VERB mancare)) (compin (sn (DET il) (NOUN bronzo)) (sp (ADP per) (sn (DET i) (NOUN cannoni))))) (PUNCT ,) (f (ibar (ADV non) (VERB avevamo)) (compc (savv (ADV più)) (sn (NOUN ferro) (sp (ADP per) (sn (DET le) (NOUN baionette)))))) (PUNCT ,) (f3 (savv (ADV eccetera))))))))))) (PUNCT .)));4.60 ± 2.35;4,560417392;content
38;2;di;di;ADP;case;là;(ROOT (fc (f (sn (PRON Noi)) (ibar (VERB stavamo)) (compc (spd (ADP di) (savv (ADV qua))))) (CCONJ e) (f (sn (DET i) (sa (DET nostri)) (NOUN nemici)) (ibar (VERB stavano)) (compin (savv (ADP di) (ADV là)))) (PUNCT ,) (fc (CCONJ e) (f (ibar (PRON ci) (VERB sparavamo)) (compt (savv (ADV addosso)) (sn (coord (NOUN giorno) (CCONJ e) (NOUN notte))))) (PUNCT ,) (fc (CCONJ ma) (f (sn (DET la) (NOUN guerra)) (ibar (AUX era)) (compc (sa (ADV tanto) (ADJ lunga) (fac (SCONJ che) (cp (sp (ADP a) (sn (DET un) (sq (ADJ certo)) (NOUN punto))) (fc (f (ibar (PRON ci) (VERB venne) (ADP a) (VERB mancare)) (compin (sn (DET il) (NOUN bronzo)) (sp (ADP per) (sn (DET i) (NOUN cannoni))))) (PUNCT ,) (f (ibar (ADV non) (VERB avevamo)) (compc (savv (ADV più)) (sn (NOUN ferro) (sp (ADP per) (sn (DET le) (NOUN baionette)))))) (PUNCT ,) (f3 (savv (ADV eccetera))))))))))) (PUNCT .)));;7,232814475;function
39;2;là;là;ADV;advmod;stavano;(ROOT (fc (f (sn (PRON Noi)) (ibar (VERB stavamo)) (compc (spd (ADP di) (savv (ADV qua))))) (CCONJ e) (f (sn (DET i) (sa (DET nostri)) (NOUN nemici)) (ibar (VERB stavano)) (compin (savv (ADP di) (ADV là)))) (PUNCT ,) (fc (CCONJ e) (f (ibar (PRON ci) (VERB sparavamo)) (compt (savv (ADV addosso)) (sn (coord (NOUN giorno) (CCONJ e) (NOUN notte))))) (PUNCT ,) (fc (CCONJ ma) (f (sn (DET la) (NOUN guerra)) (ibar (AUX era)) (compc (sa (ADV tanto) (ADJ lunga) (fac (SCONJ che) (cp (sp (ADP a) (sn (DET un) (sq (ADJ certo)) (NOUN punto))) (fc (f (ibar (PRON ci) (VERB venne) (ADP a) (VERB mancare)) (compin (sn (DET il) (NOUN bronzo)) (sp (ADP per) (sn (DET i) (NOUN cannoni))))) (PUNCT ,) (f (ibar (ADV non) (VERB avevamo)) (compc (savv (ADV più)) (sn (NOUN ferro) (sp (ADP per) (sn (DET le) (NOUN baionette)))))) (PUNCT ,) (f3 (savv (ADV eccetera))))))))))) (PUNCT .)));;;content
40;2;e;e;CCONJ;cc;sparavamo;(ROOT (fc (f (sn (PRON Noi)) (ibar (VERB stavamo)) (compc (spd (ADP di) (savv (ADV qua))))) (CCONJ e) (f (sn (DET i) (sa (DET nostri)) (NOUN nemici)) (ibar (VERB stavano)) (compin (savv (ADP di) (ADV là)))) (PUNCT ,) (fc (CCONJ e) (f (ibar (PRON ci) (VERB sparavamo)) (compt (savv (ADV addosso)) (sn (coord (NOUN giorno) (CCONJ e) (NOUN notte))))) (PUNCT ,) (fc (CCONJ ma) (f (sn (DET la) (NOUN guerra)) (ibar (AUX era)) (compc (sa (ADV tanto) (ADJ lunga) (fac (SCONJ che) (cp (sp (ADP a) (sn (DET un) (sq (ADJ certo)) (NOUN punto))) (fc (f (ibar (PRON ci) (VERB venne) (ADP a) (VERB mancare)) (compin (sn (DET il) (NOUN bronzo)) (sp (ADP per) (sn (DET i) (NOUN cannoni))))) (PUNCT ,) (f (ibar (ADV non) (VERB avevamo)) (compc (savv (ADV più)) (sn (NOUN ferro) (sp (ADP per) (sn (DET le) (NOUN baionette)))))) (PUNCT ,) (f3 (savv (ADV eccetera))))))))))) (PUNCT .)));;2,741151583;function
41;2;ci;ci;PRON;expl;sparavamo;(ROOT (fc (f (sn (PRON Noi)) (ibar (VERB stavamo)) (compc (spd (ADP di) (savv (ADV qua))))) (CCONJ e) (f (sn (DET i) (sa (DET nostri)) (NOUN nemici)) (ibar (VERB stavano)) (compin (savv (ADP di) (ADV là)))) (PUNCT ,) (fc (CCONJ e) (f (ibar (PRON ci) (VERB sparavamo)) (compt (savv (ADV addosso)) (sn (coord (NOUN giorno) (CCONJ e) (NOUN notte))))) (PUNCT ,) (fc (CCONJ ma) (f (sn (DET la) (NOUN guerra)) (ibar (AUX era)) (compc (sa (ADV tanto) (ADJ lunga) (fac (SCONJ che) (cp (sp (ADP a) (sn (DET un) (sq (ADJ certo)) (NOUN punto))) (fc (f (ibar (PRON ci) (VERB venne) (ADP a) (VERB mancare)) (compin (sn (DET il) (NOUN bronzo)) (sp (ADP per) (sn (DET i) (NOUN cannoni))))) (PUNCT ,) (f (ibar (ADV non) (VERB avevamo)) (compc (savv (ADV più)) (sn (NOUN ferro) (sp (ADP per) (sn (DET le) (NOUN baionette)))))) (PUNCT ,) (f3 (savv (ADV eccetera))))))))))) (PUNCT .)));;6,517126939;function
42;2;sparavamo;sparare;VERB;conj;stavamo;(ROOT (fc (f (sn (PRON Noi)) (ibar (VERB stavamo)) (compc (spd (ADP di) (savv (ADV qua))))) (CCONJ e) (f (sn (DET i) (sa (DET nostri)) (NOUN nemici)) (ibar (VERB stavano)) (compin (savv (ADP di) (ADV là)))) (PUNCT ,) (fc (CCONJ e) (f (ibar (PRON ci) (VERB sparavamo)) (compt (savv (ADV addosso)) (sn (coord (NOUN giorno) (CCONJ e) (NOUN notte))))) (PUNCT ,) (fc (CCONJ ma) (f (sn (DET la) (NOUN guerra)) (ibar (AUX era)) (compc (sa (ADV tanto) (ADJ lunga) (fac (SCONJ che) (cp (sp (ADP a) (sn (DET un) (sq (ADJ certo)) (NOUN punto))) (fc (f (ibar (PRON ci) (VERB venne) (ADP a) (VERB mancare)) (compin (sn (DET il) (NOUN bronzo)) (sp (ADP per) (sn (DET i) (NOUN cannoni))))) (PUNCT ,) (f (ibar (ADV non) (VERB avevamo)) (compc (savv (ADV più)) (sn (NOUN ferro) (sp (ADP per) (sn (DET le) (NOUN baionette)))))) (PUNCT ,) (f3 (savv (ADV eccetera))))))))))) (PUNCT .)));;2,168646835;content
43;2;addosso;addosso;ADV;advmod;sparavamo;(ROOT (fc (f (sn (PRON Noi)) (ibar (VERB stavamo)) (compc (spd (ADP di) (savv (ADV qua))))) (CCONJ e) (f (sn (DET i) (sa (DET nostri)) (NOUN nemici)) (ibar (VERB stavano)) (compin (savv (ADP di) (ADV là)))) (PUNCT ,) (fc (CCONJ e) (f (ibar (PRON ci) (VERB sparavamo)) (compt (savv (ADV addosso)) (sn (coord (NOUN giorno) (CCONJ e) (NOUN notte))))) (PUNCT ,) (fc (CCONJ ma) (f (sn (DET la) (NOUN guerra)) (ibar (AUX era)) (compc (sa (ADV tanto) (ADJ lunga) (fac (SCONJ che) (cp (sp (ADP a) (sn (DET un) (sq (ADJ certo)) (NOUN punto))) (fc (f (ibar (PRON ci) (VERB venne) (ADP a) (VERB mancare)) (compin (sn (DET il) (NOUN bronzo)) (sp (ADP per) (sn (DET i) (NOUN cannoni))))) (PUNCT ,) (f (ibar (ADV non) (VERB avevamo)) (compc (savv (ADV più)) (sn (NOUN ferro) (sp (ADP per) (sn (DET le) (NOUN baionette)))))) (PUNCT ,) (f3 (savv (ADV eccetera))))))))))) (PUNCT .)));;4,890760956;content
44;2;giorno;giorno;NOUN;obl;sparavamo;(ROOT (fc (f (sn (PRON Noi)) (ibar (VERB stavamo)) (compc (spd (ADP di) (savv (ADV qua))))) (CCONJ e) (f (sn (DET i) (sa (DET nostri)) (NOUN nemici)) (ibar (VERB stavano)) (compin (savv (ADP di) (ADV là)))) (PUNCT ,) (fc (CCONJ e) (f (ibar (PRON ci) (VERB sparavamo)) (compt (savv (ADV addosso)) (sn (coord (NOUN giorno) (CCONJ e) (NOUN notte))))) (PUNCT ,) (fc (CCONJ ma) (f (sn (DET la) (NOUN guerra)) (ibar (AUX era)) (compc (sa (ADV tanto) (ADJ lunga) (fac (SCONJ che) (cp (sp (ADP a) (sn (DET un) (sq (ADJ certo)) (NOUN punto))) (fc (f (ibar (PRON ci) (VERB venne) (ADP a) (VERB mancare)) (compin (sn (DET il) (NOUN bronzo)) (sp (ADP per) (sn (DET i) (NOUN cannoni))))) (PUNCT ,) (f (ibar (ADV non) (VERB avevamo)) (compc (savv (ADV più)) (sn (NOUN ferro) (sp (ADP per) (sn (DET le) (NOUN baionette)))))) (PUNCT ,) (f3 (savv (ADV eccetera))))))))))) (PUNCT .)));3.80 ± 1.76;5,731502947;content
45;2;e;e;CCONJ;cc;notte;(ROOT (fc (f (sn (PRON Noi)) (ibar (VERB stavamo)) (compc (spd (ADP di) (savv (ADV qua))))) (CCONJ e) (f (sn (DET i) (sa (DET nostri)) (NOUN nemici)) (ibar (VERB stavano)) (compin (savv (ADP di) (ADV là)))) (PUNCT ,) (fc (CCONJ e) (f (ibar (PRON ci) (VERB sparavamo)) (compt (savv (ADV addosso)) (sn (coord (NOUN giorno) (CCONJ e) (NOUN notte))))) (PUNCT ,) (fc (CCONJ ma) (f (sn (DET la) (NOUN guerra)) (ibar (AUX era)) (compc (sa (ADV tanto) (ADJ lunga) (fac (SCONJ che) (cp (sp (ADP a) (sn (DET un) (sq (ADJ certo)) (NOUN punto))) (fc (f (ibar (PRON ci) (VERB venne) (ADP a) (VERB mancare)) (compin (sn (DET il) (NOUN bronzo)) (sp (ADP per) (sn (DET i) (NOUN cannoni))))) (PUNCT ,) (f (ibar (ADV non) (VERB avevamo)) (compc (savv (ADV più)) (sn (NOUN ferro) (sp (ADP per) (sn (DET le) (NOUN baionette)))))) (PUNCT ,) (f3 (savv (ADV eccetera))))))))))) (PUNCT .)));;2,741151583;function
46;2;notte;notte;NOUN;conj;giorno;(ROOT (fc (f (sn (PRON Noi)) (ibar (VERB stavamo)) (compc (spd (ADP di) (savv (ADV qua))))) (CCONJ e) (f (sn (DET i) (sa (DET nostri)) (NOUN nemici)) (ibar (VERB stavano)) (compin (savv (ADP di) (ADV là)))) (PUNCT ,) (fc (CCONJ e) (f (ibar (PRON ci) (VERB sparavamo)) (compt (savv (ADV addosso)) (sn (coord (NOUN giorno) (CCONJ e) (NOUN notte))))) (PUNCT ,) (fc (CCONJ ma) (f (sn (DET la) (NOUN guerra)) (ibar (AUX era)) (compc (sa (ADV tanto) (ADJ lunga) (fac (SCONJ che) (cp (sp (ADP a) (sn (DET un) (sq (ADJ certo)) (NOUN punto))) (fc (f (ibar (PRON ci) (VERB venne) (ADP a) (VERB mancare)) (compin (sn (DET il) (NOUN bronzo)) (sp (ADP per) (sn (DET i) (NOUN cannoni))))) (PUNCT ,) (f (ibar (ADV non) (VERB avevamo)) (compc (savv (ADV più)) (sn (NOUN ferro) (sp (ADP per) (sn (DET le) (NOUN baionette)))))) (PUNCT ,) (f3 (savv (ADV eccetera))))))))))) (PUNCT .)));3.28 ± 1.34;5,521062946;content
47;2;ma;ma;CCONJ;cc;lunga;(ROOT (fc (f (sn (PRON Noi)) (ibar (VERB stavamo)) (compc (spd (ADP di) (savv (ADV qua))))) (CCONJ e) (f (sn (DET i) (sa (DET nostri)) (NOUN nemici)) (ibar (VERB stavano)) (compin (savv (ADP di) (ADV là)))) (PUNCT ,) (fc (CCONJ e) (f (ibar (PRON ci) (VERB sparavamo)) (compt (savv (ADV addosso)) (sn (coord (NOUN giorno) (CCONJ e) (NOUN notte))))) (PUNCT ,) (fc (CCONJ ma) (f (sn (DET la) (NOUN guerra)) (ibar (AUX era)) (compc (sa (ADV tanto) (ADJ lunga) (fac (SCONJ che) (cp (sp (ADP a) (sn (DET un) (sq (ADJ certo)) (NOUN punto))) (fc (f (ibar (PRON ci) (VERB venne) (ADP a) (VERB mancare)) (compin (sn (DET il) (NOUN bronzo)) (sp (ADP per) (sn (DET i) (NOUN cannoni))))) (PUNCT ,) (f (ibar (ADV non) (VERB avevamo)) (compc (savv (ADV più)) (sn (NOUN ferro) (sp (ADP per) (sn (DET le) (NOUN baionette)))))) (PUNCT ,) (f3 (savv (ADV eccetera))))))))))) (PUNCT .)));;6,662005813;function
48;2;la;il;DET;det;guerra;(ROOT (fc (f (sn (PRON Noi)) (ibar (VERB stavamo)) (compc (spd (ADP di) (savv (ADV qua))))) (CCONJ e) (f (sn (DET i) (sa (DET nostri)) (NOUN nemici)) (ibar (VERB stavano)) (compin (savv (ADP di) (ADV là)))) (PUNCT ,) (fc (CCONJ e) (f (ibar (PRON ci) (VERB sparavamo)) (compt (savv (ADV addosso)) (sn (coord (NOUN giorno) (CCONJ e) (NOUN notte))))) (PUNCT ,) (fc (CCONJ ma) (f (sn (DET la) (NOUN guerra)) (ibar (AUX era)) (compc (sa (ADV tanto) (ADJ lunga) (fac (SCONJ che) (cp (sp (ADP a) (sn (DET un) (sq (ADJ certo)) (NOUN punto))) (fc (f (ibar (PRON ci) (VERB venne) (ADP a) (VERB mancare)) (compin (sn (DET il) (NOUN bronzo)) (sp (ADP per) (sn (DET i) (NOUN cannoni))))) (PUNCT ,) (f (ibar (ADV non) (VERB avevamo)) (compc (savv (ADV più)) (sn (NOUN ferro) (sp (ADP per) (sn (DET le) (NOUN baionette)))))) (PUNCT ,) (f3 (savv (ADV eccetera))))))))))) (PUNCT .)));;7,055331658;function
49;2;guerra;guerra;NOUN;nsubj;lunga;(ROOT (fc (f (sn (PRON Noi)) (ibar (VERB stavamo)) (compc (spd (ADP di) (savv (ADV qua))))) (CCONJ e) (f (sn (DET i) (sa (DET nostri)) (NOUN nemici)) (ibar (VERB stavano)) (compin (savv (ADP di) (ADV là)))) (PUNCT ,) (fc (CCONJ e) (f (ibar (PRON ci) (VERB sparavamo)) (compt (savv (ADV addosso)) (sn (coord (NOUN giorno) (CCONJ e) (NOUN notte))))) (PUNCT ,) (fc (CCONJ ma) (f (sn (DET la) (NOUN guerra)) (ibar (AUX era)) (compc (sa (ADV tanto) (ADJ lunga) (fac (SCONJ che) (cp (sp (ADP a) (sn (DET un) (sq (ADJ certo)) (NOUN punto))) (fc (f (ibar (PRON ci) (VERB venne) (ADP a) (VERB mancare)) (compin (sn (DET il) (NOUN bronzo)) (sp (ADP per) (sn (DET i) (NOUN cannoni))))) (PUNCT ,) (f (ibar (ADV non) (VERB avevamo)) (compc (savv (ADV più)) (sn (NOUN ferro) (sp (ADP per) (sn (DET le) (NOUN baionette)))))) (PUNCT ,) (f3 (savv (ADV eccetera))))))))))) (PUNCT .)));6.64 ± 1.96;5,181173263;content
50;2;era;essere;AUX;cop;lunga;(ROOT (fc (f (sn (PRON Noi)) (ibar (VERB stavamo)) (compc (spd (ADP di) (savv (ADV qua))))) (CCONJ e) (f (sn (DET i) (sa (DET nostri)) (NOUN nemici)) (ibar (VERB stavano)) (compin (savv (ADP di) (ADV là)))) (PUNCT ,) (fc (CCONJ e) (f (ibar (PRON ci) (VERB sparavamo)) (compt (savv (ADV addosso)) (sn (coord (NOUN giorno) (CCONJ e) (NOUN notte))))) (PUNCT ,) (fc (CCONJ ma) (f (sn (DET la) (NOUN guerra)) (ibar (AUX era)) (compc (sa (ADV tanto) (ADJ lunga) (fac (SCONJ che) (cp (sp (ADP a) (sn (DET un) (sq (ADJ certo)) (NOUN punto))) (fc (f (ibar (PRON ci) (VERB venne) (ADP a) (VERB mancare)) (compin (sn (DET il) (NOUN bronzo)) (sp (ADP per) (sn (DET i) (NOUN cannoni))))) (PUNCT ,) (f (ibar (ADV non) (VERB avevamo)) (compc (savv (ADV più)) (sn (NOUN ferro) (sp (ADP per) (sn (DET le) (NOUN baionette)))))) (PUNCT ,) (f3 (savv (ADV eccetera))))))))))) (PUNCT .)));;6,283626334;function
51;2;tanto;tanto;ADV;advmod;lunga;(ROOT (fc (f (sn (PRON Noi)) (ibar (VERB stavamo)) (compc (spd (ADP di) (savv (ADV qua))))) (CCONJ e) (f (sn (DET i) (sa (DET nostri)) (NOUN nemici)) (ibar (VERB stavano)) (compin (savv (ADP di) (ADV là)))) (PUNCT ,) (fc (CCONJ e) (f (ibar (PRON ci) (VERB sparavamo)) (compt (savv (ADV addosso)) (sn (coord (NOUN giorno) (CCONJ e) (NOUN notte))))) (PUNCT ,) (fc (CCONJ ma) (f (sn (DET la) (NOUN guerra)) (ibar (AUX era)) (compc (sa (ADV tanto) (ADJ lunga) (fac (SCONJ che) (cp (sp (ADP a) (sn (DET un) (sq (ADJ certo)) (NOUN punto))) (fc (f (ibar (PRON ci) (VERB venne) (ADP a) (VERB mancare)) (compin (sn (DET il) (NOUN bronzo)) (sp (ADP per) (sn (DET i) (NOUN cannoni))))) (PUNCT ,) (f (ibar (ADV non) (VERB avevamo)) (compc (savv (ADV più)) (sn (NOUN ferro) (sp (ADP per) (sn (DET le) (NOUN baionette)))))) (PUNCT ,) (f3 (savv (ADV eccetera))))))))))) (PUNCT .)));;5,656885745;content
52;2;lunga;lungo;ADJ;conj;stavamo;(ROOT (fc (f (sn (PRON Noi)) (ibar (VERB stavamo)) (compc (spd (ADP di) (savv (ADV qua))))) (CCONJ e) (f (sn (DET i) (sa (DET nostri)) (NOUN nemici)) (ibar (VERB stavano)) (compin (savv (ADP di) (ADV là)))) (PUNCT ,) (fc (CCONJ e) (f (ibar (PRON ci) (VERB sparavamo)) (compt (savv (ADV addosso)) (sn (coord (NOUN giorno) (CCONJ e) (NOUN notte))))) (PUNCT ,) (fc (CCONJ ma) (f (sn (DET la) (NOUN guerra)) (ibar (AUX era)) (compc (sa (ADV tanto) (ADJ lunga) (fac (SCONJ che) (cp (sp (ADP a) (sn (DET un) (sq (ADJ certo)) (NOUN punto))) (fc (f (ibar (PRON ci) (VERB venne) (ADP a) (VERB mancare)) (compin (sn (DET il) (NOUN bronzo)) (sp (ADP per) (sn (DET i) (NOUN cannoni))))) (PUNCT ,) (f (ibar (ADV non) (VERB avevamo)) (compc (savv (ADV più)) (sn (NOUN ferro) (sp (ADP per) (sn (DET le) (NOUN baionette)))))) (PUNCT ,) (f3 (savv (ADV eccetera))))))))))) (PUNCT .)));4.12 ± 1.33;4,724568209;content
53;2;che;che;SCONJ;mark;venne;(ROOT (fc (f (sn (PRON Noi)) (ibar (VERB stavamo)) (compc (spd (ADP di) (savv (ADV qua))))) (CCONJ e) (f (sn (DET i) (sa (DET nostri)) (NOUN nemici)) (ibar (VERB stavano)) (compin (savv (ADP di) (ADV là)))) (PUNCT ,) (fc (CCONJ e) (f (ibar (PRON ci) (VERB sparavamo)) (compt (savv (ADV addosso)) (sn (coord (NOUN giorno) (CCONJ e) (NOUN notte))))) (PUNCT ,) (fc (CCONJ ma) (f (sn (DET la) (NOUN guerra)) (ibar (AUX era)) (compc (sa (ADV tanto) (ADJ lunga) (fac (SCONJ che) (cp (sp (ADP a) (sn (DET un) (sq (ADJ certo)) (NOUN punto))) (fc (f (ibar (PRON ci) (VERB venne) (ADP a) (VERB mancare)) (compin (sn (DET il) (NOUN bronzo)) (sp (ADP per) (sn (DET i) (NOUN cannoni))))) (PUNCT ,) (f (ibar (ADV non) (VERB avevamo)) (compc (savv (ADV più)) (sn (NOUN ferro) (sp (ADP per) (sn (DET le) (NOUN baionette)))))) (PUNCT ,) (f3 (savv (ADV eccetera))))))))))) (PUNCT .)));;7,250456545;function
54;2;a;a;ADP;case;punto;(ROOT (fc (f (sn (PRON Noi)) (ibar (VERB stavamo)) (compc (spd (ADP di) (savv (ADV qua))))) (CCONJ e) (f (sn (DET i) (sa (DET nostri)) (NOUN nemici)) (ibar (VERB stavano)) (compin (savv (ADP di) (ADV là)))) (PUNCT ,) (fc (CCONJ e) (f (ibar (PRON ci) (VERB sparavamo)) (compt (savv (ADV addosso)) (sn (coord (NOUN giorno) (CCONJ e) (NOUN notte))))) (PUNCT ,) (fc (CCONJ ma) (f (sn (DET la) (NOUN guerra)) (ibar (AUX era)) (compc (sa (ADV tanto) (ADJ lunga) (fac (SCONJ che) (cp (sp (ADP a) (sn (DET un) (sq (ADJ certo)) (NOUN punto))) (fc (f (ibar (PRON ci) (VERB venne) (ADP a) (VERB mancare)) (compin (sn (DET il) (NOUN bronzo)) (sp (ADP per) (sn (DET i) (NOUN cannoni))))) (PUNCT ,) (f (ibar (ADV non) (VERB avevamo)) (compc (savv (ADV più)) (sn (NOUN ferro) (sp (ADP per) (sn (DET le) (NOUN baionette)))))) (PUNCT ,) (f3 (savv (ADV eccetera))))))))))) (PUNCT .)));;7,004335738;function
55;2;un;uno;DET;det;punto;(ROOT (fc (f (sn (PRON Noi)) (ibar (VERB stavamo)) (compc (spd (ADP di) (savv (ADV qua))))) (CCONJ e) (f (sn (DET i) (sa (DET nostri)) (NOUN nemici)) (ibar (VERB stavano)) (compin (savv (ADP di) (ADV là)))) (PUNCT ,) (fc (CCONJ e) (f (ibar (PRON ci) (VERB sparavamo)) (compt (savv (ADV addosso)) (sn (coord (NOUN giorno) (CCONJ e) (NOUN notte))))) (PUNCT ,) (fc (CCONJ ma) (f (sn (DET la) (NOUN guerra)) (ibar (AUX era)) (compc (sa (ADV tanto) (ADJ lunga) (fac (SCONJ che) (cp (sp (ADP a) (sn (DET un) (sq (ADJ certo)) (NOUN punto))) (fc (f (ibar (PRON ci) (VERB venne) (ADP a) (VERB mancare)) (compin (sn (DET il) (NOUN bronzo)) (sp (ADP per) (sn (DET i) (NOUN cannoni))))) (PUNCT ,) (f (ibar (ADV non) (VERB avevamo)) (compc (savv (ADV più)) (sn (NOUN ferro) (sp (ADP per) (sn (DET le) (NOUN baionette)))))) (PUNCT ,) (f3 (savv (ADV eccetera))))))))))) (PUNCT .)));;7,065833912;function
56;2;certo;certo;ADJ;amod;punto;(ROOT (fc (f (sn (PRON Noi)) (ibar (VERB stavamo)) (compc (spd (ADP di) (savv (ADV qua))))) (CCONJ e) (f (sn (DET i) (sa (DET nostri)) (NOUN nemici)) (ibar (VERB stavano)) (compin (savv (ADP di) (ADV là)))) (PUNCT ,) (fc (CCONJ e) (f (ibar (PRON ci) (VERB sparavamo)) (compt (savv (ADV addosso)) (sn (coord (NOUN giorno) (CCONJ e) (NOUN notte))))) (PUNCT ,) (fc (CCONJ ma) (f (sn (DET la) (NOUN guerra)) (ibar (AUX era)) (compc (sa (ADV tanto) (ADJ lunga) (fac (SCONJ che) (cp (sp (ADP a) (sn (DET un) (sq (ADJ certo)) (NOUN punto))) (fc (f (ibar (PRON ci) (VERB venne) (ADP a) (VERB mancare)) (compin (sn (DET il) (NOUN bronzo)) (sp (ADP per) (sn (DET i) (NOUN cannoni))))) (PUNCT ,) (f (ibar (ADV non) (VERB avevamo)) (compc (savv (ADV più)) (sn (NOUN ferro) (sp (ADP per) (sn (DET le) (NOUN baionette)))))) (PUNCT ,) (f3 (savv (ADV eccetera))))))))))) (PUNCT .)));;5,876302159;content
57;2;punto;punto;NOUN;obl;venne;(ROOT (fc (f (sn (PRON Noi)) (ibar (VERB stavamo)) (compc (spd (ADP di) (savv (ADV qua))))) (CCONJ e) (f (sn (DET i) (sa (DET nostri)) (NOUN nemici)) (ibar (VERB stavano)) (compin (savv (ADP di) (ADV là)))) (PUNCT ,) (fc (CCONJ e) (f (ibar (PRON ci) (VERB sparavamo)) (compt (savv (ADV addosso)) (sn (coord (NOUN giorno) (CCONJ e) (NOUN notte))))) (PUNCT ,) (fc (CCONJ ma) (f (sn (DET la) (NOUN guerra)) (ibar (AUX era)) (compc (sa (ADV tanto) (ADJ lunga) (fac (SCONJ che) (cp (sp (ADP a) (sn (DET un) (sq (ADJ certo)) (NOUN punto))) (fc (f (ibar (PRON ci) (VERB venne) (ADP a) (VERB mancare)) (compin (sn (DET il) (NOUN bronzo)) (sp (ADP per) (sn (DET i) (NOUN cannoni))))) (PUNCT ,) (f (ibar (ADV non) (VERB avevamo)) (compc (savv (ADV più)) (sn (NOUN ferro) (sp (ADP per) (sn (DET le) (NOUN baionette)))))) (PUNCT ,) (f3 (savv (ADV eccetera))))))))))) (PUNCT .)));;5,322012335;content
58;2;ci;ci;PRON;expl;venne;(ROOT (fc (f (sn (PRON Noi)) (ibar (VERB stavamo)) (compc (spd (ADP di) (savv (ADV qua))))) (CCONJ e) (f (sn (DET i) (sa (DET nostri)) (NOUN nemici)) (ibar (VERB stavano)) (compin (savv (ADP di) (ADV là)))) (PUNCT ,) (fc (CCONJ e) (f (ibar (PRON ci) (VERB sparavamo)) (compt (savv (ADV addosso)) (sn (coord (NOUN giorno) (CCONJ e) (NOUN notte))))) (PUNCT ,) (fc (CCONJ ma) (f (sn (DET la) (NOUN guerra)) (ibar (AUX era)) (compc (sa (ADV tanto) (ADJ lunga) (fac (SCONJ che) (cp (sp (ADP a) (sn (DET un) (sq (ADJ certo)) (NOUN punto))) (fc (f (ibar (PRON ci) (VERB venne) (ADP a) (VERB mancare)) (compin (sn (DET il) (NOUN bronzo)) (sp (ADP per) (sn (DET i) (NOUN cannoni))))) (PUNCT ,) (f (ibar (ADV non) (VERB avevamo)) (compc (savv (ADV più)) (sn (NOUN ferro) (sp (ADP per) (sn (DET le) (NOUN baionette)))))) (PUNCT ,) (f3 (savv (ADV eccetera))))))))))) (PUNCT .)));;6,517126939;function
59;2;venne;venire;VERB;ccomp;lunga;(ROOT (fc (f (sn (PRON Noi)) (ibar (VERB stavamo)) (compc (spd (ADP di) (savv (ADV qua))))) (CCONJ e) (f (sn (DET i) (sa (DET nostri)) (NOUN nemici)) (ibar (VERB stavano)) (compin (savv (ADP di) (ADV là)))) (PUNCT ,) (fc (CCONJ e) (f (ibar (PRON ci) (VERB sparavamo)) (compt (savv (ADV addosso)) (sn (coord (NOUN giorno) (CCONJ e) (NOUN notte))))) (PUNCT ,) (fc (CCONJ ma) (f (sn (DET la) (NOUN guerra)) (ibar (AUX era)) (compc (sa (ADV tanto) (ADJ lunga) (fac (SCONJ che) (cp (sp (ADP a) (sn (DET un) (sq (ADJ certo)) (NOUN punto))) (fc (f (ibar (PRON ci) (VERB venne) (ADP a) (VERB mancare)) (compin (sn (DET il) (NOUN bronzo)) (sp (ADP per) (sn (DET i) (NOUN cannoni))))) (PUNCT ,) (f (ibar (ADV non) (VERB avevamo)) (compc (savv (ADV più)) (sn (NOUN ferro) (sp (ADP per) (sn (DET le) (NOUN baionette)))))) (PUNCT ,) (f3 (savv (ADV eccetera))))))))))) (PUNCT .)));4.80 ± 2.10;4,383072355;content
60;2;a;a;ADP;mark;mancare;(ROOT (fc (f (sn (PRON Noi)) (ibar (VERB stavamo)) (compc (spd (ADP di) (savv (ADV qua))))) (CCONJ e) (f (sn (DET i) (sa (DET nostri)) (NOUN nemici)) (ibar (VERB stavano)) (compin (savv (ADP di) (ADV là)))) (PUNCT ,) (fc (CCONJ e) (f (ibar (PRON ci) (VERB sparavamo)) (compt (savv (ADV addosso)) (sn (coord (NOUN giorno) (CCONJ e) (NOUN notte))))) (PUNCT ,) (fc (CCONJ ma) (f (sn (DET la) (NOUN guerra)) (ibar (AUX era)) (compc (sa (ADV tanto) (ADJ lunga) (fac (SCONJ che) (cp (sp (ADP a) (sn (DET un) (sq (ADJ certo)) (NOUN punto))) (fc (f (ibar (PRON ci) (VERB venne) (ADP a) (VERB mancare)) (compin (sn (DET il) (NOUN bronzo)) (sp (ADP per) (sn (DET i) (NOUN cannoni))))) (PUNCT ,) (f (ibar (ADV non) (VERB avevamo)) (compc (savv (ADV più)) (sn (NOUN ferro) (sp (ADP per) (sn (DET le) (NOUN baionette)))))) (PUNCT ,) (f3 (savv (ADV eccetera))))))))))) (PUNCT .)));;7,004335738;function
61;2;mancare;mancare;VERB;ccomp;venne;(ROOT (fc (f (sn (PRON Noi)) (ibar (VERB stavamo)) (compc (spd (ADP di) (savv (ADV qua))))) (CCONJ e) (f (sn (DET i) (sa (DET nostri)) (NOUN nemici)) (ibar (VERB stavano)) (compin (savv (ADP di) (ADV là)))) (PUNCT ,) (fc (CCONJ e) (f (ibar (PRON ci) (VERB sparavamo)) (compt (savv (ADV addosso)) (sn (coord (NOUN giorno) (CCONJ e) (NOUN notte))))) (PUNCT ,) (fc (CCONJ ma) (f (sn (DET la) (NOUN guerra)) (ibar (AUX era)) (compc (sa (ADV tanto) (ADJ lunga) (fac (SCONJ che) (cp (sp (ADP a) (sn (DET un) (sq (ADJ certo)) (NOUN punto))) (fc (f (ibar (PRON ci) (VERB venne) (ADP a) (VERB mancare)) (compin (sn (DET il) (NOUN bronzo)) (sp (ADP per) (sn (DET i) (NOUN cannoni))))) (PUNCT ,) (f (ibar (ADV non) (VERB avevamo)) (compc (savv (ADV più)) (sn (NOUN ferro) (sp (ADP per) (sn (DET le) (NOUN baionette)))))) (PUNCT ,) (f3 (savv (ADV eccetera))))))))))) (PUNCT .)));;3,787520326;content
62;2;il;il;DET;det;bronzo;(ROOT (fc (f (sn (PRON Noi)) (ibar (VERB stavamo)) (compc (spd (ADP di) (savv (ADV qua))))) (CCONJ e) (f (sn (DET i) (sa (DET nostri)) (NOUN nemici)) (ibar (VERB stavano)) (compin (savv (ADP di) (ADV là)))) (PUNCT ,) (fc (CCONJ e) (f (ibar (PRON ci) (VERB sparavamo)) (compt (savv (ADV addosso)) (sn (coord (NOUN giorno) (CCONJ e) (NOUN notte))))) (PUNCT ,) (fc (CCONJ ma) (f (sn (DET la) (NOUN guerra)) (ibar (AUX era)) (compc (sa (ADV tanto) (ADJ lunga) (fac (SCONJ che) (cp (sp (ADP a) (sn (DET un) (sq (ADJ certo)) (NOUN punto))) (fc (f (ibar (PRON ci) (VERB venne) (ADP a) (VERB mancare)) (compin (sn (DET il) (NOUN bronzo)) (sp (ADP per) (sn (DET i) (NOUN cannoni))))) (PUNCT ,) (f (ibar (ADV non) (VERB avevamo)) (compc (savv (ADV più)) (sn (NOUN ferro) (sp (ADP per) (sn (DET le) (NOUN baionette)))))) (PUNCT ,) (f3 (savv (ADV eccetera))))))))))) (PUNCT .)));;7,039560886;function
63;2;bronzo;bronzo;NOUN;obj;mancare;(ROOT (fc (f (sn (PRON Noi)) (ibar (VERB stavamo)) (compc (spd (ADP di) (savv (ADV qua))))) (CCONJ e) (f (sn (DET i) (sa (DET nostri)) (NOUN nemici)) (ibar (VERB stavano)) (compin (savv (ADP di) (ADV là)))) (PUNCT ,) (fc (CCONJ e) (f (ibar (PRON ci) (VERB sparavamo)) (compt (savv (ADV addosso)) (sn (coord (NOUN giorno) (CCONJ e) (NOUN notte))))) (PUNCT ,) (fc (CCONJ ma) (f (sn (DET la) (NOUN guerra)) (ibar (AUX era)) (compc (sa (ADV tanto) (ADJ lunga) (fac (SCONJ che) (cp (sp (ADP a) (sn (DET un) (sq (ADJ certo)) (NOUN punto))) (fc (f (ibar (PRON ci) (VERB venne) (ADP a) (VERB mancare)) (compin (sn (DET il) (NOUN bronzo)) (sp (ADP per) (sn (DET i) (NOUN cannoni))))) (PUNCT ,) (f (ibar (ADV non) (VERB avevamo)) (compc (savv (ADV più)) (sn (NOUN ferro) (sp (ADP per) (sn (DET le) (NOUN baionette)))))) (PUNCT ,) (f3 (savv (ADV eccetera))))))))))) (PUNCT .)));;3,347775131;content
64;2;per;per;ADP;case;cannoni;(ROOT (fc (f (sn (PRON Noi)) (ibar (VERB stavamo)) (compc (spd (ADP di) (savv (ADV qua))))) (CCONJ e) (f (sn (DET i) (sa (DET nostri)) (NOUN nemici)) (ibar (VERB stavano)) (compin (savv (ADP di) (ADV là)))) (PUNCT ,) (fc (CCONJ e) (f (ibar (PRON ci) (VERB sparavamo)) (compt (savv (ADV addosso)) (sn (coord (NOUN giorno) (CCONJ e) (NOUN notte))))) (PUNCT ,) (fc (CCONJ ma) (f (sn (DET la) (NOUN guerra)) (ibar (AUX era)) (compc (sa (ADV tanto) (ADJ lunga) (fac (SCONJ che) (cp (sp (ADP a) (sn (DET un) (sq (ADJ certo)) (NOUN punto))) (fc (f (ibar (PRON ci) (VERB venne) (ADP a) (VERB mancare)) (compin (sn (DET il) (NOUN bronzo)) (sp (ADP per) (sn (DET i) (NOUN cannoni))))) (PUNCT ,) (f (ibar (ADV non) (VERB avevamo)) (compc (savv (ADV più)) (sn (NOUN ferro) (sp (ADP per) (sn (DET le) (NOUN baionette)))))) (PUNCT ,) (f3 (savv (ADV eccetera))))))))))) (PUNCT .)));;6,912435835;function
65;2;i;il;DET;det;cannoni;(ROOT (fc (f (sn (PRON Noi)) (ibar (VERB stavamo)) (compc (spd (ADP di) (savv (ADV qua))))) (CCONJ e) (f (sn (DET i) (sa (DET nostri)) (NOUN nemici)) (ibar (VERB stavano)) (compin (savv (ADP di) (ADV là)))) (PUNCT ,) (fc (CCONJ e) (f (ibar (PRON ci) (VERB sparavamo)) (compt (savv (ADV addosso)) (sn (coord (NOUN giorno) (CCONJ e) (NOUN notte))))) (PUNCT ,) (fc (CCONJ ma) (f (sn (DET la) (NOUN guerra)) (ibar (AUX era)) (compc (sa (ADV tanto) (ADJ lunga) (fac (SCONJ che) (cp (sp (ADP a) (sn (DET un) (sq (ADJ certo)) (NOUN punto))) (fc (f (ibar (PRON ci) (VERB venne) (ADP a) (VERB mancare)) (compin (sn (DET il) (NOUN bronzo)) (sp (ADP per) (sn (DET i) (NOUN cannoni))))) (PUNCT ,) (f (ibar (ADV non) (VERB avevamo)) (compc (savv (ADV più)) (sn (NOUN ferro) (sp (ADP per) (sn (DET le) (NOUN baionette)))))) (PUNCT ,) (f3 (savv (ADV eccetera))))))))))) (PUNCT .)));;6,584780852;function
66;2;cannoni;cannone;NOUN;obl;mancare;(ROOT (fc (f (sn (PRON Noi)) (ibar (VERB stavamo)) (compc (spd (ADP di) (savv (ADV qua))))) (CCONJ e) (f (sn (DET i) (sa (DET nostri)) (NOUN nemici)) (ibar (VERB stavano)) (compin (savv (ADP di) (ADV là)))) (PUNCT ,) (fc (CCONJ e) (f (ibar (PRON ci) (VERB sparavamo)) (compt (savv (ADV addosso)) (sn (coord (NOUN giorno) (CCONJ e) (NOUN notte))))) (PUNCT ,) (fc (CCONJ ma) (f (sn (DET la) (NOUN guerra)) (ibar (AUX era)) (compc (sa (ADV tanto) (ADJ lunga) (fac (SCONJ che) (cp (sp (ADP a) (sn (DET un) (sq (ADJ certo)) (NOUN punto))) (fc (f (ibar (PRON ci) (VERB venne) (ADP a) (VERB mancare)) (compin (sn (DET il) (NOUN bronzo)) (sp (ADP per) (sn (DET i) (NOUN cannoni))))) (PUNCT ,) (f (ibar (ADV non) (VERB avevamo)) (compc (savv (ADV più)) (sn (NOUN ferro) (sp (ADP per) (sn (DET le) (NOUN baionette)))))) (PUNCT ,) (f3 (savv (ADV eccetera))))))))))) (PUNCT .)));7.20 ± 2.86;3,714669697;content
67;2;non;non;ADV;advmod;avevamo;(ROOT (fc (f (sn (PRON Noi)) (ibar (VERB stavamo)) (compc (spd (ADP di) (savv (ADV qua))))) (CCONJ e) (f (sn (DET i) (sa (DET nostri)) (NOUN nemici)) (ibar (VERB stavano)) (compin (savv (ADP di) (ADV là)))) (PUNCT ,) (fc (CCONJ e) (f (ibar (PRON ci) (VERB sparavamo)) (compt (savv (ADV addosso)) (sn (coord (NOUN giorno) (CCONJ e) (NOUN notte))))) (PUNCT ,) (fc (CCONJ ma) (f (sn (DET la) (NOUN guerra)) (ibar (AUX era)) (compc (sa (ADV tanto) (ADJ lunga) (fac (SCONJ che) (cp (sp (ADP a) (sn (DET un) (sq (ADJ certo)) (NOUN punto))) (fc (f (ibar (PRON ci) (VERB venne) (ADP a) (VERB mancare)) (compin (sn (DET il) (NOUN bronzo)) (sp (ADP per) (sn (DET i) (NOUN cannoni))))) (PUNCT ,) (f (ibar (ADV non) (VERB avevamo)) (compc (savv (ADV più)) (sn (NOUN ferro) (sp (ADP per) (sn (DET le) (NOUN baionette)))))) (PUNCT ,) (f3 (savv (ADV eccetera))))))))))) (PUNCT .)));;7,259198169;content
68;2;avevamo;avere;VERB;conj;stavamo;(ROOT (fc (f (sn (PRON Noi)) (ibar (VERB stavamo)) (compc (spd (ADP di) (savv (ADV qua))))) (CCONJ e) (f (sn (DET i) (sa (DET nostri)) (NOUN nemici)) (ibar (VERB stavano)) (compin (savv (ADP di) (ADV là)))) (PUNCT ,) (fc (CCONJ e) (f (ibar (PRON ci) (VERB sparavamo)) (compt (savv (ADV addosso)) (sn (coord (NOUN giorno) (CCONJ e) (NOUN notte))))) (PUNCT ,) (fc (CCONJ ma) (f (sn (DET la) (NOUN guerra)) (ibar (AUX era)) (compc (sa (ADV tanto) (ADJ lunga) (fac (SCONJ che) (cp (sp (ADP a) (sn (DET un) (sq (ADJ certo)) (NOUN punto))) (fc (f (ibar (PRON ci) (VERB venne) (ADP a) (VERB mancare)) (compin (sn (DET il) (NOUN bronzo)) (sp (ADP per) (sn (DET i) (NOUN cannoni))))) (PUNCT ,) (f (ibar (ADV non) (VERB avevamo)) (compc (savv (ADV più)) (sn (NOUN ferro) (sp (ADP per) (sn (DET le) (NOUN baionette)))))) (PUNCT ,) (f3 (savv (ADV eccetera))))))))))) (PUNCT .)));;4,845196057;content
69;2;più;più;ADV;advmod;avevamo;(ROOT (fc (f (sn (PRON Noi)) (ibar (VERB stavamo)) (compc (spd (ADP di) (savv (ADV qua))))) (CCONJ e) (f (sn (DET i) (sa (DET nostri)) (NOUN nemici)) (ibar (VERB stavano)) (compin (savv (ADP di) (ADV là)))) (PUNCT ,) (fc (CCONJ e) (f (ibar (PRON ci) (VERB sparavamo)) (compt (savv (ADV addosso)) (sn (coord (NOUN giorno) (CCONJ e) (NOUN notte))))) (PUNCT ,) (fc (CCONJ ma) (f (sn (DET la) (NOUN guerra)) (ibar (AUX era)) (compc (sa (ADV tanto) (ADJ lunga) (fac (SCONJ che) (cp (sp (ADP a) (sn (DET un) (sq (ADJ certo)) (NOUN punto))) (fc (f (ibar (PRON ci) (VERB venne) (ADP a) (VERB mancare)) (compin (sn (DET il) (NOUN bronzo)) (sp (ADP per) (sn (DET i) (NOUN cannoni))))) (PUNCT ,) (f (ibar (ADV non) (VERB avevamo)) (compc (savv (ADV più)) (sn (NOUN ferro) (sp (ADP per) (sn (DET le) (NOUN baionette)))))) (PUNCT ,) (f3 (savv (ADV eccetera))))))))))) (PUNCT .)));;6,382555861;content
70;2;ferro;ferro;NOUN;obj;avevamo;(ROOT (fc (f (sn (PRON Noi)) (ibar (VERB stavamo)) (compc (spd (ADP di) (savv (ADV qua))))) (CCONJ e) (f (sn (DET i) (sa (DET nostri)) (NOUN nemici)) (ibar (VERB stavano)) (compin (savv (ADP di) (ADV là)))) (PUNCT ,) (fc (CCONJ e) (f (ibar (PRON ci) (VERB sparavamo)) (compt (savv (ADV addosso)) (sn (coord (NOUN giorno) (CCONJ e) (NOUN notte))))) (PUNCT ,) (fc (CCONJ ma) (f (sn (DET la) (NOUN guerra)) (ibar (AUX era)) (compc (sa (ADV tanto) (ADJ lunga) (fac (SCONJ che) (cp (sp (ADP a) (sn (DET un) (sq (ADJ certo)) (NOUN punto))) (fc (f (ibar (PRON ci) (VERB venne) (ADP a) (VERB mancare)) (compin (sn (DET il) (NOUN bronzo)) (sp (ADP per) (sn (DET i) (NOUN cannoni))))) (PUNCT ,) (f (ibar (ADV non) (VERB avevamo)) (compc (savv (ADV più)) (sn (NOUN ferro) (sp (ADP per) (sn (DET le) (NOUN baionette)))))) (PUNCT ,) (f3 (savv (ADV eccetera))))))))))) (PUNCT .)));6.56 ± 1.85;4,239947328;content
71;2;per;per;ADP;case;baionette;(ROOT (fc (f (sn (PRON Noi)) (ibar (VERB stavamo)) (compc (spd (ADP di) (savv (ADV qua))))) (CCONJ e) (f (sn (DET i) (sa (DET nostri)) (NOUN nemici)) (ibar (VERB stavano)) (compin (savv (ADP di) (ADV là)))) (PUNCT ,) (fc (CCONJ e) (f (ibar (PRON ci) (VERB sparavamo)) (compt (savv (ADV addosso)) (sn (coord (NOUN giorno) (CCONJ e) (NOUN notte))))) (PUNCT ,) (fc (CCONJ ma) (f (sn (DET la) (NOUN guerra)) (ibar (AUX era)) (compc (sa (ADV tanto) (ADJ lunga) (fac (SCONJ che) (cp (sp (ADP a) (sn (DET un) (sq (ADJ certo)) (NOUN punto))) (fc (f (ibar (PRON ci) (VERB venne) (ADP a) (VERB mancare)) (compin (sn (DET il) (NOUN bronzo)) (sp (ADP per) (sn (DET i) (NOUN cannoni))))) (PUNCT ,) (f (ibar (ADV non) (VERB avevamo)) (compc (savv (ADV più)) (sn (NOUN ferro) (sp (ADP per) (sn (DET le) (NOUN baionette)))))) (PUNCT ,) (f3 (savv (ADV eccetera))))))))))) (PUNCT .)));;6,912435835;function
72;2;le;il;DET;det;baionette;(ROOT (fc (f (sn (PRON Noi)) (ibar (VERB stavamo)) (compc (spd (ADP di) (savv (ADV qua))))) (CCONJ e) (f (sn (DET i) (sa (DET nostri)) (NOUN nemici)) (ibar (VERB stavano)) (compin (savv (ADP di) (ADV là)))) (PUNCT ,) (fc (CCONJ e) (f (ibar (PRON ci) (VERB sparavamo)) (compt (savv (ADV addosso)) (sn (coord (NOUN giorno) (CCONJ e) (NOUN notte))))) (PUNCT ,) (fc (CCONJ ma) (f (sn (DET la) (NOUN guerra)) (ibar (AUX era)) (compc (sa (ADV tanto) (ADJ lunga) (fac (SCONJ che) (cp (sp (ADP a) (sn (DET un) (sq (ADJ certo)) (NOUN punto))) (fc (f (ibar (PRON ci) (VERB venne) (ADP a) (VERB mancare)) (compin (sn (DET il) (NOUN bronzo)) (sp (ADP per) (sn (DET i) (NOUN cannoni))))) (PUNCT ,) (f (ibar (ADV non) (VERB avevamo)) (compc (savv (ADV più)) (sn (NOUN ferro) (sp (ADP per) (sn (DET le) (NOUN baionette)))))) (PUNCT ,) (f3 (savv (ADV eccetera))))))))))) (PUNCT .)));;6,624997683;function
73;2;baionette;baionetta;NOUN;obl;avevamo;(ROOT (fc (f (sn (PRON Noi)) (ibar (VERB stavamo)) (compc (spd (ADP di) (savv (ADV qua))))) (CCONJ e) (f (sn (DET i) (sa (DET nostri)) (NOUN nemici)) (ibar (VERB stavano)) (compin (savv (ADP di) (ADV là)))) (PUNCT ,) (fc (CCONJ e) (f (ibar (PRON ci) (VERB sparavamo)) (compt (savv (ADV addosso)) (sn (coord (NOUN giorno) (CCONJ e) (NOUN notte))))) (PUNCT ,) (fc (CCONJ ma) (f (sn (DET la) (NOUN guerra)) (ibar (AUX era)) (compc (sa (ADV tanto) (ADJ lunga) (fac (SCONJ che) (cp (sp (ADP a) (sn (DET un) (sq (ADJ certo)) (NOUN punto))) (fc (f (ibar (PRON ci) (VERB venne) (ADP a) (VERB mancare)) (compin (sn (DET il) (NOUN bronzo)) (sp (ADP per) (sn (DET i) (NOUN cannoni))))) (PUNCT ,) (f (ibar (ADV non) (VERB avevamo)) (compc (savv (ADV più)) (sn (NOUN ferro) (sp (ADP per) (sn (DET le) (NOUN baionette)))))) (PUNCT ,) (f3 (savv (ADV eccetera))))))))))) (PUNCT .)));;2,702806591;content
74;2;eccetera;eccetera;ADV;advmod;avevamo;(ROOT (fc (f (sn (PRON Noi)) (ibar (VERB stavamo)) (compc (spd (ADP di) (savv (ADV qua))))) (CCONJ e) (f (sn (DET i) (sa (DET nostri)) (NOUN nemici)) (ibar (VERB stavano)) (compin (savv (ADP di) (ADV là)))) (PUNCT ,) (fc (CCONJ e) (f (ibar (PRON ci) (VERB sparavamo)) (compt (savv (ADV addosso)) (sn (coord (NOUN giorno) (CCONJ e) (NOUN notte))))) (PUNCT ,) (fc (CCONJ ma) (f (sn (DET la) (NOUN guerra)) (ibar (AUX era)) (compc (sa (ADV tanto) (ADJ lunga) (fac (SCONJ che) (cp (sp (ADP a) (sn (DET un) (sq (ADJ certo)) (NOUN punto))) (fc (f (ibar (PRON ci) (VERB venne) (ADP a) (VERB mancare)) (compin (sn (DET il) (NOUN bronzo)) (sp (ADP per) (sn (DET i) (NOUN cannoni))))) (PUNCT ,) (f (ibar (ADV non) (VERB avevamo)) (compc (savv (ADV più)) (sn (NOUN ferro) (sp (ADP per) (sn (DET le) (NOUN baionette)))))) (PUNCT ,) (f3 (savv (ADV eccetera))))))))))) (PUNCT .)));;3,765533171;content
75;3;il;il;DET;det;comandante;(ROOT (f (sn (DET Il) (sa (DET nostro)) (NOUN comandante) (fp (PUNCT ,) (sn (DET lo) (PROPN Stragenerale) (PROPN Bombone) (PROPN Sparone) (PROPN Pestafracassone)) (PUNCT ,))) (ibar (VERB ordinò)) (compt (coord (sv2 (ADP di) (VERB tirar) (compt (savv (ADV giù)) (sn (sq (DET tutte)) (DET le) (NOUN campane)) (spda (ADP da) (sn (DET i) (NOUN campanili))))) (CCONJ e) (sv2 (ADP di) (VERB fonder) (compt (PRON le) (sq (PRON tutte) (savv (ADV insieme))) (sp (ADP per) (sv2 (VERB fabbricare) (compt (sn (DET un) (sa (ADJ grossissimo)) (NOUN cannone))))) (dirsp (PUNCT :) (coord (sq (PRON uno) (sa (ADJ solo))) (PUNCT ,) (CCONJ ma) (sa (ADJ grosso) (savv (ADV abbastanza) (sv2 (ADP da) (VERB vincere) (compt (sn (sq (DET tutta)) (DET la) (NOUN guerra)) (sp (ADP con) (sn (DET un) (sa (ADJ sol)) (NOUN colpo))))))))))))) (PUNCT .)));;7,039560886;function
76;3;nostro;nostro;DET;det:poss;comandante;(ROOT (f (sn (DET Il) (sa (DET nostro)) (NOUN comandante) (fp (PUNCT ,) (sn (DET lo) (PROPN Stragenerale) (PROPN Bombone) (PROPN Sparone) (PROPN Pestafracassone)) (PUNCT ,))) (ibar (VERB ordinò)) (compt (coord (sv2 (ADP di) (VERB tirar) (compt (savv (ADV giù)) (sn (sq (DET tutte)) (DET le) (NOUN campane)) (spda (ADP da) (sn (DET i) (NOUN campanili))))) (CCONJ e) (sv2 (ADP di) (VERB fonder) (compt (PRON le) (sq (PRON tutte) (savv (ADV insieme))) (sp (ADP per) (sv2 (VERB fabbricare) (compt (sn (DET un) (sa (ADJ grossissimo)) (NOUN cannone))))) (dirsp (PUNCT :) (coord (sq (PRON uno) (sa (ADJ solo))) (PUNCT ,) (CCONJ ma) (sa (ADJ grosso) (savv (ADV abbastanza) (sv2 (ADP da) (VERB vincere) (compt (sn (sq (DET tutta)) (DET la) (NOUN guerra)) (sp (ADP con) (sn (DET un) (sa (ADJ sol)) (NOUN colpo))))))))))))) (PUNCT .)));;5,601168865;function
77;3;comandante;comandante;NOUN;nsubj;ordinò;(ROOT (f (sn (DET Il) (sa (DET nostro)) (NOUN comandante) (fp (PUNCT ,) (sn (DET lo) (PROPN Stragenerale) (PROPN Bombone) (PROPN Sparone) (PROPN Pestafracassone)) (PUNCT ,))) (ibar (VERB ordinò)) (compt (coord (sv2 (ADP di) (VERB tirar) (compt (savv (ADV giù)) (sn (sq (DET tutte)) (DET le) (NOUN campane)) (spda (ADP da) (sn (DET i) (NOUN campanili))))) (CCONJ e) (sv2 (ADP di) (VERB fonder) (compt (PRON le) (sq (PRON tutte) (savv (ADV insieme))) (sp (ADP per) (sv2 (VERB fabbricare) (compt (sn (DET un) (sa (ADJ grossissimo)) (NOUN cannone))))) (dirsp (PUNCT :) (coord (sq (PRON uno) (sa (ADJ solo))) (PUNCT ,) (CCONJ ma) (sa (ADJ grosso) (savv (ADV abbastanza) (sv2 (ADP da) (VERB vincere) (compt (sn (sq (DET tutta)) (DET la) (NOUN guerra)) (sp (ADP con) (sn (DET un) (sa (ADJ sol)) (NOUN colpo))))))))))))) (PUNCT .)));;4,8056623;content
78;3;lo;il;DET;det;Stragenerale;(ROOT (f (sn (DET Il) (sa (DET nostro)) (NOUN comandante) (fp (PUNCT ,) (sn (DET lo) (PROPN Stragenerale) (PROPN Bombone) (PROPN Sparone) (PROPN Pestafracassone)) (PUNCT ,))) (ibar (VERB ordinò)) (compt (coord (sv2 (ADP di) (VERB tirar) (compt (savv (ADV giù)) (sn (sq (DET tutte)) (DET le) (NOUN campane)) (spda (ADP da) (sn (DET i) (NOUN campanili))))) (CCONJ e) (sv2 (ADP di) (VERB fonder) (compt (PRON le) (sq (PRON tutte) (savv (ADV insieme))) (sp (ADP per) (sv2 (VERB fabbricare) (compt (sn (DET un) (sa (ADJ grossissimo)) (NOUN cannone))))) (dirsp (PUNCT :) (coord (sq (PRON uno) (sa (ADJ solo))) (PUNCT ,) (CCONJ ma) (sa (ADJ grosso) (savv (ADV abbastanza) (sv2 (ADP da) (VERB vincere) (compt (sn (sq (DET tutta)) (DET la) (NOUN guerra)) (sp (ADP con) (sn (DET un) (sa (ADJ sol)) (NOUN colpo))))))))))))) (PUNCT .)));;6,655915487;function
79;3;stragenerale;Stragenerale;PROPN;appos;comandante;(ROOT (f (sn (DET Il) (sa (DET nostro)) (NOUN comandante) (fp (PUNCT ,) (sn (DET lo) (PROPN Stragenerale) (PROPN Bombone) (PROPN Sparone) (PROPN Pestafracassone)) (PUNCT ,))) (ibar (VERB ordinò)) (compt (coord (sv2 (ADP di) (VERB tirar) (compt (savv (ADV giù)) (sn (sq (DET tutte)) (DET le) (NOUN campane)) (spda (ADP da) (sn (DET i) (NOUN campanili))))) (CCONJ e) (sv2 (ADP di) (VERB fonder) (compt (PRON le) (sq (PRON tutte) (savv (ADV insieme))) (sp (ADP per) (sv2 (VERB fabbricare) (compt (sn (DET un) (sa (ADJ grossissimo)) (NOUN cannone))))) (dirsp (PUNCT :) (coord (sq (PRON uno) (sa (ADJ solo))) (PUNCT ,) (CCONJ ma) (sa (ADJ grosso) (savv (ADV abbastanza) (sv2 (ADP da) (VERB vincere) (compt (sn (sq (DET tutta)) (DET la) (NOUN guerra)) (sp (ADP con) (sn (DET un) (sa (ADJ sol)) (NOUN colpo))))))))))))) (PUNCT .)));;;content
80;3;bombone;Bombone;PROPN;flat:name;Stragenerale;(ROOT (f (sn (DET Il) (sa (DET nostro)) (NOUN comandante) (fp (PUNCT ,) (sn (DET lo) (PROPN Stragenerale) (PROPN Bombone) (PROPN Sparone) (PROPN Pestafracassone)) (PUNCT ,))) (ibar (VERB ordinò)) (compt (coord (sv2 (ADP di) (VERB tirar) (compt (savv (ADV giù)) (sn (sq (DET tutte)) (DET le) (NOUN campane)) (spda (ADP da) (sn (DET i) (NOUN campanili))))) (CCONJ e) (sv2 (ADP di) (VERB fonder) (compt (PRON le) (sq (PRON tutte) (savv (ADV insieme))) (sp (ADP per) (sv2 (VERB fabbricare) (compt (sn (DET un) (sa (ADJ grossissimo)) (NOUN cannone))))) (dirsp (PUNCT :) (coord (sq (PRON uno) (sa (ADJ solo))) (PUNCT ,) (CCONJ ma) (sa (ADJ grosso) (savv (ADV abbastanza) (sv2 (ADP da) (VERB vincere) (compt (sn (sq (DET tutta)) (DET la) (NOUN guerra)) (sp (ADP con) (sn (DET un) (sa (ADJ sol)) (NOUN colpo))))))))))))) (PUNCT .)));;;content
81;3;sparone;Sparone;PROPN;flat:name;Stragenerale;(ROOT (f (sn (DET Il) (sa (DET nostro)) (NOUN comandante) (fp (PUNCT ,) (sn (DET lo) (PROPN Stragenerale) (PROPN Bombone) (PROPN Sparone) (PROPN Pestafracassone)) (PUNCT ,))) (ibar (VERB ordinò)) (compt (coord (sv2 (ADP di) (VERB tirar) (compt (savv (ADV giù)) (sn (sq (DET tutte)) (DET le) (NOUN campane)) (spda (ADP da) (sn (DET i) (NOUN campanili))))) (CCONJ e) (sv2 (ADP di) (VERB fonder) (compt (PRON le) (sq (PRON tutte) (savv (ADV insieme))) (sp (ADP per) (sv2 (VERB fabbricare) (compt (sn (DET un) (sa (ADJ grossissimo)) (NOUN cannone))))) (dirsp (PUNCT :) (coord (sq (PRON uno) (sa (ADJ solo))) (PUNCT ,) (CCONJ ma) (sa (ADJ grosso) (savv (ADV abbastanza) (sv2 (ADP da) (VERB vincere) (compt (sn (sq (DET tutta)) (DET la) (NOUN guerra)) (sp (ADP con) (sn (DET un) (sa (ADJ sol)) (NOUN colpo))))))))))))) (PUNCT .)));;1,19092323;content
82;3;pestafracassone;Pestafracassone;PROPN;flat:name;Sparone;(ROOT (f (sn (DET Il) (sa (DET nostro)) (NOUN comandante) (fp (PUNCT ,) (sn (DET lo) (PROPN Stragenerale) (PROPN Bombone) (PROPN Sparone) (PROPN Pestafracassone)) (PUNCT ,))) (ibar (VERB ordinò)) (compt (coord (sv2 (ADP di) (VERB tirar) (compt (savv (ADV giù)) (sn (sq (DET tutte)) (DET le) (NOUN campane)) (spda (ADP da) (sn (DET i) (NOUN campanili))))) (CCONJ e) (sv2 (ADP di) (VERB fonder) (compt (PRON le) (sq (PRON tutte) (savv (ADV insieme))) (sp (ADP per) (sv2 (VERB fabbricare) (compt (sn (DET un) (sa (ADJ grossissimo)) (NOUN cannone))))) (dirsp (PUNCT :) (coord (sq (PRON uno) (sa (ADJ solo))) (PUNCT ,) (CCONJ ma) (sa (ADJ grosso) (savv (ADV abbastanza) (sv2 (ADP da) (VERB vincere) (compt (sn (sq (DET tutta)) (DET la) (NOUN guerra)) (sp (ADP con) (sn (DET un) (sa (ADJ sol)) (NOUN colpo))))))))))))) (PUNCT .)));;;content
83;3;ordinò;ordinare;VERB;root;ROOT;(ROOT (f (sn (DET Il) (sa (DET nostro)) (NOUN comandante) (fp (PUNCT ,) (sn (DET lo) (PROPN Stragenerale) (PROPN Bombone) (PROPN Sparone) (PROPN Pestafracassone)) (PUNCT ,))) (ibar (VERB ordinò)) (compt (coord (sv2 (ADP di) (VERB tirar) (compt (savv (ADV giù)) (sn (sq (DET tutte)) (DET le) (NOUN campane)) (spda (ADP da) (sn (DET i) (NOUN campanili))))) (CCONJ e) (sv2 (ADP di) (VERB fonder) (compt (PRON le) (sq (PRON tutte) (savv (ADV insieme))) (sp (ADP per) (sv2 (VERB fabbricare) (compt (sn (DET un) (sa (ADJ grossissimo)) (NOUN cannone))))) (dirsp (PUNCT :) (coord (sq (PRON uno) (sa (ADJ solo))) (PUNCT ,) (CCONJ ma) (sa (ADJ grosso) (savv (ADV abbastanza) (sv2 (ADP da) (VERB vincere) (compt (sn (sq (DET tutta)) (DET la) (NOUN guerra)) (sp (ADP con) (sn (DET un) (sa (ADJ sol)) (NOUN colpo))))))))))))) (PUNCT .)));;3,19092323;content
84;3;di;di;ADP;mark;tirar;(ROOT (f (sn (DET Il) (sa (DET nostro)) (NOUN comandante) (fp (PUNCT ,) (sn (DET lo) (PROPN Stragenerale) (PROPN Bombone) (PROPN Sparone) (PROPN Pestafracassone)) (PUNCT ,))) (ibar (VERB ordinò)) (compt (coord (sv2 (ADP di) (VERB tirar) (compt (savv (ADV giù)) (sn (sq (DET tutte)) (DET le) (NOUN campane)) (spda (ADP da) (sn (DET i) (NOUN campanili))))) (CCONJ e) (sv2 (ADP di) (VERB fonder) (compt (PRON le) (sq (PRON tutte) (savv (ADV insieme))) (sp (ADP per) (sv2 (VERB fabbricare) (compt (sn (DET un) (sa (ADJ grossissimo)) (NOUN cannone))))) (dirsp (PUNCT :) (coord (sq (PRON uno) (sa (ADJ solo))) (PUNCT ,) (CCONJ ma) (sa (ADJ grosso) (savv (ADV abbastanza) (sv2 (ADP da) (VERB vincere) (compt (sn (sq (DET tutta)) (DET la) (NOUN guerra)) (sp (ADP con) (sn (DET un) (sa (ADJ sol)) (NOUN colpo))))))))))))) (PUNCT .)));;7,232814475;function
85;3;tirar;tirare;VERB;xcomp;ordinò;(ROOT (f (sn (DET Il) (sa (DET nostro)) (NOUN comandante) (fp (PUNCT ,) (sn (DET lo) (PROPN Stragenerale) (PROPN Bombone) (PROPN Sparone) (PROPN Pestafracassone)) (PUNCT ,))) (ibar (VERB ordinò)) (compt (coord (sv2 (ADP di) (VERB tirar) (compt (savv (ADV giù)) (sn (sq (DET tutte)) (DET le) (NOUN campane)) (spda (ADP da) (sn (DET i) (NOUN campanili))))) (CCONJ e) (sv2 (ADP di) (VERB fonder) (compt (PRON le) (sq (PRON tutte) (savv (ADV insieme))) (sp (ADP per) (sv2 (VERB fabbricare) (compt (sn (DET un) (sa (ADJ grossissimo)) (NOUN cannone))))) (dirsp (PUNCT :) (coord (sq (PRON uno) (sa (ADJ solo))) (PUNCT ,) (CCONJ ma) (sa (ADJ grosso) (savv (ADV abbastanza) (sv2 (ADP da) (VERB vincere) (compt (sn (sq (DET tutta)) (DET la) (NOUN guerra)) (sp (ADP con) (sn (DET un) (sa (ADJ sol)) (NOUN colpo))))))))))))) (PUNCT .)));4.44 ± 1.92;3,751427645;content
86;3;giù;giù;ADV;advmod;tirar;(ROOT (f (sn (DET Il) (sa (DET nostro)) (NOUN comandante) (fp (PUNCT ,) (sn (DET lo) (PROPN Stragenerale) (PROPN Bombone) (PROPN Sparone) (PROPN Pestafracassone)) (PUNCT ,))) (ibar (VERB ordinò)) (compt (coord (sv2 (ADP di) (VERB tirar) (compt (savv (ADV giù)) (sn (sq (DET tutte)) (DET le) (NOUN campane)) (spda (ADP da) (sn (DET i) (NOUN campanili))))) (CCONJ e) (sv2 (ADP di) (VERB fonder) (compt (PRON le) (sq (PRON tutte) (savv (ADV insieme))) (sp (ADP per) (sv2 (VERB fabbricare) (compt (sn (DET un) (sa (ADJ grossissimo)) (NOUN cannone))))) (dirsp (PUNCT :) (coord (sq (PRON uno) (sa (ADJ solo))) (PUNCT ,) (CCONJ ma) (sa (ADJ grosso) (savv (ADV abbastanza) (sv2 (ADP da) (VERB vincere) (compt (sn (sq (DET tutta)) (DET la) (NOUN guerra)) (sp (ADP con) (sn (DET un) (sa (ADJ sol)) (NOUN colpo))))))))))))) (PUNCT .)));;5,334578065;content
87;3;tutte;tutto;DET;det:predet;campane;(ROOT (f (sn (DET Il) (sa (DET nostro)) (NOUN comandante) (fp (PUNCT ,) (sn (DET lo) (PROPN Stragenerale) (PROPN Bombone) (PROPN Sparone) (PROPN Pestafracassone)) (PUNCT ,))) (ibar (VERB ordinò)) (compt (coord (sv2 (ADP di) (VERB tirar) (compt (savv (ADV giù)) (sn (sq (DET tutte)) (DET le) (NOUN campane)) (spda (ADP da) (sn (DET i) (NOUN campanili))))) (CCONJ e) (sv2 (ADP di) (VERB fonder) (compt (PRON le) (sq (PRON tutte) (savv (ADV insieme))) (sp (ADP per) (sv2 (VERB fabbricare) (compt (sn (DET un) (sa (ADJ grossissimo)) (NOUN cannone))))) (dirsp (PUNCT :) (coord (sq (PRON uno) (sa (ADJ solo))) (PUNCT ,) (CCONJ ma) (sa (ADJ grosso) (savv (ADV abbastanza) (sv2 (ADP da) (VERB vincere) (compt (sn (sq (DET tutta)) (DET la) (NOUN guerra)) (sp (ADP con) (sn (DET un) (sa (ADJ sol)) (NOUN colpo))))))))))))) (PUNCT .)));;5,553895518;function
88;3;le;il;DET;det;campane;(ROOT (f (sn (DET Il) (sa (DET nostro)) (NOUN comandante) (fp (PUNCT ,) (sn (DET lo) (PROPN Stragenerale) (PROPN Bombone) (PROPN Sparone) (PROPN Pestafracassone)) (PUNCT ,))) (ibar (VERB ordinò)) (compt (coord (sv2 (ADP di) (VERB tirar) (compt (savv (ADV giù)) (sn (sq (DET tutte)) (DET le) (NOUN campane)) (spda (ADP da) (sn (DET i) (NOUN campanili))))) (CCONJ e) (sv2 (ADP di) (VERB fonder) (compt (PRON le) (sq (PRON tutte) (savv (ADV insieme))) (sp (ADP per) (sv2 (VERB fabbricare) (compt (sn (DET un) (sa (ADJ grossissimo)) (NOUN cannone))))) (dirsp (PUNCT :) (coord (sq (PRON uno) (sa (ADJ solo))) (PUNCT ,) (CCONJ ma) (sa (ADJ grosso) (savv (ADV abbastanza) (sv2 (ADP da) (VERB vincere) (compt (sn (sq (DET tutta)) (DET la) (NOUN guerra)) (sp (ADP con) (sn (DET un) (sa (ADJ sol)) (NOUN colpo))))))))))))) (PUNCT .)));;6,624997683;function
89;3;campane;campana;NOUN;obj;tirar;(ROOT (f (sn (DET Il) (sa (DET nostro)) (NOUN comandante) (fp (PUNCT ,) (sn (DET lo) (PROPN Stragenerale) (PROPN Bombone) (PROPN Sparone) (PROPN Pestafracassone)) (PUNCT ,))) (ibar (VERB ordinò)) (compt (coord (sv2 (ADP di) (VERB tirar) (compt (savv (ADV giù)) (sn (sq (DET tutte)) (DET le) (NOUN campane)) (spda (ADP da) (sn (DET i) (NOUN campanili))))) (CCONJ e) (sv2 (ADP di) (VERB fonder) (compt (PRON le) (sq (PRON tutte) (savv (ADV insieme))) (sp (ADP per) (sv2 (VERB fabbricare) (compt (sn (DET un) (sa (ADJ grossissimo)) (NOUN cannone))))) (dirsp (PUNCT :) (coord (sq (PRON uno) (sa (ADJ solo))) (PUNCT ,) (CCONJ ma) (sa (ADJ grosso) (savv (ADV abbastanza) (sv2 (ADP da) (VERB vincere) (compt (sn (sq (DET tutta)) (DET la) (NOUN guerra)) (sp (ADP con) (sn (DET un) (sa (ADJ sol)) (NOUN colpo))))))))))))) (PUNCT .)));5.04 ± 1.84;3,650315718;content
90;3;da;da;ADP;case;campanili;(ROOT (f (sn (DET Il) (sa (DET nostro)) (NOUN comandante) (fp (PUNCT ,) (sn (DET lo) (PROPN Stragenerale) (PROPN Bombone) (PROPN Sparone) (PROPN Pestafracassone)) (PUNCT ,))) (ibar (VERB ordinò)) (compt (coord (sv2 (ADP di) (VERB tirar) (compt (savv (ADV giù)) (sn (sq (DET tutte)) (DET le) (NOUN campane)) (spda (ADP da) (sn (DET i) (NOUN campanili))))) (CCONJ e) (sv2 (ADP di) (VERB fonder) (compt (PRON le) (sq (PRON tutte) (savv (ADV insieme))) (sp (ADP per) (sv2 (VERB fabbricare) (compt (sn (DET un) (sa (ADJ grossissimo)) (NOUN cannone))))) (dirsp (PUNCT :) (coord (sq (PRON uno) (sa (ADJ solo))) (PUNCT ,) (CCONJ ma) (sa (ADJ grosso) (savv (ADV abbastanza) (sv2 (ADP da) (VERB vincere) (compt (sn (sq (DET tutta)) (DET la) (NOUN guerra)) (sp (ADP con) (sn (DET un) (sa (ADJ sol)) (NOUN colpo))))))))))))) (PUNCT .)));;6,577812618;function
91;3;i;il;DET;det;campanili;(ROOT (f (sn (DET Il) (sa (DET nostro)) (NOUN comandante) (fp (PUNCT ,) (sn (DET lo) (PROPN Stragenerale) (PROPN Bombone) (PROPN Sparone) (PROPN Pestafracassone)) (PUNCT ,))) (ibar (VERB ordinò)) (compt (coord (sv2 (ADP di) (VERB tirar) (compt (savv (ADV giù)) (sn (sq (DET tutte)) (DET le) (NOUN campane)) (spda (ADP da) (sn (DET i) (NOUN campanili))))) (CCONJ e) (sv2 (ADP di) (VERB fonder) (compt (PRON le) (sq (PRON tutte) (savv (ADV insieme))) (sp (ADP per) (sv2 (VERB fabbricare) (compt (sn (DET un) (sa (ADJ grossissimo)) (NOUN cannone))))) (dirsp (PUNCT :) (coord (sq (PRON uno) (sa (ADJ solo))) (PUNCT ,) (CCONJ ma) (sa (ADJ grosso) (savv (ADV abbastanza) (sv2 (ADP da) (VERB vincere) (compt (sn (sq (DET tutta)) (DET la) (NOUN guerra)) (sp (ADP con) (sn (DET un) (sa (ADJ sol)) (NOUN colpo))))))))))))) (PUNCT .)));;6,584780852;function
92;3;campanili;campanile;NOUN;obl;tirar;(ROOT (f (sn (DET Il) (sa (DET nostro)) (NOUN comandante) (fp (PUNCT ,) (sn (DET lo) (PROPN Stragenerale) (PROPN Bombone) (PROPN Sparone) (PROPN Pestafracassone)) (PUNCT ,))) (ibar (VERB ordinò)) (compt (coord (sv2 (ADP di) (VERB tirar) (compt (savv (ADV giù)) (sn (sq (DET tutte)) (DET le) (NOUN campane)) (spda (ADP da) (sn (DET i) (NOUN campanili))))) (CCONJ e) (sv2 (ADP di) (VERB fonder) (compt (PRON le) (sq (PRON tutte) (savv (ADV insieme))) (sp (ADP per) (sv2 (VERB fabbricare) (compt (sn (DET un) (sa (ADJ grossissimo)) (NOUN cannone))))) (dirsp (PUNCT :) (coord (sq (PRON uno) (sa (ADJ solo))) (PUNCT ,) (CCONJ ma) (sa (ADJ grosso) (savv (ADV abbastanza) (sv2 (ADP da) (VERB vincere) (compt (sn (sq (DET tutta)) (DET la) (NOUN guerra)) (sp (ADP con) (sn (DET un) (sa (ADJ sol)) (NOUN colpo))))))))))))) (PUNCT .)));6.56 ± 2.79;1,889893234;content
93;3;e;e;CCONJ;cc;fonder;(ROOT (f (sn (DET Il) (sa (DET nostro)) (NOUN comandante) (fp (PUNCT ,) (sn (DET lo) (PROPN Stragenerale) (PROPN Bombone) (PROPN Sparone) (PROPN Pestafracassone)) (PUNCT ,))) (ibar (VERB ordinò)) (compt (coord (sv2 (ADP di) (VERB tirar) (compt (savv (ADV giù)) (sn (sq (DET tutte)) (DET le) (NOUN campane)) (spda (ADP da) (sn (DET i) (NOUN campanili))))) (CCONJ e) (sv2 (ADP di) (VERB fonder) (compt (PRON le) (sq (PRON tutte) (savv (ADV insieme))) (sp (ADP per) (sv2 (VERB fabbricare) (compt (sn (DET un) (sa (ADJ grossissimo)) (NOUN cannone))))) (dirsp (PUNCT :) (coord (sq (PRON uno) (sa (ADJ solo))) (PUNCT ,) (CCONJ ma) (sa (ADJ grosso) (savv (ADV abbastanza) (sv2 (ADP da) (VERB vincere) (compt (sn (sq (DET tutta)) (DET la) (NOUN guerra)) (sp (ADP con) (sn (DET un) (sa (ADJ sol)) (NOUN colpo))))))))))))) (PUNCT .)));;2,741151583;function
94;3;di;di;ADP;mark;fonder;(ROOT (f (sn (DET Il) (sa (DET nostro)) (NOUN comandante) (fp (PUNCT ,) (sn (DET lo) (PROPN Stragenerale) (PROPN Bombone) (PROPN Sparone) (PROPN Pestafracassone)) (PUNCT ,))) (ibar (VERB ordinò)) (compt (coord (sv2 (ADP di) (VERB tirar) (compt (savv (ADV giù)) (sn (sq (DET tutte)) (DET le) (NOUN campane)) (spda (ADP da) (sn (DET i) (NOUN campanili))))) (CCONJ e) (sv2 (ADP di) (VERB fonder) (compt (PRON le) (sq (PRON tutte) (savv (ADV insieme))) (sp (ADP per) (sv2 (VERB fabbricare) (compt (sn (DET un) (sa (ADJ grossissimo)) (NOUN cannone))))) (dirsp (PUNCT :) (coord (sq (PRON uno) (sa (ADJ solo))) (PUNCT ,) (CCONJ ma) (sa (ADJ grosso) (savv (ADV abbastanza) (sv2 (ADP da) (VERB vincere) (compt (sn (sq (DET tutta)) (DET la) (NOUN guerra)) (sp (ADP con) (sn (DET un) (sa (ADJ sol)) (NOUN colpo))))))))))))) (PUNCT .)));;7,232814475;function
95;3;fonder;fondere;VERB;conj;tirar;(ROOT (f (sn (DET Il) (sa (DET nostro)) (NOUN comandante) (fp (PUNCT ,) (sn (DET lo) (PROPN Stragenerale) (PROPN Bombone) (PROPN Sparone) (PROPN Pestafracassone)) (PUNCT ,))) (ibar (VERB ordinò)) (compt (coord (sv2 (ADP di) (VERB tirar) (compt (savv (ADV giù)) (sn (sq (DET tutte)) (DET le) (NOUN campane)) (spda (ADP da) (sn (DET i) (NOUN campanili))))) (CCONJ e) (sv2 (ADP di) (VERB fonder) (compt (PRON le) (sq (PRON tutte) (savv (ADV insieme))) (sp (ADP per) (sv2 (VERB fabbricare) (compt (sn (DET un) (sa (ADJ grossissimo)) (NOUN cannone))))) (dirsp (PUNCT :) (coord (sq (PRON uno) (sa (ADJ solo))) (PUNCT ,) (CCONJ ma) (sa (ADJ grosso) (savv (ADV abbastanza) (sv2 (ADP da) (VERB vincere) (compt (sn (sq (DET tutta)) (DET la) (NOUN guerra)) (sp (ADP con) (sn (DET un) (sa (ADJ sol)) (NOUN colpo))))))))))))) (PUNCT .)));;;content
96;3;le;le;PRON;obj;fonder;(ROOT (f (sn (DET Il) (sa (DET nostro)) (NOUN comandante) (fp (PUNCT ,) (sn (DET lo) (PROPN Stragenerale) (PROPN Bombone) (PROPN Sparone) (PROPN Pestafracassone)) (PUNCT ,))) (ibar (VERB ordinò)) (compt (coord (sv2 (ADP di) (VERB tirar) (compt (savv (ADV giù)) (sn (sq (DET tutte)) (DET le) (NOUN campane)) (spda (ADP da) (sn (DET i) (NOUN campanili))))) (CCONJ e) (sv2 (ADP di) (VERB fonder) (compt (PRON le) (sq (PRON tutte) (savv (ADV insieme))) (sp (ADP per) (sv2 (VERB fabbricare) (compt (sn (DET un) (sa (ADJ grossissimo)) (NOUN cannone))))) (dirsp (PUNCT :) (coord (sq (PRON uno) (sa (ADJ solo))) (PUNCT ,) (CCONJ ma) (sa (ADJ grosso) (savv (ADV abbastanza) (sv2 (ADP da) (VERB vincere) (compt (sn (sq (DET tutta)) (DET la) (NOUN guerra)) (sp (ADP con) (sn (DET un) (sa (ADJ sol)) (NOUN colpo))))))))))))) (PUNCT .)));;6,624997683;function
97;3;tutte;tutto;PRON;obj;fonder;(ROOT (f (sn (DET Il) (sa (DET nostro)) (NOUN comandante) (fp (PUNCT ,) (sn (DET lo) (PROPN Stragenerale) (PROPN Bombone) (PROPN Sparone) (PROPN Pestafracassone)) (PUNCT ,))) (ibar (VERB ordinò)) (compt (coord (sv2 (ADP di) (VERB tirar) (compt (savv (ADV giù)) (sn (sq (DET tutte)) (DET le) (NOUN campane)) (spda (ADP da) (sn (DET i) (NOUN campanili))))) (CCONJ e) (sv2 (ADP di) (VERB fonder) (compt (PRON le) (sq (PRON tutte) (savv (ADV insieme))) (sp (ADP per) (sv2 (VERB fabbricare) (compt (sn (DET un) (sa (ADJ grossissimo)) (NOUN cannone))))) (dirsp (PUNCT :) (coord (sq (PRON uno) (sa (ADJ solo))) (PUNCT ,) (CCONJ ma) (sa (ADJ grosso) (savv (ADV abbastanza) (sv2 (ADP da) (VERB vincere) (compt (sn (sq (DET tutta)) (DET la) (NOUN guerra)) (sp (ADP con) (sn (DET un) (sa (ADJ sol)) (NOUN colpo))))))))))))) (PUNCT .)));;5,553895518;function
98;3;insieme;insieme;ADV;advmod;fonder;(ROOT (f (sn (DET Il) (sa (DET nostro)) (NOUN comandante) (fp (PUNCT ,) (sn (DET lo) (PROPN Stragenerale) (PROPN Bombone) (PROPN Sparone) (PROPN Pestafracassone)) (PUNCT ,))) (ibar (VERB ordinò)) (compt (coord (sv2 (ADP di) (VERB tirar) (compt (savv (ADV giù)) (sn (sq (DET tutte)) (DET le) (NOUN campane)) (spda (ADP da) (sn (DET i) (NOUN campanili))))) (CCONJ e) (sv2 (ADP di) (VERB fonder) (compt (PRON le) (sq (PRON tutte) (savv (ADV insieme))) (sp (ADP per) (sv2 (VERB fabbricare) (compt (sn (DET un) (sa (ADJ grossissimo)) (NOUN cannone))))) (dirsp (PUNCT :) (coord (sq (PRON uno) (sa (ADJ solo))) (PUNCT ,) (CCONJ ma) (sa (ADJ grosso) (savv (ADV abbastanza) (sv2 (ADP da) (VERB vincere) (compt (sn (sq (DET tutta)) (DET la) (NOUN guerra)) (sp (ADP con) (sn (DET un) (sa (ADJ sol)) (NOUN colpo))))))))))))) (PUNCT .)));;5,500638545;content
99;3;per;per;ADP;mark;fabbricare;(ROOT (f (sn (DET Il) (sa (DET nostro)) (NOUN comandante) (fp (PUNCT ,) (sn (DET lo) (PROPN Stragenerale) (PROPN Bombone) (PROPN Sparone) (PROPN Pestafracassone)) (PUNCT ,))) (ibar (VERB ordinò)) (compt (coord (sv2 (ADP di) (VERB tirar) (compt (savv (ADV giù)) (sn (sq (DET tutte)) (DET le) (NOUN campane)) (spda (ADP da) (sn (DET i) (NOUN campanili))))) (CCONJ e) (sv2 (ADP di) (VERB fonder) (compt (PRON le) (sq (PRON tutte) (savv (ADV insieme))) (sp (ADP per) (sv2 (VERB fabbricare) (compt (sn (DET un) (sa (ADJ grossissimo)) (NOUN cannone))))) (dirsp (PUNCT :) (coord (sq (PRON uno) (sa (ADJ solo))) (PUNCT ,) (CCONJ ma) (sa (ADJ grosso) (savv (ADV abbastanza) (sv2 (ADP da) (VERB vincere) (compt (sn (sq (DET tutta)) (DET la) (NOUN guerra)) (sp (ADP con) (sn (DET un) (sa (ADJ sol)) (NOUN colpo))))))))))))) (PUNCT .)));;6,912435835;function
100;3;fabbricare;fabbricare;VERB;advcl;fonder;(ROOT (f (sn (DET Il) (sa (DET nostro)) (NOUN comandante) (fp (PUNCT ,) (sn (DET lo) (PROPN Stragenerale) (PROPN Bombone) (PROPN Sparone) (PROPN Pestafracassone)) (PUNCT ,))) (ibar (VERB ordinò)) (compt (coord (sv2 (ADP di) (VERB tirar) (compt (savv (ADV giù)) (sn (sq (DET tutte)) (DET le) (NOUN campane)) (spda (ADP da) (sn (DET i) (NOUN campanili))))) (CCONJ e) (sv2 (ADP di) (VERB fonder) (compt (PRON le) (sq (PRON tutte) (savv (ADV insieme))) (sp (ADP per) (sv2 (VERB fabbricare) (compt (sn (DET un) (sa (ADJ grossissimo)) (NOUN cannone))))) (dirsp (PUNCT :) (coord (sq (PRON uno) (sa (ADJ solo))) (PUNCT ,) (CCONJ ma) (sa (ADJ grosso) (savv (ADV abbastanza) (sv2 (ADP da) (VERB vincere) (compt (sn (sq (DET tutta)) (DET la) (NOUN guerra)) (sp (ADP con) (sn (DET un) (sa (ADJ sol)) (NOUN colpo))))))))))))) (PUNCT .)));;3,107377179;content
101;3;un;uno;DET;det;cannone;(ROOT (f (sn (DET Il) (sa (DET nostro)) (NOUN comandante) (fp (PUNCT ,) (sn (DET lo) (PROPN Stragenerale) (PROPN Bombone) (PROPN Sparone) (PROPN Pestafracassone)) (PUNCT ,))) (ibar (VERB ordinò)) (compt (coord (sv2 (ADP di) (VERB tirar) (compt (savv (ADV giù)) (sn (sq (DET tutte)) (DET le) (NOUN campane)) (spda (ADP da) (sn (DET i) (NOUN campanili))))) (CCONJ e) (sv2 (ADP di) (VERB fonder) (compt (PRON le) (sq (PRON tutte) (savv (ADV insieme))) (sp (ADP per) (sv2 (VERB fabbricare) (compt (sn (DET un) (sa (ADJ grossissimo)) (NOUN cannone))))) (dirsp (PUNCT :) (coord (sq (PRON uno) (sa (ADJ solo))) (PUNCT ,) (CCONJ ma) (sa (ADJ grosso) (savv (ADV abbastanza) (sv2 (ADP da) (VERB vincere) (compt (sn (sq (DET tutta)) (DET la) (NOUN guerra)) (sp (ADP con) (sn (DET un) (sa (ADJ sol)) (NOUN colpo))))))))))))) (PUNCT .)));;7,065833912;function
102;3;grossissimo;grosso;ADJ;amod;cannone;(ROOT (f (sn (DET Il) (sa (DET nostro)) (NOUN comandante) (fp (PUNCT ,) (sn (DET lo) (PROPN Stragenerale) (PROPN Bombone) (PROPN Sparone) (PROPN Pestafracassone)) (PUNCT ,))) (ibar (VERB ordinò)) (compt (coord (sv2 (ADP di) (VERB tirar) (compt (savv (ADV giù)) (sn (sq (DET tutte)) (DET le) (NOUN campane)) (spda (ADP da) (sn (DET i) (NOUN campanili))))) (CCONJ e) (sv2 (ADP di) (VERB fonder) (compt (PRON le) (sq (PRON tutte) (savv (ADV insieme))) (sp (ADP per) (sv2 (VERB fabbricare) (compt (sn (DET un) (sa (ADJ grossissimo)) (NOUN cannone))))) (dirsp (PUNCT :) (coord (sq (PRON uno) (sa (ADJ solo))) (PUNCT ,) (CCONJ ma) (sa (ADJ grosso) (savv (ADV abbastanza) (sv2 (ADP da) (VERB vincere) (compt (sn (sq (DET tutta)) (DET la) (NOUN guerra)) (sp (ADP con) (sn (DET un) (sa (ADJ sol)) (NOUN colpo))))))))))))) (PUNCT .)));;2,469676831;content
103;3;cannone;cannone;NOUN;obj;fabbricare;(ROOT (f (sn (DET Il) (sa (DET nostro)) (NOUN comandante) (fp (PUNCT ,) (sn (DET lo) (PROPN Stragenerale) (PROPN Bombone) (PROPN Sparone) (PROPN Pestafracassone)) (PUNCT ,))) (ibar (VERB ordinò)) (compt (coord (sv2 (ADP di) (VERB tirar) (compt (savv (ADV giù)) (sn (sq (DET tutte)) (DET le) (NOUN campane)) (spda (ADP da) (sn (DET i) (NOUN campanili))))) (CCONJ e) (sv2 (ADP di) (VERB fonder) (compt (PRON le) (sq (PRON tutte) (savv (ADV insieme))) (sp (ADP per) (sv2 (VERB fabbricare) (compt (sn (DET un) (sa (ADJ grossissimo)) (NOUN cannone))))) (dirsp (PUNCT :) (coord (sq (PRON uno) (sa (ADJ solo))) (PUNCT ,) (CCONJ ma) (sa (ADJ grosso) (savv (ADV abbastanza) (sv2 (ADP da) (VERB vincere) (compt (sn (sq (DET tutta)) (DET la) (NOUN guerra)) (sp (ADP con) (sn (DET un) (sa (ADJ sol)) (NOUN colpo))))))))))))) (PUNCT .)));7.20 ± 2.86;3,845580985;content
104;3;uno;uno;PRON;appos;cannone;(ROOT (f (sn (DET Il) (sa (DET nostro)) (NOUN comandante) (fp (PUNCT ,) (sn (DET lo) (PROPN Stragenerale) (PROPN Bombone) (PROPN Sparone) (PROPN Pestafracassone)) (PUNCT ,))) (ibar (VERB ordinò)) (compt (coord (sv2 (ADP di) (VERB tirar) (compt (savv (ADV giù)) (sn (sq (DET tutte)) (DET le) (NOUN campane)) (spda (ADP da) (sn (DET i) (NOUN campanili))))) (CCONJ e) (sv2 (ADP di) (VERB fonder) (compt (PRON le) (sq (PRON tutte) (savv (ADV insieme))) (sp (ADP per) (sv2 (VERB fabbricare) (compt (sn (DET un) (sa (ADJ grossissimo)) (NOUN cannone))))) (dirsp (PUNCT :) (coord (sq (PRON uno) (sa (ADJ solo))) (PUNCT ,) (CCONJ ma) (sa (ADJ grosso) (savv (ADV abbastanza) (sv2 (ADP da) (VERB vincere) (compt (sn (sq (DET tutta)) (DET la) (NOUN guerra)) (sp (ADP con) (sn (DET un) (sa (ADJ sol)) (NOUN colpo))))))))))))) (PUNCT .)));;6,015055575;function
105;3;solo;solo;ADJ;amod;uno;(ROOT (f (sn (DET Il) (sa (DET nostro)) (NOUN comandante) (fp (PUNCT ,) (sn (DET lo) (PROPN Stragenerale) (PROPN Bombone) (PROPN Sparone) (PROPN Pestafracassone)) (PUNCT ,))) (ibar (VERB ordinò)) (compt (coord (sv2 (ADP di) (VERB tirar) (compt (savv (ADV giù)) (sn (sq (DET tutte)) (DET le) (NOUN campane)) (spda (ADP da) (sn (DET i) (NOUN campanili))))) (CCONJ e) (sv2 (ADP di) (VERB fonder) (compt (PRON le) (sq (PRON tutte) (savv (ADV insieme))) (sp (ADP per) (sv2 (VERB fabbricare) (compt (sn (DET un) (sa (ADJ grossissimo)) (NOUN cannone))))) (dirsp (PUNCT :) (coord (sq (PRON uno) (sa (ADJ solo))) (PUNCT ,) (CCONJ ma) (sa (ADJ grosso) (savv (ADV abbastanza) (sv2 (ADP da) (VERB vincere) (compt (sn (sq (DET tutta)) (DET la) (NOUN guerra)) (sp (ADP con) (sn (DET un) (sa (ADJ sol)) (NOUN colpo))))))))))))) (PUNCT .)));4.60 ± 2.14;6,359323473;content
106;3;ma;ma;CCONJ;cc;grosso;(ROOT (f (sn (DET Il) (sa (DET nostro)) (NOUN comandante) (fp (PUNCT ,) (sn (DET lo) (PROPN Stragenerale) (PROPN Bombone) (PROPN Sparone) (PROPN Pestafracassone)) (PUNCT ,))) (ibar (VERB ordinò)) (compt (coord (sv2 (ADP di) (VERB tirar) (compt (savv (ADV giù)) (sn (sq (DET tutte)) (DET le) (NOUN campane)) (spda (ADP da) (sn (DET i) (NOUN campanili))))) (CCONJ e) (sv2 (ADP di) (VERB fonder) (compt (PRON le) (sq (PRON tutte) (savv (ADV insieme))) (sp (ADP per) (sv2 (VERB fabbricare) (compt (sn (DET un) (sa (ADJ grossissimo)) (NOUN cannone))))) (dirsp (PUNCT :) (coord (sq (PRON uno) (sa (ADJ solo))) (PUNCT ,) (CCONJ ma) (sa (ADJ grosso) (savv (ADV abbastanza) (sv2 (ADP da) (VERB vincere) (compt (sn (sq (DET tutta)) (DET la) (NOUN guerra)) (sp (ADP con) (sn (DET un) (sa (ADJ sol)) (NOUN colpo))))))))))))) (PUNCT .)));;6,662005813;function
107;3;grosso;grosso;ADJ;conj;uno;(ROOT (f (sn (DET Il) (sa (DET nostro)) (NOUN comandante) (fp (PUNCT ,) (sn (DET lo) (PROPN Stragenerale) (PROPN Bombone) (PROPN Sparone) (PROPN Pestafracassone)) (PUNCT ,))) (ibar (VERB ordinò)) (compt (coord (sv2 (ADP di) (VERB tirar) (compt (savv (ADV giù)) (sn (sq (DET tutte)) (DET le) (NOUN campane)) (spda (ADP da) (sn (DET i) (NOUN campanili))))) (CCONJ e) (sv2 (ADP di) (VERB fonder) (compt (PRON le) (sq (PRON tutte) (savv (ADV insieme))) (sp (ADP per) (sv2 (VERB fabbricare) (compt (sn (DET un) (sa (ADJ grossissimo)) (NOUN cannone))))) (dirsp (PUNCT :) (coord (sq (PRON uno) (sa (ADJ solo))) (PUNCT ,) (CCONJ ma) (sa (ADJ grosso) (savv (ADV abbastanza) (sv2 (ADP da) (VERB vincere) (compt (sn (sq (DET tutta)) (DET la) (NOUN guerra)) (sp (ADP con) (sn (DET un) (sa (ADJ sol)) (NOUN colpo))))))))))))) (PUNCT .)));;4,872797352;content
108;3;abbastanza;abbastanza;ADV;advmod;grosso;(ROOT (f (sn (DET Il) (sa (DET nostro)) (NOUN comandante) (fp (PUNCT ,) (sn (DET lo) (PROPN Stragenerale) (PROPN Bombone) (PROPN Sparone) (PROPN Pestafracassone)) (PUNCT ,))) (ibar (VERB ordinò)) (compt (coord (sv2 (ADP di) (VERB tirar) (compt (savv (ADV giù)) (sn (sq (DET tutte)) (DET le) (NOUN campane)) (spda (ADP da) (sn (DET i) (NOUN campanili))))) (CCONJ e) (sv2 (ADP di) (VERB fonder) (compt (PRON le) (sq (PRON tutte) (savv (ADV insieme))) (sp (ADP per) (sv2 (VERB fabbricare) (compt (sn (DET un) (sa (ADJ grossissimo)) (NOUN cannone))))) (dirsp (PUNCT :) (coord (sq (PRON uno) (sa (ADJ solo))) (PUNCT ,) (CCONJ ma) (sa (ADJ grosso) (savv (ADV abbastanza) (sv2 (ADP da) (VERB vincere) (compt (sn (sq (DET tutta)) (DET la) (NOUN guerra)) (sp (ADP con) (sn (DET un) (sa (ADJ sol)) (NOUN colpo))))))))))))) (PUNCT .)));;5,396465909;content
109;3;da;da;ADP;mark;vincere;(ROOT (f (sn (DET Il) (sa (DET nostro)) (NOUN comandante) (fp (PUNCT ,) (sn (DET lo) (PROPN Stragenerale) (PROPN Bombone) (PROPN Sparone) (PROPN Pestafracassone)) (PUNCT ,))) (ibar (VERB ordinò)) (compt (coord (sv2 (ADP di) (VERB tirar) (compt (savv (ADV giù)) (sn (sq (DET tutte)) (DET le) (NOUN campane)) (spda (ADP da) (sn (DET i) (NOUN campanili))))) (CCONJ e) (sv2 (ADP di) (VERB fonder) (compt (PRON le) (sq (PRON tutte) (savv (ADV insieme))) (sp (ADP per) (sv2 (VERB fabbricare) (compt (sn (DET un) (sa (ADJ grossissimo)) (NOUN cannone))))) (dirsp (PUNCT :) (coord (sq (PRON uno) (sa (ADJ solo))) (PUNCT ,) (CCONJ ma) (sa (ADJ grosso) (savv (ADV abbastanza) (sv2 (ADP da) (VERB vincere) (compt (sn (sq (DET tutta)) (DET la) (NOUN guerra)) (sp (ADP con) (sn (DET un) (sa (ADJ sol)) (NOUN colpo))))))))))))) (PUNCT .)));;6,577812618;function
110;3;vincere;vincere;VERB;advcl;grosso;(ROOT (f (sn (DET Il) (sa (DET nostro)) (NOUN comandante) (fp (PUNCT ,) (sn (DET lo) (PROPN Stragenerale) (PROPN Bombone) (PROPN Sparone) (PROPN Pestafracassone)) (PUNCT ,))) (ibar (VERB ordinò)) (compt (coord (sv2 (ADP di) (VERB tirar) (compt (savv (ADV giù)) (sn (sq (DET tutte)) (DET le) (NOUN campane)) (spda (ADP da) (sn (DET i) (NOUN campanili))))) (CCONJ e) (sv2 (ADP di) (VERB fonder) (compt (PRON le) (sq (PRON tutte) (savv (ADV insieme))) (sp (ADP per) (sv2 (VERB fabbricare) (compt (sn (DET un) (sa (ADJ grossissimo)) (NOUN cannone))))) (dirsp (PUNCT :) (coord (sq (PRON uno) (sa (ADJ solo))) (PUNCT ,) (CCONJ ma) (sa (ADJ grosso) (savv (ADV abbastanza) (sv2 (ADP da) (VERB vincere) (compt (sn (sq (DET tutta)) (DET la) (NOUN guerra)) (sp (ADP con) (sn (DET un) (sa (ADJ sol)) (NOUN colpo))))))))))))) (PUNCT .)));4.52 ± 2.04;4,666085749;content
111;3;tutta;tutto;DET;det:predet;guerra;(ROOT (f (sn (DET Il) (sa (DET nostro)) (NOUN comandante) (fp (PUNCT ,) (sn (DET lo) (PROPN Stragenerale) (PROPN Bombone) (PROPN Sparone) (PROPN Pestafracassone)) (PUNCT ,))) (ibar (VERB ordinò)) (compt (coord (sv2 (ADP di) (VERB tirar) (compt (savv (ADV giù)) (sn (sq (DET tutte)) (DET le) (NOUN campane)) (spda (ADP da) (sn (DET i) (NOUN campanili))))) (CCONJ e) (sv2 (ADP di) (VERB fonder) (compt (PRON le) (sq (PRON tutte) (savv (ADV insieme))) (sp (ADP per) (sv2 (VERB fabbricare) (compt (sn (DET un) (sa (ADJ grossissimo)) (NOUN cannone))))) (dirsp (PUNCT :) (coord (sq (PRON uno) (sa (ADJ solo))) (PUNCT ,) (CCONJ ma) (sa (ADJ grosso) (savv (ADV abbastanza) (sv2 (ADP da) (VERB vincere) (compt (sn (sq (DET tutta)) (DET la) (NOUN guerra)) (sp (ADP con) (sn (DET un) (sa (ADJ sol)) (NOUN colpo))))))))))))) (PUNCT .)));;5,540385318;function
112;3;la;il;DET;det;guerra;(ROOT (f (sn (DET Il) (sa (DET nostro)) (NOUN comandante) (fp (PUNCT ,) (sn (DET lo) (PROPN Stragenerale) (PROPN Bombone) (PROPN Sparone) (PROPN Pestafracassone)) (PUNCT ,))) (ibar (VERB ordinò)) (compt (coord (sv2 (ADP di) (VERB tirar) (compt (savv (ADV giù)) (sn (sq (DET tutte)) (DET le) (NOUN campane)) (spda (ADP da) (sn (DET i) (NOUN campanili))))) (CCONJ e) (sv2 (ADP di) (VERB fonder) (compt (PRON le) (sq (PRON tutte) (savv (ADV insieme))) (sp (ADP per) (sv2 (VERB fabbricare) (compt (sn (DET un) (sa (ADJ grossissimo)) (NOUN cannone))))) (dirsp (PUNCT :) (coord (sq (PRON uno) (sa (ADJ solo))) (PUNCT ,) (CCONJ ma) (sa (ADJ grosso) (savv (ADV abbastanza) (sv2 (ADP da) (VERB vincere) (compt (sn (sq (DET tutta)) (DET la) (NOUN guerra)) (sp (ADP con) (sn (DET un) (sa (ADJ sol)) (NOUN colpo))))))))))))) (PUNCT .)));;7,055331658;function
113;3;guerra;guerra;NOUN;obj;vincere;(ROOT (f (sn (DET Il) (sa (DET nostro)) (NOUN comandante) (fp (PUNCT ,) (sn (DET lo) (PROPN Stragenerale) (PROPN Bombone) (PROPN Sparone) (PROPN Pestafracassone)) (PUNCT ,))) (ibar (VERB ordinò)) (compt (coord (sv2 (ADP di) (VERB tirar) (compt (savv (ADV giù)) (sn (sq (DET tutte)) (DET le) (NOUN campane)) (spda (ADP da) (sn (DET i) (NOUN campanili))))) (CCONJ e) (sv2 (ADP di) (VERB fonder) (compt (PRON le) (sq (PRON tutte) (savv (ADV insieme))) (sp (ADP per) (sv2 (VERB fabbricare) (compt (sn (DET un) (sa (ADJ grossissimo)) (NOUN cannone))))) (dirsp (PUNCT :) (coord (sq (PRON uno) (sa (ADJ solo))) (PUNCT ,) (CCONJ ma) (sa (ADJ grosso) (savv (ADV abbastanza) (sv2 (ADP da) (VERB vincere) (compt (sn (sq (DET tutta)) (DET la) (NOUN guerra)) (sp (ADP con) (sn (DET un) (sa (ADJ sol)) (NOUN colpo))))))))))))) (PUNCT .)));6.64 ± 1.96;5,181173263;content
114;3;con;con;ADP;case;colpo;(ROOT (f (sn (DET Il) (sa (DET nostro)) (NOUN comandante) (fp (PUNCT ,) (sn (DET lo) (PROPN Stragenerale) (PROPN Bombone) (PROPN Sparone) (PROPN Pestafracassone)) (PUNCT ,))) (ibar (VERB ordinò)) (compt (coord (sv2 (ADP di) (VERB tirar) (compt (savv (ADV giù)) (sn (sq (DET tutte)) (DET le) (NOUN campane)) (spda (ADP da) (sn (DET i) (NOUN campanili))))) (CCONJ e) (sv2 (ADP di) (VERB fonder) (compt (PRON le) (sq (PRON tutte) (savv (ADV insieme))) (sp (ADP per) (sv2 (VERB fabbricare) (compt (sn (DET un) (sa (ADJ grossissimo)) (NOUN cannone))))) (dirsp (PUNCT :) (coord (sq (PRON uno) (sa (ADJ solo))) (PUNCT ,) (CCONJ ma) (sa (ADJ grosso) (savv (ADV abbastanza) (sv2 (ADP da) (VERB vincere) (compt (sn (sq (DET tutta)) (DET la) (NOUN guerra)) (sp (ADP con) (sn (DET un) (sa (ADJ sol)) (NOUN colpo))))))))))))) (PUNCT .)));;6,620271703;function
115;3;un;uno;DET;det;colpo;(ROOT (f (sn (DET Il) (sa (DET nostro)) (NOUN comandante) (fp (PUNCT ,) (sn (DET lo) (PROPN Stragenerale) (PROPN Bombone) (PROPN Sparone) (PROPN Pestafracassone)) (PUNCT ,))) (ibar (VERB ordinò)) (compt (coord (sv2 (ADP di) (VERB tirar) (compt (savv (ADV giù)) (sn (sq (DET tutte)) (DET le) (NOUN campane)) (spda (ADP da) (sn (DET i) (NOUN campanili))))) (CCONJ e) (sv2 (ADP di) (VERB fonder) (compt (PRON le) (sq (PRON tutte) (savv (ADV insieme))) (sp (ADP per) (sv2 (VERB fabbricare) (compt (sn (DET un) (sa (ADJ grossissimo)) (NOUN cannone))))) (dirsp (PUNCT :) (coord (sq (PRON uno) (sa (ADJ solo))) (PUNCT ,) (CCONJ ma) (sa (ADJ grosso) (savv (ADV abbastanza) (sv2 (ADP da) (VERB vincere) (compt (sn (sq (DET tutta)) (DET la) (NOUN guerra)) (sp (ADP con) (sn (DET un) (sa (ADJ sol)) (NOUN colpo))))))))))))) (PUNCT .)));;7,065833912;function
116;3;sol;solo;ADJ;amod;colpo;(ROOT (f (sn (DET Il) (sa (DET nostro)) (NOUN comandante) (fp (PUNCT ,) (sn (DET lo) (PROPN Stragenerale) (PROPN Bombone) (PROPN Sparone) (PROPN Pestafracassone)) (PUNCT ,))) (ibar (VERB ordinò)) (compt (coord (sv2 (ADP di) (VERB tirar) (compt (savv (ADV giù)) (sn (sq (DET tutte)) (DET le) (NOUN campane)) (spda (ADP da) (sn (DET i) (NOUN campanili))))) (CCONJ e) (sv2 (ADP di) (VERB fonder) (compt (PRON le) (sq (PRON tutte) (savv (ADV insieme))) (sp (ADP per) (sv2 (VERB fabbricare) (compt (sn (DET un) (sa (ADJ grossissimo)) (NOUN cannone))))) (dirsp (PUNCT :) (coord (sq (PRON uno) (sa (ADJ solo))) (PUNCT ,) (CCONJ ma) (sa (ADJ grosso) (savv (ADV abbastanza) (sv2 (ADP da) (VERB vincere) (compt (sn (sq (DET tutta)) (DET la) (NOUN guerra)) (sp (ADP con) (sn (DET un) (sa (ADJ sol)) (NOUN colpo))))))))))))) (PUNCT .)));4.60 ± 2.14;2,86761684;content
117;3;colpo;colpo;NOUN;obl;vincere;(ROOT (f (sn (DET Il) (sa (DET nostro)) (NOUN comandante) (fp (PUNCT ,) (sn (DET lo) (PROPN Stragenerale) (PROPN Bombone) (PROPN Sparone) (PROPN Pestafracassone)) (PUNCT ,))) (ibar (VERB ordinò)) (compt (coord (sv2 (ADP di) (VERB tirar) (compt (savv (ADV giù)) (sn (sq (DET tutte)) (DET le) (NOUN campane)) (spda (ADP da) (sn (DET i) (NOUN campanili))))) (CCONJ e) (sv2 (ADP di) (VERB fonder) (compt (PRON le) (sq (PRON tutte) (savv (ADV insieme))) (sp (ADP per) (sv2 (VERB fabbricare) (compt (sn (DET un) (sa (ADJ grossissimo)) (NOUN cannone))))) (dirsp (PUNCT :) (coord (sq (PRON uno) (sa (ADJ solo))) (PUNCT ,) (CCONJ ma) (sa (ADJ grosso) (savv (ADV abbastanza) (sv2 (ADP da) (VERB vincere) (compt (sn (sq (DET tutta)) (DET la) (NOUN guerra)) (sp (ADP con) (sn (DET un) (sa (ADJ sol)) (NOUN colpo))))))))))))) (PUNCT .)));;4,938723321;content
118;4;a;a;ADP;mark;sollevare;"(ROOT (fc (cp (sv2 (ADP A) (VERB sollevare) (compt (sn (sa (DET quel)) (NOUN cannone)))) (f (ibar (PRON ci) (VERB vollero)) (compin (sn (NUM centomila) (NOUN gru))))) (PUNCT ;) (cp (sp (ADP per) (sv2 (VERB trasportar) (compt (PRON lo) (sp (ADP a) (sn (DET il) (NOUN fronte)))))) (f (ibar (PRON ci) (VERB vollero)) (compt (sn (NUM novantasette) (NOUN treni))))) (PUNCT .)))";;7,004335738;function
119;4;sollevare;sollevare;VERB;advcl;vollero;"(ROOT (fc (cp (sv2 (ADP A) (VERB sollevare) (compt (sn (sa (DET quel)) (NOUN cannone)))) (f (ibar (PRON ci) (VERB vollero)) (compin (sn (NUM centomila) (NOUN gru))))) (PUNCT ;) (cp (sp (ADP per) (sv2 (VERB trasportar) (compt (PRON lo) (sp (ADP a) (sn (DET il) (NOUN fronte)))))) (f (ibar (PRON ci) (VERB vollero)) (compt (sn (NUM novantasette) (NOUN treni))))) (PUNCT .)))";;3,654816219;content
120;4;quel;quello;DET;det;cannone;"(ROOT (fc (cp (sv2 (ADP A) (VERB sollevare) (compt (sn (sa (DET quel)) (NOUN cannone)))) (f (ibar (PRON ci) (VERB vollero)) (compin (sn (NUM centomila) (NOUN gru))))) (PUNCT ;) (cp (sp (ADP per) (sv2 (VERB trasportar) (compt (PRON lo) (sp (ADP a) (sn (DET il) (NOUN fronte)))))) (f (ibar (PRON ci) (VERB vollero)) (compt (sn (NUM novantasette) (NOUN treni))))) (PUNCT .)))";;5,90824416;function
121;4;cannone;cannone;NOUN;obj;sollevare;"(ROOT (fc (cp (sv2 (ADP A) (VERB sollevare) (compt (sn (sa (DET quel)) (NOUN cannone)))) (f (ibar (PRON ci) (VERB vollero)) (compin (sn (NUM centomila) (NOUN gru))))) (PUNCT ;) (cp (sp (ADP per) (sv2 (VERB trasportar) (compt (PRON lo) (sp (ADP a) (sn (DET il) (NOUN fronte)))))) (f (ibar (PRON ci) (VERB vollero)) (compt (sn (NUM novantasette) (NOUN treni))))) (PUNCT .)))";7.20 ± 2.86;3,845580985;content
122;4;ci;ci;PRON;expl;vollero;"(ROOT (fc (cp (sv2 (ADP A) (VERB sollevare) (compt (sn (sa (DET quel)) (NOUN cannone)))) (f (ibar (PRON ci) (VERB vollero)) (compin (sn (NUM centomila) (NOUN gru))))) (PUNCT ;) (cp (sp (ADP per) (sv2 (VERB trasportar) (compt (PRON lo) (sp (ADP a) (sn (DET il) (NOUN fronte)))))) (f (ibar (PRON ci) (VERB vollero)) (compt (sn (NUM novantasette) (NOUN treni))))) (PUNCT .)))";;6,517126939;function
123;4;vollero;volere;VERB;root;ROOT;"(ROOT (fc (cp (sv2 (ADP A) (VERB sollevare) (compt (sn (sa (DET quel)) (NOUN cannone)))) (f (ibar (PRON ci) (VERB vollero)) (compin (sn (NUM centomila) (NOUN gru))))) (PUNCT ;) (cp (sp (ADP per) (sv2 (VERB trasportar) (compt (PRON lo) (sp (ADP a) (sn (DET il) (NOUN fronte)))))) (f (ibar (PRON ci) (VERB vollero)) (compt (sn (NUM novantasette) (NOUN treni))))) (PUNCT .)))";;3,152344324;content
124;4;centomila;centomila;NUM;nummod;gru;"(ROOT (fc (cp (sv2 (ADP A) (VERB sollevare) (compt (sn (sa (DET quel)) (NOUN cannone)))) (f (ibar (PRON ci) (VERB vollero)) (compin (sn (NUM centomila) (NOUN gru))))) (PUNCT ;) (cp (sp (ADP per) (sv2 (VERB trasportar) (compt (PRON lo) (sp (ADP a) (sn (DET il) (NOUN fronte)))))) (f (ibar (PRON ci) (VERB vollero)) (compt (sn (NUM novantasette) (NOUN treni))))) (PUNCT .)))";;3,469676831;NaN
125;4;gru;gru;NOUN;nsubj;vollero;"(ROOT (fc (cp (sv2 (ADP A) (VERB sollevare) (compt (sn (sa (DET quel)) (NOUN cannone)))) (f (ibar (PRON ci) (VERB vollero)) (compin (sn (NUM centomila) (NOUN gru))))) (PUNCT ;) (cp (sp (ADP per) (sv2 (VERB trasportar) (compt (PRON lo) (sp (ADP a) (sn (DET il) (NOUN fronte)))))) (f (ibar (PRON ci) (VERB vollero)) (compt (sn (NUM novantasette) (NOUN treni))))) (PUNCT .)))";7.80 ± 3.16;3,452186099;content
126;4;per;per;ADP;mark;trasportar;"(ROOT (fc (cp (sv2 (ADP A) (VERB sollevare) (compt (sn (sa (DET quel)) (NOUN cannone)))) (f (ibar (PRON ci) (VERB vollero)) (compin (sn (NUM centomila) (NOUN gru))))) (PUNCT ;) (cp (sp (ADP per) (sv2 (VERB trasportar) (compt (PRON lo) (sp (ADP a) (sn (DET il) (NOUN fronte)))))) (f (ibar (PRON ci) (VERB vollero)) (compt (sn (NUM novantasette) (NOUN treni))))) (PUNCT .)))";;6,912435835;function
127;4;trasportar;trasportare;VERB;advcl;vollero;"(ROOT (fc (cp (sv2 (ADP A) (VERB sollevare) (compt (sn (sa (DET quel)) (NOUN cannone)))) (f (ibar (PRON ci) (VERB vollero)) (compin (sn (NUM centomila) (NOUN gru))))) (PUNCT ;) (cp (sp (ADP per) (sv2 (VERB trasportar) (compt (PRON lo) (sp (ADP a) (sn (DET il) (NOUN fronte)))))) (f (ibar (PRON ci) (VERB vollero)) (compt (sn (NUM novantasette) (NOUN treni))))) (PUNCT .)))";;1,588863239;content
128;4;lo;lo;PRON;obj;trasportar;"(ROOT (fc (cp (sv2 (ADP A) (VERB sollevare) (compt (sn (sa (DET quel)) (NOUN cannone)))) (f (ibar (PRON ci) (VERB vollero)) (compin (sn (NUM centomila) (NOUN gru))))) (PUNCT ;) (cp (sp (ADP per) (sv2 (VERB trasportar) (compt (PRON lo) (sp (ADP a) (sn (DET il) (NOUN fronte)))))) (f (ibar (PRON ci) (VERB vollero)) (compt (sn (NUM novantasette) (NOUN treni))))) (PUNCT .)))";;6,655915487;function
129;4;a;a;ADP;case;fronte;"(ROOT (fc (cp (sv2 (ADP A) (VERB sollevare) (compt (sn (sa (DET quel)) (NOUN cannone)))) (f (ibar (PRON ci) (VERB vollero)) (compin (sn (NUM centomila) (NOUN gru))))) (PUNCT ;) (cp (sp (ADP per) (sv2 (VERB trasportar) (compt (PRON lo) (sp (ADP a) (sn (DET il) (NOUN fronte)))))) (f (ibar (PRON ci) (VERB vollero)) (compt (sn (NUM novantasette) (NOUN treni))))) (PUNCT .)))";;7,004335738;function
130;4;il;il;DET;det;fronte;"(ROOT (fc (cp (sv2 (ADP A) (VERB sollevare) (compt (sn (sa (DET quel)) (NOUN cannone)))) (f (ibar (PRON ci) (VERB vollero)) (compin (sn (NUM centomila) (NOUN gru))))) (PUNCT ;) (cp (sp (ADP per) (sv2 (VERB trasportar) (compt (PRON lo) (sp (ADP a) (sn (DET il) (NOUN fronte)))))) (f (ibar (PRON ci) (VERB vollero)) (compt (sn (NUM novantasette) (NOUN treni))))) (PUNCT .)))";;7,039560886;function
131;4;fronte;fronte;NOUN;obl;trasportar;"(ROOT (fc (cp (sv2 (ADP A) (VERB sollevare) (compt (sn (sa (DET quel)) (NOUN cannone)))) (f (ibar (PRON ci) (VERB vollero)) (compin (sn (NUM centomila) (NOUN gru))))) (PUNCT ;) (cp (sp (ADP per) (sv2 (VERB trasportar) (compt (PRON lo) (sp (ADP a) (sn (DET il) (NOUN fronte)))))) (f (ibar (PRON ci) (VERB vollero)) (compt (sn (NUM novantasette) (NOUN treni))))) (PUNCT .)))";;4,826054975;content
132;4;ci;ci;PRON;expl;vollero;"(ROOT (fc (cp (sv2 (ADP A) (VERB sollevare) (compt (sn (sa (DET quel)) (NOUN cannone)))) (f (ibar (PRON ci) (VERB vollero)) (compin (sn (NUM centomila) (NOUN gru))))) (PUNCT ;) (cp (sp (ADP per) (sv2 (VERB trasportar) (compt (PRON lo) (sp (ADP a) (sn (DET il) (NOUN fronte)))))) (f (ibar (PRON ci) (VERB vollero)) (compt (sn (NUM novantasette) (NOUN treni))))) (PUNCT .)))";;6,517126939;function
133;4;vollero;volere;VERB;parataxis;vollero;"(ROOT (fc (cp (sv2 (ADP A) (VERB sollevare) (compt (sn (sa (DET quel)) (NOUN cannone)))) (f (ibar (PRON ci) (VERB vollero)) (compin (sn (NUM centomila) (NOUN gru))))) (PUNCT ;) (cp (sp (ADP per) (sv2 (VERB trasportar) (compt (PRON lo) (sp (ADP a) (sn (DET il) (NOUN fronte)))))) (f (ibar (PRON ci) (VERB vollero)) (compt (sn (NUM novantasette) (NOUN treni))))) (PUNCT .)))";;3,152344324;content
134;4;novantasette;novantasette;NUM;nummod;treni;"(ROOT (fc (cp (sv2 (ADP A) (VERB sollevare) (compt (sn (sa (DET quel)) (NOUN cannone)))) (f (ibar (PRON ci) (VERB vollero)) (compin (sn (NUM centomila) (NOUN gru))))) (PUNCT ;) (cp (sp (ADP per) (sv2 (VERB trasportar) (compt (PRON lo) (sp (ADP a) (sn (DET il) (NOUN fronte)))))) (f (ibar (PRON ci) (VERB vollero)) (compt (sn (NUM novantasette) (NOUN treni))))) (PUNCT .)))";;2,065984493;NaN
135;4;treni;treno;NOUN;nsubj;vollero;"(ROOT (fc (cp (sv2 (ADP A) (VERB sollevare) (compt (sn (sa (DET quel)) (NOUN cannone)))) (f (ibar (PRON ci) (VERB vollero)) (compin (sn (NUM centomila) (NOUN gru))))) (PUNCT ;) (cp (sp (ADP per) (sv2 (VERB trasportar) (compt (PRON lo) (sp (ADP a) (sn (DET il) (NOUN fronte)))))) (f (ibar (PRON ci) (VERB vollero)) (compt (sn (NUM novantasette) (NOUN treni))))) (PUNCT .)))";4.52 ± 1.76;3,788618416;content
136;5;lo;il;DET;det;Stragenerale;(ROOT (fc (f (sn (DET Lo) (PROPN Stragenerale)) (ibar (PRON si) (VERB fregava)) (compt (sn (DET le) (NOUN mani)) (sp (ADP per) (sn (DET la) (NOUN contentezza))))) (CCONJ e) (f (ibar (VERB diceva))) (dirsp (PUNCT :) (PUNCT -) (fs (SCONJ Quando) (f (sn (DET il) (sa (DET mio)) (NOUN cannone)) (ir_infl (VERB sparerà)) (compt (sn (DET i) (NOUN nemici))))) (f (ir_infl (VERB scapperanno)) (compin (sp (ADV fin) (ADP su) (sn (DET la) (NOUN luna))))) (PUNCT .))));;6,655915487;function
137;5;stragenerale;Stragenerale;PROPN;nsubj;fregava;(ROOT (fc (f (sn (DET Lo) (PROPN Stragenerale)) (ibar (PRON si) (VERB fregava)) (compt (sn (DET le) (NOUN mani)) (sp (ADP per) (sn (DET la) (NOUN contentezza))))) (CCONJ e) (f (ibar (VERB diceva))) (dirsp (PUNCT :) (PUNCT -) (fs (SCONJ Quando) (f (sn (DET il) (sa (DET mio)) (NOUN cannone)) (ir_infl (VERB sparerà)) (compt (sn (DET i) (NOUN nemici))))) (f (ir_infl (VERB scapperanno)) (compin (sp (ADV fin) (ADP su) (sn (DET la) (NOUN luna))))) (PUNCT .))));;;content
138;5;si;si;PRON;expl;fregava;(ROOT (fc (f (sn (DET Lo) (PROPN Stragenerale)) (ibar (PRON si) (VERB fregava)) (compt (sn (DET le) (NOUN mani)) (sp (ADP per) (sn (DET la) (NOUN contentezza))))) (CCONJ e) (f (ibar (VERB diceva))) (dirsp (PUNCT :) (PUNCT -) (fs (SCONJ Quando) (f (sn (DET il) (sa (DET mio)) (NOUN cannone)) (ir_infl (VERB sparerà)) (compt (sn (DET i) (NOUN nemici))))) (f (ir_infl (VERB scapperanno)) (compin (sp (ADV fin) (ADP su) (sn (DET la) (NOUN luna))))) (PUNCT .))));;6,553884221;function
139;5;fregava;fregare;VERB;root;ROOT;(ROOT (fc (f (sn (DET Lo) (PROPN Stragenerale)) (ibar (PRON si) (VERB fregava)) (compt (sn (DET le) (NOUN mani)) (sp (ADP per) (sn (DET la) (NOUN contentezza))))) (CCONJ e) (f (ibar (VERB diceva))) (dirsp (PUNCT :) (PUNCT -) (fs (SCONJ Quando) (f (sn (DET il) (sa (DET mio)) (NOUN cannone)) (ir_infl (VERB sparerà)) (compt (sn (DET i) (NOUN nemici))))) (f (ir_infl (VERB scapperanno)) (compin (sp (ADV fin) (ADP su) (sn (DET la) (NOUN luna))))) (PUNCT .))));;3,074584665;content
140;5;le;il;DET;det;mani;(ROOT (fc (f (sn (DET Lo) (PROPN Stragenerale)) (ibar (PRON si) (VERB fregava)) (compt (sn (DET le) (NOUN mani)) (sp (ADP per) (sn (DET la) (NOUN contentezza))))) (CCONJ e) (f (ibar (VERB diceva))) (dirsp (PUNCT :) (PUNCT -) (fs (SCONJ Quando) (f (sn (DET il) (sa (DET mio)) (NOUN cannone)) (ir_infl (VERB sparerà)) (compt (sn (DET i) (NOUN nemici))))) (f (ir_infl (VERB scapperanno)) (compin (sp (ADV fin) (ADP su) (sn (DET la) (NOUN luna))))) (PUNCT .))));;6,624997683;function
141;5;mani;mano;NOUN;obj;fregava;(ROOT (fc (f (sn (DET Lo) (PROPN Stragenerale)) (ibar (PRON si) (VERB fregava)) (compt (sn (DET le) (NOUN mani)) (sp (ADP per) (sn (DET la) (NOUN contentezza))))) (CCONJ e) (f (ibar (VERB diceva))) (dirsp (PUNCT :) (PUNCT -) (fs (SCONJ Quando) (f (sn (DET il) (sa (DET mio)) (NOUN cannone)) (ir_infl (VERB sparerà)) (compt (sn (DET i) (NOUN nemici))))) (f (ir_infl (VERB scapperanno)) (compin (sp (ADV fin) (ADP su) (sn (DET la) (NOUN luna))))) (PUNCT .))));3.08 ± 0.86;5,2980314;content
142;5;per;per;ADP;case;contentezza;(ROOT (fc (f (sn (DET Lo) (PROPN Stragenerale)) (ibar (PRON si) (VERB fregava)) (compt (sn (DET le) (NOUN mani)) (sp (ADP per) (sn (DET la) (NOUN contentezza))))) (CCONJ e) (f (ibar (VERB diceva))) (dirsp (PUNCT :) (PUNCT -) (fs (SCONJ Quando) (f (sn (DET il) (sa (DET mio)) (NOUN cannone)) (ir_infl (VERB sparerà)) (compt (sn (DET i) (NOUN nemici))))) (f (ir_infl (VERB scapperanno)) (compin (sp (ADV fin) (ADP su) (sn (DET la) (NOUN luna))))) (PUNCT .))));;6,912435835;function
143;5;la;il;DET;det;contentezza;(ROOT (fc (f (sn (DET Lo) (PROPN Stragenerale)) (ibar (PRON si) (VERB fregava)) (compt (sn (DET le) (NOUN mani)) (sp (ADP per) (sn (DET la) (NOUN contentezza))))) (CCONJ e) (f (ibar (VERB diceva))) (dirsp (PUNCT :) (PUNCT -) (fs (SCONJ Quando) (f (sn (DET il) (sa (DET mio)) (NOUN cannone)) (ir_infl (VERB sparerà)) (compt (sn (DET i) (NOUN nemici))))) (f (ir_infl (VERB scapperanno)) (compin (sp (ADV fin) (ADP su) (sn (DET la) (NOUN luna))))) (PUNCT .))));;7,055331658;function
144;5;contentezza;contentezza;NOUN;obl;fregava;(ROOT (fc (f (sn (DET Lo) (PROPN Stragenerale)) (ibar (PRON si) (VERB fregava)) (compt (sn (DET le) (NOUN mani)) (sp (ADP per) (sn (DET la) (NOUN contentezza))))) (CCONJ e) (f (ibar (VERB diceva))) (dirsp (PUNCT :) (PUNCT -) (fs (SCONJ Quando) (f (sn (DET il) (sa (DET mio)) (NOUN cannone)) (ir_infl (VERB sparerà)) (compt (sn (DET i) (NOUN nemici))))) (f (ir_infl (VERB scapperanno)) (compin (sp (ADV fin) (ADP su) (sn (DET la) (NOUN luna))))) (PUNCT .))));;2,168646835;content
145;5;e;e;CCONJ;cc;diceva;(ROOT (fc (f (sn (DET Lo) (PROPN Stragenerale)) (ibar (PRON si) (VERB fregava)) (compt (sn (DET le) (NOUN mani)) (sp (ADP per) (sn (DET la) (NOUN contentezza))))) (CCONJ e) (f (ibar (VERB diceva))) (dirsp (PUNCT :) (PUNCT -) (fs (SCONJ Quando) (f (sn (DET il) (sa (DET mio)) (NOUN cannone)) (ir_infl (VERB sparerà)) (compt (sn (DET i) (NOUN nemici))))) (f (ir_infl (VERB scapperanno)) (compin (sp (ADV fin) (ADP su) (sn (DET la) (NOUN luna))))) (PUNCT .))));;2,741151583;function
146;5;diceva;dire;VERB;conj;fregava;(ROOT (fc (f (sn (DET Lo) (PROPN Stragenerale)) (ibar (PRON si) (VERB fregava)) (compt (sn (DET le) (NOUN mani)) (sp (ADP per) (sn (DET la) (NOUN contentezza))))) (CCONJ e) (f (ibar (VERB diceva))) (dirsp (PUNCT :) (PUNCT -) (fs (SCONJ Quando) (f (sn (DET il) (sa (DET mio)) (NOUN cannone)) (ir_infl (VERB sparerà)) (compt (sn (DET i) (NOUN nemici))))) (f (ir_infl (VERB scapperanno)) (compin (sp (ADV fin) (ADP su) (sn (DET la) (NOUN luna))))) (PUNCT .))));4.08 ± 1.73;4,784486182;content
147;5;quando;quando;SCONJ;mark;sparerà;(ROOT (fc (f (sn (DET Lo) (PROPN Stragenerale)) (ibar (PRON si) (VERB fregava)) (compt (sn (DET le) (NOUN mani)) (sp (ADP per) (sn (DET la) (NOUN contentezza))))) (CCONJ e) (f (ibar (VERB diceva))) (dirsp (PUNCT :) (PUNCT -) (fs (SCONJ Quando) (f (sn (DET il) (sa (DET mio)) (NOUN cannone)) (ir_infl (VERB sparerà)) (compt (sn (DET i) (NOUN nemici))))) (f (ir_infl (VERB scapperanno)) (compin (sp (ADV fin) (ADP su) (sn (DET la) (NOUN luna))))) (PUNCT .))));;6,212844009;function
148;5;il;il;DET;det;cannone;(ROOT (fc (f (sn (DET Lo) (PROPN Stragenerale)) (ibar (PRON si) (VERB fregava)) (compt (sn (DET le) (NOUN mani)) (sp (ADP per) (sn (DET la) (NOUN contentezza))))) (CCONJ e) (f (ibar (VERB diceva))) (dirsp (PUNCT :) (PUNCT -) (fs (SCONJ Quando) (f (sn (DET il) (sa (DET mio)) (NOUN cannone)) (ir_infl (VERB sparerà)) (compt (sn (DET i) (NOUN nemici))))) (f (ir_infl (VERB scapperanno)) (compin (sp (ADV fin) (ADP su) (sn (DET la) (NOUN luna))))) (PUNCT .))));;7,039560886;function
149;5;mio;mio;DET;det:poss;cannone;(ROOT (fc (f (sn (DET Lo) (PROPN Stragenerale)) (ibar (PRON si) (VERB fregava)) (compt (sn (DET le) (NOUN mani)) (sp (ADP per) (sn (DET la) (NOUN contentezza))))) (CCONJ e) (f (ibar (VERB diceva))) (dirsp (PUNCT :) (PUNCT -) (fs (SCONJ Quando) (f (sn (DET il) (sa (DET mio)) (NOUN cannone)) (ir_infl (VERB sparerà)) (compt (sn (DET i) (NOUN nemici))))) (f (ir_infl (VERB scapperanno)) (compin (sp (ADV fin) (ADP su) (sn (DET la) (NOUN luna))))) (PUNCT .))));;6,336217551;function
150;5;cannone;cannone;NOUN;nsubj;sparerà;(ROOT (fc (f (sn (DET Lo) (PROPN Stragenerale)) (ibar (PRON si) (VERB fregava)) (compt (sn (DET le) (NOUN mani)) (sp (ADP per) (sn (DET la) (NOUN contentezza))))) (CCONJ e) (f (ibar (VERB diceva))) (dirsp (PUNCT :) (PUNCT -) (fs (SCONJ Quando) (f (sn (DET il) (sa (DET mio)) (NOUN cannone)) (ir_infl (VERB sparerà)) (compt (sn (DET i) (NOUN nemici))))) (f (ir_infl (VERB scapperanno)) (compin (sp (ADV fin) (ADP su) (sn (DET la) (NOUN luna))))) (PUNCT .))));7.20 ± 2.86;3,845580985;content
151;5;sparerà;sparere;VERB;advcl;scapperanno;(ROOT (fc (f (sn (DET Lo) (PROPN Stragenerale)) (ibar (PRON si) (VERB fregava)) (compt (sn (DET le) (NOUN mani)) (sp (ADP per) (sn (DET la) (NOUN contentezza))))) (CCONJ e) (f (ibar (VERB diceva))) (dirsp (PUNCT :) (PUNCT -) (fs (SCONJ Quando) (f (sn (DET il) (sa (DET mio)) (NOUN cannone)) (ir_infl (VERB sparerà)) (compt (sn (DET i) (NOUN nemici))))) (f (ir_infl (VERB scapperanno)) (compin (sp (ADV fin) (ADP su) (sn (DET la) (NOUN luna))))) (PUNCT .))));;3,322862525;content
152;5;i;il;DET;det;nemici;(ROOT (fc (f (sn (DET Lo) (PROPN Stragenerale)) (ibar (PRON si) (VERB fregava)) (compt (sn (DET le) (NOUN mani)) (sp (ADP per) (sn (DET la) (NOUN contentezza))))) (CCONJ e) (f (ibar (VERB diceva))) (dirsp (PUNCT :) (PUNCT -) (fs (SCONJ Quando) (f (sn (DET il) (sa (DET mio)) (NOUN cannone)) (ir_infl (VERB sparerà)) (compt (sn (DET i) (NOUN nemici))))) (f (ir_infl (VERB scapperanno)) (compin (sp (ADV fin) (ADP su) (sn (DET la) (NOUN luna))))) (PUNCT .))));;6,584780852;function
153;5;nemici;nemico;NOUN;obj;sparerà;(ROOT (fc (f (sn (DET Lo) (PROPN Stragenerale)) (ibar (PRON si) (VERB fregava)) (compt (sn (DET le) (NOUN mani)) (sp (ADP per) (sn (DET la) (NOUN contentezza))))) (CCONJ e) (f (ibar (VERB diceva))) (dirsp (PUNCT :) (PUNCT -) (fs (SCONJ Quando) (f (sn (DET il) (sa (DET mio)) (NOUN cannone)) (ir_infl (VERB sparerà)) (compt (sn (DET i) (NOUN nemici))))) (f (ir_infl (VERB scapperanno)) (compin (sp (ADV fin) (ADP su) (sn (DET la) (NOUN luna))))) (PUNCT .))));;4,43371304;content
154;5;scapperanno;scappare;VERB;parataxis;fregava;(ROOT (fc (f (sn (DET Lo) (PROPN Stragenerale)) (ibar (PRON si) (VERB fregava)) (compt (sn (DET le) (NOUN mani)) (sp (ADP per) (sn (DET la) (NOUN contentezza))))) (CCONJ e) (f (ibar (VERB diceva))) (dirsp (PUNCT :) (PUNCT -) (fs (SCONJ Quando) (f (sn (DET il) (sa (DET mio)) (NOUN cannone)) (ir_infl (VERB sparerà)) (compt (sn (DET i) (NOUN nemici))))) (f (ir_infl (VERB scapperanno)) (compin (sp (ADV fin) (ADP su) (sn (DET la) (NOUN luna))))) (PUNCT .))));;2,552651066;content
155;5;fin;fino;ADV;case;luna;(ROOT (fc (f (sn (DET Lo) (PROPN Stragenerale)) (ibar (PRON si) (VERB fregava)) (compt (sn (DET le) (NOUN mani)) (sp (ADP per) (sn (DET la) (NOUN contentezza))))) (CCONJ e) (f (ibar (VERB diceva))) (dirsp (PUNCT :) (PUNCT -) (fs (SCONJ Quando) (f (sn (DET il) (sa (DET mio)) (NOUN cannone)) (ir_infl (VERB sparerà)) (compt (sn (DET i) (NOUN nemici))))) (f (ir_infl (VERB scapperanno)) (compin (sp (ADV fin) (ADP su) (sn (DET la) (NOUN luna))))) (PUNCT .))));;4,822772692;content
156;5;su;su;ADP;fixed;fin;(ROOT (fc (f (sn (DET Lo) (PROPN Stragenerale)) (ibar (PRON si) (VERB fregava)) (compt (sn (DET le) (NOUN mani)) (sp (ADP per) (sn (DET la) (NOUN contentezza))))) (CCONJ e) (f (ibar (VERB diceva))) (dirsp (PUNCT :) (PUNCT -) (fs (SCONJ Quando) (f (sn (DET il) (sa (DET mio)) (NOUN cannone)) (ir_infl (VERB sparerà)) (compt (sn (DET i) (NOUN nemici))))) (f (ir_infl (VERB scapperanno)) (compin (sp (ADV fin) (ADP su) (sn (DET la) (NOUN luna))))) (PUNCT .))));;6,000068652;function
157;5;la;il;DET;det;luna;(ROOT (fc (f (sn (DET Lo) (PROPN Stragenerale)) (ibar (PRON si) (VERB fregava)) (compt (sn (DET le) (NOUN mani)) (sp (ADP per) (sn (DET la) (NOUN contentezza))))) (CCONJ e) (f (ibar (VERB diceva))) (dirsp (PUNCT :) (PUNCT -) (fs (SCONJ Quando) (f (sn (DET il) (sa (DET mio)) (NOUN cannone)) (ir_infl (VERB sparerà)) (compt (sn (DET i) (NOUN nemici))))) (f (ir_infl (VERB scapperanno)) (compin (sp (ADV fin) (ADP su) (sn (DET la) (NOUN luna))))) (PUNCT .))));;7,055331658;function
158;5;luna;luna;NOUN;obl;scapperanno;(ROOT (fc (f (sn (DET Lo) (PROPN Stragenerale)) (ibar (PRON si) (VERB fregava)) (compt (sn (DET le) (NOUN mani)) (sp (ADP per) (sn (DET la) (NOUN contentezza))))) (CCONJ e) (f (ibar (VERB diceva))) (dirsp (PUNCT :) (PUNCT -) (fs (SCONJ Quando) (f (sn (DET il) (sa (DET mio)) (NOUN cannone)) (ir_infl (VERB sparerà)) (compt (sn (DET i) (NOUN nemici))))) (f (ir_infl (VERB scapperanno)) (compin (sp (ADV fin) (ADP su) (sn (DET la) (NOUN luna))))) (PUNCT .))));4.56 ± 1.47;4,705470983;content
159;6;ecco;ecco;ADV;advmod;momento;(ROOT (cp (ADV Ecco) (f3 (sn (DET il) (sa (ADJ gran)) (NOUN momento))) (PUNCT .)));;5,695815269;content
160;6;il;il;DET;det;momento;(ROOT (cp (ADV Ecco) (f3 (sn (DET il) (sa (ADJ gran)) (NOUN momento))) (PUNCT .)));;7,039560886;function
161;6;gran;grande;ADJ;amod;momento;(ROOT (cp (ADV Ecco) (f3 (sn (DET il) (sa (ADJ gran)) (NOUN momento))) (PUNCT .)));4.64 ± 2.04;5,00500427;content
162;6;momento;momento;NOUN;root;ROOT;(ROOT (cp (ADV Ecco) (f3 (sn (DET il) (sa (ADJ gran)) (NOUN momento))) (PUNCT .)));5.96 ± 2.85;5,627006329;content
163;7;il;il;DET;det;cannonissimo;(ROOT (f (sn (DET Il) (NOUN cannonissimo)) (ibar (AUX era) (VERB puntato)) (compin (sp (ADP su) (sn (DET i) (NOUN nemici) (PUNCT .))))));;7,039560886;function
164;7;cannonissimo;cannone;NOUN;nsubj;puntato;(ROOT (f (sn (DET Il) (NOUN cannonissimo)) (ibar (AUX era) (VERB puntato)) (compin (sp (ADP su) (sn (DET i) (NOUN nemici) (PUNCT .))))));7.20 ± 2.86;;content
165;7;era;essere;AUX;aux;puntato;(ROOT (f (sn (DET Il) (NOUN cannonissimo)) (ibar (AUX era) (VERB puntato)) (compin (sp (ADP su) (sn (DET i) (NOUN nemici) (PUNCT .))))));;6,283626334;function
166;7;puntato;puntare;VERB;root;ROOT;(ROOT (f (sn (DET Il) (NOUN cannonissimo)) (ibar (AUX era) (VERB puntato)) (compin (sp (ADP su) (sn (DET i) (NOUN nemici) (PUNCT .))))));;3,902730459;content
167;7;su;su;ADP;case;nemici;(ROOT (f (sn (DET Il) (NOUN cannonissimo)) (ibar (AUX era) (VERB puntato)) (compin (sp (ADP su) (sn (DET i) (NOUN nemici) (PUNCT .))))));;6,000068652;function
168;7;i;il;DET;det;nemici;(ROOT (f (sn (DET Il) (NOUN cannonissimo)) (ibar (AUX era) (VERB puntato)) (compin (sp (ADP su) (sn (DET i) (NOUN nemici) (PUNCT .))))));;6,584780852;function
169;7;nemici;nemico;NOUN;obl;puntato;(ROOT (f (sn (DET Il) (NOUN cannonissimo)) (ibar (AUX era) (VERB puntato)) (compin (sp (ADP su) (sn (DET i) (NOUN nemici) (PUNCT .))))));;4,43371304;content
170;8;noi;noi;PRON;nsubj;riempiti;(ROOT (f (sn (PRON Noi)) (ibar (PRON ci) (AUX eravamo) (VERB riempiti)) (compt (sn (DET le) (NOUN orecchie) (spd (ADP di) (sn (NOUN ovatta))))) (PUNCT ,) (fs (SCONJ perché) (f (sn (DET il) (NOUN frastuono)) (ibar (AUX poteva) (VERB romperci)) (compt (coord (sn (DET i) (NOUN timpani)) (CCONJ e) (sn (DET la) (NOUN tromba) (spd (ADP di) (sn (PROPN Eustachio) (PUNCT .))))))))));;5,985902456;function
171;8;ci;ci;PRON;expl;riempiti;(ROOT (f (sn (PRON Noi)) (ibar (PRON ci) (AUX eravamo) (VERB riempiti)) (compt (sn (DET le) (NOUN orecchie) (spd (ADP di) (sn (NOUN ovatta))))) (PUNCT ,) (fs (SCONJ perché) (f (sn (DET il) (NOUN frastuono)) (ibar (AUX poteva) (VERB romperci)) (compt (coord (sn (DET i) (NOUN timpani)) (CCONJ e) (sn (DET la) (NOUN tromba) (spd (ADP di) (sn (PROPN Eustachio) (PUNCT .))))))))));;6,517126939;function
172;8;eravamo;essere;AUX;aux;riempiti;(ROOT (f (sn (PRON Noi)) (ibar (PRON ci) (AUX eravamo) (VERB riempiti)) (compt (sn (DET le) (NOUN orecchie) (spd (ADP di) (sn (NOUN ovatta))))) (PUNCT ,) (fs (SCONJ perché) (f (sn (DET il) (NOUN frastuono)) (ibar (AUX poteva) (VERB romperci)) (compt (coord (sn (DET i) (NOUN timpani)) (CCONJ e) (sn (DET la) (NOUN tromba) (spd (ADP di) (sn (PROPN Eustachio) (PUNCT .))))))))));;5,019679769;function
173;8;riempiti;riempire;VERB;root;ROOT;(ROOT (f (sn (PRON Noi)) (ibar (PRON ci) (AUX eravamo) (VERB riempiti)) (compt (sn (DET le) (NOUN orecchie) (spd (ADP di) (sn (NOUN ovatta))))) (PUNCT ,) (fs (SCONJ perché) (f (sn (DET il) (NOUN frastuono)) (ibar (AUX poteva) (VERB romperci)) (compt (coord (sn (DET i) (NOUN timpani)) (CCONJ e) (sn (DET la) (NOUN tromba) (spd (ADP di) (sn (PROPN Eustachio) (PUNCT .))))))))));;2,863021088;content
174;8;le;il;DET;det;orecchie;(ROOT (f (sn (PRON Noi)) (ibar (PRON ci) (AUX eravamo) (VERB riempiti)) (compt (sn (DET le) (NOUN orecchie) (spd (ADP di) (sn (NOUN ovatta))))) (PUNCT ,) (fs (SCONJ perché) (f (sn (DET il) (NOUN frastuono)) (ibar (AUX poteva) (VERB romperci)) (compt (coord (sn (DET i) (NOUN timpani)) (CCONJ e) (sn (DET la) (NOUN tromba) (spd (ADP di) (sn (PROPN Eustachio) (PUNCT .))))))))));;6,624997683;function
175;8;orecchie;orecchia;NOUN;obj;riempiti;(ROOT (f (sn (PRON Noi)) (ibar (PRON ci) (AUX eravamo) (VERB riempiti)) (compt (sn (DET le) (NOUN orecchie) (spd (ADP di) (sn (NOUN ovatta))))) (PUNCT ,) (fs (SCONJ perché) (f (sn (DET il) (NOUN frastuono)) (ibar (AUX poteva) (VERB romperci)) (compt (coord (sn (DET i) (NOUN timpani)) (CCONJ e) (sn (DET la) (NOUN tromba) (spd (ADP di) (sn (PROPN Eustachio) (PUNCT .))))))))));;4,40483924;content
176;8;di;di;ADP;case;ovatta;(ROOT (f (sn (PRON Noi)) (ibar (PRON ci) (AUX eravamo) (VERB riempiti)) (compt (sn (DET le) (NOUN orecchie) (spd (ADP di) (sn (NOUN ovatta))))) (PUNCT ,) (fs (SCONJ perché) (f (sn (DET il) (NOUN frastuono)) (ibar (AUX poteva) (VERB romperci)) (compt (coord (sn (DET i) (NOUN timpani)) (CCONJ e) (sn (DET la) (NOUN tromba) (spd (ADP di) (sn (PROPN Eustachio) (PUNCT .))))))))));;7,232814475;function
177;8;ovatta;ovatta;NOUN;nmod;orecchie;(ROOT (f (sn (PRON Noi)) (ibar (PRON ci) (AUX eravamo) (VERB riempiti)) (compt (sn (DET le) (NOUN orecchie) (spd (ADP di) (sn (NOUN ovatta))))) (PUNCT ,) (fs (SCONJ perché) (f (sn (DET il) (NOUN frastuono)) (ibar (AUX poteva) (VERB romperci)) (compt (coord (sn (DET i) (NOUN timpani)) (CCONJ e) (sn (DET la) (NOUN tromba) (spd (ADP di) (sn (PROPN Eustachio) (PUNCT .))))))))));6.38 ± 1.97;2,120342156;content
178;8;perché;perché;SCONJ;mark;romperci;(ROOT (f (sn (PRON Noi)) (ibar (PRON ci) (AUX eravamo) (VERB riempiti)) (compt (sn (DET le) (NOUN orecchie) (spd (ADP di) (sn (NOUN ovatta))))) (PUNCT ,) (fs (SCONJ perché) (f (sn (DET il) (NOUN frastuono)) (ibar (AUX poteva) (VERB romperci)) (compt (coord (sn (DET i) (NOUN timpani)) (CCONJ e) (sn (DET la) (NOUN tromba) (spd (ADP di) (sn (PROPN Eustachio) (PUNCT .))))))))));;5,965637226;function
179;8;il;il;DET;det;frastuono;(ROOT (f (sn (PRON Noi)) (ibar (PRON ci) (AUX eravamo) (VERB riempiti)) (compt (sn (DET le) (NOUN orecchie) (spd (ADP di) (sn (NOUN ovatta))))) (PUNCT ,) (fs (SCONJ perché) (f (sn (DET il) (NOUN frastuono)) (ibar (AUX poteva) (VERB romperci)) (compt (coord (sn (DET i) (NOUN timpani)) (CCONJ e) (sn (DET la) (NOUN tromba) (spd (ADP di) (sn (PROPN Eustachio) (PUNCT .))))))))));;7,039560886;function
180;8;frastuono;frastuono;NOUN;nsubj;romperci;(ROOT (f (sn (PRON Noi)) (ibar (PRON ci) (AUX eravamo) (VERB riempiti)) (compt (sn (DET le) (NOUN orecchie) (spd (ADP di) (sn (NOUN ovatta))))) (PUNCT ,) (fs (SCONJ perché) (f (sn (DET il) (NOUN frastuono)) (ibar (AUX poteva) (VERB romperci)) (compt (coord (sn (DET i) (NOUN timpani)) (CCONJ e) (sn (DET la) (NOUN tromba) (spd (ADP di) (sn (PROPN Eustachio) (PUNCT .))))))))));;2,759124954;content
181;8;poteva;potere;AUX;aux;romperci;(ROOT (f (sn (PRON Noi)) (ibar (PRON ci) (AUX eravamo) (VERB riempiti)) (compt (sn (DET le) (NOUN orecchie) (spd (ADP di) (sn (NOUN ovatta))))) (PUNCT ,) (fs (SCONJ perché) (f (sn (DET il) (NOUN frastuono)) (ibar (AUX poteva) (VERB romperci)) (compt (coord (sn (DET i) (NOUN timpani)) (CCONJ e) (sn (DET la) (NOUN tromba) (spd (ADP di) (sn (PROPN Eustachio) (PUNCT .))))))))));;4,87822919;function
182;8;romperci;rompere;VERB;advcl;riempiti;(ROOT (f (sn (PRON Noi)) (ibar (PRON ci) (AUX eravamo) (VERB riempiti)) (compt (sn (DET le) (NOUN orecchie) (spd (ADP di) (sn (NOUN ovatta))))) (PUNCT ,) (fs (SCONJ perché) (f (sn (DET il) (NOUN frastuono)) (ibar (AUX poteva) (VERB romperci)) (compt (coord (sn (DET i) (NOUN timpani)) (CCONJ e) (sn (DET la) (NOUN tromba) (spd (ADP di) (sn (PROPN Eustachio) (PUNCT .))))))))));4.08 ± 2.71;2,304866582;content
183;8;i;il;DET;det;timpani;(ROOT (f (sn (PRON Noi)) (ibar (PRON ci) (AUX eravamo) (VERB riempiti)) (compt (sn (DET le) (NOUN orecchie) (spd (ADP di) (sn (NOUN ovatta))))) (PUNCT ,) (fs (SCONJ perché) (f (sn (DET il) (NOUN frastuono)) (ibar (AUX poteva) (VERB romperci)) (compt (coord (sn (DET i) (NOUN timpani)) (CCONJ e) (sn (DET la) (NOUN tromba) (spd (ADP di) (sn (PROPN Eustachio) (PUNCT .))))))))));;6,584780852;function
184;8;timpani;timpano;NOUN;obj;romperci;(ROOT (f (sn (PRON Noi)) (ibar (PRON ci) (AUX eravamo) (VERB riempiti)) (compt (sn (DET le) (NOUN orecchie) (spd (ADP di) (sn (NOUN ovatta))))) (PUNCT ,) (fs (SCONJ perché) (f (sn (DET il) (NOUN frastuono)) (ibar (AUX poteva) (VERB romperci)) (compt (coord (sn (DET i) (NOUN timpani)) (CCONJ e) (sn (DET la) (NOUN tromba) (spd (ADP di) (sn (PROPN Eustachio) (PUNCT .))))))))));;2,894214608;content
185;8;e;e;CCONJ;cc;tromba;(ROOT (f (sn (PRON Noi)) (ibar (PRON ci) (AUX eravamo) (VERB riempiti)) (compt (sn (DET le) (NOUN orecchie) (spd (ADP di) (sn (NOUN ovatta))))) (PUNCT ,) (fs (SCONJ perché) (f (sn (DET il) (NOUN frastuono)) (ibar (AUX poteva) (VERB romperci)) (compt (coord (sn (DET i) (NOUN timpani)) (CCONJ e) (sn (DET la) (NOUN tromba) (spd (ADP di) (sn (PROPN Eustachio) (PUNCT .))))))))));;2,741151583;function
186;8;la;il;DET;det;tromba;(ROOT (f (sn (PRON Noi)) (ibar (PRON ci) (AUX eravamo) (VERB riempiti)) (compt (sn (DET le) (NOUN orecchie) (spd (ADP di) (sn (NOUN ovatta))))) (PUNCT ,) (fs (SCONJ perché) (f (sn (DET il) (NOUN frastuono)) (ibar (AUX poteva) (VERB romperci)) (compt (coord (sn (DET i) (NOUN timpani)) (CCONJ e) (sn (DET la) (NOUN tromba) (spd (ADP di) (sn (PROPN Eustachio) (PUNCT .))))))))));;7,055331658;function
187;8;tromba;tromba;NOUN;conj;timpani;(ROOT (f (sn (PRON Noi)) (ibar (PRON ci) (AUX eravamo) (VERB riempiti)) (compt (sn (DET le) (NOUN orecchie) (spd (ADP di) (sn (NOUN ovatta))))) (PUNCT ,) (fs (SCONJ perché) (f (sn (DET il) (NOUN frastuono)) (ibar (AUX poteva) (VERB romperci)) (compt (coord (sn (DET i) (NOUN timpani)) (CCONJ e) (sn (DET la) (NOUN tromba) (spd (ADP di) (sn (PROPN Eustachio) (PUNCT .))))))))));5.08 ± 1.47;3,604222994;content
188;8;di;di;ADP;case;Eustachio;(ROOT (f (sn (PRON Noi)) (ibar (PRON ci) (AUX eravamo) (VERB riempiti)) (compt (sn (DET le) (NOUN orecchie) (spd (ADP di) (sn (NOUN ovatta))))) (PUNCT ,) (fs (SCONJ perché) (f (sn (DET il) (NOUN frastuono)) (ibar (AUX poteva) (VERB romperci)) (compt (coord (sn (DET i) (NOUN timpani)) (CCONJ e) (sn (DET la) (NOUN tromba) (spd (ADP di) (sn (PROPN Eustachio) (PUNCT .))))))))));;7,232814475;function
189;8;eustachio;Eustachio;PROPN;nmod;tromba;(ROOT (f (sn (PRON Noi)) (ibar (PRON ci) (AUX eravamo) (VERB riempiti)) (compt (sn (DET le) (NOUN orecchie) (spd (ADP di) (sn (NOUN ovatta))))) (PUNCT ,) (fs (SCONJ perché) (f (sn (DET il) (NOUN frastuono)) (ibar (AUX poteva) (VERB romperci)) (compt (coord (sn (DET i) (NOUN timpani)) (CCONJ e) (sn (DET la) (NOUN tromba) (spd (ADP di) (sn (PROPN Eustachio) (PUNCT .))))))))));;;content
190;9;lo;il;DET;det;Stragenerale;(ROOT (f (sn (DET Lo) (PROPN Stragenerale) (PROPN Bombone) (PROPN Sparone) (PROPN Pestafracassone)) (ibar (VERB ordinò)) (PUNCT :) (PUNCT -) (sn (NOUN Fuoco)) (PUNCT !)));;6,655915487;function
191;9;stragenerale;Stragenerale;PROPN;nsubj;ordinò;(ROOT (f (sn (DET Lo) (PROPN Stragenerale) (PROPN Bombone) (PROPN Sparone) (PROPN Pestafracassone)) (ibar (VERB ordinò)) (PUNCT :) (PUNCT -) (sn (NOUN Fuoco)) (PUNCT !)));;;content
192;9;bombone;Bombone;PROPN;flat:name;Stragenerale;(ROOT (f (sn (DET Lo) (PROPN Stragenerale) (PROPN Bombone) (PROPN Sparone) (PROPN Pestafracassone)) (ibar (VERB ordinò)) (PUNCT :) (PUNCT -) (sn (NOUN Fuoco)) (PUNCT !)));;;content
193;9;sparone;Sparone;PROPN;flat:name;Stragenerale;(ROOT (f (sn (DET Lo) (PROPN Stragenerale) (PROPN Bombone) (PROPN Sparone) (PROPN Pestafracassone)) (ibar (VERB ordinò)) (PUNCT :) (PUNCT -) (sn (NOUN Fuoco)) (PUNCT !)));;1,19092323;content
194;9;pestafracassone;Pestafracassone;PROPN;flat:name;Stragenerale;(ROOT (f (sn (DET Lo) (PROPN Stragenerale) (PROPN Bombone) (PROPN Sparone) (PROPN Pestafracassone)) (ibar (VERB ordinò)) (PUNCT :) (PUNCT -) (sn (NOUN Fuoco)) (PUNCT !)));;;content
195;9;ordinò;ordinare;VERB;root;ROOT;(ROOT (f (sn (DET Lo) (PROPN Stragenerale) (PROPN Bombone) (PROPN Sparone) (PROPN Pestafracassone)) (ibar (VERB ordinò)) (PUNCT :) (PUNCT -) (sn (NOUN Fuoco)) (PUNCT !)));;3,19092323;content
196;9;fuoco;fuoco;NOUN;parataxis;ordinò;(ROOT (f (sn (DET Lo) (PROPN Stragenerale) (PROPN Bombone) (PROPN Sparone) (PROPN Pestafracassone)) (ibar (VERB ordinò)) (PUNCT :) (PUNCT -) (sn (NOUN Fuoco)) (PUNCT !)));4.40 ± 2.87;5,109241952;content
197;10;un;uno;DET;det;artigliere;(ROOT (f (sn (DET Un) (NOUN artigliere)) (ibar (VERB premette)) (compt (sn (DET un) (NOUN pulsante) (PUNCT .)))));;7,065833912;function
198;10;artigliere;artigliere;NOUN;nsubj;premette;(ROOT (f (sn (DET Un) (NOUN artigliere)) (ibar (VERB premette)) (compt (sn (DET un) (NOUN pulsante) (PUNCT .)))));;2,93128592;content
199;10;premette;premettere;VERB;root;ROOT;(ROOT (f (sn (DET Un) (NOUN artigliere)) (ibar (VERB premette)) (compt (sn (DET un) (NOUN pulsante) (PUNCT .)))));;2,381254928;content
200;10;un;uno;DET;det;pulsante;(ROOT (f (sn (DET Un) (NOUN artigliere)) (ibar (VERB premette)) (compt (sn (DET un) (NOUN pulsante) (PUNCT .)))));;7,065833912;function
201;10;pulsante;pulsante;NOUN;obj;premette;(ROOT (f (sn (DET Un) (NOUN artigliere)) (ibar (VERB premette)) (compt (sn (DET un) (NOUN pulsante) (PUNCT .)))));;3,918057654;content
202;11;e;e;CCONJ;cc;udì;(ROOT (fc (CCONJ E) (cp (savv (ADP d') (ADJ improvviso)) (fp (PUNCT ,) (spda (ADP da) (sn (DET un) (NOUN capo) (sp (ADP a) (sn (DET l') (PRON altro))) (spd (ADP di) (sn (DET il) (NOUN fronte))))) (PUNCT ,)) (f (ibar (PRON si) (VERB udì)) (compt (sn (DET un) (sa (ADJ gigantesco)) (NOUN scampanio))))) (PUNCT :) (PUNCT -) (sn (PROPN Din!) (PROPN Don!) (PROPN Dan)) (PUNCT !)));;2,741151583;function
203;11;d;di;ADP;case;improvviso;(ROOT (fc (CCONJ E) (cp (savv (ADP d') (ADJ improvviso)) (fp (PUNCT ,) (spda (ADP da) (sn (DET un) (NOUN capo) (sp (ADP a) (sn (DET l') (PRON altro))) (spd (ADP di) (sn (DET il) (NOUN fronte))))) (PUNCT ,)) (f (ibar (PRON si) (VERB udì)) (compt (sn (DET un) (sa (ADJ gigantesco)) (NOUN scampanio))))) (PUNCT :) (PUNCT -) (sn (PROPN Din!) (PROPN Don!) (PROPN Dan)) (PUNCT !)));;5,87641417;function
204;11;improvviso;improvviso;ADJ;obl;udì;(ROOT (fc (CCONJ E) (cp (savv (ADP d') (ADJ improvviso)) (fp (PUNCT ,) (spda (ADP da) (sn (DET un) (NOUN capo) (sp (ADP a) (sn (DET l') (PRON altro))) (spd (ADP di) (sn (DET il) (NOUN fronte))))) (PUNCT ,)) (f (ibar (PRON si) (VERB udì)) (compt (sn (DET un) (sa (ADJ gigantesco)) (NOUN scampanio))))) (PUNCT :) (PUNCT -) (sn (PROPN Din!) (PROPN Don!) (PROPN Dan)) (PUNCT !)));;4,516644088;content
205;11;da;da;ADP;case;capo;(ROOT (fc (CCONJ E) (cp (savv (ADP d') (ADJ improvviso)) (fp (PUNCT ,) (spda (ADP da) (sn (DET un) (NOUN capo) (sp (ADP a) (sn (DET l') (PRON altro))) (spd (ADP di) (sn (DET il) (NOUN fronte))))) (PUNCT ,)) (f (ibar (PRON si) (VERB udì)) (compt (sn (DET un) (sa (ADJ gigantesco)) (NOUN scampanio))))) (PUNCT :) (PUNCT -) (sn (PROPN Din!) (PROPN Don!) (PROPN Dan)) (PUNCT !)));;6,577812618;function
206;11;un;uno;DET;det;capo;(ROOT (fc (CCONJ E) (cp (savv (ADP d') (ADJ improvviso)) (fp (PUNCT ,) (spda (ADP da) (sn (DET un) (NOUN capo) (sp (ADP a) (sn (DET l') (PRON altro))) (spd (ADP di) (sn (DET il) (NOUN fronte))))) (PUNCT ,)) (f (ibar (PRON si) (VERB udì)) (compt (sn (DET un) (sa (ADJ gigantesco)) (NOUN scampanio))))) (PUNCT :) (PUNCT -) (sn (PROPN Din!) (PROPN Don!) (PROPN Dan)) (PUNCT !)));;7,065833912;function
207;11;capo;capo;NOUN;obl;udì;(ROOT (fc (CCONJ E) (cp (savv (ADP d') (ADJ improvviso)) (fp (PUNCT ,) (spda (ADP da) (sn (DET un) (NOUN capo) (sp (ADP a) (sn (DET l') (PRON altro))) (spd (ADP di) (sn (DET il) (NOUN fronte))))) (PUNCT ,)) (f (ibar (PRON si) (VERB udì)) (compt (sn (DET un) (sa (ADJ gigantesco)) (NOUN scampanio))))) (PUNCT :) (PUNCT -) (sn (PROPN Din!) (PROPN Don!) (PROPN Dan)) (PUNCT !)));;5,409077839;content
208;11;a;a;ADP;case;altro;(ROOT (fc (CCONJ E) (cp (savv (ADP d') (ADJ improvviso)) (fp (PUNCT ,) (spda (ADP da) (sn (DET un) (NOUN capo) (sp (ADP a) (sn (DET l') (PRON altro))) (spd (ADP di) (sn (DET il) (NOUN fronte))))) (PUNCT ,)) (f (ibar (PRON si) (VERB udì)) (compt (sn (DET un) (sa (ADJ gigantesco)) (NOUN scampanio))))) (PUNCT :) (PUNCT -) (sn (PROPN Din!) (PROPN Don!) (PROPN Dan)) (PUNCT !)));;7,004335738;function
209;11;l;il;DET;det;altro;(ROOT (fc (CCONJ E) (cp (savv (ADP d') (ADJ improvviso)) (fp (PUNCT ,) (spda (ADP da) (sn (DET un) (NOUN capo) (sp (ADP a) (sn (DET l') (PRON altro))) (spd (ADP di) (sn (DET il) (NOUN fronte))))) (PUNCT ,)) (f (ibar (PRON si) (VERB udì)) (compt (sn (DET un) (sa (ADJ gigantesco)) (NOUN scampanio))))) (PUNCT :) (PUNCT -) (sn (PROPN Din!) (PROPN Don!) (PROPN Dan)) (PUNCT !)));;6,640107629;function
210;11;altro;altro;PRON;nmod;capo;(ROOT (fc (CCONJ E) (cp (savv (ADP d') (ADJ improvviso)) (fp (PUNCT ,) (spda (ADP da) (sn (DET un) (NOUN capo) (sp (ADP a) (sn (DET l') (PRON altro))) (spd (ADP di) (sn (DET il) (NOUN fronte))))) (PUNCT ,)) (f (ibar (PRON si) (VERB udì)) (compt (sn (DET un) (sa (ADJ gigantesco)) (NOUN scampanio))))) (PUNCT :) (PUNCT -) (sn (PROPN Din!) (PROPN Don!) (PROPN Dan)) (PUNCT !)));;5,925371002;function
211;11;di;di;ADP;case;fronte;(ROOT (fc (CCONJ E) (cp (savv (ADP d') (ADJ improvviso)) (fp (PUNCT ,) (spda (ADP da) (sn (DET un) (NOUN capo) (sp (ADP a) (sn (DET l') (PRON altro))) (spd (ADP di) (sn (DET il) (NOUN fronte))))) (PUNCT ,)) (f (ibar (PRON si) (VERB udì)) (compt (sn (DET un) (sa (ADJ gigantesco)) (NOUN scampanio))))) (PUNCT :) (PUNCT -) (sn (PROPN Din!) (PROPN Don!) (PROPN Dan)) (PUNCT !)));;7,232814475;function
212;11;il;il;DET;det;fronte;(ROOT (fc (CCONJ E) (cp (savv (ADP d') (ADJ improvviso)) (fp (PUNCT ,) (spda (ADP da) (sn (DET un) (NOUN capo) (sp (ADP a) (sn (DET l') (PRON altro))) (spd (ADP di) (sn (DET il) (NOUN fronte))))) (PUNCT ,)) (f (ibar (PRON si) (VERB udì)) (compt (sn (DET un) (sa (ADJ gigantesco)) (NOUN scampanio))))) (PUNCT :) (PUNCT -) (sn (PROPN Din!) (PROPN Don!) (PROPN Dan)) (PUNCT !)));;7,039560886;function
213;11;fronte;fronte;NOUN;nmod;capo;(ROOT (fc (CCONJ E) (cp (savv (ADP d') (ADJ improvviso)) (fp (PUNCT ,) (spda (ADP da) (sn (DET un) (NOUN capo) (sp (ADP a) (sn (DET l') (PRON altro))) (spd (ADP di) (sn (DET il) (NOUN fronte))))) (PUNCT ,)) (f (ibar (PRON si) (VERB udì)) (compt (sn (DET un) (sa (ADJ gigantesco)) (NOUN scampanio))))) (PUNCT :) (PUNCT -) (sn (PROPN Din!) (PROPN Don!) (PROPN Dan)) (PUNCT !)));;4,826054975;content
214;11;si;si;PRON;expl;udì;(ROOT (fc (CCONJ E) (cp (savv (ADP d') (ADJ improvviso)) (fp (PUNCT ,) (spda (ADP da) (sn (DET un) (NOUN capo) (sp (ADP a) (sn (DET l') (PRON altro))) (spd (ADP di) (sn (DET il) (NOUN fronte))))) (PUNCT ,)) (f (ibar (PRON si) (VERB udì)) (compt (sn (DET un) (sa (ADJ gigantesco)) (NOUN scampanio))))) (PUNCT :) (PUNCT -) (sn (PROPN Din!) (PROPN Don!) (PROPN Dan)) (PUNCT !)));;6,553884221;function
215;11;udì;udire;VERB;root;ROOT;(ROOT (fc (CCONJ E) (cp (savv (ADP d') (ADJ improvviso)) (fp (PUNCT ,) (spda (ADP da) (sn (DET un) (NOUN capo) (sp (ADP a) (sn (DET l') (PRON altro))) (spd (ADP di) (sn (DET il) (NOUN fronte))))) (PUNCT ,)) (f (ibar (PRON si) (VERB udì)) (compt (sn (DET un) (sa (ADJ gigantesco)) (NOUN scampanio))))) (PUNCT :) (PUNCT -) (sn (PROPN Din!) (PROPN Don!) (PROPN Dan)) (PUNCT !)));;2,270104476;content
216;11;un;uno;DET;det;scampanio;(ROOT (fc (CCONJ E) (cp (savv (ADP d') (ADJ improvviso)) (fp (PUNCT ,) (spda (ADP da) (sn (DET un) (NOUN capo) (sp (ADP a) (sn (DET l') (PRON altro))) (spd (ADP di) (sn (DET il) (NOUN fronte))))) (PUNCT ,)) (f (ibar (PRON si) (VERB udì)) (compt (sn (DET un) (sa (ADJ gigantesco)) (NOUN scampanio))))) (PUNCT :) (PUNCT -) (sn (PROPN Din!) (PROPN Don!) (PROPN Dan)) (PUNCT !)));;7,065833912;function
217;11;gigantesco;gigantesco;ADJ;amod;scampanio;(ROOT (fc (CCONJ E) (cp (savv (ADP d') (ADJ improvviso)) (fp (PUNCT ,) (spda (ADP da) (sn (DET un) (NOUN capo) (sp (ADP a) (sn (DET l') (PRON altro))) (spd (ADP di) (sn (DET il) (NOUN fronte))))) (PUNCT ,)) (f (ibar (PRON si) (VERB udì)) (compt (sn (DET un) (sa (ADJ gigantesco)) (NOUN scampanio))))) (PUNCT :) (PUNCT -) (sn (PROPN Din!) (PROPN Don!) (PROPN Dan)) (PUNCT !)));;3,547904631;content
218;11;scampanio;scampanio;NOUN;nsubj;udì;(ROOT (fc (CCONJ E) (cp (savv (ADP d') (ADJ improvviso)) (fp (PUNCT ,) (spda (ADP da) (sn (DET un) (NOUN capo) (sp (ADP a) (sn (DET l') (PRON altro))) (spd (ADP di) (sn (DET il) (NOUN fronte))))) (PUNCT ,)) (f (ibar (PRON si) (VERB udì)) (compt (sn (DET un) (sa (ADJ gigantesco)) (NOUN scampanio))))) (PUNCT :) (PUNCT -) (sn (PROPN Din!) (PROPN Don!) (PROPN Dan)) (PUNCT !)));;1,588863239;content
219;11;din;Din;PROPN;parataxis;udì;(ROOT (fc (CCONJ E) (cp (savv (ADP d') (ADJ improvviso)) (fp (PUNCT ,) (spda (ADP da) (sn (DET un) (NOUN capo) (sp (ADP a) (sn (DET l') (PRON altro))) (spd (ADP di) (sn (DET il) (NOUN fronte))))) (PUNCT ,)) (f (ibar (PRON si) (VERB udì)) (compt (sn (DET un) (sa (ADJ gigantesco)) (NOUN scampanio))))) (PUNCT :) (PUNCT -) (sn (PROPN Din!) (PROPN Don!) (PROPN Dan)) (PUNCT !)));;1,19092323;content
220;11;don;Don;PROPN;flat:name;Din!;(ROOT (fc (CCONJ E) (cp (savv (ADP d') (ADJ improvviso)) (fp (PUNCT ,) (spda (ADP da) (sn (DET un) (NOUN capo) (sp (ADP a) (sn (DET l') (PRON altro))) (spd (ADP di) (sn (DET il) (NOUN fronte))))) (PUNCT ,)) (f (ibar (PRON si) (VERB udì)) (compt (sn (DET un) (sa (ADJ gigantesco)) (NOUN scampanio))))) (PUNCT :) (PUNCT -) (sn (PROPN Din!) (PROPN Don!) (PROPN Dan)) (PUNCT !)));;2,065984493;content
221;11;dan;Dan;PROPN;flat:name;Din!;(ROOT (fc (CCONJ E) (cp (savv (ADP d') (ADJ improvviso)) (fp (PUNCT ,) (spda (ADP da) (sn (DET un) (NOUN capo) (sp (ADP a) (sn (DET l') (PRON altro))) (spd (ADP di) (sn (DET il) (NOUN fronte))))) (PUNCT ,)) (f (ibar (PRON si) (VERB udì)) (compt (sn (DET un) (sa (ADJ gigantesco)) (NOUN scampanio))))) (PUNCT :) (PUNCT -) (sn (PROPN Din!) (PROPN Don!) (PROPN Dan)) (PUNCT !)));;1,844135744;content
222;12;noi;noi;PRON;nsubj;levammo;(ROOT (f (sn (PRON Noi)) (ibar (PRON ci) (VERB levammo)) (compt (sn (DET l') (NOUN ovatta)) (spda (ADP da) (sn (DET le) (NOUN orecchie))) (sp (ADP per) (sv2 (VERB sentir) (compin (savv (ADV meglio)))))) (PUNCT .)));;5,985902456;function
223;12;ci;ci;PRON;expl;levammo;(ROOT (f (sn (PRON Noi)) (ibar (PRON ci) (VERB levammo)) (compt (sn (DET l') (NOUN ovatta)) (spda (ADP da) (sn (DET le) (NOUN orecchie))) (sp (ADP per) (sv2 (VERB sentir) (compin (savv (ADV meglio)))))) (PUNCT .)));;6,517126939;function
224;12;levammo;levare;VERB;root;ROOT;(ROOT (f (sn (PRON Noi)) (ibar (PRON ci) (VERB levammo)) (compt (sn (DET l') (NOUN ovatta)) (spda (ADP da) (sn (DET le) (NOUN orecchie))) (sp (ADP per) (sv2 (VERB sentir) (compin (savv (ADV meglio)))))) (PUNCT .)));4.96 ± 2.17;1,19092323;content
225;12;l;il;DET;det;ovatta;(ROOT (f (sn (PRON Noi)) (ibar (PRON ci) (VERB levammo)) (compt (sn (DET l') (NOUN ovatta)) (spda (ADP da) (sn (DET le) (NOUN orecchie))) (sp (ADP per) (sv2 (VERB sentir) (compin (savv (ADV meglio)))))) (PUNCT .)));;6,640107629;function
226;12;ovatta;ovatta;NOUN;obj;levammo;(ROOT (f (sn (PRON Noi)) (ibar (PRON ci) (VERB levammo)) (compt (sn (DET l') (NOUN ovatta)) (spda (ADP da) (sn (DET le) (NOUN orecchie))) (sp (ADP per) (sv2 (VERB sentir) (compin (savv (ADV meglio)))))) (PUNCT .)));6.38 ± 1.97;2,120342156;content
227;12;da;da;ADP;case;orecchie;(ROOT (f (sn (PRON Noi)) (ibar (PRON ci) (VERB levammo)) (compt (sn (DET l') (NOUN ovatta)) (spda (ADP da) (sn (DET le) (NOUN orecchie))) (sp (ADP per) (sv2 (VERB sentir) (compin (savv (ADV meglio)))))) (PUNCT .)));;6,577812618;function
228;12;le;il;DET;det;orecchie;(ROOT (f (sn (PRON Noi)) (ibar (PRON ci) (VERB levammo)) (compt (sn (DET l') (NOUN ovatta)) (spda (ADP da) (sn (DET le) (NOUN orecchie))) (sp (ADP per) (sv2 (VERB sentir) (compin (savv (ADV meglio)))))) (PUNCT .)));;6,624997683;function
229;12;orecchie;orecchia;NOUN;obl;levammo;(ROOT (f (sn (PRON Noi)) (ibar (PRON ci) (VERB levammo)) (compt (sn (DET l') (NOUN ovatta)) (spda (ADP da) (sn (DET le) (NOUN orecchie))) (sp (ADP per) (sv2 (VERB sentir) (compin (savv (ADV meglio)))))) (PUNCT .)));;4,40483924;content
230;12;per;per;ADP;mark;sentir;(ROOT (f (sn (PRON Noi)) (ibar (PRON ci) (VERB levammo)) (compt (sn (DET l') (NOUN ovatta)) (spda (ADP da) (sn (DET le) (NOUN orecchie))) (sp (ADP per) (sv2 (VERB sentir) (compin (savv (ADV meglio)))))) (PUNCT .)));;6,912435835;function
231;12;sentir;sentire;VERB;advcl;levammo;(ROOT (f (sn (PRON Noi)) (ibar (PRON ci) (VERB levammo)) (compt (sn (DET l') (NOUN ovatta)) (spda (ADP da) (sn (DET le) (NOUN orecchie))) (sp (ADP per) (sv2 (VERB sentir) (compin (savv (ADV meglio)))))) (PUNCT .)));4.24 ± 1.67;3,530374671;content
232;12;meglio;meglio;ADV;advmod;sentir;(ROOT (f (sn (PRON Noi)) (ibar (PRON ci) (VERB levammo)) (compt (sn (DET l') (NOUN ovatta)) (spda (ADP da) (sn (DET le) (NOUN orecchie))) (sp (ADP per) (sv2 (VERB sentir) (compin (savv (ADV meglio)))))) (PUNCT .)));;5,752066371;content
233;13;din;Din;PROPN;vocative;tuonava;(ROOT (f3 (PUNCT -) (sn (PROPN Din!) (PROPN Don)) (PUNCT !) (sn (INTJ Dan!)) (PUNCT -) (f (ibar (VERB tuonava)) (compin (sn (DET il) (NOUN cannonissimo) (PUNCT .))))));;1,19092323;content
234;13;don;Don;PROPN;flat:name;Din!;(ROOT (f3 (PUNCT -) (sn (PROPN Din!) (PROPN Don)) (PUNCT !) (sn (INTJ Dan!)) (PUNCT -) (f (ibar (VERB tuonava)) (compin (sn (DET il) (NOUN cannonissimo) (PUNCT .))))));;2,065984493;content
235;13;dan;Dan;INTJ;discourse;tuonava;(ROOT (f3 (PUNCT -) (sn (PROPN Din!) (PROPN Don)) (PUNCT !) (sn (INTJ Dan!)) (PUNCT -) (f (ibar (VERB tuonava)) (compin (sn (DET il) (NOUN cannonissimo) (PUNCT .))))));;1,844135744;function
236;13;tuonava;tuonare;VERB;root;ROOT;(ROOT (f3 (PUNCT -) (sn (PROPN Din!) (PROPN Don)) (PUNCT !) (sn (INTJ Dan!)) (PUNCT -) (f (ibar (VERB tuonava)) (compin (sn (DET il) (NOUN cannonissimo) (PUNCT .))))));;1,734991274;content
237;13;il;il;DET;det;cannonissimo;(ROOT (f3 (PUNCT -) (sn (PROPN Din!) (PROPN Don)) (PUNCT !) (sn (INTJ Dan!)) (PUNCT -) (f (ibar (VERB tuonava)) (compin (sn (DET il) (NOUN cannonissimo) (PUNCT .))))));;7,039560886;function
238;13;cannonissimo;cannone;NOUN;nsubj;tuonava;(ROOT (f3 (PUNCT -) (sn (PROPN Din!) (PROPN Don)) (PUNCT !) (sn (INTJ Dan!)) (PUNCT -) (f (ibar (VERB tuonava)) (compin (sn (DET il) (NOUN cannonissimo) (PUNCT .))))));7.20 ± 2.86;;content
239;14;e;e;CCONJ;cc;ripetevano;(ROOT (fc (CCONJ E) (f (sn (NUM centomila) (NOUN echi)) (ibar (VERB ripetevano)) (compt (coord (sp (ADP per) (sn (PROPN monti))) (CCONJ e) (sp (ADP per) (sn (NOUN valli)))) (dirsp (PUNCT :) (PUNCT -) (sn (PROPN Din!) (X Don!) (PROPN Dan!)) (PUNCT -) (sn (NOUN Fuoco)) (PUNCT !) (PUNCT -) (f (ibar (VERB gridò)) (compt (sn (DET lo) (PROPN Stragenerale)) (sp (ADP per) (sn (DET la) (ADJ seconda) (NOUN volta))) (dirsp (PUNCT :) (PUNCT -) (sn (NOUN Fuoco)) (PUNCT ,) (sn (NOUN perbacco))))) (PUNCT !))))));;2,741151583;function
240;14;centomila;centomila;NUM;nummod;echi;(ROOT (fc (CCONJ E) (f (sn (NUM centomila) (NOUN echi)) (ibar (VERB ripetevano)) (compt (coord (sp (ADP per) (sn (PROPN monti))) (CCONJ e) (sp (ADP per) (sn (NOUN valli)))) (dirsp (PUNCT :) (PUNCT -) (sn (PROPN Din!) (X Don!) (PROPN Dan!)) (PUNCT -) (sn (NOUN Fuoco)) (PUNCT !) (PUNCT -) (f (ibar (VERB gridò)) (compt (sn (DET lo) (PROPN Stragenerale)) (sp (ADP per) (sn (DET la) (ADJ seconda) (NOUN volta))) (dirsp (PUNCT :) (PUNCT -) (sn (NOUN Fuoco)) (PUNCT ,) (sn (NOUN perbacco))))) (PUNCT !))))));;3,469676831;NaN
241;14;echi;eco;NOUN;nsubj;ripetevano;(ROOT (fc (CCONJ E) (f (sn (NUM centomila) (NOUN echi)) (ibar (VERB ripetevano)) (compt (coord (sp (ADP per) (sn (PROPN monti))) (CCONJ e) (sp (ADP per) (sn (NOUN valli)))) (dirsp (PUNCT :) (PUNCT -) (sn (PROPN Din!) (X Don!) (PROPN Dan!)) (PUNCT -) (sn (NOUN Fuoco)) (PUNCT !) (PUNCT -) (f (ibar (VERB gridò)) (compt (sn (DET lo) (PROPN Stragenerale)) (sp (ADP per) (sn (DET la) (ADJ seconda) (NOUN volta))) (dirsp (PUNCT :) (PUNCT -) (sn (NOUN Fuoco)) (PUNCT ,) (sn (NOUN perbacco))))) (PUNCT !))))));;2,638081261;content
242;14;ripetevano;ripetere;VERB;root;ROOT;(ROOT (fc (CCONJ E) (f (sn (NUM centomila) (NOUN echi)) (ibar (VERB ripetevano)) (compt (coord (sp (ADP per) (sn (PROPN monti))) (CCONJ e) (sp (ADP per) (sn (NOUN valli)))) (dirsp (PUNCT :) (PUNCT -) (sn (PROPN Din!) (X Don!) (PROPN Dan!)) (PUNCT -) (sn (NOUN Fuoco)) (PUNCT !) (PUNCT -) (f (ibar (VERB gridò)) (compt (sn (DET lo) (PROPN Stragenerale)) (sp (ADP per) (sn (DET la) (ADJ seconda) (NOUN volta))) (dirsp (PUNCT :) (PUNCT -) (sn (NOUN Fuoco)) (PUNCT ,) (sn (NOUN perbacco))))) (PUNCT !))))));;1,96907448;content
243;14;per;per;ADP;case;monti;(ROOT (fc (CCONJ E) (f (sn (NUM centomila) (NOUN echi)) (ibar (VERB ripetevano)) (compt (coord (sp (ADP per) (sn (PROPN monti))) (CCONJ e) (sp (ADP per) (sn (NOUN valli)))) (dirsp (PUNCT :) (PUNCT -) (sn (PROPN Din!) (X Don!) (PROPN Dan!)) (PUNCT -) (sn (NOUN Fuoco)) (PUNCT !) (PUNCT -) (f (ibar (VERB gridò)) (compt (sn (DET lo) (PROPN Stragenerale)) (sp (ADP per) (sn (DET la) (ADJ seconda) (NOUN volta))) (dirsp (PUNCT :) (PUNCT -) (sn (NOUN Fuoco)) (PUNCT ,) (sn (NOUN perbacco))))) (PUNCT !))))));;6,912435835;function
244;14;monti;monti;PROPN;obl;ripetevano;(ROOT (fc (CCONJ E) (f (sn (NUM centomila) (NOUN echi)) (ibar (VERB ripetevano)) (compt (coord (sp (ADP per) (sn (PROPN monti))) (CCONJ e) (sp (ADP per) (sn (NOUN valli)))) (dirsp (PUNCT :) (PUNCT -) (sn (PROPN Din!) (X Don!) (PROPN Dan!)) (PUNCT -) (sn (NOUN Fuoco)) (PUNCT !) (PUNCT -) (f (ibar (VERB gridò)) (compt (sn (DET lo) (PROPN Stragenerale)) (sp (ADP per) (sn (DET la) (ADJ seconda) (NOUN volta))) (dirsp (PUNCT :) (PUNCT -) (sn (NOUN Fuoco)) (PUNCT ,) (sn (NOUN perbacco))))) (PUNCT !))))));;3,555474225;content
245;14;e;e;CCONJ;cc;valli;(ROOT (fc (CCONJ E) (f (sn (NUM centomila) (NOUN echi)) (ibar (VERB ripetevano)) (compt (coord (sp (ADP per) (sn (PROPN monti))) (CCONJ e) (sp (ADP per) (sn (NOUN valli)))) (dirsp (PUNCT :) (PUNCT -) (sn (PROPN Din!) (X Don!) (PROPN Dan!)) (PUNCT -) (sn (NOUN Fuoco)) (PUNCT !) (PUNCT -) (f (ibar (VERB gridò)) (compt (sn (DET lo) (PROPN Stragenerale)) (sp (ADP per) (sn (DET la) (ADJ seconda) (NOUN volta))) (dirsp (PUNCT :) (PUNCT -) (sn (NOUN Fuoco)) (PUNCT ,) (sn (NOUN perbacco))))) (PUNCT !))))));;2,741151583;function
246;14;per;per;ADP;case;valli;(ROOT (fc (CCONJ E) (f (sn (NUM centomila) (NOUN echi)) (ibar (VERB ripetevano)) (compt (coord (sp (ADP per) (sn (PROPN monti))) (CCONJ e) (sp (ADP per) (sn (NOUN valli)))) (dirsp (PUNCT :) (PUNCT -) (sn (PROPN Din!) (X Don!) (PROPN Dan!)) (PUNCT -) (sn (NOUN Fuoco)) (PUNCT !) (PUNCT -) (f (ibar (VERB gridò)) (compt (sn (DET lo) (PROPN Stragenerale)) (sp (ADP per) (sn (DET la) (ADJ seconda) (NOUN volta))) (dirsp (PUNCT :) (PUNCT -) (sn (NOUN Fuoco)) (PUNCT ,) (sn (NOUN perbacco))))) (PUNCT !))))));;6,912435835;function
247;14;valli;valle;NOUN;conj;monti;(ROOT (fc (CCONJ E) (f (sn (NUM centomila) (NOUN echi)) (ibar (VERB ripetevano)) (compt (coord (sp (ADP per) (sn (PROPN monti))) (CCONJ e) (sp (ADP per) (sn (NOUN valli)))) (dirsp (PUNCT :) (PUNCT -) (sn (PROPN Din!) (X Don!) (PROPN Dan!)) (PUNCT -) (sn (NOUN Fuoco)) (PUNCT !) (PUNCT -) (f (ibar (VERB gridò)) (compt (sn (DET lo) (PROPN Stragenerale)) (sp (ADP per) (sn (DET la) (ADJ seconda) (NOUN volta))) (dirsp (PUNCT :) (PUNCT -) (sn (NOUN Fuoco)) (PUNCT ,) (sn (NOUN perbacco))))) (PUNCT !))))));;3,083017833;content
248;14;din;Din;PROPN;parataxis;ripetevano;(ROOT (fc (CCONJ E) (f (sn (NUM centomila) (NOUN echi)) (ibar (VERB ripetevano)) (compt (coord (sp (ADP per) (sn (PROPN monti))) (CCONJ e) (sp (ADP per) (sn (NOUN valli)))) (dirsp (PUNCT :) (PUNCT -) (sn (PROPN Din!) (X Don!) (PROPN Dan!)) (PUNCT -) (sn (NOUN Fuoco)) (PUNCT !) (PUNCT -) (f (ibar (VERB gridò)) (compt (sn (DET lo) (PROPN Stragenerale)) (sp (ADP per) (sn (DET la) (ADJ seconda) (NOUN volta))) (dirsp (PUNCT :) (PUNCT -) (sn (NOUN Fuoco)) (PUNCT ,) (sn (NOUN perbacco))))) (PUNCT !))))));;1,19092323;content
249;14;don;Don;X;flat:foreign;Din!;(ROOT (fc (CCONJ E) (f (sn (NUM centomila) (NOUN echi)) (ibar (VERB ripetevano)) (compt (coord (sp (ADP per) (sn (PROPN monti))) (CCONJ e) (sp (ADP per) (sn (NOUN valli)))) (dirsp (PUNCT :) (PUNCT -) (sn (PROPN Din!) (X Don!) (PROPN Dan!)) (PUNCT -) (sn (NOUN Fuoco)) (PUNCT !) (PUNCT -) (f (ibar (VERB gridò)) (compt (sn (DET lo) (PROPN Stragenerale)) (sp (ADP per) (sn (DET la) (ADJ seconda) (NOUN volta))) (dirsp (PUNCT :) (PUNCT -) (sn (NOUN Fuoco)) (PUNCT ,) (sn (NOUN perbacco))))) (PUNCT !))))));;2,065984493;NaN
250;14;dan;Dan;PROPN;flat:name;Din!;(ROOT (fc (CCONJ E) (f (sn (NUM centomila) (NOUN echi)) (ibar (VERB ripetevano)) (compt (coord (sp (ADP per) (sn (PROPN monti))) (CCONJ e) (sp (ADP per) (sn (NOUN valli)))) (dirsp (PUNCT :) (PUNCT -) (sn (PROPN Din!) (X Don!) (PROPN Dan!)) (PUNCT -) (sn (NOUN Fuoco)) (PUNCT !) (PUNCT -) (f (ibar (VERB gridò)) (compt (sn (DET lo) (PROPN Stragenerale)) (sp (ADP per) (sn (DET la) (ADJ seconda) (NOUN volta))) (dirsp (PUNCT :) (PUNCT -) (sn (NOUN Fuoco)) (PUNCT ,) (sn (NOUN perbacco))))) (PUNCT !))))));;1,844135744;content
251;14;fuoco;fuoco;NOUN;nmod;Din!;(ROOT (fc (CCONJ E) (f (sn (NUM centomila) (NOUN echi)) (ibar (VERB ripetevano)) (compt (coord (sp (ADP per) (sn (PROPN monti))) (CCONJ e) (sp (ADP per) (sn (NOUN valli)))) (dirsp (PUNCT :) (PUNCT -) (sn (PROPN Din!) (X Don!) (PROPN Dan!)) (PUNCT -) (sn (NOUN Fuoco)) (PUNCT !) (PUNCT -) (f (ibar (VERB gridò)) (compt (sn (DET lo) (PROPN Stragenerale)) (sp (ADP per) (sn (DET la) (ADJ seconda) (NOUN volta))) (dirsp (PUNCT :) (PUNCT -) (sn (NOUN Fuoco)) (PUNCT ,) (sn (NOUN perbacco))))) (PUNCT !))))));4.40 ± 2.87;5,109241952;content
252;14;gridò;gridare;VERB;parataxis;ripetevano;(ROOT (fc (CCONJ E) (f (sn (NUM centomila) (NOUN echi)) (ibar (VERB ripetevano)) (compt (coord (sp (ADP per) (sn (PROPN monti))) (CCONJ e) (sp (ADP per) (sn (NOUN valli)))) (dirsp (PUNCT :) (PUNCT -) (sn (PROPN Din!) (X Don!) (PROPN Dan!)) (PUNCT -) (sn (NOUN Fuoco)) (PUNCT !) (PUNCT -) (f (ibar (VERB gridò)) (compt (sn (DET lo) (PROPN Stragenerale)) (sp (ADP per) (sn (DET la) (ADJ seconda) (NOUN volta))) (dirsp (PUNCT :) (PUNCT -) (sn (NOUN Fuoco)) (PUNCT ,) (sn (NOUN perbacco))))) (PUNCT !))))));4.44 ± 2.08;2,894214608;content
253;14;lo;il;DET;det;Stragenerale;(ROOT (fc (CCONJ E) (f (sn (NUM centomila) (NOUN echi)) (ibar (VERB ripetevano)) (compt (coord (sp (ADP per) (sn (PROPN monti))) (CCONJ e) (sp (ADP per) (sn (NOUN valli)))) (dirsp (PUNCT :) (PUNCT -) (sn (PROPN Din!) (X Don!) (PROPN Dan!)) (PUNCT -) (sn (NOUN Fuoco)) (PUNCT !) (PUNCT -) (f (ibar (VERB gridò)) (compt (sn (DET lo) (PROPN Stragenerale)) (sp (ADP per) (sn (DET la) (ADJ seconda) (NOUN volta))) (dirsp (PUNCT :) (PUNCT -) (sn (NOUN Fuoco)) (PUNCT ,) (sn (NOUN perbacco))))) (PUNCT !))))));;6,655915487;function
254;14;stragenerale;Stragenerale;PROPN;nsubj;gridò;(ROOT (fc (CCONJ E) (f (sn (NUM centomila) (NOUN echi)) (ibar (VERB ripetevano)) (compt (coord (sp (ADP per) (sn (PROPN monti))) (CCONJ e) (sp (ADP per) (sn (NOUN valli)))) (dirsp (PUNCT :) (PUNCT -) (sn (PROPN Din!) (X Don!) (PROPN Dan!)) (PUNCT -) (sn (NOUN Fuoco)) (PUNCT !) (PUNCT -) (f (ibar (VERB gridò)) (compt (sn (DET lo) (PROPN Stragenerale)) (sp (ADP per) (sn (DET la) (ADJ seconda) (NOUN volta))) (dirsp (PUNCT :) (PUNCT -) (sn (NOUN Fuoco)) (PUNCT ,) (sn (NOUN perbacco))))) (PUNCT !))))));;;content
255;14;per;per;ADP;case;volta;(ROOT (fc (CCONJ E) (f (sn (NUM centomila) (NOUN echi)) (ibar (VERB ripetevano)) (compt (coord (sp (ADP per) (sn (PROPN monti))) (CCONJ e) (sp (ADP per) (sn (NOUN valli)))) (dirsp (PUNCT :) (PUNCT -) (sn (PROPN Din!) (X Don!) (PROPN Dan!)) (PUNCT -) (sn (NOUN Fuoco)) (PUNCT !) (PUNCT -) (f (ibar (VERB gridò)) (compt (sn (DET lo) (PROPN Stragenerale)) (sp (ADP per) (sn (DET la) (ADJ seconda) (NOUN volta))) (dirsp (PUNCT :) (PUNCT -) (sn (NOUN Fuoco)) (PUNCT ,) (sn (NOUN perbacco))))) (PUNCT !))))));;6,912435835;function
256;14;la;il;DET;det;volta;(ROOT (fc (CCONJ E) (f (sn (NUM centomila) (NOUN echi)) (ibar (VERB ripetevano)) (compt (coord (sp (ADP per) (sn (PROPN monti))) (CCONJ e) (sp (ADP per) (sn (NOUN valli)))) (dirsp (PUNCT :) (PUNCT -) (sn (PROPN Din!) (X Don!) (PROPN Dan!)) (PUNCT -) (sn (NOUN Fuoco)) (PUNCT !) (PUNCT -) (f (ibar (VERB gridò)) (compt (sn (DET lo) (PROPN Stragenerale)) (sp (ADP per) (sn (DET la) (ADJ seconda) (NOUN volta))) (dirsp (PUNCT :) (PUNCT -) (sn (NOUN Fuoco)) (PUNCT ,) (sn (NOUN perbacco))))) (PUNCT !))))));;7,055331658;function
257;14;seconda;secondo;ADJ;amod;volta;(ROOT (fc (CCONJ E) (f (sn (NUM centomila) (NOUN echi)) (ibar (VERB ripetevano)) (compt (coord (sp (ADP per) (sn (PROPN monti))) (CCONJ e) (sp (ADP per) (sn (NOUN valli)))) (dirsp (PUNCT :) (PUNCT -) (sn (PROPN Din!) (X Don!) (PROPN Dan!)) (PUNCT -) (sn (NOUN Fuoco)) (PUNCT !) (PUNCT -) (f (ibar (VERB gridò)) (compt (sn (DET lo) (PROPN Stragenerale)) (sp (ADP per) (sn (DET la) (ADJ seconda) (NOUN volta))) (dirsp (PUNCT :) (PUNCT -) (sn (NOUN Fuoco)) (PUNCT ,) (sn (NOUN perbacco))))) (PUNCT !))))));;4,814327598;content
258;14;volta;volta;NOUN;obl;gridò;(ROOT (fc (CCONJ E) (f (sn (NUM centomila) (NOUN echi)) (ibar (VERB ripetevano)) (compt (coord (sp (ADP per) (sn (PROPN monti))) (CCONJ e) (sp (ADP per) (sn (NOUN valli)))) (dirsp (PUNCT :) (PUNCT -) (sn (PROPN Din!) (X Don!) (PROPN Dan!)) (PUNCT -) (sn (NOUN Fuoco)) (PUNCT !) (PUNCT -) (f (ibar (VERB gridò)) (compt (sn (DET lo) (PROPN Stragenerale)) (sp (ADP per) (sn (DET la) (ADJ seconda) (NOUN volta))) (dirsp (PUNCT :) (PUNCT -) (sn (NOUN Fuoco)) (PUNCT ,) (sn (NOUN perbacco))))) (PUNCT !))))));;5,820011577;content
259;14;fuoco;fuoco;NOUN;parataxis;ripetevano;(ROOT (fc (CCONJ E) (f (sn (NUM centomila) (NOUN echi)) (ibar (VERB ripetevano)) (compt (coord (sp (ADP per) (sn (PROPN monti))) (CCONJ e) (sp (ADP per) (sn (NOUN valli)))) (dirsp (PUNCT :) (PUNCT -) (sn (PROPN Din!) (X Don!) (PROPN Dan!)) (PUNCT -) (sn (NOUN Fuoco)) (PUNCT !) (PUNCT -) (f (ibar (VERB gridò)) (compt (sn (DET lo) (PROPN Stragenerale)) (sp (ADP per) (sn (DET la) (ADJ seconda) (NOUN volta))) (dirsp (PUNCT :) (PUNCT -) (sn (NOUN Fuoco)) (PUNCT ,) (sn (NOUN perbacco))))) (PUNCT !))))));4.40 ± 2.87;5,109241952;content
260;14;perbacco;perbacco;NOUN;conj;Fuoco;(ROOT (fc (CCONJ E) (f (sn (NUM centomila) (NOUN echi)) (ibar (VERB ripetevano)) (compt (coord (sp (ADP per) (sn (PROPN monti))) (CCONJ e) (sp (ADP per) (sn (NOUN valli)))) (dirsp (PUNCT :) (PUNCT -) (sn (PROPN Din!) (X Don!) (PROPN Dan!)) (PUNCT -) (sn (NOUN Fuoco)) (PUNCT !) (PUNCT -) (f (ibar (VERB gridò)) (compt (sn (DET lo) (PROPN Stragenerale)) (sp (ADP per) (sn (DET la) (ADJ seconda) (NOUN volta))) (dirsp (PUNCT :) (PUNCT -) (sn (NOUN Fuoco)) (PUNCT ,) (sn (NOUN perbacco))))) (PUNCT !))))));;3,594901194;content
261;15;l;il;DET;det;artigliere;(ROOT (fc (f (sn (DET L') (NOUN artigliere)) (ibar (VERB premette)) (compt (savv (ADV nuovamente)) (sn (DET il) (NOUN pulsante)))) (CCONJ e) (cp (savv (ADP di) (ADJ nuovo)) (f (sn (DET un) (sa (ADJ festoso)) (NOUN concerto) (spd (ADP di) (sn (NOUN campane)))) (ibar (PRON si) (VERB diffuse)) (compin (spd (ADP di) (sn (NOUN trincea) (sp (ADP in) (sn (NOUN trincea) (PUNCT .))))))))));;6,640107629;function
262;15;artigliere;artigliere;NOUN;nsubj;premette;(ROOT (fc (f (sn (DET L') (NOUN artigliere)) (ibar (VERB premette)) (compt (savv (ADV nuovamente)) (sn (DET il) (NOUN pulsante)))) (CCONJ e) (cp (savv (ADP di) (ADJ nuovo)) (f (sn (DET un) (sa (ADJ festoso)) (NOUN concerto) (spd (ADP di) (sn (NOUN campane)))) (ibar (PRON si) (VERB diffuse)) (compin (spd (ADP di) (sn (NOUN trincea) (sp (ADP in) (sn (NOUN trincea) (PUNCT .))))))))));;2,93128592;content
263;15;premette;premettere;VERB;root;ROOT;(ROOT (fc (f (sn (DET L') (NOUN artigliere)) (ibar (VERB premette)) (compt (savv (ADV nuovamente)) (sn (DET il) (NOUN pulsante)))) (CCONJ e) (cp (savv (ADP di) (ADJ nuovo)) (f (sn (DET un) (sa (ADJ festoso)) (NOUN concerto) (spd (ADP di) (sn (NOUN campane)))) (ibar (PRON si) (VERB diffuse)) (compin (spd (ADP di) (sn (NOUN trincea) (sp (ADP in) (sn (NOUN trincea) (PUNCT .))))))))));;2,381254928;content
264;15;nuovamente;nuovamente;ADV;advmod;premette;(ROOT (fc (f (sn (DET L') (NOUN artigliere)) (ibar (VERB premette)) (compt (savv (ADV nuovamente)) (sn (DET il) (NOUN pulsante)))) (CCONJ e) (cp (savv (ADP di) (ADJ nuovo)) (f (sn (DET un) (sa (ADJ festoso)) (NOUN concerto) (spd (ADP di) (sn (NOUN campane)))) (ibar (PRON si) (VERB diffuse)) (compin (spd (ADP di) (sn (NOUN trincea) (sp (ADP in) (sn (NOUN trincea) (PUNCT .))))))))));;3,904833584;content
265;15;il;il;DET;det;pulsante;(ROOT (fc (f (sn (DET L') (NOUN artigliere)) (ibar (VERB premette)) (compt (savv (ADV nuovamente)) (sn (DET il) (NOUN pulsante)))) (CCONJ e) (cp (savv (ADP di) (ADJ nuovo)) (f (sn (DET un) (sa (ADJ festoso)) (NOUN concerto) (spd (ADP di) (sn (NOUN campane)))) (ibar (PRON si) (VERB diffuse)) (compin (spd (ADP di) (sn (NOUN trincea) (sp (ADP in) (sn (NOUN trincea) (PUNCT .))))))))));;7,039560886;function
266;15;pulsante;pulsante;NOUN;obj;premette;(ROOT (fc (f (sn (DET L') (NOUN artigliere)) (ibar (VERB premette)) (compt (savv (ADV nuovamente)) (sn (DET il) (NOUN pulsante)))) (CCONJ e) (cp (savv (ADP di) (ADJ nuovo)) (f (sn (DET un) (sa (ADJ festoso)) (NOUN concerto) (spd (ADP di) (sn (NOUN campane)))) (ibar (PRON si) (VERB diffuse)) (compin (spd (ADP di) (sn (NOUN trincea) (sp (ADP in) (sn (NOUN trincea) (PUNCT .))))))))));;3,918057654;content
267;15;e;e;CCONJ;cc;diffuse;(ROOT (fc (f (sn (DET L') (NOUN artigliere)) (ibar (VERB premette)) (compt (savv (ADV nuovamente)) (sn (DET il) (NOUN pulsante)))) (CCONJ e) (cp (savv (ADP di) (ADJ nuovo)) (f (sn (DET un) (sa (ADJ festoso)) (NOUN concerto) (spd (ADP di) (sn (NOUN campane)))) (ibar (PRON si) (VERB diffuse)) (compin (spd (ADP di) (sn (NOUN trincea) (sp (ADP in) (sn (NOUN trincea) (PUNCT .))))))))));;2,741151583;function
268;15;di;di;ADP;case;nuovo;(ROOT (fc (f (sn (DET L') (NOUN artigliere)) (ibar (VERB premette)) (compt (savv (ADV nuovamente)) (sn (DET il) (NOUN pulsante)))) (CCONJ e) (cp (savv (ADP di) (ADJ nuovo)) (f (sn (DET un) (sa (ADJ festoso)) (NOUN concerto) (spd (ADP di) (sn (NOUN campane)))) (ibar (PRON si) (VERB diffuse)) (compin (spd (ADP di) (sn (NOUN trincea) (sp (ADP in) (sn (NOUN trincea) (PUNCT .))))))))));;7,232814475;function
269;15;nuovo;nuovo;ADJ;obl;diffuse;(ROOT (fc (f (sn (DET L') (NOUN artigliere)) (ibar (VERB premette)) (compt (savv (ADV nuovamente)) (sn (DET il) (NOUN pulsante)))) (CCONJ e) (cp (savv (ADP di) (ADJ nuovo)) (f (sn (DET un) (sa (ADJ festoso)) (NOUN concerto) (spd (ADP di) (sn (NOUN campane)))) (ibar (PRON si) (VERB diffuse)) (compin (spd (ADP di) (sn (NOUN trincea) (sp (ADP in) (sn (NOUN trincea) (PUNCT .))))))))));3.72 ± 1.54;5,649402438;content
270;15;un;uno;DET;det;concerto;(ROOT (fc (f (sn (DET L') (NOUN artigliere)) (ibar (VERB premette)) (compt (savv (ADV nuovamente)) (sn (DET il) (NOUN pulsante)))) (CCONJ e) (cp (savv (ADP di) (ADJ nuovo)) (f (sn (DET un) (sa (ADJ festoso)) (NOUN concerto) (spd (ADP di) (sn (NOUN campane)))) (ibar (PRON si) (VERB diffuse)) (compin (spd (ADP di) (sn (NOUN trincea) (sp (ADP in) (sn (NOUN trincea) (PUNCT .))))))))));;7,065833912;function
271;15;festoso;festoso;ADJ;amod;concerto;(ROOT (fc (f (sn (DET L') (NOUN artigliere)) (ibar (VERB premette)) (compt (savv (ADV nuovamente)) (sn (DET il) (NOUN pulsante)))) (CCONJ e) (cp (savv (ADP di) (ADJ nuovo)) (f (sn (DET un) (sa (ADJ festoso)) (NOUN concerto) (spd (ADP di) (sn (NOUN campane)))) (ibar (PRON si) (VERB diffuse)) (compin (spd (ADP di) (sn (NOUN trincea) (sp (ADP in) (sn (NOUN trincea) (PUNCT .))))))))));;2,433961279;content
272;15;concerto;concerto;NOUN;nsubj;diffuse;(ROOT (fc (f (sn (DET L') (NOUN artigliere)) (ibar (VERB premette)) (compt (savv (ADV nuovamente)) (sn (DET il) (NOUN pulsante)))) (CCONJ e) (cp (savv (ADP di) (ADJ nuovo)) (f (sn (DET un) (sa (ADJ festoso)) (NOUN concerto) (spd (ADP di) (sn (NOUN campane)))) (ibar (PRON si) (VERB diffuse)) (compin (spd (ADP di) (sn (NOUN trincea) (sp (ADP in) (sn (NOUN trincea) (PUNCT .))))))))));;4,25575545;content
273;15;di;di;ADP;case;campane;(ROOT (fc (f (sn (DET L') (NOUN artigliere)) (ibar (VERB premette)) (compt (savv (ADV nuovamente)) (sn (DET il) (NOUN pulsante)))) (CCONJ e) (cp (savv (ADP di) (ADJ nuovo)) (f (sn (DET un) (sa (ADJ festoso)) (NOUN concerto) (spd (ADP di) (sn (NOUN campane)))) (ibar (PRON si) (VERB diffuse)) (compin (spd (ADP di) (sn (NOUN trincea) (sp (ADP in) (sn (NOUN trincea) (PUNCT .))))))))));;7,232814475;function
274;15;campane;campana;NOUN;nmod;concerto;(ROOT (fc (f (sn (DET L') (NOUN artigliere)) (ibar (VERB premette)) (compt (savv (ADV nuovamente)) (sn (DET il) (NOUN pulsante)))) (CCONJ e) (cp (savv (ADP di) (ADJ nuovo)) (f (sn (DET un) (sa (ADJ festoso)) (NOUN concerto) (spd (ADP di) (sn (NOUN campane)))) (ibar (PRON si) (VERB diffuse)) (compin (spd (ADP di) (sn (NOUN trincea) (sp (ADP in) (sn (NOUN trincea) (PUNCT .))))))))));5.04 ± 1.84;3,650315718;content
275;15;si;si;PRON;expl;diffuse;(ROOT (fc (f (sn (DET L') (NOUN artigliere)) (ibar (VERB premette)) (compt (savv (ADV nuovamente)) (sn (DET il) (NOUN pulsante)))) (CCONJ e) (cp (savv (ADP di) (ADJ nuovo)) (f (sn (DET un) (sa (ADJ festoso)) (NOUN concerto) (spd (ADP di) (sn (NOUN campane)))) (ibar (PRON si) (VERB diffuse)) (compin (spd (ADP di) (sn (NOUN trincea) (sp (ADP in) (sn (NOUN trincea) (PUNCT .))))))))));;6,553884221;function
276;15;diffuse;diffondere;VERB;conj;premette;(ROOT (fc (f (sn (DET L') (NOUN artigliere)) (ibar (VERB premette)) (compt (savv (ADV nuovamente)) (sn (DET il) (NOUN pulsante)))) (CCONJ e) (cp (savv (ADP di) (ADJ nuovo)) (f (sn (DET un) (sa (ADJ festoso)) (NOUN concerto) (spd (ADP di) (sn (NOUN campane)))) (ibar (PRON si) (VERB diffuse)) (compin (spd (ADP di) (sn (NOUN trincea) (sp (ADP in) (sn (NOUN trincea) (PUNCT .))))))))));;2,979798346;content
277;15;di;di;ADP;case;trincea;(ROOT (fc (f (sn (DET L') (NOUN artigliere)) (ibar (VERB premette)) (compt (savv (ADV nuovamente)) (sn (DET il) (NOUN pulsante)))) (CCONJ e) (cp (savv (ADP di) (ADJ nuovo)) (f (sn (DET un) (sa (ADJ festoso)) (NOUN concerto) (spd (ADP di) (sn (NOUN campane)))) (ibar (PRON si) (VERB diffuse)) (compin (spd (ADP di) (sn (NOUN trincea) (sp (ADP in) (sn (NOUN trincea) (PUNCT .))))))))));;7,232814475;function
278;15;trincea;trincea;NOUN;obl;diffuse;(ROOT (fc (f (sn (DET L') (NOUN artigliere)) (ibar (VERB premette)) (compt (savv (ADV nuovamente)) (sn (DET il) (NOUN pulsante)))) (CCONJ e) (cp (savv (ADP di) (ADJ nuovo)) (f (sn (DET un) (sa (ADJ festoso)) (NOUN concerto) (spd (ADP di) (sn (NOUN campane)))) (ibar (PRON si) (VERB diffuse)) (compin (spd (ADP di) (sn (NOUN trincea) (sp (ADP in) (sn (NOUN trincea) (PUNCT .))))))))));;3,330802316;content
279;15;in;in;ADP;case;trincea;(ROOT (fc (f (sn (DET L') (NOUN artigliere)) (ibar (VERB premette)) (compt (savv (ADV nuovamente)) (sn (DET il) (NOUN pulsante)))) (CCONJ e) (cp (savv (ADP di) (ADJ nuovo)) (f (sn (DET un) (sa (ADJ festoso)) (NOUN concerto) (spd (ADP di) (sn (NOUN campane)))) (ibar (PRON si) (VERB diffuse)) (compin (spd (ADP di) (sn (NOUN trincea) (sp (ADP in) (sn (NOUN trincea) (PUNCT .))))))))));;6,797274494;function
280;15;trincea;trincea;NOUN;obl;diffuse;(ROOT (fc (f (sn (DET L') (NOUN artigliere)) (ibar (VERB premette)) (compt (savv (ADV nuovamente)) (sn (DET il) (NOUN pulsante)))) (CCONJ e) (cp (savv (ADP di) (ADJ nuovo)) (f (sn (DET un) (sa (ADJ festoso)) (NOUN concerto) (spd (ADP di) (sn (NOUN campane)))) (ibar (PRON si) (VERB diffuse)) (compin (spd (ADP di) (sn (NOUN trincea) (sp (ADP in) (sn (NOUN trincea) (PUNCT .))))))))));;3,330802316;content
281;16;pareva;parere;VERB;root;ROOT;(ROOT (f (ibar (VERB Pareva)) (compt (fac (SCONJ che) (f (ir_infl (VERB suonassero)) (compin (savv (ADV insieme)) (sn (sq (DET tutte)) (DET le) (NOUN campane) (spd (ADP di) (sn (DET la) (sa (DET nostra)) (NOUN patria) (PUNCT .))))))))));;3,623090499;content
282;16;che;che;SCONJ;mark;suonassero;(ROOT (f (ibar (VERB Pareva)) (compt (fac (SCONJ che) (f (ir_infl (VERB suonassero)) (compin (savv (ADV insieme)) (sn (sq (DET tutte)) (DET le) (NOUN campane) (spd (ADP di) (sn (DET la) (sa (DET nostra)) (NOUN patria) (PUNCT .))))))))));;7,250456545;function
283;16;suonassero;suonare;VERB;ccomp;Pareva;(ROOT (f (ibar (VERB Pareva)) (compt (fac (SCONJ che) (f (ir_infl (VERB suonassero)) (compin (savv (ADV insieme)) (sn (sq (DET tutte)) (DET le) (NOUN campane) (spd (ADP di) (sn (DET la) (sa (DET nostra)) (NOUN patria) (PUNCT .))))))))));;2,03602127;content
284;16;insieme;insieme;ADV;advmod;suonassero;(ROOT (f (ibar (VERB Pareva)) (compt (fac (SCONJ che) (f (ir_infl (VERB suonassero)) (compin (savv (ADV insieme)) (sn (sq (DET tutte)) (DET le) (NOUN campane) (spd (ADP di) (sn (DET la) (sa (DET nostra)) (NOUN patria) (PUNCT .))))))))));;5,500638545;content
285;16;tutte;tutto;DET;det:predet;campane;(ROOT (f (ibar (VERB Pareva)) (compt (fac (SCONJ che) (f (ir_infl (VERB suonassero)) (compin (savv (ADV insieme)) (sn (sq (DET tutte)) (DET le) (NOUN campane) (spd (ADP di) (sn (DET la) (sa (DET nostra)) (NOUN patria) (PUNCT .))))))))));;5,553895518;function
286;16;le;il;DET;det;campane;(ROOT (f (ibar (VERB Pareva)) (compt (fac (SCONJ che) (f (ir_infl (VERB suonassero)) (compin (savv (ADV insieme)) (sn (sq (DET tutte)) (DET le) (NOUN campane) (spd (ADP di) (sn (DET la) (sa (DET nostra)) (NOUN patria) (PUNCT .))))))))));;6,624997683;function
287;16;campane;campana;NOUN;nsubj;suonassero;(ROOT (f (ibar (VERB Pareva)) (compt (fac (SCONJ che) (f (ir_infl (VERB suonassero)) (compin (savv (ADV insieme)) (sn (sq (DET tutte)) (DET le) (NOUN campane) (spd (ADP di) (sn (DET la) (sa (DET nostra)) (NOUN patria) (PUNCT .))))))))));5.04 ± 1.84;3,650315718;content
288;16;di;di;ADP;case;patria;(ROOT (f (ibar (VERB Pareva)) (compt (fac (SCONJ che) (f (ir_infl (VERB suonassero)) (compin (savv (ADV insieme)) (sn (sq (DET tutte)) (DET le) (NOUN campane) (spd (ADP di) (sn (DET la) (sa (DET nostra)) (NOUN patria) (PUNCT .))))))))));;7,232814475;function
289;16;la;il;DET;det;patria;(ROOT (f (ibar (VERB Pareva)) (compt (fac (SCONJ che) (f (ir_infl (VERB suonassero)) (compin (savv (ADV insieme)) (sn (sq (DET tutte)) (DET le) (NOUN campane) (spd (ADP di) (sn (DET la) (sa (DET nostra)) (NOUN patria) (PUNCT .))))))))));;7,055331658;function
290;16;nostra;nostro;DET;det:poss;patria;(ROOT (f (ibar (VERB Pareva)) (compt (fac (SCONJ che) (f (ir_infl (VERB suonassero)) (compin (savv (ADV insieme)) (sn (sq (DET tutte)) (DET le) (NOUN campane) (spd (ADP di) (sn (DET la) (sa (DET nostra)) (NOUN patria) (PUNCT .))))))))));;5,513152865;function
291;16;patria;patria;NOUN;nmod;campane;(ROOT (f (ibar (VERB Pareva)) (compt (fac (SCONJ che) (f (ir_infl (VERB suonassero)) (compin (savv (ADV insieme)) (sn (sq (DET tutte)) (DET le) (NOUN campane) (spd (ADP di) (sn (DET la) (sa (DET nostra)) (NOUN patria) (PUNCT .))))))))));;3,981208394;content
292;17;lo;il;DET;det;Stragenerale;(ROOT (fc (f (sn (DET Lo) (PROPN Stragenerale)) (ibar (PRON si) (VERB strappava)) (compt (sn (DET i) (NOUN capelli)) (sp (ADP per) (sn (DET la) (NOUN rabbia))))) (CCONJ e) (f (ibar (VERB continuò)) (compin (sv2 (ADP a) (VERB strapparseli) (compt (fc (ADV fin) (SCONJ che) (f (ibar (PRON gliene) (VERB rimase)) (compt (sq (PRON uno) (sa (ADJ solo)))))))))) (PUNCT .)));;6,655915487;function
293;17;stragenerale;Stragenerale;PROPN;nsubj;strappava;(ROOT (fc (f (sn (DET Lo) (PROPN Stragenerale)) (ibar (PRON si) (VERB strappava)) (compt (sn (DET i) (NOUN capelli)) (sp (ADP per) (sn (DET la) (NOUN rabbia))))) (CCONJ e) (f (ibar (VERB continuò)) (compin (sv2 (ADP a) (VERB strapparseli) (compt (fc (ADV fin) (SCONJ che) (f (ibar (PRON gliene) (VERB rimase)) (compt (sq (PRON uno) (sa (ADJ solo)))))))))) (PUNCT .)));;;content
294;17;si;si;PRON;expl;strappava;(ROOT (fc (f (sn (DET Lo) (PROPN Stragenerale)) (ibar (PRON si) (VERB strappava)) (compt (sn (DET i) (NOUN capelli)) (sp (ADP per) (sn (DET la) (NOUN rabbia))))) (CCONJ e) (f (ibar (VERB continuò)) (compin (sv2 (ADP a) (VERB strapparseli) (compt (fc (ADV fin) (SCONJ che) (f (ibar (PRON gliene) (VERB rimase)) (compt (sq (PRON uno) (sa (ADJ solo)))))))))) (PUNCT .)));;6,553884221;function
295;17;strappava;strappare;VERB;root;ROOT;(ROOT (fc (f (sn (DET Lo) (PROPN Stragenerale)) (ibar (PRON si) (VERB strappava)) (compt (sn (DET i) (NOUN capelli)) (sp (ADP per) (sn (DET la) (NOUN rabbia))))) (CCONJ e) (f (ibar (VERB continuò)) (compin (sv2 (ADP a) (VERB strapparseli) (compt (fc (ADV fin) (SCONJ che) (f (ibar (PRON gliene) (VERB rimase)) (compt (sq (PRON uno) (sa (ADJ solo)))))))))) (PUNCT .)));5.36 ± 1.50;2,321256999;content
296;17;i;il;DET;det;capelli;(ROOT (fc (f (sn (DET Lo) (PROPN Stragenerale)) (ibar (PRON si) (VERB strappava)) (compt (sn (DET i) (NOUN capelli)) (sp (ADP per) (sn (DET la) (NOUN rabbia))))) (CCONJ e) (f (ibar (VERB continuò)) (compin (sv2 (ADP a) (VERB strapparseli) (compt (fc (ADV fin) (SCONJ che) (f (ibar (PRON gliene) (VERB rimase)) (compt (sq (PRON uno) (sa (ADJ solo)))))))))) (PUNCT .)));;6,584780852;function
297;17;capelli;capello;NOUN;obj;strappava;(ROOT (fc (f (sn (DET Lo) (PROPN Stragenerale)) (ibar (PRON si) (VERB strappava)) (compt (sn (DET i) (NOUN capelli)) (sp (ADP per) (sn (DET la) (NOUN rabbia))))) (CCONJ e) (f (ibar (VERB continuò)) (compin (sv2 (ADP a) (VERB strapparseli) (compt (fc (ADV fin) (SCONJ che) (f (ibar (PRON gliene) (VERB rimase)) (compt (sq (PRON uno) (sa (ADJ solo)))))))))) (PUNCT .)));3.20 ± 1.47;4,980151287;content
298;17;per;per;ADP;case;rabbia;(ROOT (fc (f (sn (DET Lo) (PROPN Stragenerale)) (ibar (PRON si) (VERB strappava)) (compt (sn (DET i) (NOUN capelli)) (sp (ADP per) (sn (DET la) (NOUN rabbia))))) (CCONJ e) (f (ibar (VERB continuò)) (compin (sv2 (ADP a) (VERB strapparseli) (compt (fc (ADV fin) (SCONJ che) (f (ibar (PRON gliene) (VERB rimase)) (compt (sq (PRON uno) (sa (ADJ solo)))))))))) (PUNCT .)));;6,912435835;function
299;17;la;il;DET;det;rabbia;(ROOT (fc (f (sn (DET Lo) (PROPN Stragenerale)) (ibar (PRON si) (VERB strappava)) (compt (sn (DET i) (NOUN capelli)) (sp (ADP per) (sn (DET la) (NOUN rabbia))))) (CCONJ e) (f (ibar (VERB continuò)) (compin (sv2 (ADP a) (VERB strapparseli) (compt (fc (ADV fin) (SCONJ che) (f (ibar (PRON gliene) (VERB rimase)) (compt (sq (PRON uno) (sa (ADJ solo)))))))))) (PUNCT .)));;7,055331658;function
300;17;rabbia;rabbia;NOUN;obl;strappava;(ROOT (fc (f (sn (DET Lo) (PROPN Stragenerale)) (ibar (PRON si) (VERB strappava)) (compt (sn (DET i) (NOUN capelli)) (sp (ADP per) (sn (DET la) (NOUN rabbia))))) (CCONJ e) (f (ibar (VERB continuò)) (compin (sv2 (ADP a) (VERB strapparseli) (compt (fc (ADV fin) (SCONJ che) (f (ibar (PRON gliene) (VERB rimase)) (compt (sq (PRON uno) (sa (ADJ solo)))))))))) (PUNCT .)));6.32 ± 2.23;4,425440514;content
301;17;e;e;CCONJ;cc;continuò;(ROOT (fc (f (sn (DET Lo) (PROPN Stragenerale)) (ibar (PRON si) (VERB strappava)) (compt (sn (DET i) (NOUN capelli)) (sp (ADP per) (sn (DET la) (NOUN rabbia))))) (CCONJ e) (f (ibar (VERB continuò)) (compin (sv2 (ADP a) (VERB strapparseli) (compt (fc (ADV fin) (SCONJ che) (f (ibar (PRON gliene) (VERB rimase)) (compt (sq (PRON uno) (sa (ADJ solo)))))))))) (PUNCT .)));;2,741151583;function
302;17;continuò;continuare;VERB;conj;strappava;(ROOT (fc (f (sn (DET Lo) (PROPN Stragenerale)) (ibar (PRON si) (VERB strappava)) (compt (sn (DET i) (NOUN capelli)) (sp (ADP per) (sn (DET la) (NOUN rabbia))))) (CCONJ e) (f (ibar (VERB continuò)) (compin (sv2 (ADP a) (VERB strapparseli) (compt (fc (ADV fin) (SCONJ che) (f (ibar (PRON gliene) (VERB rimase)) (compt (sq (PRON uno) (sa (ADJ solo)))))))))) (PUNCT .)));;3,34167967;content
303;17;a;a;ADP;mark;strapparseli;(ROOT (fc (f (sn (DET Lo) (PROPN Stragenerale)) (ibar (PRON si) (VERB strappava)) (compt (sn (DET i) (NOUN capelli)) (sp (ADP per) (sn (DET la) (NOUN rabbia))))) (CCONJ e) (f (ibar (VERB continuò)) (compin (sv2 (ADP a) (VERB strapparseli) (compt (fc (ADV fin) (SCONJ che) (f (ibar (PRON gliene) (VERB rimase)) (compt (sq (PRON uno) (sa (ADJ solo)))))))))) (PUNCT .)));;7,004335738;function
304;17;strapparseli;strapparsele;VERB;xcomp;continuò;(ROOT (fc (f (sn (DET Lo) (PROPN Stragenerale)) (ibar (PRON si) (VERB strappava)) (compt (sn (DET i) (NOUN capelli)) (sp (ADP per) (sn (DET la) (NOUN rabbia))))) (CCONJ e) (f (ibar (VERB continuò)) (compin (sv2 (ADP a) (VERB strapparseli) (compt (fc (ADV fin) (SCONJ che) (f (ibar (PRON gliene) (VERB rimase)) (compt (sq (PRON uno) (sa (ADJ solo)))))))))) (PUNCT .)));;;content
305;17;fin;fino;ADV;mark;rimase;(ROOT (fc (f (sn (DET Lo) (PROPN Stragenerale)) (ibar (PRON si) (VERB strappava)) (compt (sn (DET i) (NOUN capelli)) (sp (ADP per) (sn (DET la) (NOUN rabbia))))) (CCONJ e) (f (ibar (VERB continuò)) (compin (sv2 (ADP a) (VERB strapparseli) (compt (fc (ADV fin) (SCONJ che) (f (ibar (PRON gliene) (VERB rimase)) (compt (sq (PRON uno) (sa (ADJ solo)))))))))) (PUNCT .)));;4,822772692;content
306;17;che;che;SCONJ;fixed;fin;(ROOT (fc (f (sn (DET Lo) (PROPN Stragenerale)) (ibar (PRON si) (VERB strappava)) (compt (sn (DET i) (NOUN capelli)) (sp (ADP per) (sn (DET la) (NOUN rabbia))))) (CCONJ e) (f (ibar (VERB continuò)) (compin (sv2 (ADP a) (VERB strapparseli) (compt (fc (ADV fin) (SCONJ che) (f (ibar (PRON gliene) (VERB rimase)) (compt (sq (PRON uno) (sa (ADJ solo)))))))))) (PUNCT .)));;7,250456545;function
307;17;gliene;gliene;PRON;expl;rimase;(ROOT (fc (f (sn (DET Lo) (PROPN Stragenerale)) (ibar (PRON si) (VERB strappava)) (compt (sn (DET i) (NOUN capelli)) (sp (ADP per) (sn (DET la) (NOUN rabbia))))) (CCONJ e) (f (ibar (VERB continuò)) (compin (sv2 (ADP a) (VERB strapparseli) (compt (fc (ADV fin) (SCONJ che) (f (ibar (PRON gliene) (VERB rimase)) (compt (sq (PRON uno) (sa (ADJ solo)))))))))) (PUNCT .)));;4,236050537;function
308;17;rimase;rimanere;VERB;advcl;strapparseli;(ROOT (fc (f (sn (DET Lo) (PROPN Stragenerale)) (ibar (PRON si) (VERB strappava)) (compt (sn (DET i) (NOUN capelli)) (sp (ADP per) (sn (DET la) (NOUN rabbia))))) (CCONJ e) (f (ibar (VERB continuò)) (compin (sv2 (ADP a) (VERB strapparseli) (compt (fc (ADV fin) (SCONJ che) (f (ibar (PRON gliene) (VERB rimase)) (compt (sq (PRON uno) (sa (ADJ solo)))))))))) (PUNCT .)));;3,767840186;content
309;17;uno;uno;PRON;nsubj;rimase;(ROOT (fc (f (sn (DET Lo) (PROPN Stragenerale)) (ibar (PRON si) (VERB strappava)) (compt (sn (DET i) (NOUN capelli)) (sp (ADP per) (sn (DET la) (NOUN rabbia))))) (CCONJ e) (f (ibar (VERB continuò)) (compin (sv2 (ADP a) (VERB strapparseli) (compt (fc (ADV fin) (SCONJ che) (f (ibar (PRON gliene) (VERB rimase)) (compt (sq (PRON uno) (sa (ADJ solo)))))))))) (PUNCT .)));;6,015055575;function
310;17;solo;solo;ADJ;amod;uno;(ROOT (fc (f (sn (DET Lo) (PROPN Stragenerale)) (ibar (PRON si) (VERB strappava)) (compt (sn (DET i) (NOUN capelli)) (sp (ADP per) (sn (DET la) (NOUN rabbia))))) (CCONJ e) (f (ibar (VERB continuò)) (compin (sv2 (ADP a) (VERB strapparseli) (compt (fc (ADV fin) (SCONJ che) (f (ibar (PRON gliene) (VERB rimase)) (compt (sq (PRON uno) (sa (ADJ solo)))))))))) (PUNCT .)));4.60 ± 2.14;6,359323473;content
311;18;poi;poi;ADV;advmod;fu;(ROOT (fc (ADV Poi) (f (ibar (PRON ci) (VERB fu)) (compc (sn (DET un) (NOUN momento) (spd (ADP di) (sn (NOUN silenzio)))))) (PUNCT .)));;5,853751865;content
312;18;ci;ci;PRON;expl;fu;(ROOT (fc (ADV Poi) (f (ibar (PRON ci) (VERB fu)) (compc (sn (DET un) (NOUN momento) (spd (ADP di) (sn (NOUN silenzio)))))) (PUNCT .)));;6,517126939;function
313;18;fu;essere;VERB;root;ROOT;(ROOT (fc (ADV Poi) (f (ibar (PRON ci) (VERB fu)) (compc (sn (DET un) (NOUN momento) (spd (ADP di) (sn (NOUN silenzio)))))) (PUNCT .)));;5,104021496;content
314;18;un;uno;DET;det;momento;(ROOT (fc (ADV Poi) (f (ibar (PRON ci) (VERB fu)) (compc (sn (DET un) (NOUN momento) (spd (ADP di) (sn (NOUN silenzio)))))) (PUNCT .)));;7,065833912;function
315;18;momento;momento;NOUN;nsubj;fu;(ROOT (fc (ADV Poi) (f (ibar (PRON ci) (VERB fu)) (compc (sn (DET un) (NOUN momento) (spd (ADP di) (sn (NOUN silenzio)))))) (PUNCT .)));5.96 ± 2.85;5,627006329;content
316;18;di;di;ADP;case;silenzio;(ROOT (fc (ADV Poi) (f (ibar (PRON ci) (VERB fu)) (compc (sn (DET un) (NOUN momento) (spd (ADP di) (sn (NOUN silenzio)))))) (PUNCT .)));;7,232814475;function
317;18;silenzio;silenzio;NOUN;nmod;momento;(ROOT (fc (ADV Poi) (f (ibar (PRON ci) (VERB fu)) (compc (sn (DET un) (NOUN momento) (spd (ADP di) (sn (NOUN silenzio)))))) (PUNCT .)));4.48 ± 1.16;4,800730999;content
318;19;ed;e;CCONJ;cc;ecco;(ROOT (fc (CCONJ Ed) (cp (ADV ecco) (SCONJ che) (cp (spda (ADP da) (sn (DET l') (sa (ADJ altra)) (NOUN parte) (spd (ADP di) (sn (DET il) (NOUN fronte))))) (fp (PUNCT ,) (fc (ADP come) (sp (ADP per) (sn (DET un) (NOUN segnale)))) (PUNCT ,)) (f (ibar (VERB rispose)) (compin (sn (DET un) (coord (sa (ADJ allegro)) (PUNCT ,) (sa (ADJ assordante))) (PUNCT :) (fp (PUNCT -) (sn (PROPN Din)))))))) (PUNCT !)));;5,795365296;function
319;19;ecco;ecco;ADV;root;ROOT;(ROOT (fc (CCONJ Ed) (cp (ADV ecco) (SCONJ che) (cp (spda (ADP da) (sn (DET l') (sa (ADJ altra)) (NOUN parte) (spd (ADP di) (sn (DET il) (NOUN fronte))))) (fp (PUNCT ,) (fc (ADP come) (sp (ADP per) (sn (DET un) (NOUN segnale)))) (PUNCT ,)) (f (ibar (VERB rispose)) (compin (sn (DET un) (coord (sa (ADJ allegro)) (PUNCT ,) (sa (ADJ assordante))) (PUNCT :) (fp (PUNCT -) (sn (PROPN Din)))))))) (PUNCT !)));;5,695815269;content
320;19;che;che;SCONJ;mark;rispose;(ROOT (fc (CCONJ Ed) (cp (ADV ecco) (SCONJ che) (cp (spda (ADP da) (sn (DET l') (sa (ADJ altra)) (NOUN parte) (spd (ADP di) (sn (DET il) (NOUN fronte))))) (fp (PUNCT ,) (fc (ADP come) (sp (ADP per) (sn (DET un) (NOUN segnale)))) (PUNCT ,)) (f (ibar (VERB rispose)) (compin (sn (DET un) (coord (sa (ADJ allegro)) (PUNCT ,) (sa (ADJ assordante))) (PUNCT :) (fp (PUNCT -) (sn (PROPN Din)))))))) (PUNCT !)));;7,250456545;function
321;19;da;da;ADP;case;parte;(ROOT (fc (CCONJ Ed) (cp (ADV ecco) (SCONJ che) (cp (spda (ADP da) (sn (DET l') (sa (ADJ altra)) (NOUN parte) (spd (ADP di) (sn (DET il) (NOUN fronte))))) (fp (PUNCT ,) (fc (ADP come) (sp (ADP per) (sn (DET un) (NOUN segnale)))) (PUNCT ,)) (f (ibar (VERB rispose)) (compin (sn (DET un) (coord (sa (ADJ allegro)) (PUNCT ,) (sa (ADJ assordante))) (PUNCT :) (fp (PUNCT -) (sn (PROPN Din)))))))) (PUNCT !)));;6,577812618;function
322;19;l;il;DET;det;parte;(ROOT (fc (CCONJ Ed) (cp (ADV ecco) (SCONJ che) (cp (spda (ADP da) (sn (DET l') (sa (ADJ altra)) (NOUN parte) (spd (ADP di) (sn (DET il) (NOUN fronte))))) (fp (PUNCT ,) (fc (ADP come) (sp (ADP per) (sn (DET un) (NOUN segnale)))) (PUNCT ,)) (f (ibar (VERB rispose)) (compin (sn (DET un) (coord (sa (ADJ allegro)) (PUNCT ,) (sa (ADJ assordante))) (PUNCT :) (fp (PUNCT -) (sn (PROPN Din)))))))) (PUNCT !)));;6,640107629;function
323;19;altra;altro;ADJ;amod;parte;(ROOT (fc (CCONJ Ed) (cp (ADV ecco) (SCONJ che) (cp (spda (ADP da) (sn (DET l') (sa (ADJ altra)) (NOUN parte) (spd (ADP di) (sn (DET il) (NOUN fronte))))) (fp (PUNCT ,) (fc (ADP come) (sp (ADP per) (sn (DET un) (NOUN segnale)))) (PUNCT ,)) (f (ibar (VERB rispose)) (compin (sn (DET un) (coord (sa (ADJ allegro)) (PUNCT ,) (sa (ADJ assordante))) (PUNCT :) (fp (PUNCT -) (sn (PROPN Din)))))))) (PUNCT !)));;5,649409994;content
324;19;parte;parte;NOUN;obl;rispose;(ROOT (fc (CCONJ Ed) (cp (ADV ecco) (SCONJ che) (cp (spda (ADP da) (sn (DET l') (sa (ADJ altra)) (NOUN parte) (spd (ADP di) (sn (DET il) (NOUN fronte))))) (fp (PUNCT ,) (fc (ADP come) (sp (ADP per) (sn (DET un) (NOUN segnale)))) (PUNCT ,)) (f (ibar (VERB rispose)) (compin (sn (DET un) (coord (sa (ADJ allegro)) (PUNCT ,) (sa (ADJ assordante))) (PUNCT :) (fp (PUNCT -) (sn (PROPN Din)))))))) (PUNCT !)));7.52 ± 3.39;5,847768581;content
325;19;di;di;ADP;case;fronte;(ROOT (fc (CCONJ Ed) (cp (ADV ecco) (SCONJ che) (cp (spda (ADP da) (sn (DET l') (sa (ADJ altra)) (NOUN parte) (spd (ADP di) (sn (DET il) (NOUN fronte))))) (fp (PUNCT ,) (fc (ADP come) (sp (ADP per) (sn (DET un) (NOUN segnale)))) (PUNCT ,)) (f (ibar (VERB rispose)) (compin (sn (DET un) (coord (sa (ADJ allegro)) (PUNCT ,) (sa (ADJ assordante))) (PUNCT :) (fp (PUNCT -) (sn (PROPN Din)))))))) (PUNCT !)));;7,232814475;function
326;19;il;il;DET;det;fronte;(ROOT (fc (CCONJ Ed) (cp (ADV ecco) (SCONJ che) (cp (spda (ADP da) (sn (DET l') (sa (ADJ altra)) (NOUN parte) (spd (ADP di) (sn (DET il) (NOUN fronte))))) (fp (PUNCT ,) (fc (ADP come) (sp (ADP per) (sn (DET un) (NOUN segnale)))) (PUNCT ,)) (f (ibar (VERB rispose)) (compin (sn (DET un) (coord (sa (ADJ allegro)) (PUNCT ,) (sa (ADJ assordante))) (PUNCT :) (fp (PUNCT -) (sn (PROPN Din)))))))) (PUNCT !)));;7,039560886;function
327;19;fronte;fronte;NOUN;nmod;parte;(ROOT (fc (CCONJ Ed) (cp (ADV ecco) (SCONJ che) (cp (spda (ADP da) (sn (DET l') (sa (ADJ altra)) (NOUN parte) (spd (ADP di) (sn (DET il) (NOUN fronte))))) (fp (PUNCT ,) (fc (ADP come) (sp (ADP per) (sn (DET un) (NOUN segnale)))) (PUNCT ,)) (f (ibar (VERB rispose)) (compin (sn (DET un) (coord (sa (ADJ allegro)) (PUNCT ,) (sa (ADJ assordante))) (PUNCT :) (fp (PUNCT -) (sn (PROPN Din)))))))) (PUNCT !)));;4,826054975;content
328;19;come;come;ADP;case;segnale;(ROOT (fc (CCONJ Ed) (cp (ADV ecco) (SCONJ che) (cp (spda (ADP da) (sn (DET l') (sa (ADJ altra)) (NOUN parte) (spd (ADP di) (sn (DET il) (NOUN fronte))))) (fp (PUNCT ,) (fc (ADP come) (sp (ADP per) (sn (DET un) (NOUN segnale)))) (PUNCT ,)) (f (ibar (VERB rispose)) (compin (sn (DET un) (coord (sa (ADJ allegro)) (PUNCT ,) (sa (ADJ assordante))) (PUNCT :) (fp (PUNCT -) (sn (PROPN Din)))))))) (PUNCT !)));;6,562704781;function
329;19;per;per;ADP;case;segnale;(ROOT (fc (CCONJ Ed) (cp (ADV ecco) (SCONJ che) (cp (spda (ADP da) (sn (DET l') (sa (ADJ altra)) (NOUN parte) (spd (ADP di) (sn (DET il) (NOUN fronte))))) (fp (PUNCT ,) (fc (ADP come) (sp (ADP per) (sn (DET un) (NOUN segnale)))) (PUNCT ,)) (f (ibar (VERB rispose)) (compin (sn (DET un) (coord (sa (ADJ allegro)) (PUNCT ,) (sa (ADJ assordante))) (PUNCT :) (fp (PUNCT -) (sn (PROPN Din)))))))) (PUNCT !)));;6,912435835;function
330;19;un;uno;DET;det;segnale;(ROOT (fc (CCONJ Ed) (cp (ADV ecco) (SCONJ che) (cp (spda (ADP da) (sn (DET l') (sa (ADJ altra)) (NOUN parte) (spd (ADP di) (sn (DET il) (NOUN fronte))))) (fp (PUNCT ,) (fc (ADP come) (sp (ADP per) (sn (DET un) (NOUN segnale)))) (PUNCT ,)) (f (ibar (VERB rispose)) (compin (sn (DET un) (coord (sa (ADJ allegro)) (PUNCT ,) (sa (ADJ assordante))) (PUNCT :) (fp (PUNCT -) (sn (PROPN Din)))))))) (PUNCT !)));;7,065833912;function
331;19;segnale;segnale;NOUN;obl;rispose;(ROOT (fc (CCONJ Ed) (cp (ADV ecco) (SCONJ che) (cp (spda (ADP da) (sn (DET l') (sa (ADJ altra)) (NOUN parte) (spd (ADP di) (sn (DET il) (NOUN fronte))))) (fp (PUNCT ,) (fc (ADP come) (sp (ADP per) (sn (DET un) (NOUN segnale)))) (PUNCT ,)) (f (ibar (VERB rispose)) (compin (sn (DET un) (coord (sa (ADJ allegro)) (PUNCT ,) (sa (ADJ assordante))) (PUNCT :) (fp (PUNCT -) (sn (PROPN Din)))))))) (PUNCT !)));;4,643935621;content
332;19;rispose;rispondere;VERB;ccomp;ecco;(ROOT (fc (CCONJ Ed) (cp (ADV ecco) (SCONJ che) (cp (spda (ADP da) (sn (DET l') (sa (ADJ altra)) (NOUN parte) (spd (ADP di) (sn (DET il) (NOUN fronte))))) (fp (PUNCT ,) (fc (ADP come) (sp (ADP per) (sn (DET un) (NOUN segnale)))) (PUNCT ,)) (f (ibar (VERB rispose)) (compin (sn (DET un) (coord (sa (ADJ allegro)) (PUNCT ,) (sa (ADJ assordante))) (PUNCT :) (fp (PUNCT -) (sn (PROPN Din)))))))) (PUNCT !)));3.88 ± 1.59;3,603383777;content
333;19;un;uno;DET;det;allegro;(ROOT (fc (CCONJ Ed) (cp (ADV ecco) (SCONJ che) (cp (spda (ADP da) (sn (DET l') (sa (ADJ altra)) (NOUN parte) (spd (ADP di) (sn (DET il) (NOUN fronte))))) (fp (PUNCT ,) (fc (ADP come) (sp (ADP per) (sn (DET un) (NOUN segnale)))) (PUNCT ,)) (f (ibar (VERB rispose)) (compin (sn (DET un) (coord (sa (ADJ allegro)) (PUNCT ,) (sa (ADJ assordante))) (PUNCT :) (fp (PUNCT -) (sn (PROPN Din)))))))) (PUNCT !)));;7,065833912;function
334;19;allegro;allegro;ADJ;nsubj;rispose;(ROOT (fc (CCONJ Ed) (cp (ADV ecco) (SCONJ che) (cp (spda (ADP da) (sn (DET l') (sa (ADJ altra)) (NOUN parte) (spd (ADP di) (sn (DET il) (NOUN fronte))))) (fp (PUNCT ,) (fc (ADP come) (sp (ADP per) (sn (DET un) (NOUN segnale)))) (PUNCT ,)) (f (ibar (VERB rispose)) (compin (sn (DET un) (coord (sa (ADJ allegro)) (PUNCT ,) (sa (ADJ assordante))) (PUNCT :) (fp (PUNCT -) (sn (PROPN Din)))))))) (PUNCT !)));4.16 ± 1.52;3,71983993;content
335;19;assordante;assordante;ADJ;conj;allegro;(ROOT (fc (CCONJ Ed) (cp (ADV ecco) (SCONJ che) (cp (spda (ADP da) (sn (DET l') (sa (ADJ altra)) (NOUN parte) (spd (ADP di) (sn (DET il) (NOUN fronte))))) (fp (PUNCT ,) (fc (ADP come) (sp (ADP per) (sn (DET un) (NOUN segnale)))) (PUNCT ,)) (f (ibar (VERB rispose)) (compin (sn (DET un) (coord (sa (ADJ allegro)) (PUNCT ,) (sa (ADJ assordante))) (PUNCT :) (fp (PUNCT -) (sn (PROPN Din)))))))) (PUNCT !)));;2,781987837;content
336;19;din;Din;PROPN;parataxis;rispose;(ROOT (fc (CCONJ Ed) (cp (ADV ecco) (SCONJ che) (cp (spda (ADP da) (sn (DET l') (sa (ADJ altra)) (NOUN parte) (spd (ADP di) (sn (DET il) (NOUN fronte))))) (fp (PUNCT ,) (fc (ADP come) (sp (ADP per) (sn (DET un) (NOUN segnale)))) (PUNCT ,)) (f (ibar (VERB rispose)) (compin (sn (DET un) (coord (sa (ADJ allegro)) (PUNCT ,) (sa (ADJ assordante))) (PUNCT :) (fp (PUNCT -) (sn (PROPN Din)))))))) (PUNCT !)));;1,19092323;content
337;20;don;Don;INTJ;root;ROOT;(ROOT (f3 (sn (INTJ Don!) (PROPN Dan)) (PUNCT !)));;2,065984493;function
338;20;dan;Dan;PROPN;vocative;Don!;(ROOT (f3 (sn (INTJ Don!) (PROPN Dan)) (PUNCT !)));;1,844135744;content
339;21;perché;perché;SCONJ;mark;sapere;(ROOT (fs (SCONJ Perché) (f (ir_infl (AUX dovete) (VERB sapere)) (compt (fac (SCONJ che) (f (sn (ADV anche) (DET il) (NOUN comandante) (spd (ADP di) (sn (DET i) (NOUN nemici))) (fp (PUNCT ,) (sn (DET il) (PROPN Mortesciallo) (PROPN Von) (PROPN Bombonen) (PROPN Sparonen) (PROPN Pestafrakasson)) (PUNCT ,))) (ibar (AUX aveva) (VERB avuto)) (compc (sn (DET l') (NOUN idea) (sv2 (ADP di) (VERB fabbricare) (compt (sn (DET un) (NOUN cannonissimo)) (sp (ADP con) (sn (DET le) (NOUN campane) (spd (ADP di) (sn (DET il) (sa (DET suo)) (NOUN paese) (PUNCT .)))))))))))))));;5,965637226;function
340;21;dovete;dovere;AUX;aux;sapere;(ROOT (fs (SCONJ Perché) (f (ir_infl (AUX dovete) (VERB sapere)) (compt (fac (SCONJ che) (f (sn (ADV anche) (DET il) (NOUN comandante) (spd (ADP di) (sn (DET i) (NOUN nemici))) (fp (PUNCT ,) (sn (DET il) (PROPN Mortesciallo) (PROPN Von) (PROPN Bombonen) (PROPN Sparonen) (PROPN Pestafrakasson)) (PUNCT ,))) (ibar (AUX aveva) (VERB avuto)) (compc (sn (DET l') (NOUN idea) (sv2 (ADP di) (VERB fabbricare) (compt (sn (DET un) (NOUN cannonissimo)) (sp (ADP con) (sn (DET le) (NOUN campane) (spd (ADP di) (sn (DET il) (sa (DET suo)) (NOUN paese) (PUNCT .)))))))))))))));;4,942971678;function
341;21;sapere;sapere;VERB;root;ROOT;(ROOT (fs (SCONJ Perché) (f (ir_infl (AUX dovete) (VERB sapere)) (compt (fac (SCONJ che) (f (sn (ADV anche) (DET il) (NOUN comandante) (spd (ADP di) (sn (DET i) (NOUN nemici))) (fp (PUNCT ,) (sn (DET il) (PROPN Mortesciallo) (PROPN Von) (PROPN Bombonen) (PROPN Sparonen) (PROPN Pestafrakasson)) (PUNCT ,))) (ibar (AUX aveva) (VERB avuto)) (compc (sn (DET l') (NOUN idea) (sv2 (ADP di) (VERB fabbricare) (compt (sn (DET un) (NOUN cannonissimo)) (sp (ADP con) (sn (DET le) (NOUN campane) (spd (ADP di) (sn (DET il) (sa (DET suo)) (NOUN paese) (PUNCT .)))))))))))))));;5,591789191;content
342;21;che;che;SCONJ;mark;avuto;(ROOT (fs (SCONJ Perché) (f (ir_infl (AUX dovete) (VERB sapere)) (compt (fac (SCONJ che) (f (sn (ADV anche) (DET il) (NOUN comandante) (spd (ADP di) (sn (DET i) (NOUN nemici))) (fp (PUNCT ,) (sn (DET il) (PROPN Mortesciallo) (PROPN Von) (PROPN Bombonen) (PROPN Sparonen) (PROPN Pestafrakasson)) (PUNCT ,))) (ibar (AUX aveva) (VERB avuto)) (compc (sn (DET l') (NOUN idea) (sv2 (ADP di) (VERB fabbricare) (compt (sn (DET un) (NOUN cannonissimo)) (sp (ADP con) (sn (DET le) (NOUN campane) (spd (ADP di) (sn (DET il) (sa (DET suo)) (NOUN paese) (PUNCT .)))))))))))))));;7,250456545;function
343;21;anche;anche;ADV;advmod;comandante;(ROOT (fs (SCONJ Perché) (f (ir_infl (AUX dovete) (VERB sapere)) (compt (fac (SCONJ che) (f (sn (ADV anche) (DET il) (NOUN comandante) (spd (ADP di) (sn (DET i) (NOUN nemici))) (fp (PUNCT ,) (sn (DET il) (PROPN Mortesciallo) (PROPN Von) (PROPN Bombonen) (PROPN Sparonen) (PROPN Pestafrakasson)) (PUNCT ,))) (ibar (AUX aveva) (VERB avuto)) (compc (sn (DET l') (NOUN idea) (sv2 (ADP di) (VERB fabbricare) (compt (sn (DET un) (NOUN cannonissimo)) (sp (ADP con) (sn (DET le) (NOUN campane) (spd (ADP di) (sn (DET il) (sa (DET suo)) (NOUN paese) (PUNCT .)))))))))))))));;6,115086172;content
344;21;il;il;DET;det;comandante;(ROOT (fs (SCONJ Perché) (f (ir_infl (AUX dovete) (VERB sapere)) (compt (fac (SCONJ che) (f (sn (ADV anche) (DET il) (NOUN comandante) (spd (ADP di) (sn (DET i) (NOUN nemici))) (fp (PUNCT ,) (sn (DET il) (PROPN Mortesciallo) (PROPN Von) (PROPN Bombonen) (PROPN Sparonen) (PROPN Pestafrakasson)) (PUNCT ,))) (ibar (AUX aveva) (VERB avuto)) (compc (sn (DET l') (NOUN idea) (sv2 (ADP di) (VERB fabbricare) (compt (sn (DET un) (NOUN cannonissimo)) (sp (ADP con) (sn (DET le) (NOUN campane) (spd (ADP di) (sn (DET il) (sa (DET suo)) (NOUN paese) (PUNCT .)))))))))))))));;7,039560886;function
345;21;comandante;comandante;NOUN;nsubj;avuto;(ROOT (fs (SCONJ Perché) (f (ir_infl (AUX dovete) (VERB sapere)) (compt (fac (SCONJ che) (f (sn (ADV anche) (DET il) (NOUN comandante) (spd (ADP di) (sn (DET i) (NOUN nemici))) (fp (PUNCT ,) (sn (DET il) (PROPN Mortesciallo) (PROPN Von) (PROPN Bombonen) (PROPN Sparonen) (PROPN Pestafrakasson)) (PUNCT ,))) (ibar (AUX aveva) (VERB avuto)) (compc (sn (DET l') (NOUN idea) (sv2 (ADP di) (VERB fabbricare) (compt (sn (DET un) (NOUN cannonissimo)) (sp (ADP con) (sn (DET le) (NOUN campane) (spd (ADP di) (sn (DET il) (sa (DET suo)) (NOUN paese) (PUNCT .)))))))))))))));;4,8056623;content
346;21;di;di;ADP;case;nemici;(ROOT (fs (SCONJ Perché) (f (ir_infl (AUX dovete) (VERB sapere)) (compt (fac (SCONJ che) (f (sn (ADV anche) (DET il) (NOUN comandante) (spd (ADP di) (sn (DET i) (NOUN nemici))) (fp (PUNCT ,) (sn (DET il) (PROPN Mortesciallo) (PROPN Von) (PROPN Bombonen) (PROPN Sparonen) (PROPN Pestafrakasson)) (PUNCT ,))) (ibar (AUX aveva) (VERB avuto)) (compc (sn (DET l') (NOUN idea) (sv2 (ADP di) (VERB fabbricare) (compt (sn (DET un) (NOUN cannonissimo)) (sp (ADP con) (sn (DET le) (NOUN campane) (spd (ADP di) (sn (DET il) (sa (DET suo)) (NOUN paese) (PUNCT .)))))))))))))));;7,232814475;function
347;21;i;il;DET;det;nemici;(ROOT (fs (SCONJ Perché) (f (ir_infl (AUX dovete) (VERB sapere)) (compt (fac (SCONJ che) (f (sn (ADV anche) (DET il) (NOUN comandante) (spd (ADP di) (sn (DET i) (NOUN nemici))) (fp (PUNCT ,) (sn (DET il) (PROPN Mortesciallo) (PROPN Von) (PROPN Bombonen) (PROPN Sparonen) (PROPN Pestafrakasson)) (PUNCT ,))) (ibar (AUX aveva) (VERB avuto)) (compc (sn (DET l') (NOUN idea) (sv2 (ADP di) (VERB fabbricare) (compt (sn (DET un) (NOUN cannonissimo)) (sp (ADP con) (sn (DET le) (NOUN campane) (spd (ADP di) (sn (DET il) (sa (DET suo)) (NOUN paese) (PUNCT .)))))))))))))));;6,584780852;function
348;21;nemici;nemico;NOUN;nmod;comandante;(ROOT (fs (SCONJ Perché) (f (ir_infl (AUX dovete) (VERB sapere)) (compt (fac (SCONJ che) (f (sn (ADV anche) (DET il) (NOUN comandante) (spd (ADP di) (sn (DET i) (NOUN nemici))) (fp (PUNCT ,) (sn (DET il) (PROPN Mortesciallo) (PROPN Von) (PROPN Bombonen) (PROPN Sparonen) (PROPN Pestafrakasson)) (PUNCT ,))) (ibar (AUX aveva) (VERB avuto)) (compc (sn (DET l') (NOUN idea) (sv2 (ADP di) (VERB fabbricare) (compt (sn (DET un) (NOUN cannonissimo)) (sp (ADP con) (sn (DET le) (NOUN campane) (spd (ADP di) (sn (DET il) (sa (DET suo)) (NOUN paese) (PUNCT .)))))))))))))));;4,43371304;content
349;21;il;il;DET;det;Mortesciallo;(ROOT (fs (SCONJ Perché) (f (ir_infl (AUX dovete) (VERB sapere)) (compt (fac (SCONJ che) (f (sn (ADV anche) (DET il) (NOUN comandante) (spd (ADP di) (sn (DET i) (NOUN nemici))) (fp (PUNCT ,) (sn (DET il) (PROPN Mortesciallo) (PROPN Von) (PROPN Bombonen) (PROPN Sparonen) (PROPN Pestafrakasson)) (PUNCT ,))) (ibar (AUX aveva) (VERB avuto)) (compc (sn (DET l') (NOUN idea) (sv2 (ADP di) (VERB fabbricare) (compt (sn (DET un) (NOUN cannonissimo)) (sp (ADP con) (sn (DET le) (NOUN campane) (spd (ADP di) (sn (DET il) (sa (DET suo)) (NOUN paese) (PUNCT .)))))))))))))));;7,039560886;function
350;21;mortesciallo;Mortesciallo;PROPN;appos;comandante;(ROOT (fs (SCONJ Perché) (f (ir_infl (AUX dovete) (VERB sapere)) (compt (fac (SCONJ che) (f (sn (ADV anche) (DET il) (NOUN comandante) (spd (ADP di) (sn (DET i) (NOUN nemici))) (fp (PUNCT ,) (sn (DET il) (PROPN Mortesciallo) (PROPN Von) (PROPN Bombonen) (PROPN Sparonen) (PROPN Pestafrakasson)) (PUNCT ,))) (ibar (AUX aveva) (VERB avuto)) (compc (sn (DET l') (NOUN idea) (sv2 (ADP di) (VERB fabbricare) (compt (sn (DET un) (NOUN cannonissimo)) (sp (ADP con) (sn (DET le) (NOUN campane) (spd (ADP di) (sn (DET il) (sa (DET suo)) (NOUN paese) (PUNCT .)))))))))))))));;;content
351;21;von;Von;PROPN;flat:name;Mortesciallo;(ROOT (fs (SCONJ Perché) (f (ir_infl (AUX dovete) (VERB sapere)) (compt (fac (SCONJ che) (f (sn (ADV anche) (DET il) (NOUN comandante) (spd (ADP di) (sn (DET i) (NOUN nemici))) (fp (PUNCT ,) (sn (DET il) (PROPN Mortesciallo) (PROPN Von) (PROPN Bombonen) (PROPN Sparonen) (PROPN Pestafrakasson)) (PUNCT ,))) (ibar (AUX aveva) (VERB avuto)) (compc (sn (DET l') (NOUN idea) (sv2 (ADP di) (VERB fabbricare) (compt (sn (DET un) (NOUN cannonissimo)) (sp (ADP con) (sn (DET le) (NOUN campane) (spd (ADP di) (sn (DET il) (sa (DET suo)) (NOUN paese) (PUNCT .)))))))))))))));;3,909839916;content
352;21;bombonen;Bombonen;PROPN;flat:name;Mortesciallo;(ROOT (fs (SCONJ Perché) (f (ir_infl (AUX dovete) (VERB sapere)) (compt (fac (SCONJ che) (f (sn (ADV anche) (DET il) (NOUN comandante) (spd (ADP di) (sn (DET i) (NOUN nemici))) (fp (PUNCT ,) (sn (DET il) (PROPN Mortesciallo) (PROPN Von) (PROPN Bombonen) (PROPN Sparonen) (PROPN Pestafrakasson)) (PUNCT ,))) (ibar (AUX aveva) (VERB avuto)) (compc (sn (DET l') (NOUN idea) (sv2 (ADP di) (VERB fabbricare) (compt (sn (DET un) (NOUN cannonissimo)) (sp (ADP con) (sn (DET le) (NOUN campane) (spd (ADP di) (sn (DET il) (sa (DET suo)) (NOUN paese) (PUNCT .)))))))))))))));;;content
353;21;sparonen;Sparonen;PROPN;flat:name;Mortesciallo;(ROOT (fs (SCONJ Perché) (f (ir_infl (AUX dovete) (VERB sapere)) (compt (fac (SCONJ che) (f (sn (ADV anche) (DET il) (NOUN comandante) (spd (ADP di) (sn (DET i) (NOUN nemici))) (fp (PUNCT ,) (sn (DET il) (PROPN Mortesciallo) (PROPN Von) (PROPN Bombonen) (PROPN Sparonen) (PROPN Pestafrakasson)) (PUNCT ,))) (ibar (AUX aveva) (VERB avuto)) (compc (sn (DET l') (NOUN idea) (sv2 (ADP di) (VERB fabbricare) (compt (sn (DET un) (NOUN cannonissimo)) (sp (ADP con) (sn (DET le) (NOUN campane) (spd (ADP di) (sn (DET il) (sa (DET suo)) (NOUN paese) (PUNCT .)))))))))))))));;;content
354;21;pestafrakasson;Pestafrakasson;PROPN;flat:name;Sparonen;(ROOT (fs (SCONJ Perché) (f (ir_infl (AUX dovete) (VERB sapere)) (compt (fac (SCONJ che) (f (sn (ADV anche) (DET il) (NOUN comandante) (spd (ADP di) (sn (DET i) (NOUN nemici))) (fp (PUNCT ,) (sn (DET il) (PROPN Mortesciallo) (PROPN Von) (PROPN Bombonen) (PROPN Sparonen) (PROPN Pestafrakasson)) (PUNCT ,))) (ibar (AUX aveva) (VERB avuto)) (compc (sn (DET l') (NOUN idea) (sv2 (ADP di) (VERB fabbricare) (compt (sn (DET un) (NOUN cannonissimo)) (sp (ADP con) (sn (DET le) (NOUN campane) (spd (ADP di) (sn (DET il) (sa (DET suo)) (NOUN paese) (PUNCT .)))))))))))))));;;content
355;21;aveva;avere;AUX;aux;avuto;(ROOT (fs (SCONJ Perché) (f (ir_infl (AUX dovete) (VERB sapere)) (compt (fac (SCONJ che) (f (sn (ADV anche) (DET il) (NOUN comandante) (spd (ADP di) (sn (DET i) (NOUN nemici))) (fp (PUNCT ,) (sn (DET il) (PROPN Mortesciallo) (PROPN Von) (PROPN Bombonen) (PROPN Sparonen) (PROPN Pestafrakasson)) (PUNCT ,))) (ibar (AUX aveva) (VERB avuto)) (compc (sn (DET l') (NOUN idea) (sv2 (ADP di) (VERB fabbricare) (compt (sn (DET un) (NOUN cannonissimo)) (sp (ADP con) (sn (DET le) (NOUN campane) (spd (ADP di) (sn (DET il) (sa (DET suo)) (NOUN paese) (PUNCT .)))))))))))))));;5,632280537;function
356;21;avuto;avere;VERB;ccomp;sapere;(ROOT (fs (SCONJ Perché) (f (ir_infl (AUX dovete) (VERB sapere)) (compt (fac (SCONJ che) (f (sn (ADV anche) (DET il) (NOUN comandante) (spd (ADP di) (sn (DET i) (NOUN nemici))) (fp (PUNCT ,) (sn (DET il) (PROPN Mortesciallo) (PROPN Von) (PROPN Bombonen) (PROPN Sparonen) (PROPN Pestafrakasson)) (PUNCT ,))) (ibar (AUX aveva) (VERB avuto)) (compc (sn (DET l') (NOUN idea) (sv2 (ADP di) (VERB fabbricare) (compt (sn (DET un) (NOUN cannonissimo)) (sp (ADP con) (sn (DET le) (NOUN campane) (spd (ADP di) (sn (DET il) (sa (DET suo)) (NOUN paese) (PUNCT .)))))))))))))));;5,544820235;content
357;21;l;il;DET;det;idea;(ROOT (fs (SCONJ Perché) (f (ir_infl (AUX dovete) (VERB sapere)) (compt (fac (SCONJ che) (f (sn (ADV anche) (DET il) (NOUN comandante) (spd (ADP di) (sn (DET i) (NOUN nemici))) (fp (PUNCT ,) (sn (DET il) (PROPN Mortesciallo) (PROPN Von) (PROPN Bombonen) (PROPN Sparonen) (PROPN Pestafrakasson)) (PUNCT ,))) (ibar (AUX aveva) (VERB avuto)) (compc (sn (DET l') (NOUN idea) (sv2 (ADP di) (VERB fabbricare) (compt (sn (DET un) (NOUN cannonissimo)) (sp (ADP con) (sn (DET le) (NOUN campane) (spd (ADP di) (sn (DET il) (sa (DET suo)) (NOUN paese) (PUNCT .)))))))))))))));;6,640107629;function
358;21;idea;idea;NOUN;obj;avuto;(ROOT (fs (SCONJ Perché) (f (ir_infl (AUX dovete) (VERB sapere)) (compt (fac (SCONJ che) (f (sn (ADV anche) (DET il) (NOUN comandante) (spd (ADP di) (sn (DET i) (NOUN nemici))) (fp (PUNCT ,) (sn (DET il) (PROPN Mortesciallo) (PROPN Von) (PROPN Bombonen) (PROPN Sparonen) (PROPN Pestafrakasson)) (PUNCT ,))) (ibar (AUX aveva) (VERB avuto)) (compc (sn (DET l') (NOUN idea) (sv2 (ADP di) (VERB fabbricare) (compt (sn (DET un) (NOUN cannonissimo)) (sp (ADP con) (sn (DET le) (NOUN campane) (spd (ADP di) (sn (DET il) (sa (DET suo)) (NOUN paese) (PUNCT .)))))))))))))));6.24 ± 2.55;5,567345054;content
359;21;di;di;ADP;mark;fabbricare;(ROOT (fs (SCONJ Perché) (f (ir_infl (AUX dovete) (VERB sapere)) (compt (fac (SCONJ che) (f (sn (ADV anche) (DET il) (NOUN comandante) (spd (ADP di) (sn (DET i) (NOUN nemici))) (fp (PUNCT ,) (sn (DET il) (PROPN Mortesciallo) (PROPN Von) (PROPN Bombonen) (PROPN Sparonen) (PROPN Pestafrakasson)) (PUNCT ,))) (ibar (AUX aveva) (VERB avuto)) (compc (sn (DET l') (NOUN idea) (sv2 (ADP di) (VERB fabbricare) (compt (sn (DET un) (NOUN cannonissimo)) (sp (ADP con) (sn (DET le) (NOUN campane) (spd (ADP di) (sn (DET il) (sa (DET suo)) (NOUN paese) (PUNCT .)))))))))))))));;7,232814475;function
360;21;fabbricare;fabbricare;VERB;acl;idea;(ROOT (fs (SCONJ Perché) (f (ir_infl (AUX dovete) (VERB sapere)) (compt (fac (SCONJ che) (f (sn (ADV anche) (DET il) (NOUN comandante) (spd (ADP di) (sn (DET i) (NOUN nemici))) (fp (PUNCT ,) (sn (DET il) (PROPN Mortesciallo) (PROPN Von) (PROPN Bombonen) (PROPN Sparonen) (PROPN Pestafrakasson)) (PUNCT ,))) (ibar (AUX aveva) (VERB avuto)) (compc (sn (DET l') (NOUN idea) (sv2 (ADP di) (VERB fabbricare) (compt (sn (DET un) (NOUN cannonissimo)) (sp (ADP con) (sn (DET le) (NOUN campane) (spd (ADP di) (sn (DET il) (sa (DET suo)) (NOUN paese) (PUNCT .)))))))))))))));;3,107377179;content
361;21;un;uno;DET;det;cannonissimo;(ROOT (fs (SCONJ Perché) (f (ir_infl (AUX dovete) (VERB sapere)) (compt (fac (SCONJ che) (f (sn (ADV anche) (DET il) (NOUN comandante) (spd (ADP di) (sn (DET i) (NOUN nemici))) (fp (PUNCT ,) (sn (DET il) (PROPN Mortesciallo) (PROPN Von) (PROPN Bombonen) (PROPN Sparonen) (PROPN Pestafrakasson)) (PUNCT ,))) (ibar (AUX aveva) (VERB avuto)) (compc (sn (DET l') (NOUN idea) (sv2 (ADP di) (VERB fabbricare) (compt (sn (DET un) (NOUN cannonissimo)) (sp (ADP con) (sn (DET le) (NOUN campane) (spd (ADP di) (sn (DET il) (sa (DET suo)) (NOUN paese) (PUNCT .)))))))))))))));;7,065833912;function
362;21;cannonissimo;cannone;NOUN;obj;fabbricare;(ROOT (fs (SCONJ Perché) (f (ir_infl (AUX dovete) (VERB sapere)) (compt (fac (SCONJ che) (f (sn (ADV anche) (DET il) (NOUN comandante) (spd (ADP di) (sn (DET i) (NOUN nemici))) (fp (PUNCT ,) (sn (DET il) (PROPN Mortesciallo) (PROPN Von) (PROPN Bombonen) (PROPN Sparonen) (PROPN Pestafrakasson)) (PUNCT ,))) (ibar (AUX aveva) (VERB avuto)) (compc (sn (DET l') (NOUN idea) (sv2 (ADP di) (VERB fabbricare) (compt (sn (DET un) (NOUN cannonissimo)) (sp (ADP con) (sn (DET le) (NOUN campane) (spd (ADP di) (sn (DET il) (sa (DET suo)) (NOUN paese) (PUNCT .)))))))))))))));7.20 ± 2.86;;content
363;21;con;con;ADP;case;campane;(ROOT (fs (SCONJ Perché) (f (ir_infl (AUX dovete) (VERB sapere)) (compt (fac (SCONJ che) (f (sn (ADV anche) (DET il) (NOUN comandante) (spd (ADP di) (sn (DET i) (NOUN nemici))) (fp (PUNCT ,) (sn (DET il) (PROPN Mortesciallo) (PROPN Von) (PROPN Bombonen) (PROPN Sparonen) (PROPN Pestafrakasson)) (PUNCT ,))) (ibar (AUX aveva) (VERB avuto)) (compc (sn (DET l') (NOUN idea) (sv2 (ADP di) (VERB fabbricare) (compt (sn (DET un) (NOUN cannonissimo)) (sp (ADP con) (sn (DET le) (NOUN campane) (spd (ADP di) (sn (DET il) (sa (DET suo)) (NOUN paese) (PUNCT .)))))))))))))));;6,620271703;function
364;21;le;il;DET;det;campane;(ROOT (fs (SCONJ Perché) (f (ir_infl (AUX dovete) (VERB sapere)) (compt (fac (SCONJ che) (f (sn (ADV anche) (DET il) (NOUN comandante) (spd (ADP di) (sn (DET i) (NOUN nemici))) (fp (PUNCT ,) (sn (DET il) (PROPN Mortesciallo) (PROPN Von) (PROPN Bombonen) (PROPN Sparonen) (PROPN Pestafrakasson)) (PUNCT ,))) (ibar (AUX aveva) (VERB avuto)) (compc (sn (DET l') (NOUN idea) (sv2 (ADP di) (VERB fabbricare) (compt (sn (DET un) (NOUN cannonissimo)) (sp (ADP con) (sn (DET le) (NOUN campane) (spd (ADP di) (sn (DET il) (sa (DET suo)) (NOUN paese) (PUNCT .)))))))))))))));;6,624997683;function
365;21;campane;campana;NOUN;obl;fabbricare;(ROOT (fs (SCONJ Perché) (f (ir_infl (AUX dovete) (VERB sapere)) (compt (fac (SCONJ che) (f (sn (ADV anche) (DET il) (NOUN comandante) (spd (ADP di) (sn (DET i) (NOUN nemici))) (fp (PUNCT ,) (sn (DET il) (PROPN Mortesciallo) (PROPN Von) (PROPN Bombonen) (PROPN Sparonen) (PROPN Pestafrakasson)) (PUNCT ,))) (ibar (AUX aveva) (VERB avuto)) (compc (sn (DET l') (NOUN idea) (sv2 (ADP di) (VERB fabbricare) (compt (sn (DET un) (NOUN cannonissimo)) (sp (ADP con) (sn (DET le) (NOUN campane) (spd (ADP di) (sn (DET il) (sa (DET suo)) (NOUN paese) (PUNCT .)))))))))))))));5.04 ± 1.84;3,650315718;content
366;21;di;di;ADP;case;paese;(ROOT (fs (SCONJ Perché) (f (ir_infl (AUX dovete) (VERB sapere)) (compt (fac (SCONJ che) (f (sn (ADV anche) (DET il) (NOUN comandante) (spd (ADP di) (sn (DET i) (NOUN nemici))) (fp (PUNCT ,) (sn (DET il) (PROPN Mortesciallo) (PROPN Von) (PROPN Bombonen) (PROPN Sparonen) (PROPN Pestafrakasson)) (PUNCT ,))) (ibar (AUX aveva) (VERB avuto)) (compc (sn (DET l') (NOUN idea) (sv2 (ADP di) (VERB fabbricare) (compt (sn (DET un) (NOUN cannonissimo)) (sp (ADP con) (sn (DET le) (NOUN campane) (spd (ADP di) (sn (DET il) (sa (DET suo)) (NOUN paese) (PUNCT .)))))))))))))));;7,232814475;function
367;21;il;il;DET;det;paese;(ROOT (fs (SCONJ Perché) (f (ir_infl (AUX dovete) (VERB sapere)) (compt (fac (SCONJ che) (f (sn (ADV anche) (DET il) (NOUN comandante) (spd (ADP di) (sn (DET i) (NOUN nemici))) (fp (PUNCT ,) (sn (DET il) (PROPN Mortesciallo) (PROPN Von) (PROPN Bombonen) (PROPN Sparonen) (PROPN Pestafrakasson)) (PUNCT ,))) (ibar (AUX aveva) (VERB avuto)) (compc (sn (DET l') (NOUN idea) (sv2 (ADP di) (VERB fabbricare) (compt (sn (DET un) (NOUN cannonissimo)) (sp (ADP con) (sn (DET le) (NOUN campane) (spd (ADP di) (sn (DET il) (sa (DET suo)) (NOUN paese) (PUNCT .)))))))))))))));;7,039560886;function
368;21;suo;suo;DET;det:poss;paese;(ROOT (fs (SCONJ Perché) (f (ir_infl (AUX dovete) (VERB sapere)) (compt (fac (SCONJ che) (f (sn (ADV anche) (DET il) (NOUN comandante) (spd (ADP di) (sn (DET i) (NOUN nemici))) (fp (PUNCT ,) (sn (DET il) (PROPN Mortesciallo) (PROPN Von) (PROPN Bombonen) (PROPN Sparonen) (PROPN Pestafrakasson)) (PUNCT ,))) (ibar (AUX aveva) (VERB avuto)) (compc (sn (DET l') (NOUN idea) (sv2 (ADP di) (VERB fabbricare) (compt (sn (DET un) (NOUN cannonissimo)) (sp (ADP con) (sn (DET le) (NOUN campane) (spd (ADP di) (sn (DET il) (sa (DET suo)) (NOUN paese) (PUNCT .)))))))))))))));;6,051850878;function
369;21;paese;paese;NOUN;nmod;campane;(ROOT (fs (SCONJ Perché) (f (ir_infl (AUX dovete) (VERB sapere)) (compt (fac (SCONJ che) (f (sn (ADV anche) (DET il) (NOUN comandante) (spd (ADP di) (sn (DET i) (NOUN nemici))) (fp (PUNCT ,) (sn (DET il) (PROPN Mortesciallo) (PROPN Von) (PROPN Bombonen) (PROPN Sparonen) (PROPN Pestafrakasson)) (PUNCT ,))) (ibar (AUX aveva) (VERB avuto)) (compc (sn (DET l') (NOUN idea) (sv2 (ADP di) (VERB fabbricare) (compt (sn (DET un) (NOUN cannonissimo)) (sp (ADP con) (sn (DET le) (NOUN campane) (spd (ADP di) (sn (DET il) (sa (DET suo)) (NOUN paese) (PUNCT .)))))))))))))));;5,055196927;content
370;22;din;Din;PROPN;vocative;tuonava;(ROOT (cp (fp (PUNCT -) (sn (PROPN Din)) (PUNCT !) (sn (INTJ Dan!)) (PUNCT -)) (f (ibar (VERB tuonava)) (compin (savv (ADV adesso)) (sn (DET il) (sa (DET nostro)) (NOUN cannone) (PUNCT .))))));;1,19092323;content
371;22;dan;Dan;INTJ;discourse;tuonava;(ROOT (cp (fp (PUNCT -) (sn (PROPN Din)) (PUNCT !) (sn (INTJ Dan!)) (PUNCT -)) (f (ibar (VERB tuonava)) (compin (savv (ADV adesso)) (sn (DET il) (sa (DET nostro)) (NOUN cannone) (PUNCT .))))));;1,844135744;function
372;22;tuonava;tuonare;VERB;root;ROOT;(ROOT (cp (fp (PUNCT -) (sn (PROPN Din)) (PUNCT !) (sn (INTJ Dan!)) (PUNCT -)) (f (ibar (VERB tuonava)) (compin (savv (ADV adesso)) (sn (DET il) (sa (DET nostro)) (NOUN cannone) (PUNCT .))))));;1,734991274;content
373;22;adesso;adesso;ADV;advmod;tuonava;(ROOT (cp (fp (PUNCT -) (sn (PROPN Din)) (PUNCT !) (sn (INTJ Dan!)) (PUNCT -)) (f (ibar (VERB tuonava)) (compin (savv (ADV adesso)) (sn (DET il) (sa (DET nostro)) (NOUN cannone) (PUNCT .))))));;5,836954264;content
374;22;il;il;DET;det;cannone;(ROOT (cp (fp (PUNCT -) (sn (PROPN Din)) (PUNCT !) (sn (INTJ Dan!)) (PUNCT -)) (f (ibar (VERB tuonava)) (compin (savv (ADV adesso)) (sn (DET il) (sa (DET nostro)) (NOUN cannone) (PUNCT .))))));;7,039560886;function
375;22;nostro;nostro;DET;det:poss;cannone;(ROOT (cp (fp (PUNCT -) (sn (PROPN Din)) (PUNCT !) (sn (INTJ Dan!)) (PUNCT -)) (f (ibar (VERB tuonava)) (compin (savv (ADV adesso)) (sn (DET il) (sa (DET nostro)) (NOUN cannone) (PUNCT .))))));;5,601168865;function
376;22;cannone;cannone;NOUN;nsubj;tuonava;(ROOT (cp (fp (PUNCT -) (sn (PROPN Din)) (PUNCT !) (sn (INTJ Dan!)) (PUNCT -)) (f (ibar (VERB tuonava)) (compin (savv (ADV adesso)) (sn (DET il) (sa (DET nostro)) (NOUN cannone) (PUNCT .))))));7.20 ± 2.86;3,845580985;content
377;23;don;Don;PROPN;obl;rispondeva;(ROOT (cp (f3 (PUNCT -) (sn (PROPN Don!)) (PUNCT -)) (f (ibar (VERB rispondeva)) (compin (sn (PRON quello) (spd (ADP di) (sn (DET i) (NOUN nemici)))))) (PUNCT .)));;2,065984493;content
378;23;rispondeva;rispondere;VERB;root;ROOT;(ROOT (cp (f3 (PUNCT -) (sn (PROPN Don!)) (PUNCT -)) (f (ibar (VERB rispondeva)) (compin (sn (PRON quello) (spd (ADP di) (sn (DET i) (NOUN nemici)))))) (PUNCT .)));3.88 ± 1.59;3,284344915;content
379;23;quello;quello;PRON;nsubj;rispondeva;(ROOT (cp (f3 (PUNCT -) (sn (PROPN Don!)) (PUNCT -)) (f (ibar (VERB rispondeva)) (compin (sn (PRON quello) (spd (ADP di) (sn (DET i) (NOUN nemici)))))) (PUNCT .)));;6,160949149;function
380;23;di;di;ADP;case;nemici;(ROOT (cp (f3 (PUNCT -) (sn (PROPN Don!)) (PUNCT -)) (f (ibar (VERB rispondeva)) (compin (sn (PRON quello) (spd (ADP di) (sn (DET i) (NOUN nemici)))))) (PUNCT .)));;7,232814475;function
381;23;i;il;DET;det;nemici;(ROOT (cp (f3 (PUNCT -) (sn (PROPN Don!)) (PUNCT -)) (f (ibar (VERB rispondeva)) (compin (sn (PRON quello) (spd (ADP di) (sn (DET i) (NOUN nemici)))))) (PUNCT .)));;6,584780852;function
382;23;nemici;nemico;NOUN;nmod;quello;(ROOT (cp (f3 (PUNCT -) (sn (PROPN Don!)) (PUNCT -)) (f (ibar (VERB rispondeva)) (compin (sn (PRON quello) (spd (ADP di) (sn (DET i) (NOUN nemici)))))) (PUNCT .)));;4,43371304;content
383;24;e;e;CCONJ;cc;balzavano;(ROOT (cp_int (fc (CCONJ E) (fc (f (sn (DET i) (NOUN soldati) (spd (ADP di) (sn (DET i) (NUM due) (NOUN eserciti)))) (ibar (VERB balzavano)) (compin (spda (ADP da) (sn (DET le) (NOUN trincee))))) (PUNCT ,) (f (ibar (PRON si) (VERB correvano)) (compin (savv (ADV incontro)))) (PUNCT ,) (f (ibar (coord (VERB ballavano) (CCONJ e) (VERB gridavano)))) (dirsp (PUNCT :) (PUNCT -) (coord (sn (DET Le) (NOUN campane)) (PUNCT ,) (sn (DET le) (NOUN campane)))))) (PUNCT !)));;2,741151583;function
384;24;i;il;DET;det;soldati;(ROOT (cp_int (fc (CCONJ E) (fc (f (sn (DET i) (NOUN soldati) (spd (ADP di) (sn (DET i) (NUM due) (NOUN eserciti)))) (ibar (VERB balzavano)) (compin (spda (ADP da) (sn (DET le) (NOUN trincee))))) (PUNCT ,) (f (ibar (PRON si) (VERB correvano)) (compin (savv (ADV incontro)))) (PUNCT ,) (f (ibar (coord (VERB ballavano) (CCONJ e) (VERB gridavano)))) (dirsp (PUNCT :) (PUNCT -) (coord (sn (DET Le) (NOUN campane)) (PUNCT ,) (sn (DET le) (NOUN campane)))))) (PUNCT !)));;6,584780852;function
385;24;soldati;soldato;NOUN;nsubj;balzavano;(ROOT (cp_int (fc (CCONJ E) (fc (f (sn (DET i) (NOUN soldati) (spd (ADP di) (sn (DET i) (NUM due) (NOUN eserciti)))) (ibar (VERB balzavano)) (compin (spda (ADP da) (sn (DET le) (NOUN trincee))))) (PUNCT ,) (f (ibar (PRON si) (VERB correvano)) (compin (savv (ADV incontro)))) (PUNCT ,) (f (ibar (coord (VERB ballavano) (CCONJ e) (VERB gridavano)))) (dirsp (PUNCT :) (PUNCT -) (coord (sn (DET Le) (NOUN campane)) (PUNCT ,) (sn (DET le) (NOUN campane)))))) (PUNCT !)));6.68 ± 2.14;4,567043756;content
386;24;di;di;ADP;case;eserciti;(ROOT (cp_int (fc (CCONJ E) (fc (f (sn (DET i) (NOUN soldati) (spd (ADP di) (sn (DET i) (NUM due) (NOUN eserciti)))) (ibar (VERB balzavano)) (compin (spda (ADP da) (sn (DET le) (NOUN trincee))))) (PUNCT ,) (f (ibar (PRON si) (VERB correvano)) (compin (savv (ADV incontro)))) (PUNCT ,) (f (ibar (coord (VERB ballavano) (CCONJ e) (VERB gridavano)))) (dirsp (PUNCT :) (PUNCT -) (coord (sn (DET Le) (NOUN campane)) (PUNCT ,) (sn (DET le) (NOUN campane)))))) (PUNCT !)));;7,232814475;function
387;24;i;il;DET;det;eserciti;(ROOT (cp_int (fc (CCONJ E) (fc (f (sn (DET i) (NOUN soldati) (spd (ADP di) (sn (DET i) (NUM due) (NOUN eserciti)))) (ibar (VERB balzavano)) (compin (spda (ADP da) (sn (DET le) (NOUN trincee))))) (PUNCT ,) (f (ibar (PRON si) (VERB correvano)) (compin (savv (ADV incontro)))) (PUNCT ,) (f (ibar (coord (VERB ballavano) (CCONJ e) (VERB gridavano)))) (dirsp (PUNCT :) (PUNCT -) (coord (sn (DET Le) (NOUN campane)) (PUNCT ,) (sn (DET le) (NOUN campane)))))) (PUNCT !)));;6,584780852;function
388;24;due;due;NUM;nummod;eserciti;(ROOT (cp_int (fc (CCONJ E) (fc (f (sn (DET i) (NOUN soldati) (spd (ADP di) (sn (DET i) (NUM due) (NOUN eserciti)))) (ibar (VERB balzavano)) (compin (spda (ADP da) (sn (DET le) (NOUN trincee))))) (PUNCT ,) (f (ibar (PRON si) (VERB correvano)) (compin (savv (ADV incontro)))) (PUNCT ,) (f (ibar (coord (VERB ballavano) (CCONJ e) (VERB gridavano)))) (dirsp (PUNCT :) (PUNCT -) (coord (sn (DET Le) (NOUN campane)) (PUNCT ,) (sn (DET le) (NOUN campane)))))) (PUNCT !)));;5,996192947;NaN
389;24;eserciti;esercito;NOUN;nmod;soldati;(ROOT (cp_int (fc (CCONJ E) (fc (f (sn (DET i) (NOUN soldati) (spd (ADP di) (sn (DET i) (NUM due) (NOUN eserciti)))) (ibar (VERB balzavano)) (compin (spda (ADP da) (sn (DET le) (NOUN trincee))))) (PUNCT ,) (f (ibar (PRON si) (VERB correvano)) (compin (savv (ADV incontro)))) (PUNCT ,) (f (ibar (coord (VERB ballavano) (CCONJ e) (VERB gridavano)))) (dirsp (PUNCT :) (PUNCT -) (coord (sn (DET Le) (NOUN campane)) (PUNCT ,) (sn (DET le) (NOUN campane)))))) (PUNCT !)));7.56 ± 2.77;3,460436174;content
390;24;balzavano;balzare;VERB;root;ROOT;(ROOT (cp_int (fc (CCONJ E) (fc (f (sn (DET i) (NOUN soldati) (spd (ADP di) (sn (DET i) (NUM due) (NOUN eserciti)))) (ibar (VERB balzavano)) (compin (spda (ADP da) (sn (DET le) (NOUN trincee))))) (PUNCT ,) (f (ibar (PRON si) (VERB correvano)) (compin (savv (ADV incontro)))) (PUNCT ,) (f (ibar (coord (VERB ballavano) (CCONJ e) (VERB gridavano)))) (dirsp (PUNCT :) (PUNCT -) (coord (sn (DET Le) (NOUN campane)) (PUNCT ,) (sn (DET le) (NOUN campane)))))) (PUNCT !)));;;content
391;24;da;da;ADP;case;trincee;(ROOT (cp_int (fc (CCONJ E) (fc (f (sn (DET i) (NOUN soldati) (spd (ADP di) (sn (DET i) (NUM due) (NOUN eserciti)))) (ibar (VERB balzavano)) (compin (spda (ADP da) (sn (DET le) (NOUN trincee))))) (PUNCT ,) (f (ibar (PRON si) (VERB correvano)) (compin (savv (ADV incontro)))) (PUNCT ,) (f (ibar (coord (VERB ballavano) (CCONJ e) (VERB gridavano)))) (dirsp (PUNCT :) (PUNCT -) (coord (sn (DET Le) (NOUN campane)) (PUNCT ,) (sn (DET le) (NOUN campane)))))) (PUNCT !)));;6,577812618;function
392;24;le;il;DET;det;trincee;(ROOT (cp_int (fc (CCONJ E) (fc (f (sn (DET i) (NOUN soldati) (spd (ADP di) (sn (DET i) (NUM due) (NOUN eserciti)))) (ibar (VERB balzavano)) (compin (spda (ADP da) (sn (DET le) (NOUN trincee))))) (PUNCT ,) (f (ibar (PRON si) (VERB correvano)) (compin (savv (ADV incontro)))) (PUNCT ,) (f (ibar (coord (VERB ballavano) (CCONJ e) (VERB gridavano)))) (dirsp (PUNCT :) (PUNCT -) (coord (sn (DET Le) (NOUN campane)) (PUNCT ,) (sn (DET le) (NOUN campane)))))) (PUNCT !)));;6,624997683;function
393;24;trincee;trincea;NOUN;obl;balzavano;(ROOT (cp_int (fc (CCONJ E) (fc (f (sn (DET i) (NOUN soldati) (spd (ADP di) (sn (DET i) (NUM due) (NOUN eserciti)))) (ibar (VERB balzavano)) (compin (spda (ADP da) (sn (DET le) (NOUN trincee))))) (PUNCT ,) (f (ibar (PRON si) (VERB correvano)) (compin (savv (ADV incontro)))) (PUNCT ,) (f (ibar (coord (VERB ballavano) (CCONJ e) (VERB gridavano)))) (dirsp (PUNCT :) (PUNCT -) (coord (sn (DET Le) (NOUN campane)) (PUNCT ,) (sn (DET le) (NOUN campane)))))) (PUNCT !)));;3,071736822;content
394;24;si;si;PRON;expl;correvano;(ROOT (cp_int (fc (CCONJ E) (fc (f (sn (DET i) (NOUN soldati) (spd (ADP di) (sn (DET i) (NUM due) (NOUN eserciti)))) (ibar (VERB balzavano)) (compin (spda (ADP da) (sn (DET le) (NOUN trincee))))) (PUNCT ,) (f (ibar (PRON si) (VERB correvano)) (compin (savv (ADV incontro)))) (PUNCT ,) (f (ibar (coord (VERB ballavano) (CCONJ e) (VERB gridavano)))) (dirsp (PUNCT :) (PUNCT -) (coord (sn (DET Le) (NOUN campane)) (PUNCT ,) (sn (DET le) (NOUN campane)))))) (PUNCT !)));;6,553884221;function
395;24;correvano;correre;VERB;conj;balzavano;(ROOT (cp_int (fc (CCONJ E) (fc (f (sn (DET i) (NOUN soldati) (spd (ADP di) (sn (DET i) (NUM due) (NOUN eserciti)))) (ibar (VERB balzavano)) (compin (spda (ADP da) (sn (DET le) (NOUN trincee))))) (PUNCT ,) (f (ibar (PRON si) (VERB correvano)) (compin (savv (ADV incontro)))) (PUNCT ,) (f (ibar (coord (VERB ballavano) (CCONJ e) (VERB gridavano)))) (dirsp (PUNCT :) (PUNCT -) (coord (sn (DET Le) (NOUN campane)) (PUNCT ,) (sn (DET le) (NOUN campane)))))) (PUNCT !)));3.92 ± 0.86;3,029772321;content
396;24;incontro;incontro;ADV;advmod;correvano;(ROOT (cp_int (fc (CCONJ E) (fc (f (sn (DET i) (NOUN soldati) (spd (ADP di) (sn (DET i) (NUM due) (NOUN eserciti)))) (ibar (VERB balzavano)) (compin (spda (ADP da) (sn (DET le) (NOUN trincee))))) (PUNCT ,) (f (ibar (PRON si) (VERB correvano)) (compin (savv (ADV incontro)))) (PUNCT ,) (f (ibar (coord (VERB ballavano) (CCONJ e) (VERB gridavano)))) (dirsp (PUNCT :) (PUNCT -) (coord (sn (DET Le) (NOUN campane)) (PUNCT ,) (sn (DET le) (NOUN campane)))))) (PUNCT !)));;4,860240111;content
397;24;ballavano;ballare;VERB;conj;balzavano;(ROOT (cp_int (fc (CCONJ E) (fc (f (sn (DET i) (NOUN soldati) (spd (ADP di) (sn (DET i) (NUM due) (NOUN eserciti)))) (ibar (VERB balzavano)) (compin (spda (ADP da) (sn (DET le) (NOUN trincee))))) (PUNCT ,) (f (ibar (PRON si) (VERB correvano)) (compin (savv (ADV incontro)))) (PUNCT ,) (f (ibar (coord (VERB ballavano) (CCONJ e) (VERB gridavano)))) (dirsp (PUNCT :) (PUNCT -) (coord (sn (DET Le) (NOUN campane)) (PUNCT ,) (sn (DET le) (NOUN campane)))))) (PUNCT !)));4.92 ± 1.53;2,605896578;content
398;24;e;e;CCONJ;cc;gridavano;(ROOT (cp_int (fc (CCONJ E) (fc (f (sn (DET i) (NOUN soldati) (spd (ADP di) (sn (DET i) (NUM due) (NOUN eserciti)))) (ibar (VERB balzavano)) (compin (spda (ADP da) (sn (DET le) (NOUN trincee))))) (PUNCT ,) (f (ibar (PRON si) (VERB correvano)) (compin (savv (ADV incontro)))) (PUNCT ,) (f (ibar (coord (VERB ballavano) (CCONJ e) (VERB gridavano)))) (dirsp (PUNCT :) (PUNCT -) (coord (sn (DET Le) (NOUN campane)) (PUNCT ,) (sn (DET le) (NOUN campane)))))) (PUNCT !)));;2,741151583;function
399;24;gridavano;gridare;VERB;conj;balzavano;(ROOT (cp_int (fc (CCONJ E) (fc (f (sn (DET i) (NOUN soldati) (spd (ADP di) (sn (DET i) (NUM due) (NOUN eserciti)))) (ibar (VERB balzavano)) (compin (spda (ADP da) (sn (DET le) (NOUN trincee))))) (PUNCT ,) (f (ibar (PRON si) (VERB correvano)) (compin (savv (ADV incontro)))) (PUNCT ,) (f (ibar (coord (VERB ballavano) (CCONJ e) (VERB gridavano)))) (dirsp (PUNCT :) (PUNCT -) (coord (sn (DET Le) (NOUN campane)) (PUNCT ,) (sn (DET le) (NOUN campane)))))) (PUNCT !)));4.44 ± 2.08;2,808971327;content
400;24;le;il;DET;det;campane;(ROOT (cp_int (fc (CCONJ E) (fc (f (sn (DET i) (NOUN soldati) (spd (ADP di) (sn (DET i) (NUM due) (NOUN eserciti)))) (ibar (VERB balzavano)) (compin (spda (ADP da) (sn (DET le) (NOUN trincee))))) (PUNCT ,) (f (ibar (PRON si) (VERB correvano)) (compin (savv (ADV incontro)))) (PUNCT ,) (f (ibar (coord (VERB ballavano) (CCONJ e) (VERB gridavano)))) (dirsp (PUNCT :) (PUNCT -) (coord (sn (DET Le) (NOUN campane)) (PUNCT ,) (sn (DET le) (NOUN campane)))))) (PUNCT !)));;6,624997683;function
401;24;campane;campana;NOUN;parataxis;balzavano;(ROOT (cp_int (fc (CCONJ E) (fc (f (sn (DET i) (NOUN soldati) (spd (ADP di) (sn (DET i) (NUM due) (NOUN eserciti)))) (ibar (VERB balzavano)) (compin (spda (ADP da) (sn (DET le) (NOUN trincee))))) (PUNCT ,) (f (ibar (PRON si) (VERB correvano)) (compin (savv (ADV incontro)))) (PUNCT ,) (f (ibar (coord (VERB ballavano) (CCONJ e) (VERB gridavano)))) (dirsp (PUNCT :) (PUNCT -) (coord (sn (DET Le) (NOUN campane)) (PUNCT ,) (sn (DET le) (NOUN campane)))))) (PUNCT !)));5.04 ± 1.84;3,650315718;content
402;24;le;il;DET;det;campane;(ROOT (cp_int (fc (CCONJ E) (fc (f (sn (DET i) (NOUN soldati) (spd (ADP di) (sn (DET i) (NUM due) (NOUN eserciti)))) (ibar (VERB balzavano)) (compin (spda (ADP da) (sn (DET le) (NOUN trincee))))) (PUNCT ,) (f (ibar (PRON si) (VERB correvano)) (compin (savv (ADV incontro)))) (PUNCT ,) (f (ibar (coord (VERB ballavano) (CCONJ e) (VERB gridavano)))) (dirsp (PUNCT :) (PUNCT -) (coord (sn (DET Le) (NOUN campane)) (PUNCT ,) (sn (DET le) (NOUN campane)))))) (PUNCT !)));;6,624997683;function
403;24;campane;campana;NOUN;conj;campane;(ROOT (cp_int (fc (CCONJ E) (fc (f (sn (DET i) (NOUN soldati) (spd (ADP di) (sn (DET i) (NUM due) (NOUN eserciti)))) (ibar (VERB balzavano)) (compin (spda (ADP da) (sn (DET le) (NOUN trincee))))) (PUNCT ,) (f (ibar (PRON si) (VERB correvano)) (compin (savv (ADV incontro)))) (PUNCT ,) (f (ibar (coord (VERB ballavano) (CCONJ e) (VERB gridavano)))) (dirsp (PUNCT :) (PUNCT -) (coord (sn (DET Le) (NOUN campane)) (PUNCT ,) (sn (DET le) (NOUN campane)))))) (PUNCT !)));5.04 ± 1.84;3,650315718;content
404;25;è;essere;AUX;cop;festa;(ROOT (fint (f (ibar (AUX È)) (compc (sn (NOUN festa)))) (PUNCT !)));;7,249521761;function
405;25;festa;festa;NOUN;root;ROOT;(ROOT (fint (f (ibar (AUX È)) (compc (sn (NOUN festa)))) (PUNCT !)));4.92 ± 1.80;5,184888228;content
406;26;è;essere;AUX;aux;scoppiata;(ROOT (fint (f (ibar (AUX È) (VERB scoppiata)) (compin (sn (DET la) (NOUN pace)))) (PUNCT !)));;7,249521761;function
407;26;scoppiata;scoppiare;VERB;root;ROOT;(ROOT (fint (f (ibar (AUX È) (VERB scoppiata)) (compin (sn (DET la) (NOUN pace)))) (PUNCT !)));;3,440121587;content
408;26;la;il;DET;det;pace;(ROOT (fint (f (ibar (AUX È) (VERB scoppiata)) (compin (sn (DET la) (NOUN pace)))) (PUNCT !)));;7,055331658;function
409;26;pace;pace;NOUN;nsubj;scoppiata;(ROOT (fint (f (ibar (AUX È) (VERB scoppiata)) (compin (sn (DET la) (NOUN pace)))) (PUNCT !)));5.04 ± 1.72;5,057358263;content
410;27;lo;il;DET;det;Stragenerale;(ROOT (fc (f (coord (sn (DET Lo) (PROPN Stragenerale)) (CCONJ e) (sn (DET il) (PROPN Mortesciallo))) (ibar (VERB salirono)) (compin (sp (ADP su) (sn (DET le) (sa (DET loro)) (NOUN automobili))))) (CCONJ e) (f (ibar (VERB corsero)) (compin (savv (ADV lontano)))) (PUNCT ,) (CCONJ e) (f (ibar (VERB consumarono)) (compt (sn (sq (DET tutta)) (DET la) (NOUN benzina)))) (PUNCT ,) (fc (CCONJ ma) (f (sn (DET il) (NOUN suono) (spd (ADP di) (sn (DET le) (NOUN campane)))) (ibar (PRON li) (VERB inseguiva)) (compt (savv (ADV ancora))))) (PUNCT .)));;6,655915487;function
411;27;stragenerale;Stragenerale;PROPN;nsubj;salirono;(ROOT (fc (f (coord (sn (DET Lo) (PROPN Stragenerale)) (CCONJ e) (sn (DET il) (PROPN Mortesciallo))) (ibar (VERB salirono)) (compin (sp (ADP su) (sn (DET le) (sa (DET loro)) (NOUN automobili))))) (CCONJ e) (f (ibar (VERB corsero)) (compin (savv (ADV lontano)))) (PUNCT ,) (CCONJ e) (f (ibar (VERB consumarono)) (compt (sn (sq (DET tutta)) (DET la) (NOUN benzina)))) (PUNCT ,) (fc (CCONJ ma) (f (sn (DET il) (NOUN suono) (spd (ADP di) (sn (DET le) (NOUN campane)))) (ibar (PRON li) (VERB inseguiva)) (compt (savv (ADV ancora))))) (PUNCT .)));;;content
412;27;e;e;CCONJ;cc;Mortesciallo;(ROOT (fc (f (coord (sn (DET Lo) (PROPN Stragenerale)) (CCONJ e) (sn (DET il) (PROPN Mortesciallo))) (ibar (VERB salirono)) (compin (sp (ADP su) (sn (DET le) (sa (DET loro)) (NOUN automobili))))) (CCONJ e) (f (ibar (VERB corsero)) (compin (savv (ADV lontano)))) (PUNCT ,) (CCONJ e) (f (ibar (VERB consumarono)) (compt (sn (sq (DET tutta)) (DET la) (NOUN benzina)))) (PUNCT ,) (fc (CCONJ ma) (f (sn (DET il) (NOUN suono) (spd (ADP di) (sn (DET le) (NOUN campane)))) (ibar (PRON li) (VERB inseguiva)) (compt (savv (ADV ancora))))) (PUNCT .)));;2,741151583;function
413;27;il;il;DET;det;Mortesciallo;(ROOT (fc (f (coord (sn (DET Lo) (PROPN Stragenerale)) (CCONJ e) (sn (DET il) (PROPN Mortesciallo))) (ibar (VERB salirono)) (compin (sp (ADP su) (sn (DET le) (sa (DET loro)) (NOUN automobili))))) (CCONJ e) (f (ibar (VERB corsero)) (compin (savv (ADV lontano)))) (PUNCT ,) (CCONJ e) (f (ibar (VERB consumarono)) (compt (sn (sq (DET tutta)) (DET la) (NOUN benzina)))) (PUNCT ,) (fc (CCONJ ma) (f (sn (DET il) (NOUN suono) (spd (ADP di) (sn (DET le) (NOUN campane)))) (ibar (PRON li) (VERB inseguiva)) (compt (savv (ADV ancora))))) (PUNCT .)));;7,039560886;function
414;27;mortesciallo;Mortesciallo;PROPN;conj;Stragenerale;(ROOT (fc (f (coord (sn (DET Lo) (PROPN Stragenerale)) (CCONJ e) (sn (DET il) (PROPN Mortesciallo))) (ibar (VERB salirono)) (compin (sp (ADP su) (sn (DET le) (sa (DET loro)) (NOUN automobili))))) (CCONJ e) (f (ibar (VERB corsero)) (compin (savv (ADV lontano)))) (PUNCT ,) (CCONJ e) (f (ibar (VERB consumarono)) (compt (sn (sq (DET tutta)) (DET la) (NOUN benzina)))) (PUNCT ,) (fc (CCONJ ma) (f (sn (DET il) (NOUN suono) (spd (ADP di) (sn (DET le) (NOUN campane)))) (ibar (PRON li) (VERB inseguiva)) (compt (savv (ADV ancora))))) (PUNCT .)));;;content
415;27;salirono;salire;VERB;root;ROOT;(ROOT (fc (f (coord (sn (DET Lo) (PROPN Stragenerale)) (CCONJ e) (sn (DET il) (PROPN Mortesciallo))) (ibar (VERB salirono)) (compin (sp (ADP su) (sn (DET le) (sa (DET loro)) (NOUN automobili))))) (CCONJ e) (f (ibar (VERB corsero)) (compin (savv (ADV lontano)))) (PUNCT ,) (CCONJ e) (f (ibar (VERB consumarono)) (compt (sn (sq (DET tutta)) (DET la) (NOUN benzina)))) (PUNCT ,) (fc (CCONJ ma) (f (sn (DET il) (NOUN suono) (spd (ADP di) (sn (DET le) (NOUN campane)))) (ibar (PRON li) (VERB inseguiva)) (compt (savv (ADV ancora))))) (PUNCT .)));;2,381254928;content
416;27;su;su;ADP;case;automobili;(ROOT (fc (f (coord (sn (DET Lo) (PROPN Stragenerale)) (CCONJ e) (sn (DET il) (PROPN Mortesciallo))) (ibar (VERB salirono)) (compin (sp (ADP su) (sn (DET le) (sa (DET loro)) (NOUN automobili))))) (CCONJ e) (f (ibar (VERB corsero)) (compin (savv (ADV lontano)))) (PUNCT ,) (CCONJ e) (f (ibar (VERB consumarono)) (compt (sn (sq (DET tutta)) (DET la) (NOUN benzina)))) (PUNCT ,) (fc (CCONJ ma) (f (sn (DET il) (NOUN suono) (spd (ADP di) (sn (DET le) (NOUN campane)))) (ibar (PRON li) (VERB inseguiva)) (compt (savv (ADV ancora))))) (PUNCT .)));;6,000068652;function
417;27;le;il;DET;det;automobili;(ROOT (fc (f (coord (sn (DET Lo) (PROPN Stragenerale)) (CCONJ e) (sn (DET il) (PROPN Mortesciallo))) (ibar (VERB salirono)) (compin (sp (ADP su) (sn (DET le) (sa (DET loro)) (NOUN automobili))))) (CCONJ e) (f (ibar (VERB corsero)) (compin (savv (ADV lontano)))) (PUNCT ,) (CCONJ e) (f (ibar (VERB consumarono)) (compt (sn (sq (DET tutta)) (DET la) (NOUN benzina)))) (PUNCT ,) (fc (CCONJ ma) (f (sn (DET il) (NOUN suono) (spd (ADP di) (sn (DET le) (NOUN campane)))) (ibar (PRON li) (VERB inseguiva)) (compt (savv (ADV ancora))))) (PUNCT .)));;6,624997683;function
418;27;loro;loro;DET;det:poss;automobili;(ROOT (fc (f (coord (sn (DET Lo) (PROPN Stragenerale)) (CCONJ e) (sn (DET il) (PROPN Mortesciallo))) (ibar (VERB salirono)) (compin (sp (ADP su) (sn (DET le) (sa (DET loro)) (NOUN automobili))))) (CCONJ e) (f (ibar (VERB corsero)) (compin (savv (ADV lontano)))) (PUNCT ,) (CCONJ e) (f (ibar (VERB consumarono)) (compt (sn (sq (DET tutta)) (DET la) (NOUN benzina)))) (PUNCT ,) (fc (CCONJ ma) (f (sn (DET il) (NOUN suono) (spd (ADP di) (sn (DET le) (NOUN campane)))) (ibar (PRON li) (VERB inseguiva)) (compt (savv (ADV ancora))))) (PUNCT .)));;5,914407635;function
419;27;automobili;automobile;NOUN;obl;salirono;(ROOT (fc (f (coord (sn (DET Lo) (PROPN Stragenerale)) (CCONJ e) (sn (DET il) (PROPN Mortesciallo))) (ibar (VERB salirono)) (compin (sp (ADP su) (sn (DET le) (sa (DET loro)) (NOUN automobili))))) (CCONJ e) (f (ibar (VERB corsero)) (compin (savv (ADV lontano)))) (PUNCT ,) (CCONJ e) (f (ibar (VERB consumarono)) (compt (sn (sq (DET tutta)) (DET la) (NOUN benzina)))) (PUNCT ,) (fc (CCONJ ma) (f (sn (DET il) (NOUN suono) (spd (ADP di) (sn (DET le) (NOUN campane)))) (ibar (PRON li) (VERB inseguiva)) (compt (savv (ADV ancora))))) (PUNCT .)));4.36 ± 1.68;3,405767078;content
420;27;e;e;CCONJ;cc;corsero;(ROOT (fc (f (coord (sn (DET Lo) (PROPN Stragenerale)) (CCONJ e) (sn (DET il) (PROPN Mortesciallo))) (ibar (VERB salirono)) (compin (sp (ADP su) (sn (DET le) (sa (DET loro)) (NOUN automobili))))) (CCONJ e) (f (ibar (VERB corsero)) (compin (savv (ADV lontano)))) (PUNCT ,) (CCONJ e) (f (ibar (VERB consumarono)) (compt (sn (sq (DET tutta)) (DET la) (NOUN benzina)))) (PUNCT ,) (fc (CCONJ ma) (f (sn (DET il) (NOUN suono) (spd (ADP di) (sn (DET le) (NOUN campane)))) (ibar (PRON li) (VERB inseguiva)) (compt (savv (ADV ancora))))) (PUNCT .)));;2,741151583;function
421;27;corsero;correre;VERB;conj;salirono;(ROOT (fc (f (coord (sn (DET Lo) (PROPN Stragenerale)) (CCONJ e) (sn (DET il) (PROPN Mortesciallo))) (ibar (VERB salirono)) (compin (sp (ADP su) (sn (DET le) (sa (DET loro)) (NOUN automobili))))) (CCONJ e) (f (ibar (VERB corsero)) (compin (savv (ADV lontano)))) (PUNCT ,) (CCONJ e) (f (ibar (VERB consumarono)) (compt (sn (sq (DET tutta)) (DET la) (NOUN benzina)))) (PUNCT ,) (fc (CCONJ ma) (f (sn (DET il) (NOUN suono) (spd (ADP di) (sn (DET le) (NOUN campane)))) (ibar (PRON li) (VERB inseguiva)) (compt (savv (ADV ancora))))) (PUNCT .)));3.92 ± 0.86;2,352291232;content
422;27;lontano;lontano;ADV;advmod;corsero;(ROOT (fc (f (coord (sn (DET Lo) (PROPN Stragenerale)) (CCONJ e) (sn (DET il) (PROPN Mortesciallo))) (ibar (VERB salirono)) (compin (sp (ADP su) (sn (DET le) (sa (DET loro)) (NOUN automobili))))) (CCONJ e) (f (ibar (VERB corsero)) (compin (savv (ADV lontano)))) (PUNCT ,) (CCONJ e) (f (ibar (VERB consumarono)) (compt (sn (sq (DET tutta)) (DET la) (NOUN benzina)))) (PUNCT ,) (fc (CCONJ ma) (f (sn (DET il) (NOUN suono) (spd (ADP di) (sn (DET le) (NOUN campane)))) (ibar (PRON li) (VERB inseguiva)) (compt (savv (ADV ancora))))) (PUNCT .)));;4,984539024;content
423;27;e;e;CCONJ;cc;consumarono;(ROOT (fc (f (coord (sn (DET Lo) (PROPN Stragenerale)) (CCONJ e) (sn (DET il) (PROPN Mortesciallo))) (ibar (VERB salirono)) (compin (sp (ADP su) (sn (DET le) (sa (DET loro)) (NOUN automobili))))) (CCONJ e) (f (ibar (VERB corsero)) (compin (savv (ADV lontano)))) (PUNCT ,) (CCONJ e) (f (ibar (VERB consumarono)) (compt (sn (sq (DET tutta)) (DET la) (NOUN benzina)))) (PUNCT ,) (fc (CCONJ ma) (f (sn (DET il) (NOUN suono) (spd (ADP di) (sn (DET le) (NOUN campane)))) (ibar (PRON li) (VERB inseguiva)) (compt (savv (ADV ancora))))) (PUNCT .)));;2,741151583;function
424;27;consumarono;consumare;VERB;conj;salirono;(ROOT (fc (f (coord (sn (DET Lo) (PROPN Stragenerale)) (CCONJ e) (sn (DET il) (PROPN Mortesciallo))) (ibar (VERB salirono)) (compin (sp (ADP su) (sn (DET le) (sa (DET loro)) (NOUN automobili))))) (CCONJ e) (f (ibar (VERB corsero)) (compin (savv (ADV lontano)))) (PUNCT ,) (CCONJ e) (f (ibar (VERB consumarono)) (compt (sn (sq (DET tutta)) (DET la) (NOUN benzina)))) (PUNCT ,) (fc (CCONJ ma) (f (sn (DET il) (NOUN suono) (spd (ADP di) (sn (DET le) (NOUN campane)))) (ibar (PRON li) (VERB inseguiva)) (compt (savv (ADV ancora))))) (PUNCT .)));;1,491953226;content
425;27;tutta;tutto;DET;det:predet;benzina;(ROOT (fc (f (coord (sn (DET Lo) (PROPN Stragenerale)) (CCONJ e) (sn (DET il) (PROPN Mortesciallo))) (ibar (VERB salirono)) (compin (sp (ADP su) (sn (DET le) (sa (DET loro)) (NOUN automobili))))) (CCONJ e) (f (ibar (VERB corsero)) (compin (savv (ADV lontano)))) (PUNCT ,) (CCONJ e) (f (ibar (VERB consumarono)) (compt (sn (sq (DET tutta)) (DET la) (NOUN benzina)))) (PUNCT ,) (fc (CCONJ ma) (f (sn (DET il) (NOUN suono) (spd (ADP di) (sn (DET le) (NOUN campane)))) (ibar (PRON li) (VERB inseguiva)) (compt (savv (ADV ancora))))) (PUNCT .)));;5,540385318;function
426;27;la;il;DET;det;benzina;(ROOT (fc (f (coord (sn (DET Lo) (PROPN Stragenerale)) (CCONJ e) (sn (DET il) (PROPN Mortesciallo))) (ibar (VERB salirono)) (compin (sp (ADP su) (sn (DET le) (sa (DET loro)) (NOUN automobili))))) (CCONJ e) (f (ibar (VERB corsero)) (compin (savv (ADV lontano)))) (PUNCT ,) (CCONJ e) (f (ibar (VERB consumarono)) (compt (sn (sq (DET tutta)) (DET la) (NOUN benzina)))) (PUNCT ,) (fc (CCONJ ma) (f (sn (DET il) (NOUN suono) (spd (ADP di) (sn (DET le) (NOUN campane)))) (ibar (PRON li) (VERB inseguiva)) (compt (savv (ADV ancora))))) (PUNCT .)));;7,055331658;function
427;27;benzina;benzina;NOUN;obj;consumarono;(ROOT (fc (f (coord (sn (DET Lo) (PROPN Stragenerale)) (CCONJ e) (sn (DET il) (PROPN Mortesciallo))) (ibar (VERB salirono)) (compin (sp (ADP su) (sn (DET le) (sa (DET loro)) (NOUN automobili))))) (CCONJ e) (f (ibar (VERB corsero)) (compin (savv (ADV lontano)))) (PUNCT ,) (CCONJ e) (f (ibar (VERB consumarono)) (compt (sn (sq (DET tutta)) (DET la) (NOUN benzina)))) (PUNCT ,) (fc (CCONJ ma) (f (sn (DET il) (NOUN suono) (spd (ADP di) (sn (DET le) (NOUN campane)))) (ibar (PRON li) (VERB inseguiva)) (compt (savv (ADV ancora))))) (PUNCT .)));7.68 ± 2.29;4,28556902;content
428;27;ma;ma;CCONJ;cc;inseguiva;(ROOT (fc (f (coord (sn (DET Lo) (PROPN Stragenerale)) (CCONJ e) (sn (DET il) (PROPN Mortesciallo))) (ibar (VERB salirono)) (compin (sp (ADP su) (sn (DET le) (sa (DET loro)) (NOUN automobili))))) (CCONJ e) (f (ibar (VERB corsero)) (compin (savv (ADV lontano)))) (PUNCT ,) (CCONJ e) (f (ibar (VERB consumarono)) (compt (sn (sq (DET tutta)) (DET la) (NOUN benzina)))) (PUNCT ,) (fc (CCONJ ma) (f (sn (DET il) (NOUN suono) (spd (ADP di) (sn (DET le) (NOUN campane)))) (ibar (PRON li) (VERB inseguiva)) (compt (savv (ADV ancora))))) (PUNCT .)));;6,662005813;function
429;27;il;il;DET;det;suono;(ROOT (fc (f (coord (sn (DET Lo) (PROPN Stragenerale)) (CCONJ e) (sn (DET il) (PROPN Mortesciallo))) (ibar (VERB salirono)) (compin (sp (ADP su) (sn (DET le) (sa (DET loro)) (NOUN automobili))))) (CCONJ e) (f (ibar (VERB corsero)) (compin (savv (ADV lontano)))) (PUNCT ,) (CCONJ e) (f (ibar (VERB consumarono)) (compt (sn (sq (DET tutta)) (DET la) (NOUN benzina)))) (PUNCT ,) (fc (CCONJ ma) (f (sn (DET il) (NOUN suono) (spd (ADP di) (sn (DET le) (NOUN campane)))) (ibar (PRON li) (VERB inseguiva)) (compt (savv (ADV ancora))))) (PUNCT .)));;7,039560886;function
430;27;suono;suono;NOUN;nsubj;inseguiva;(ROOT (fc (f (coord (sn (DET Lo) (PROPN Stragenerale)) (CCONJ e) (sn (DET il) (PROPN Mortesciallo))) (ibar (VERB salirono)) (compin (sp (ADP su) (sn (DET le) (sa (DET loro)) (NOUN automobili))))) (CCONJ e) (f (ibar (VERB corsero)) (compin (savv (ADV lontano)))) (PUNCT ,) (CCONJ e) (f (ibar (VERB consumarono)) (compt (sn (sq (DET tutta)) (DET la) (NOUN benzina)))) (PUNCT ,) (fc (CCONJ ma) (f (sn (DET il) (NOUN suono) (spd (ADP di) (sn (DET le) (NOUN campane)))) (ibar (PRON li) (VERB inseguiva)) (compt (savv (ADV ancora))))) (PUNCT .)));;4,455623022;content
431;27;di;di;ADP;case;campane;(ROOT (fc (f (coord (sn (DET Lo) (PROPN Stragenerale)) (CCONJ e) (sn (DET il) (PROPN Mortesciallo))) (ibar (VERB salirono)) (compin (sp (ADP su) (sn (DET le) (sa (DET loro)) (NOUN automobili))))) (CCONJ e) (f (ibar (VERB corsero)) (compin (savv (ADV lontano)))) (PUNCT ,) (CCONJ e) (f (ibar (VERB consumarono)) (compt (sn (sq (DET tutta)) (DET la) (NOUN benzina)))) (PUNCT ,) (fc (CCONJ ma) (f (sn (DET il) (NOUN suono) (spd (ADP di) (sn (DET le) (NOUN campane)))) (ibar (PRON li) (VERB inseguiva)) (compt (savv (ADV ancora))))) (PUNCT .)));;7,232814475;function
432;27;le;il;DET;det;campane;(ROOT (fc (f (coord (sn (DET Lo) (PROPN Stragenerale)) (CCONJ e) (sn (DET il) (PROPN Mortesciallo))) (ibar (VERB salirono)) (compin (sp (ADP su) (sn (DET le) (sa (DET loro)) (NOUN automobili))))) (CCONJ e) (f (ibar (VERB corsero)) (compin (savv (ADV lontano)))) (PUNCT ,) (CCONJ e) (f (ibar (VERB consumarono)) (compt (sn (sq (DET tutta)) (DET la) (NOUN benzina)))) (PUNCT ,) (fc (CCONJ ma) (f (sn (DET il) (NOUN suono) (spd (ADP di) (sn (DET le) (NOUN campane)))) (ibar (PRON li) (VERB inseguiva)) (compt (savv (ADV ancora))))) (PUNCT .)));;6,624997683;function
433;27;campane;campana;NOUN;nmod;suono;(ROOT (fc (f (coord (sn (DET Lo) (PROPN Stragenerale)) (CCONJ e) (sn (DET il) (PROPN Mortesciallo))) (ibar (VERB salirono)) (compin (sp (ADP su) (sn (DET le) (sa (DET loro)) (NOUN automobili))))) (CCONJ e) (f (ibar (VERB corsero)) (compin (savv (ADV lontano)))) (PUNCT ,) (CCONJ e) (f (ibar (VERB consumarono)) (compt (sn (sq (DET tutta)) (DET la) (NOUN benzina)))) (PUNCT ,) (fc (CCONJ ma) (f (sn (DET il) (NOUN suono) (spd (ADP di) (sn (DET le) (NOUN campane)))) (ibar (PRON li) (VERB inseguiva)) (compt (savv (ADV ancora))))) (PUNCT .)));5.04 ± 1.84;3,650315718;content
434;27;li;li;PRON;obj;inseguiva;(ROOT (fc (f (coord (sn (DET Lo) (PROPN Stragenerale)) (CCONJ e) (sn (DET il) (PROPN Mortesciallo))) (ibar (VERB salirono)) (compin (sp (ADP su) (sn (DET le) (sa (DET loro)) (NOUN automobili))))) (CCONJ e) (f (ibar (VERB corsero)) (compin (savv (ADV lontano)))) (PUNCT ,) (CCONJ e) (f (ibar (VERB consumarono)) (compt (sn (sq (DET tutta)) (DET la) (NOUN benzina)))) (PUNCT ,) (fc (CCONJ ma) (f (sn (DET il) (NOUN suono) (spd (ADP di) (sn (DET le) (NOUN campane)))) (ibar (PRON li) (VERB inseguiva)) (compt (savv (ADV ancora))))) (PUNCT .)));;5,74096192;function
435;27;inseguiva;inseguire;VERB;conj;salirono;(ROOT (fc (f (coord (sn (DET Lo) (PROPN Stragenerale)) (CCONJ e) (sn (DET il) (PROPN Mortesciallo))) (ibar (VERB salirono)) (compin (sp (ADP su) (sn (DET le) (sa (DET loro)) (NOUN automobili))))) (CCONJ e) (f (ibar (VERB corsero)) (compin (savv (ADV lontano)))) (PUNCT ,) (CCONJ e) (f (ibar (VERB consumarono)) (compt (sn (sq (DET tutta)) (DET la) (NOUN benzina)))) (PUNCT ,) (fc (CCONJ ma) (f (sn (DET il) (NOUN suono) (spd (ADP di) (sn (DET le) (NOUN campane)))) (ibar (PRON li) (VERB inseguiva)) (compt (savv (ADV ancora))))) (PUNCT .)));;2,906926574;content
436;27;ancora;ancora;ADV;advmod;inseguiva;(ROOT (fc (f (coord (sn (DET Lo) (PROPN Stragenerale)) (CCONJ e) (sn (DET il) (PROPN Mortesciallo))) (ibar (VERB salirono)) (compin (sp (ADP su) (sn (DET le) (sa (DET loro)) (NOUN automobili))))) (CCONJ e) (f (ibar (VERB corsero)) (compin (savv (ADV lontano)))) (PUNCT ,) (CCONJ e) (f (ibar (VERB consumarono)) (compt (sn (sq (DET tutta)) (DET la) (NOUN benzina)))) (PUNCT ,) (fc (CCONJ ma) (f (sn (DET il) (NOUN suono) (spd (ADP di) (sn (DET le) (NOUN campane)))) (ibar (PRON li) (VERB inseguiva)) (compt (savv (ADV ancora))))) (PUNCT .)));;6,01813737;content
