token_id;sentence_ids;tokens_no_punct;lemma_no_punct;PoS;depparse;head;constituency;AoA(m+sd);Zipf_freq;type_of_words
1;0;i;il;DET;det;pirati;(ROOT (f3 (sn (DET I) (NOUN pirati) (sa (ADJ smemorati))) (PUNCT .)));;6,584780852;function
2;0;pirati;pirata;NOUN;root;ROOT;(ROOT (f3 (sn (DET I) (NOUN pirati) (sa (ADJ smemorati))) (PUNCT .)));;3,784209297;content
3;0;smemorati;smemorato;ADJ;amod;pirati;(ROOT (f3 (sn (DET I) (NOUN pirati) (sa (ADJ smemorati))) (PUNCT .)));;1,792983221;content
4;1;c;ci;PRON;expl;era;(ROOT (fc (f (ibar (PRON C') (VERB era)) (compc (sn (DET una) (NOUN nave) (spd (ADP di) (sn (NOUN pirati))) (f2 (PRON che) (f (ibar (PRON si) (VERB chiamava)) (compc (sn (PROPN Tonno) (PROPN Feroce)))))))) (PUNCT ,) (CCONJ e) (f (ibar (VERB navigava)) (compt (sn (DET i) (NOUN mari)) (sv5 (VERB facendo) (compt (sn (NOUN abbordaggi)))))) (dirsp (PUNCT :) (f (ibar (VERB spara)) (compin (savv (ADV qua)))) (PUNCT ,) (f (ibar (VERB assalta)) (compin (spd (ADP di) (savv (ADV là))))) (PUNCT ,) (f (ibar (VERB ruba)) (compt (sp (ADP a) (sn (PRON me))) (PUNCT ,) (sn (NOUN rapina) (sp (ADP a) (sn (PRON te)))) (PUNCT ,) (sn (DET i) (NOUN pirati) (spd (ADP di) (sn (sa (DET quella)) (NOUN nave)))) (fp (PUNCT ,) (sp (ADP a) (sn (DET gli) (NOUN ordini) (spd (ADP di) (sn (NOUN capitan) (PROPN Gigi) (PROPN Trinciasquali))))) (PUNCT ,)))) (f (ibar (AUX avevano) (VERB accumulato)) (compt (sn (DET un) (sa (ADJ gran)) (NOUN tesoro) (spd (ADP di) (coord (sn (NOUN dobloni)) (PUNCT ,) (sn (NOUN zecchini)) (PUNCT ,) (sn (NOUN fiorini)) (PUNCT ,) (sn (NOUN talleri)) (PUNCT ,) (sn (NOUN corone)) (PUNCT ,) (CCONJ e) (sn (sa (ADJ altre)) (sa (ADJ preziosissime)) (NOUN monete) (PUNCT .))))))))));;6,166704172;function
5;1;era;essere;VERB;root;ROOT;(ROOT (fc (f (ibar (PRON C') (VERB era)) (compc (sn (DET una) (NOUN nave) (spd (ADP di) (sn (NOUN pirati))) (f2 (PRON che) (f (ibar (PRON si) (VERB chiamava)) (compc (sn (PROPN Tonno) (PROPN Feroce)))))))) (PUNCT ,) (CCONJ e) (f (ibar (VERB navigava)) (compt (sn (DET i) (NOUN mari)) (sv5 (VERB facendo) (compt (sn (NOUN abbordaggi)))))) (dirsp (PUNCT :) (f (ibar (VERB spara)) (compin (savv (ADV qua)))) (PUNCT ,) (f (ibar (VERB assalta)) (compin (spd (ADP di) (savv (ADV là))))) (PUNCT ,) (f (ibar (VERB ruba)) (compt (sp (ADP a) (sn (PRON me))) (PUNCT ,) (sn (NOUN rapina) (sp (ADP a) (sn (PRON te)))) (PUNCT ,) (sn (DET i) (NOUN pirati) (spd (ADP di) (sn (sa (DET quella)) (NOUN nave)))) (fp (PUNCT ,) (sp (ADP a) (sn (DET gli) (NOUN ordini) (spd (ADP di) (sn (NOUN capitan) (PROPN Gigi) (PROPN Trinciasquali))))) (PUNCT ,)))) (f (ibar (AUX avevano) (VERB accumulato)) (compt (sn (DET un) (sa (ADJ gran)) (NOUN tesoro) (spd (ADP di) (coord (sn (NOUN dobloni)) (PUNCT ,) (sn (NOUN zecchini)) (PUNCT ,) (sn (NOUN fiorini)) (PUNCT ,) (sn (NOUN talleri)) (PUNCT ,) (sn (NOUN corone)) (PUNCT ,) (CCONJ e) (sn (sa (ADJ altre)) (sa (ADJ preziosissime)) (NOUN monete) (PUNCT .))))))))));;6,283626334;content
6;1;una;uno;DET;det;nave;(ROOT (fc (f (ibar (PRON C') (VERB era)) (compc (sn (DET una) (NOUN nave) (spd (ADP di) (sn (NOUN pirati))) (f2 (PRON che) (f (ibar (PRON si) (VERB chiamava)) (compc (sn (PROPN Tonno) (PROPN Feroce)))))))) (PUNCT ,) (CCONJ e) (f (ibar (VERB navigava)) (compt (sn (DET i) (NOUN mari)) (sv5 (VERB facendo) (compt (sn (NOUN abbordaggi)))))) (dirsp (PUNCT :) (f (ibar (VERB spara)) (compin (savv (ADV qua)))) (PUNCT ,) (f (ibar (VERB assalta)) (compin (spd (ADP di) (savv (ADV là))))) (PUNCT ,) (f (ibar (VERB ruba)) (compt (sp (ADP a) (sn (PRON me))) (PUNCT ,) (sn (NOUN rapina) (sp (ADP a) (sn (PRON te)))) (PUNCT ,) (sn (DET i) (NOUN pirati) (spd (ADP di) (sn (sa (DET quella)) (NOUN nave)))) (fp (PUNCT ,) (sp (ADP a) (sn (DET gli) (NOUN ordini) (spd (ADP di) (sn (NOUN capitan) (PROPN Gigi) (PROPN Trinciasquali))))) (PUNCT ,)))) (f (ibar (AUX avevano) (VERB accumulato)) (compt (sn (DET un) (sa (ADJ gran)) (NOUN tesoro) (spd (ADP di) (coord (sn (NOUN dobloni)) (PUNCT ,) (sn (NOUN zecchini)) (PUNCT ,) (sn (NOUN fiorini)) (PUNCT ,) (sn (NOUN talleri)) (PUNCT ,) (sn (NOUN corone)) (PUNCT ,) (CCONJ e) (sn (sa (ADJ altre)) (sa (ADJ preziosissime)) (NOUN monete) (PUNCT .))))))))));;6,801817508;function
7;1;nave;nave;NOUN;nsubj;era;(ROOT (fc (f (ibar (PRON C') (VERB era)) (compc (sn (DET una) (NOUN nave) (spd (ADP di) (sn (NOUN pirati))) (f2 (PRON che) (f (ibar (PRON si) (VERB chiamava)) (compc (sn (PROPN Tonno) (PROPN Feroce)))))))) (PUNCT ,) (CCONJ e) (f (ibar (VERB navigava)) (compt (sn (DET i) (NOUN mari)) (sv5 (VERB facendo) (compt (sn (NOUN abbordaggi)))))) (dirsp (PUNCT :) (f (ibar (VERB spara)) (compin (savv (ADV qua)))) (PUNCT ,) (f (ibar (VERB assalta)) (compin (spd (ADP di) (savv (ADV là))))) (PUNCT ,) (f (ibar (VERB ruba)) (compt (sp (ADP a) (sn (PRON me))) (PUNCT ,) (sn (NOUN rapina) (sp (ADP a) (sn (PRON te)))) (PUNCT ,) (sn (DET i) (NOUN pirati) (spd (ADP di) (sn (sa (DET quella)) (NOUN nave)))) (fp (PUNCT ,) (sp (ADP a) (sn (DET gli) (NOUN ordini) (spd (ADP di) (sn (NOUN capitan) (PROPN Gigi) (PROPN Trinciasquali))))) (PUNCT ,)))) (f (ibar (AUX avevano) (VERB accumulato)) (compt (sn (DET un) (sa (ADJ gran)) (NOUN tesoro) (spd (ADP di) (coord (sn (NOUN dobloni)) (PUNCT ,) (sn (NOUN zecchini)) (PUNCT ,) (sn (NOUN fiorini)) (PUNCT ,) (sn (NOUN talleri)) (PUNCT ,) (sn (NOUN corone)) (PUNCT ,) (CCONJ e) (sn (sa (ADJ altre)) (sa (ADJ preziosissime)) (NOUN monete) (PUNCT .))))))))));4.36 ± 1.87;4,988467744;content
8;1;di;di;ADP;case;pirati;(ROOT (fc (f (ibar (PRON C') (VERB era)) (compc (sn (DET una) (NOUN nave) (spd (ADP di) (sn (NOUN pirati))) (f2 (PRON che) (f (ibar (PRON si) (VERB chiamava)) (compc (sn (PROPN Tonno) (PROPN Feroce)))))))) (PUNCT ,) (CCONJ e) (f (ibar (VERB navigava)) (compt (sn (DET i) (NOUN mari)) (sv5 (VERB facendo) (compt (sn (NOUN abbordaggi)))))) (dirsp (PUNCT :) (f (ibar (VERB spara)) (compin (savv (ADV qua)))) (PUNCT ,) (f (ibar (VERB assalta)) (compin (spd (ADP di) (savv (ADV là))))) (PUNCT ,) (f (ibar (VERB ruba)) (compt (sp (ADP a) (sn (PRON me))) (PUNCT ,) (sn (NOUN rapina) (sp (ADP a) (sn (PRON te)))) (PUNCT ,) (sn (DET i) (NOUN pirati) (spd (ADP di) (sn (sa (DET quella)) (NOUN nave)))) (fp (PUNCT ,) (sp (ADP a) (sn (DET gli) (NOUN ordini) (spd (ADP di) (sn (NOUN capitan) (PROPN Gigi) (PROPN Trinciasquali))))) (PUNCT ,)))) (f (ibar (AUX avevano) (VERB accumulato)) (compt (sn (DET un) (sa (ADJ gran)) (NOUN tesoro) (spd (ADP di) (coord (sn (NOUN dobloni)) (PUNCT ,) (sn (NOUN zecchini)) (PUNCT ,) (sn (NOUN fiorini)) (PUNCT ,) (sn (NOUN talleri)) (PUNCT ,) (sn (NOUN corone)) (PUNCT ,) (CCONJ e) (sn (sa (ADJ altre)) (sa (ADJ preziosissime)) (NOUN monete) (PUNCT .))))))))));;7,232814475;function
9;1;pirati;pirata;NOUN;nmod;nave;(ROOT (fc (f (ibar (PRON C') (VERB era)) (compc (sn (DET una) (NOUN nave) (spd (ADP di) (sn (NOUN pirati))) (f2 (PRON che) (f (ibar (PRON si) (VERB chiamava)) (compc (sn (PROPN Tonno) (PROPN Feroce)))))))) (PUNCT ,) (CCONJ e) (f (ibar (VERB navigava)) (compt (sn (DET i) (NOUN mari)) (sv5 (VERB facendo) (compt (sn (NOUN abbordaggi)))))) (dirsp (PUNCT :) (f (ibar (VERB spara)) (compin (savv (ADV qua)))) (PUNCT ,) (f (ibar (VERB assalta)) (compin (spd (ADP di) (savv (ADV là))))) (PUNCT ,) (f (ibar (VERB ruba)) (compt (sp (ADP a) (sn (PRON me))) (PUNCT ,) (sn (NOUN rapina) (sp (ADP a) (sn (PRON te)))) (PUNCT ,) (sn (DET i) (NOUN pirati) (spd (ADP di) (sn (sa (DET quella)) (NOUN nave)))) (fp (PUNCT ,) (sp (ADP a) (sn (DET gli) (NOUN ordini) (spd (ADP di) (sn (NOUN capitan) (PROPN Gigi) (PROPN Trinciasquali))))) (PUNCT ,)))) (f (ibar (AUX avevano) (VERB accumulato)) (compt (sn (DET un) (sa (ADJ gran)) (NOUN tesoro) (spd (ADP di) (coord (sn (NOUN dobloni)) (PUNCT ,) (sn (NOUN zecchini)) (PUNCT ,) (sn (NOUN fiorini)) (PUNCT ,) (sn (NOUN talleri)) (PUNCT ,) (sn (NOUN corone)) (PUNCT ,) (CCONJ e) (sn (sa (ADJ altre)) (sa (ADJ preziosissime)) (NOUN monete) (PUNCT .))))))))));;3,784209297;content
10;1;che;che;PRON;nsubj;chiamava;(ROOT (fc (f (ibar (PRON C') (VERB era)) (compc (sn (DET una) (NOUN nave) (spd (ADP di) (sn (NOUN pirati))) (f2 (PRON che) (f (ibar (PRON si) (VERB chiamava)) (compc (sn (PROPN Tonno) (PROPN Feroce)))))))) (PUNCT ,) (CCONJ e) (f (ibar (VERB navigava)) (compt (sn (DET i) (NOUN mari)) (sv5 (VERB facendo) (compt (sn (NOUN abbordaggi)))))) (dirsp (PUNCT :) (f (ibar (VERB spara)) (compin (savv (ADV qua)))) (PUNCT ,) (f (ibar (VERB assalta)) (compin (spd (ADP di) (savv (ADV là))))) (PUNCT ,) (f (ibar (VERB ruba)) (compt (sp (ADP a) (sn (PRON me))) (PUNCT ,) (sn (NOUN rapina) (sp (ADP a) (sn (PRON te)))) (PUNCT ,) (sn (DET i) (NOUN pirati) (spd (ADP di) (sn (sa (DET quella)) (NOUN nave)))) (fp (PUNCT ,) (sp (ADP a) (sn (DET gli) (NOUN ordini) (spd (ADP di) (sn (NOUN capitan) (PROPN Gigi) (PROPN Trinciasquali))))) (PUNCT ,)))) (f (ibar (AUX avevano) (VERB accumulato)) (compt (sn (DET un) (sa (ADJ gran)) (NOUN tesoro) (spd (ADP di) (coord (sn (NOUN dobloni)) (PUNCT ,) (sn (NOUN zecchini)) (PUNCT ,) (sn (NOUN fiorini)) (PUNCT ,) (sn (NOUN talleri)) (PUNCT ,) (sn (NOUN corone)) (PUNCT ,) (CCONJ e) (sn (sa (ADJ altre)) (sa (ADJ preziosissime)) (NOUN monete) (PUNCT .))))))))));;7,250456545;function
11;1;si;si;PRON;expl;chiamava;(ROOT (fc (f (ibar (PRON C') (VERB era)) (compc (sn (DET una) (NOUN nave) (spd (ADP di) (sn (NOUN pirati))) (f2 (PRON che) (f (ibar (PRON si) (VERB chiamava)) (compc (sn (PROPN Tonno) (PROPN Feroce)))))))) (PUNCT ,) (CCONJ e) (f (ibar (VERB navigava)) (compt (sn (DET i) (NOUN mari)) (sv5 (VERB facendo) (compt (sn (NOUN abbordaggi)))))) (dirsp (PUNCT :) (f (ibar (VERB spara)) (compin (savv (ADV qua)))) (PUNCT ,) (f (ibar (VERB assalta)) (compin (spd (ADP di) (savv (ADV là))))) (PUNCT ,) (f (ibar (VERB ruba)) (compt (sp (ADP a) (sn (PRON me))) (PUNCT ,) (sn (NOUN rapina) (sp (ADP a) (sn (PRON te)))) (PUNCT ,) (sn (DET i) (NOUN pirati) (spd (ADP di) (sn (sa (DET quella)) (NOUN nave)))) (fp (PUNCT ,) (sp (ADP a) (sn (DET gli) (NOUN ordini) (spd (ADP di) (sn (NOUN capitan) (PROPN Gigi) (PROPN Trinciasquali))))) (PUNCT ,)))) (f (ibar (AUX avevano) (VERB accumulato)) (compt (sn (DET un) (sa (ADJ gran)) (NOUN tesoro) (spd (ADP di) (coord (sn (NOUN dobloni)) (PUNCT ,) (sn (NOUN zecchini)) (PUNCT ,) (sn (NOUN fiorini)) (PUNCT ,) (sn (NOUN talleri)) (PUNCT ,) (sn (NOUN corone)) (PUNCT ,) (CCONJ e) (sn (sa (ADJ altre)) (sa (ADJ preziosissime)) (NOUN monete) (PUNCT .))))))))));;6,553884221;function
12;1;chiamava;chiamare;VERB;acl:relcl;nave;(ROOT (fc (f (ibar (PRON C') (VERB era)) (compc (sn (DET una) (NOUN nave) (spd (ADP di) (sn (NOUN pirati))) (f2 (PRON che) (f (ibar (PRON si) (VERB chiamava)) (compc (sn (PROPN Tonno) (PROPN Feroce)))))))) (PUNCT ,) (CCONJ e) (f (ibar (VERB navigava)) (compt (sn (DET i) (NOUN mari)) (sv5 (VERB facendo) (compt (sn (NOUN abbordaggi)))))) (dirsp (PUNCT :) (f (ibar (VERB spara)) (compin (savv (ADV qua)))) (PUNCT ,) (f (ibar (VERB assalta)) (compin (spd (ADP di) (savv (ADV là))))) (PUNCT ,) (f (ibar (VERB ruba)) (compt (sp (ADP a) (sn (PRON me))) (PUNCT ,) (sn (NOUN rapina) (sp (ADP a) (sn (PRON te)))) (PUNCT ,) (sn (DET i) (NOUN pirati) (spd (ADP di) (sn (sa (DET quella)) (NOUN nave)))) (fp (PUNCT ,) (sp (ADP a) (sn (DET gli) (NOUN ordini) (spd (ADP di) (sn (NOUN capitan) (PROPN Gigi) (PROPN Trinciasquali))))) (PUNCT ,)))) (f (ibar (AUX avevano) (VERB accumulato)) (compt (sn (DET un) (sa (ADJ gran)) (NOUN tesoro) (spd (ADP di) (coord (sn (NOUN dobloni)) (PUNCT ,) (sn (NOUN zecchini)) (PUNCT ,) (sn (NOUN fiorini)) (PUNCT ,) (sn (NOUN talleri)) (PUNCT ,) (sn (NOUN corone)) (PUNCT ,) (CCONJ e) (sn (sa (ADJ altre)) (sa (ADJ preziosissime)) (NOUN monete) (PUNCT .))))))))));;4,429220298;content
13;1;tonno;Tonno;PROPN;xcomp;chiamava;(ROOT (fc (f (ibar (PRON C') (VERB era)) (compc (sn (DET una) (NOUN nave) (spd (ADP di) (sn (NOUN pirati))) (f2 (PRON che) (f (ibar (PRON si) (VERB chiamava)) (compc (sn (PROPN Tonno) (PROPN Feroce)))))))) (PUNCT ,) (CCONJ e) (f (ibar (VERB navigava)) (compt (sn (DET i) (NOUN mari)) (sv5 (VERB facendo) (compt (sn (NOUN abbordaggi)))))) (dirsp (PUNCT :) (f (ibar (VERB spara)) (compin (savv (ADV qua)))) (PUNCT ,) (f (ibar (VERB assalta)) (compin (spd (ADP di) (savv (ADV là))))) (PUNCT ,) (f (ibar (VERB ruba)) (compt (sp (ADP a) (sn (PRON me))) (PUNCT ,) (sn (NOUN rapina) (sp (ADP a) (sn (PRON te)))) (PUNCT ,) (sn (DET i) (NOUN pirati) (spd (ADP di) (sn (sa (DET quella)) (NOUN nave)))) (fp (PUNCT ,) (sp (ADP a) (sn (DET gli) (NOUN ordini) (spd (ADP di) (sn (NOUN capitan) (PROPN Gigi) (PROPN Trinciasquali))))) (PUNCT ,)))) (f (ibar (AUX avevano) (VERB accumulato)) (compt (sn (DET un) (sa (ADJ gran)) (NOUN tesoro) (spd (ADP di) (coord (sn (NOUN dobloni)) (PUNCT ,) (sn (NOUN zecchini)) (PUNCT ,) (sn (NOUN fiorini)) (PUNCT ,) (sn (NOUN talleri)) (PUNCT ,) (sn (NOUN corone)) (PUNCT ,) (CCONJ e) (sn (sa (ADJ altre)) (sa (ADJ preziosissime)) (NOUN monete) (PUNCT .))))))))));;3,662214941;content
14;1;feroce;Feroce;PROPN;flat:name;Tonno;(ROOT (fc (f (ibar (PRON C') (VERB era)) (compc (sn (DET una) (NOUN nave) (spd (ADP di) (sn (NOUN pirati))) (f2 (PRON che) (f (ibar (PRON si) (VERB chiamava)) (compc (sn (PROPN Tonno) (PROPN Feroce)))))))) (PUNCT ,) (CCONJ e) (f (ibar (VERB navigava)) (compt (sn (DET i) (NOUN mari)) (sv5 (VERB facendo) (compt (sn (NOUN abbordaggi)))))) (dirsp (PUNCT :) (f (ibar (VERB spara)) (compin (savv (ADV qua)))) (PUNCT ,) (f (ibar (VERB assalta)) (compin (spd (ADP di) (savv (ADV là))))) (PUNCT ,) (f (ibar (VERB ruba)) (compt (sp (ADP a) (sn (PRON me))) (PUNCT ,) (sn (NOUN rapina) (sp (ADP a) (sn (PRON te)))) (PUNCT ,) (sn (DET i) (NOUN pirati) (spd (ADP di) (sn (sa (DET quella)) (NOUN nave)))) (fp (PUNCT ,) (sp (ADP a) (sn (DET gli) (NOUN ordini) (spd (ADP di) (sn (NOUN capitan) (PROPN Gigi) (PROPN Trinciasquali))))) (PUNCT ,)))) (f (ibar (AUX avevano) (VERB accumulato)) (compt (sn (DET un) (sa (ADJ gran)) (NOUN tesoro) (spd (ADP di) (coord (sn (NOUN dobloni)) (PUNCT ,) (sn (NOUN zecchini)) (PUNCT ,) (sn (NOUN fiorini)) (PUNCT ,) (sn (NOUN talleri)) (PUNCT ,) (sn (NOUN corone)) (PUNCT ,) (CCONJ e) (sn (sa (ADJ altre)) (sa (ADJ preziosissime)) (NOUN monete) (PUNCT .))))))))));;3,533345911;content
15;1;e;e;CCONJ;cc;navigava;(ROOT (fc (f (ibar (PRON C') (VERB era)) (compc (sn (DET una) (NOUN nave) (spd (ADP di) (sn (NOUN pirati))) (f2 (PRON che) (f (ibar (PRON si) (VERB chiamava)) (compc (sn (PROPN Tonno) (PROPN Feroce)))))))) (PUNCT ,) (CCONJ e) (f (ibar (VERB navigava)) (compt (sn (DET i) (NOUN mari)) (sv5 (VERB facendo) (compt (sn (NOUN abbordaggi)))))) (dirsp (PUNCT :) (f (ibar (VERB spara)) (compin (savv (ADV qua)))) (PUNCT ,) (f (ibar (VERB assalta)) (compin (spd (ADP di) (savv (ADV là))))) (PUNCT ,) (f (ibar (VERB ruba)) (compt (sp (ADP a) (sn (PRON me))) (PUNCT ,) (sn (NOUN rapina) (sp (ADP a) (sn (PRON te)))) (PUNCT ,) (sn (DET i) (NOUN pirati) (spd (ADP di) (sn (sa (DET quella)) (NOUN nave)))) (fp (PUNCT ,) (sp (ADP a) (sn (DET gli) (NOUN ordini) (spd (ADP di) (sn (NOUN capitan) (PROPN Gigi) (PROPN Trinciasquali))))) (PUNCT ,)))) (f (ibar (AUX avevano) (VERB accumulato)) (compt (sn (DET un) (sa (ADJ gran)) (NOUN tesoro) (spd (ADP di) (coord (sn (NOUN dobloni)) (PUNCT ,) (sn (NOUN zecchini)) (PUNCT ,) (sn (NOUN fiorini)) (PUNCT ,) (sn (NOUN talleri)) (PUNCT ,) (sn (NOUN corone)) (PUNCT ,) (CCONJ e) (sn (sa (ADJ altre)) (sa (ADJ preziosissime)) (NOUN monete) (PUNCT .))))))))));;2,741151583;function
16;1;navigava;navigare;VERB;conj;era;(ROOT (fc (f (ibar (PRON C') (VERB era)) (compc (sn (DET una) (NOUN nave) (spd (ADP di) (sn (NOUN pirati))) (f2 (PRON che) (f (ibar (PRON si) (VERB chiamava)) (compc (sn (PROPN Tonno) (PROPN Feroce)))))))) (PUNCT ,) (CCONJ e) (f (ibar (VERB navigava)) (compt (sn (DET i) (NOUN mari)) (sv5 (VERB facendo) (compt (sn (NOUN abbordaggi)))))) (dirsp (PUNCT :) (f (ibar (VERB spara)) (compin (savv (ADV qua)))) (PUNCT ,) (f (ibar (VERB assalta)) (compin (spd (ADP di) (savv (ADV là))))) (PUNCT ,) (f (ibar (VERB ruba)) (compt (sp (ADP a) (sn (PRON me))) (PUNCT ,) (sn (NOUN rapina) (sp (ADP a) (sn (PRON te)))) (PUNCT ,) (sn (DET i) (NOUN pirati) (spd (ADP di) (sn (sa (DET quella)) (NOUN nave)))) (fp (PUNCT ,) (sp (ADP a) (sn (DET gli) (NOUN ordini) (spd (ADP di) (sn (NOUN capitan) (PROPN Gigi) (PROPN Trinciasquali))))) (PUNCT ,)))) (f (ibar (AUX avevano) (VERB accumulato)) (compt (sn (DET un) (sa (ADJ gran)) (NOUN tesoro) (spd (ADP di) (coord (sn (NOUN dobloni)) (PUNCT ,) (sn (NOUN zecchini)) (PUNCT ,) (sn (NOUN fiorini)) (PUNCT ,) (sn (NOUN talleri)) (PUNCT ,) (sn (NOUN corone)) (PUNCT ,) (CCONJ e) (sn (sa (ADJ altre)) (sa (ADJ preziosissime)) (NOUN monete) (PUNCT .))))))))));;2,287833243;content
17;1;i;il;DET;det;mari;(ROOT (fc (f (ibar (PRON C') (VERB era)) (compc (sn (DET una) (NOUN nave) (spd (ADP di) (sn (NOUN pirati))) (f2 (PRON che) (f (ibar (PRON si) (VERB chiamava)) (compc (sn (PROPN Tonno) (PROPN Feroce)))))))) (PUNCT ,) (CCONJ e) (f (ibar (VERB navigava)) (compt (sn (DET i) (NOUN mari)) (sv5 (VERB facendo) (compt (sn (NOUN abbordaggi)))))) (dirsp (PUNCT :) (f (ibar (VERB spara)) (compin (savv (ADV qua)))) (PUNCT ,) (f (ibar (VERB assalta)) (compin (spd (ADP di) (savv (ADV là))))) (PUNCT ,) (f (ibar (VERB ruba)) (compt (sp (ADP a) (sn (PRON me))) (PUNCT ,) (sn (NOUN rapina) (sp (ADP a) (sn (PRON te)))) (PUNCT ,) (sn (DET i) (NOUN pirati) (spd (ADP di) (sn (sa (DET quella)) (NOUN nave)))) (fp (PUNCT ,) (sp (ADP a) (sn (DET gli) (NOUN ordini) (spd (ADP di) (sn (NOUN capitan) (PROPN Gigi) (PROPN Trinciasquali))))) (PUNCT ,)))) (f (ibar (AUX avevano) (VERB accumulato)) (compt (sn (DET un) (sa (ADJ gran)) (NOUN tesoro) (spd (ADP di) (coord (sn (NOUN dobloni)) (PUNCT ,) (sn (NOUN zecchini)) (PUNCT ,) (sn (NOUN fiorini)) (PUNCT ,) (sn (NOUN talleri)) (PUNCT ,) (sn (NOUN corone)) (PUNCT ,) (CCONJ e) (sn (sa (ADJ altre)) (sa (ADJ preziosissime)) (NOUN monete) (PUNCT .))))))))));;6,584780852;function
18;1;mari;mare;NOUN;obj;navigava;(ROOT (fc (f (ibar (PRON C') (VERB era)) (compc (sn (DET una) (NOUN nave) (spd (ADP di) (sn (NOUN pirati))) (f2 (PRON che) (f (ibar (PRON si) (VERB chiamava)) (compc (sn (PROPN Tonno) (PROPN Feroce)))))))) (PUNCT ,) (CCONJ e) (f (ibar (VERB navigava)) (compt (sn (DET i) (NOUN mari)) (sv5 (VERB facendo) (compt (sn (NOUN abbordaggi)))))) (dirsp (PUNCT :) (f (ibar (VERB spara)) (compin (savv (ADV qua)))) (PUNCT ,) (f (ibar (VERB assalta)) (compin (spd (ADP di) (savv (ADV là))))) (PUNCT ,) (f (ibar (VERB ruba)) (compt (sp (ADP a) (sn (PRON me))) (PUNCT ,) (sn (NOUN rapina) (sp (ADP a) (sn (PRON te)))) (PUNCT ,) (sn (DET i) (NOUN pirati) (spd (ADP di) (sn (sa (DET quella)) (NOUN nave)))) (fp (PUNCT ,) (sp (ADP a) (sn (DET gli) (NOUN ordini) (spd (ADP di) (sn (NOUN capitan) (PROPN Gigi) (PROPN Trinciasquali))))) (PUNCT ,)))) (f (ibar (AUX avevano) (VERB accumulato)) (compt (sn (DET un) (sa (ADJ gran)) (NOUN tesoro) (spd (ADP di) (coord (sn (NOUN dobloni)) (PUNCT ,) (sn (NOUN zecchini)) (PUNCT ,) (sn (NOUN fiorini)) (PUNCT ,) (sn (NOUN talleri)) (PUNCT ,) (sn (NOUN corone)) (PUNCT ,) (CCONJ e) (sn (sa (ADJ altre)) (sa (ADJ preziosissime)) (NOUN monete) (PUNCT .))))))))));3.72 ± 1.40;3,669489726;content
19;1;facendo;fare;VERB;advcl;navigava;(ROOT (fc (f (ibar (PRON C') (VERB era)) (compc (sn (DET una) (NOUN nave) (spd (ADP di) (sn (NOUN pirati))) (f2 (PRON che) (f (ibar (PRON si) (VERB chiamava)) (compc (sn (PROPN Tonno) (PROPN Feroce)))))))) (PUNCT ,) (CCONJ e) (f (ibar (VERB navigava)) (compt (sn (DET i) (NOUN mari)) (sv5 (VERB facendo) (compt (sn (NOUN abbordaggi)))))) (dirsp (PUNCT :) (f (ibar (VERB spara)) (compin (savv (ADV qua)))) (PUNCT ,) (f (ibar (VERB assalta)) (compin (spd (ADP di) (savv (ADV là))))) (PUNCT ,) (f (ibar (VERB ruba)) (compt (sp (ADP a) (sn (PRON me))) (PUNCT ,) (sn (NOUN rapina) (sp (ADP a) (sn (PRON te)))) (PUNCT ,) (sn (DET i) (NOUN pirati) (spd (ADP di) (sn (sa (DET quella)) (NOUN nave)))) (fp (PUNCT ,) (sp (ADP a) (sn (DET gli) (NOUN ordini) (spd (ADP di) (sn (NOUN capitan) (PROPN Gigi) (PROPN Trinciasquali))))) (PUNCT ,)))) (f (ibar (AUX avevano) (VERB accumulato)) (compt (sn (DET un) (sa (ADJ gran)) (NOUN tesoro) (spd (ADP di) (coord (sn (NOUN dobloni)) (PUNCT ,) (sn (NOUN zecchini)) (PUNCT ,) (sn (NOUN fiorini)) (PUNCT ,) (sn (NOUN talleri)) (PUNCT ,) (sn (NOUN corone)) (PUNCT ,) (CCONJ e) (sn (sa (ADJ altre)) (sa (ADJ preziosissime)) (NOUN monete) (PUNCT .))))))))));4.40 ± 2.22;5,643093149;content
20;1;abbordaggi;abbordaggio;NOUN;obj;facendo;(ROOT (fc (f (ibar (PRON C') (VERB era)) (compc (sn (DET una) (NOUN nave) (spd (ADP di) (sn (NOUN pirati))) (f2 (PRON che) (f (ibar (PRON si) (VERB chiamava)) (compc (sn (PROPN Tonno) (PROPN Feroce)))))))) (PUNCT ,) (CCONJ e) (f (ibar (VERB navigava)) (compt (sn (DET i) (NOUN mari)) (sv5 (VERB facendo) (compt (sn (NOUN abbordaggi)))))) (dirsp (PUNCT :) (f (ibar (VERB spara)) (compin (savv (ADV qua)))) (PUNCT ,) (f (ibar (VERB assalta)) (compin (spd (ADP di) (savv (ADV là))))) (PUNCT ,) (f (ibar (VERB ruba)) (compt (sp (ADP a) (sn (PRON me))) (PUNCT ,) (sn (NOUN rapina) (sp (ADP a) (sn (PRON te)))) (PUNCT ,) (sn (DET i) (NOUN pirati) (spd (ADP di) (sn (sa (DET quella)) (NOUN nave)))) (fp (PUNCT ,) (sp (ADP a) (sn (DET gli) (NOUN ordini) (spd (ADP di) (sn (NOUN capitan) (PROPN Gigi) (PROPN Trinciasquali))))) (PUNCT ,)))) (f (ibar (AUX avevano) (VERB accumulato)) (compt (sn (DET un) (sa (ADJ gran)) (NOUN tesoro) (spd (ADP di) (coord (sn (NOUN dobloni)) (PUNCT ,) (sn (NOUN zecchini)) (PUNCT ,) (sn (NOUN fiorini)) (PUNCT ,) (sn (NOUN talleri)) (PUNCT ,) (sn (NOUN corone)) (PUNCT ,) (CCONJ e) (sn (sa (ADJ altre)) (sa (ADJ preziosissime)) (NOUN monete) (PUNCT .))))))))));;1,367014489;content
21;1;spara;sparare;VERB;parataxis;era;(ROOT (fc (f (ibar (PRON C') (VERB era)) (compc (sn (DET una) (NOUN nave) (spd (ADP di) (sn (NOUN pirati))) (f2 (PRON che) (f (ibar (PRON si) (VERB chiamava)) (compc (sn (PROPN Tonno) (PROPN Feroce)))))))) (PUNCT ,) (CCONJ e) (f (ibar (VERB navigava)) (compt (sn (DET i) (NOUN mari)) (sv5 (VERB facendo) (compt (sn (NOUN abbordaggi)))))) (dirsp (PUNCT :) (f (ibar (VERB spara)) (compin (savv (ADV qua)))) (PUNCT ,) (f (ibar (VERB assalta)) (compin (spd (ADP di) (savv (ADV là))))) (PUNCT ,) (f (ibar (VERB ruba)) (compt (sp (ADP a) (sn (PRON me))) (PUNCT ,) (sn (NOUN rapina) (sp (ADP a) (sn (PRON te)))) (PUNCT ,) (sn (DET i) (NOUN pirati) (spd (ADP di) (sn (sa (DET quella)) (NOUN nave)))) (fp (PUNCT ,) (sp (ADP a) (sn (DET gli) (NOUN ordini) (spd (ADP di) (sn (NOUN capitan) (PROPN Gigi) (PROPN Trinciasquali))))) (PUNCT ,)))) (f (ibar (AUX avevano) (VERB accumulato)) (compt (sn (DET un) (sa (ADJ gran)) (NOUN tesoro) (spd (ADP di) (coord (sn (NOUN dobloni)) (PUNCT ,) (sn (NOUN zecchini)) (PUNCT ,) (sn (NOUN fiorini)) (PUNCT ,) (sn (NOUN talleri)) (PUNCT ,) (sn (NOUN corone)) (PUNCT ,) (CCONJ e) (sn (sa (ADJ altre)) (sa (ADJ preziosissime)) (NOUN monete) (PUNCT .))))))))));;4,387927958;content
22;1;qua;qua;ADV;advmod;spara;(ROOT (fc (f (ibar (PRON C') (VERB era)) (compc (sn (DET una) (NOUN nave) (spd (ADP di) (sn (NOUN pirati))) (f2 (PRON che) (f (ibar (PRON si) (VERB chiamava)) (compc (sn (PROPN Tonno) (PROPN Feroce)))))))) (PUNCT ,) (CCONJ e) (f (ibar (VERB navigava)) (compt (sn (DET i) (NOUN mari)) (sv5 (VERB facendo) (compt (sn (NOUN abbordaggi)))))) (dirsp (PUNCT :) (f (ibar (VERB spara)) (compin (savv (ADV qua)))) (PUNCT ,) (f (ibar (VERB assalta)) (compin (spd (ADP di) (savv (ADV là))))) (PUNCT ,) (f (ibar (VERB ruba)) (compt (sp (ADP a) (sn (PRON me))) (PUNCT ,) (sn (NOUN rapina) (sp (ADP a) (sn (PRON te)))) (PUNCT ,) (sn (DET i) (NOUN pirati) (spd (ADP di) (sn (sa (DET quella)) (NOUN nave)))) (fp (PUNCT ,) (sp (ADP a) (sn (DET gli) (NOUN ordini) (spd (ADP di) (sn (NOUN capitan) (PROPN Gigi) (PROPN Trinciasquali))))) (PUNCT ,)))) (f (ibar (AUX avevano) (VERB accumulato)) (compt (sn (DET un) (sa (ADJ gran)) (NOUN tesoro) (spd (ADP di) (coord (sn (NOUN dobloni)) (PUNCT ,) (sn (NOUN zecchini)) (PUNCT ,) (sn (NOUN fiorini)) (PUNCT ,) (sn (NOUN talleri)) (PUNCT ,) (sn (NOUN corone)) (PUNCT ,) (CCONJ e) (sn (sa (ADJ altre)) (sa (ADJ preziosissime)) (NOUN monete) (PUNCT .))))))))));;5,522856403;content
23;1;assalta;assaltare;VERB;conj;era;(ROOT (fc (f (ibar (PRON C') (VERB era)) (compc (sn (DET una) (NOUN nave) (spd (ADP di) (sn (NOUN pirati))) (f2 (PRON che) (f (ibar (PRON si) (VERB chiamava)) (compc (sn (PROPN Tonno) (PROPN Feroce)))))))) (PUNCT ,) (CCONJ e) (f (ibar (VERB navigava)) (compt (sn (DET i) (NOUN mari)) (sv5 (VERB facendo) (compt (sn (NOUN abbordaggi)))))) (dirsp (PUNCT :) (f (ibar (VERB spara)) (compin (savv (ADV qua)))) (PUNCT ,) (f (ibar (VERB assalta)) (compin (spd (ADP di) (savv (ADV là))))) (PUNCT ,) (f (ibar (VERB ruba)) (compt (sp (ADP a) (sn (PRON me))) (PUNCT ,) (sn (NOUN rapina) (sp (ADP a) (sn (PRON te)))) (PUNCT ,) (sn (DET i) (NOUN pirati) (spd (ADP di) (sn (sa (DET quella)) (NOUN nave)))) (fp (PUNCT ,) (sp (ADP a) (sn (DET gli) (NOUN ordini) (spd (ADP di) (sn (NOUN capitan) (PROPN Gigi) (PROPN Trinciasquali))))) (PUNCT ,)))) (f (ibar (AUX avevano) (VERB accumulato)) (compt (sn (DET un) (sa (ADJ gran)) (NOUN tesoro) (spd (ADP di) (coord (sn (NOUN dobloni)) (PUNCT ,) (sn (NOUN zecchini)) (PUNCT ,) (sn (NOUN fiorini)) (PUNCT ,) (sn (NOUN talleri)) (PUNCT ,) (sn (NOUN corone)) (PUNCT ,) (CCONJ e) (sn (sa (ADJ altre)) (sa (ADJ preziosissime)) (NOUN monete) (PUNCT .))))))))));;1,93128592;content
24;1;di;di;ADP;case;là;(ROOT (fc (f (ibar (PRON C') (VERB era)) (compc (sn (DET una) (NOUN nave) (spd (ADP di) (sn (NOUN pirati))) (f2 (PRON che) (f (ibar (PRON si) (VERB chiamava)) (compc (sn (PROPN Tonno) (PROPN Feroce)))))))) (PUNCT ,) (CCONJ e) (f (ibar (VERB navigava)) (compt (sn (DET i) (NOUN mari)) (sv5 (VERB facendo) (compt (sn (NOUN abbordaggi)))))) (dirsp (PUNCT :) (f (ibar (VERB spara)) (compin (savv (ADV qua)))) (PUNCT ,) (f (ibar (VERB assalta)) (compin (spd (ADP di) (savv (ADV là))))) (PUNCT ,) (f (ibar (VERB ruba)) (compt (sp (ADP a) (sn (PRON me))) (PUNCT ,) (sn (NOUN rapina) (sp (ADP a) (sn (PRON te)))) (PUNCT ,) (sn (DET i) (NOUN pirati) (spd (ADP di) (sn (sa (DET quella)) (NOUN nave)))) (fp (PUNCT ,) (sp (ADP a) (sn (DET gli) (NOUN ordini) (spd (ADP di) (sn (NOUN capitan) (PROPN Gigi) (PROPN Trinciasquali))))) (PUNCT ,)))) (f (ibar (AUX avevano) (VERB accumulato)) (compt (sn (DET un) (sa (ADJ gran)) (NOUN tesoro) (spd (ADP di) (coord (sn (NOUN dobloni)) (PUNCT ,) (sn (NOUN zecchini)) (PUNCT ,) (sn (NOUN fiorini)) (PUNCT ,) (sn (NOUN talleri)) (PUNCT ,) (sn (NOUN corone)) (PUNCT ,) (CCONJ e) (sn (sa (ADJ altre)) (sa (ADJ preziosissime)) (NOUN monete) (PUNCT .))))))))));;7,232814475;function
25;1;là;là;ADV;advmod;assalta;(ROOT (fc (f (ibar (PRON C') (VERB era)) (compc (sn (DET una) (NOUN nave) (spd (ADP di) (sn (NOUN pirati))) (f2 (PRON che) (f (ibar (PRON si) (VERB chiamava)) (compc (sn (PROPN Tonno) (PROPN Feroce)))))))) (PUNCT ,) (CCONJ e) (f (ibar (VERB navigava)) (compt (sn (DET i) (NOUN mari)) (sv5 (VERB facendo) (compt (sn (NOUN abbordaggi)))))) (dirsp (PUNCT :) (f (ibar (VERB spara)) (compin (savv (ADV qua)))) (PUNCT ,) (f (ibar (VERB assalta)) (compin (spd (ADP di) (savv (ADV là))))) (PUNCT ,) (f (ibar (VERB ruba)) (compt (sp (ADP a) (sn (PRON me))) (PUNCT ,) (sn (NOUN rapina) (sp (ADP a) (sn (PRON te)))) (PUNCT ,) (sn (DET i) (NOUN pirati) (spd (ADP di) (sn (sa (DET quella)) (NOUN nave)))) (fp (PUNCT ,) (sp (ADP a) (sn (DET gli) (NOUN ordini) (spd (ADP di) (sn (NOUN capitan) (PROPN Gigi) (PROPN Trinciasquali))))) (PUNCT ,)))) (f (ibar (AUX avevano) (VERB accumulato)) (compt (sn (DET un) (sa (ADJ gran)) (NOUN tesoro) (spd (ADP di) (coord (sn (NOUN dobloni)) (PUNCT ,) (sn (NOUN zecchini)) (PUNCT ,) (sn (NOUN fiorini)) (PUNCT ,) (sn (NOUN talleri)) (PUNCT ,) (sn (NOUN corone)) (PUNCT ,) (CCONJ e) (sn (sa (ADJ altre)) (sa (ADJ preziosissime)) (NOUN monete) (PUNCT .))))))))));;;content
26;1;ruba;rubare;VERB;conj;spara;(ROOT (fc (f (ibar (PRON C') (VERB era)) (compc (sn (DET una) (NOUN nave) (spd (ADP di) (sn (NOUN pirati))) (f2 (PRON che) (f (ibar (PRON si) (VERB chiamava)) (compc (sn (PROPN Tonno) (PROPN Feroce)))))))) (PUNCT ,) (CCONJ e) (f (ibar (VERB navigava)) (compt (sn (DET i) (NOUN mari)) (sv5 (VERB facendo) (compt (sn (NOUN abbordaggi)))))) (dirsp (PUNCT :) (f (ibar (VERB spara)) (compin (savv (ADV qua)))) (PUNCT ,) (f (ibar (VERB assalta)) (compin (spd (ADP di) (savv (ADV là))))) (PUNCT ,) (f (ibar (VERB ruba)) (compt (sp (ADP a) (sn (PRON me))) (PUNCT ,) (sn (NOUN rapina) (sp (ADP a) (sn (PRON te)))) (PUNCT ,) (sn (DET i) (NOUN pirati) (spd (ADP di) (sn (sa (DET quella)) (NOUN nave)))) (fp (PUNCT ,) (sp (ADP a) (sn (DET gli) (NOUN ordini) (spd (ADP di) (sn (NOUN capitan) (PROPN Gigi) (PROPN Trinciasquali))))) (PUNCT ,)))) (f (ibar (AUX avevano) (VERB accumulato)) (compt (sn (DET un) (sa (ADJ gran)) (NOUN tesoro) (spd (ADP di) (coord (sn (NOUN dobloni)) (PUNCT ,) (sn (NOUN zecchini)) (PUNCT ,) (sn (NOUN fiorini)) (PUNCT ,) (sn (NOUN talleri)) (PUNCT ,) (sn (NOUN corone)) (PUNCT ,) (CCONJ e) (sn (sa (ADJ altre)) (sa (ADJ preziosissime)) (NOUN monete) (PUNCT .))))))))));;3,866243213;content
27;1;a;a;ADP;case;me;(ROOT (fc (f (ibar (PRON C') (VERB era)) (compc (sn (DET una) (NOUN nave) (spd (ADP di) (sn (NOUN pirati))) (f2 (PRON che) (f (ibar (PRON si) (VERB chiamava)) (compc (sn (PROPN Tonno) (PROPN Feroce)))))))) (PUNCT ,) (CCONJ e) (f (ibar (VERB navigava)) (compt (sn (DET i) (NOUN mari)) (sv5 (VERB facendo) (compt (sn (NOUN abbordaggi)))))) (dirsp (PUNCT :) (f (ibar (VERB spara)) (compin (savv (ADV qua)))) (PUNCT ,) (f (ibar (VERB assalta)) (compin (spd (ADP di) (savv (ADV là))))) (PUNCT ,) (f (ibar (VERB ruba)) (compt (sp (ADP a) (sn (PRON me))) (PUNCT ,) (sn (NOUN rapina) (sp (ADP a) (sn (PRON te)))) (PUNCT ,) (sn (DET i) (NOUN pirati) (spd (ADP di) (sn (sa (DET quella)) (NOUN nave)))) (fp (PUNCT ,) (sp (ADP a) (sn (DET gli) (NOUN ordini) (spd (ADP di) (sn (NOUN capitan) (PROPN Gigi) (PROPN Trinciasquali))))) (PUNCT ,)))) (f (ibar (AUX avevano) (VERB accumulato)) (compt (sn (DET un) (sa (ADJ gran)) (NOUN tesoro) (spd (ADP di) (coord (sn (NOUN dobloni)) (PUNCT ,) (sn (NOUN zecchini)) (PUNCT ,) (sn (NOUN fiorini)) (PUNCT ,) (sn (NOUN talleri)) (PUNCT ,) (sn (NOUN corone)) (PUNCT ,) (CCONJ e) (sn (sa (ADJ altre)) (sa (ADJ preziosissime)) (NOUN monete) (PUNCT .))))))))));;7,004335738;function
28;1;me;me;PRON;obl;ruba;(ROOT (fc (f (ibar (PRON C') (VERB era)) (compc (sn (DET una) (NOUN nave) (spd (ADP di) (sn (NOUN pirati))) (f2 (PRON che) (f (ibar (PRON si) (VERB chiamava)) (compc (sn (PROPN Tonno) (PROPN Feroce)))))))) (PUNCT ,) (CCONJ e) (f (ibar (VERB navigava)) (compt (sn (DET i) (NOUN mari)) (sv5 (VERB facendo) (compt (sn (NOUN abbordaggi)))))) (dirsp (PUNCT :) (f (ibar (VERB spara)) (compin (savv (ADV qua)))) (PUNCT ,) (f (ibar (VERB assalta)) (compin (spd (ADP di) (savv (ADV là))))) (PUNCT ,) (f (ibar (VERB ruba)) (compt (sp (ADP a) (sn (PRON me))) (PUNCT ,) (sn (NOUN rapina) (sp (ADP a) (sn (PRON te)))) (PUNCT ,) (sn (DET i) (NOUN pirati) (spd (ADP di) (sn (sa (DET quella)) (NOUN nave)))) (fp (PUNCT ,) (sp (ADP a) (sn (DET gli) (NOUN ordini) (spd (ADP di) (sn (NOUN capitan) (PROPN Gigi) (PROPN Trinciasquali))))) (PUNCT ,)))) (f (ibar (AUX avevano) (VERB accumulato)) (compt (sn (DET un) (sa (ADJ gran)) (NOUN tesoro) (spd (ADP di) (coord (sn (NOUN dobloni)) (PUNCT ,) (sn (NOUN zecchini)) (PUNCT ,) (sn (NOUN fiorini)) (PUNCT ,) (sn (NOUN talleri)) (PUNCT ,) (sn (NOUN corone)) (PUNCT ,) (CCONJ e) (sn (sa (ADJ altre)) (sa (ADJ preziosissime)) (NOUN monete) (PUNCT .))))))))));;6,337855516;function
29;1;rapina;rapina;NOUN;conj;me;(ROOT (fc (f (ibar (PRON C') (VERB era)) (compc (sn (DET una) (NOUN nave) (spd (ADP di) (sn (NOUN pirati))) (f2 (PRON che) (f (ibar (PRON si) (VERB chiamava)) (compc (sn (PROPN Tonno) (PROPN Feroce)))))))) (PUNCT ,) (CCONJ e) (f (ibar (VERB navigava)) (compt (sn (DET i) (NOUN mari)) (sv5 (VERB facendo) (compt (sn (NOUN abbordaggi)))))) (dirsp (PUNCT :) (f (ibar (VERB spara)) (compin (savv (ADV qua)))) (PUNCT ,) (f (ibar (VERB assalta)) (compin (spd (ADP di) (savv (ADV là))))) (PUNCT ,) (f (ibar (VERB ruba)) (compt (sp (ADP a) (sn (PRON me))) (PUNCT ,) (sn (NOUN rapina) (sp (ADP a) (sn (PRON te)))) (PUNCT ,) (sn (DET i) (NOUN pirati) (spd (ADP di) (sn (sa (DET quella)) (NOUN nave)))) (fp (PUNCT ,) (sp (ADP a) (sn (DET gli) (NOUN ordini) (spd (ADP di) (sn (NOUN capitan) (PROPN Gigi) (PROPN Trinciasquali))))) (PUNCT ,)))) (f (ibar (AUX avevano) (VERB accumulato)) (compt (sn (DET un) (sa (ADJ gran)) (NOUN tesoro) (spd (ADP di) (coord (sn (NOUN dobloni)) (PUNCT ,) (sn (NOUN zecchini)) (PUNCT ,) (sn (NOUN fiorini)) (PUNCT ,) (sn (NOUN talleri)) (PUNCT ,) (sn (NOUN corone)) (PUNCT ,) (CCONJ e) (sn (sa (ADJ altre)) (sa (ADJ preziosissime)) (NOUN monete) (PUNCT .))))))))));;4,351691792;content
30;1;a;a;ADP;case;te;(ROOT (fc (f (ibar (PRON C') (VERB era)) (compc (sn (DET una) (NOUN nave) (spd (ADP di) (sn (NOUN pirati))) (f2 (PRON che) (f (ibar (PRON si) (VERB chiamava)) (compc (sn (PROPN Tonno) (PROPN Feroce)))))))) (PUNCT ,) (CCONJ e) (f (ibar (VERB navigava)) (compt (sn (DET i) (NOUN mari)) (sv5 (VERB facendo) (compt (sn (NOUN abbordaggi)))))) (dirsp (PUNCT :) (f (ibar (VERB spara)) (compin (savv (ADV qua)))) (PUNCT ,) (f (ibar (VERB assalta)) (compin (spd (ADP di) (savv (ADV là))))) (PUNCT ,) (f (ibar (VERB ruba)) (compt (sp (ADP a) (sn (PRON me))) (PUNCT ,) (sn (NOUN rapina) (sp (ADP a) (sn (PRON te)))) (PUNCT ,) (sn (DET i) (NOUN pirati) (spd (ADP di) (sn (sa (DET quella)) (NOUN nave)))) (fp (PUNCT ,) (sp (ADP a) (sn (DET gli) (NOUN ordini) (spd (ADP di) (sn (NOUN capitan) (PROPN Gigi) (PROPN Trinciasquali))))) (PUNCT ,)))) (f (ibar (AUX avevano) (VERB accumulato)) (compt (sn (DET un) (sa (ADJ gran)) (NOUN tesoro) (spd (ADP di) (coord (sn (NOUN dobloni)) (PUNCT ,) (sn (NOUN zecchini)) (PUNCT ,) (sn (NOUN fiorini)) (PUNCT ,) (sn (NOUN talleri)) (PUNCT ,) (sn (NOUN corone)) (PUNCT ,) (CCONJ e) (sn (sa (ADJ altre)) (sa (ADJ preziosissime)) (NOUN monete) (PUNCT .))))))))));;7,004335738;function
31;1;te;te;PRON;nmod;rapina;(ROOT (fc (f (ibar (PRON C') (VERB era)) (compc (sn (DET una) (NOUN nave) (spd (ADP di) (sn (NOUN pirati))) (f2 (PRON che) (f (ibar (PRON si) (VERB chiamava)) (compc (sn (PROPN Tonno) (PROPN Feroce)))))))) (PUNCT ,) (CCONJ e) (f (ibar (VERB navigava)) (compt (sn (DET i) (NOUN mari)) (sv5 (VERB facendo) (compt (sn (NOUN abbordaggi)))))) (dirsp (PUNCT :) (f (ibar (VERB spara)) (compin (savv (ADV qua)))) (PUNCT ,) (f (ibar (VERB assalta)) (compin (spd (ADP di) (savv (ADV là))))) (PUNCT ,) (f (ibar (VERB ruba)) (compt (sp (ADP a) (sn (PRON me))) (PUNCT ,) (sn (NOUN rapina) (sp (ADP a) (sn (PRON te)))) (PUNCT ,) (sn (DET i) (NOUN pirati) (spd (ADP di) (sn (sa (DET quella)) (NOUN nave)))) (fp (PUNCT ,) (sp (ADP a) (sn (DET gli) (NOUN ordini) (spd (ADP di) (sn (NOUN capitan) (PROPN Gigi) (PROPN Trinciasquali))))) (PUNCT ,)))) (f (ibar (AUX avevano) (VERB accumulato)) (compt (sn (DET un) (sa (ADJ gran)) (NOUN tesoro) (spd (ADP di) (coord (sn (NOUN dobloni)) (PUNCT ,) (sn (NOUN zecchini)) (PUNCT ,) (sn (NOUN fiorini)) (PUNCT ,) (sn (NOUN talleri)) (PUNCT ,) (sn (NOUN corone)) (PUNCT ,) (CCONJ e) (sn (sa (ADJ altre)) (sa (ADJ preziosissime)) (NOUN monete) (PUNCT .))))))))));;6,290869614;function
32;1;i;il;DET;det;pirati;(ROOT (fc (f (ibar (PRON C') (VERB era)) (compc (sn (DET una) (NOUN nave) (spd (ADP di) (sn (NOUN pirati))) (f2 (PRON che) (f (ibar (PRON si) (VERB chiamava)) (compc (sn (PROPN Tonno) (PROPN Feroce)))))))) (PUNCT ,) (CCONJ e) (f (ibar (VERB navigava)) (compt (sn (DET i) (NOUN mari)) (sv5 (VERB facendo) (compt (sn (NOUN abbordaggi)))))) (dirsp (PUNCT :) (f (ibar (VERB spara)) (compin (savv (ADV qua)))) (PUNCT ,) (f (ibar (VERB assalta)) (compin (spd (ADP di) (savv (ADV là))))) (PUNCT ,) (f (ibar (VERB ruba)) (compt (sp (ADP a) (sn (PRON me))) (PUNCT ,) (sn (NOUN rapina) (sp (ADP a) (sn (PRON te)))) (PUNCT ,) (sn (DET i) (NOUN pirati) (spd (ADP di) (sn (sa (DET quella)) (NOUN nave)))) (fp (PUNCT ,) (sp (ADP a) (sn (DET gli) (NOUN ordini) (spd (ADP di) (sn (NOUN capitan) (PROPN Gigi) (PROPN Trinciasquali))))) (PUNCT ,)))) (f (ibar (AUX avevano) (VERB accumulato)) (compt (sn (DET un) (sa (ADJ gran)) (NOUN tesoro) (spd (ADP di) (coord (sn (NOUN dobloni)) (PUNCT ,) (sn (NOUN zecchini)) (PUNCT ,) (sn (NOUN fiorini)) (PUNCT ,) (sn (NOUN talleri)) (PUNCT ,) (sn (NOUN corone)) (PUNCT ,) (CCONJ e) (sn (sa (ADJ altre)) (sa (ADJ preziosissime)) (NOUN monete) (PUNCT .))))))))));;6,584780852;function
33;1;pirati;pirata;NOUN;nsubj;accumulato;(ROOT (fc (f (ibar (PRON C') (VERB era)) (compc (sn (DET una) (NOUN nave) (spd (ADP di) (sn (NOUN pirati))) (f2 (PRON che) (f (ibar (PRON si) (VERB chiamava)) (compc (sn (PROPN Tonno) (PROPN Feroce)))))))) (PUNCT ,) (CCONJ e) (f (ibar (VERB navigava)) (compt (sn (DET i) (NOUN mari)) (sv5 (VERB facendo) (compt (sn (NOUN abbordaggi)))))) (dirsp (PUNCT :) (f (ibar (VERB spara)) (compin (savv (ADV qua)))) (PUNCT ,) (f (ibar (VERB assalta)) (compin (spd (ADP di) (savv (ADV là))))) (PUNCT ,) (f (ibar (VERB ruba)) (compt (sp (ADP a) (sn (PRON me))) (PUNCT ,) (sn (NOUN rapina) (sp (ADP a) (sn (PRON te)))) (PUNCT ,) (sn (DET i) (NOUN pirati) (spd (ADP di) (sn (sa (DET quella)) (NOUN nave)))) (fp (PUNCT ,) (sp (ADP a) (sn (DET gli) (NOUN ordini) (spd (ADP di) (sn (NOUN capitan) (PROPN Gigi) (PROPN Trinciasquali))))) (PUNCT ,)))) (f (ibar (AUX avevano) (VERB accumulato)) (compt (sn (DET un) (sa (ADJ gran)) (NOUN tesoro) (spd (ADP di) (coord (sn (NOUN dobloni)) (PUNCT ,) (sn (NOUN zecchini)) (PUNCT ,) (sn (NOUN fiorini)) (PUNCT ,) (sn (NOUN talleri)) (PUNCT ,) (sn (NOUN corone)) (PUNCT ,) (CCONJ e) (sn (sa (ADJ altre)) (sa (ADJ preziosissime)) (NOUN monete) (PUNCT .))))))))));;3,784209297;content
34;1;di;di;ADP;case;nave;(ROOT (fc (f (ibar (PRON C') (VERB era)) (compc (sn (DET una) (NOUN nave) (spd (ADP di) (sn (NOUN pirati))) (f2 (PRON che) (f (ibar (PRON si) (VERB chiamava)) (compc (sn (PROPN Tonno) (PROPN Feroce)))))))) (PUNCT ,) (CCONJ e) (f (ibar (VERB navigava)) (compt (sn (DET i) (NOUN mari)) (sv5 (VERB facendo) (compt (sn (NOUN abbordaggi)))))) (dirsp (PUNCT :) (f (ibar (VERB spara)) (compin (savv (ADV qua)))) (PUNCT ,) (f (ibar (VERB assalta)) (compin (spd (ADP di) (savv (ADV là))))) (PUNCT ,) (f (ibar (VERB ruba)) (compt (sp (ADP a) (sn (PRON me))) (PUNCT ,) (sn (NOUN rapina) (sp (ADP a) (sn (PRON te)))) (PUNCT ,) (sn (DET i) (NOUN pirati) (spd (ADP di) (sn (sa (DET quella)) (NOUN nave)))) (fp (PUNCT ,) (sp (ADP a) (sn (DET gli) (NOUN ordini) (spd (ADP di) (sn (NOUN capitan) (PROPN Gigi) (PROPN Trinciasquali))))) (PUNCT ,)))) (f (ibar (AUX avevano) (VERB accumulato)) (compt (sn (DET un) (sa (ADJ gran)) (NOUN tesoro) (spd (ADP di) (coord (sn (NOUN dobloni)) (PUNCT ,) (sn (NOUN zecchini)) (PUNCT ,) (sn (NOUN fiorini)) (PUNCT ,) (sn (NOUN talleri)) (PUNCT ,) (sn (NOUN corone)) (PUNCT ,) (CCONJ e) (sn (sa (ADJ altre)) (sa (ADJ preziosissime)) (NOUN monete) (PUNCT .))))))))));;7,232814475;function
35;1;quella;quello;DET;det;nave;(ROOT (fc (f (ibar (PRON C') (VERB era)) (compc (sn (DET una) (NOUN nave) (spd (ADP di) (sn (NOUN pirati))) (f2 (PRON che) (f (ibar (PRON si) (VERB chiamava)) (compc (sn (PROPN Tonno) (PROPN Feroce)))))))) (PUNCT ,) (CCONJ e) (f (ibar (VERB navigava)) (compt (sn (DET i) (NOUN mari)) (sv5 (VERB facendo) (compt (sn (NOUN abbordaggi)))))) (dirsp (PUNCT :) (f (ibar (VERB spara)) (compin (savv (ADV qua)))) (PUNCT ,) (f (ibar (VERB assalta)) (compin (spd (ADP di) (savv (ADV là))))) (PUNCT ,) (f (ibar (VERB ruba)) (compt (sp (ADP a) (sn (PRON me))) (PUNCT ,) (sn (NOUN rapina) (sp (ADP a) (sn (PRON te)))) (PUNCT ,) (sn (DET i) (NOUN pirati) (spd (ADP di) (sn (sa (DET quella)) (NOUN nave)))) (fp (PUNCT ,) (sp (ADP a) (sn (DET gli) (NOUN ordini) (spd (ADP di) (sn (NOUN capitan) (PROPN Gigi) (PROPN Trinciasquali))))) (PUNCT ,)))) (f (ibar (AUX avevano) (VERB accumulato)) (compt (sn (DET un) (sa (ADJ gran)) (NOUN tesoro) (spd (ADP di) (coord (sn (NOUN dobloni)) (PUNCT ,) (sn (NOUN zecchini)) (PUNCT ,) (sn (NOUN fiorini)) (PUNCT ,) (sn (NOUN talleri)) (PUNCT ,) (sn (NOUN corone)) (PUNCT ,) (CCONJ e) (sn (sa (ADJ altre)) (sa (ADJ preziosissime)) (NOUN monete) (PUNCT .))))))))));;5,939281839;function
36;1;nave;nave;NOUN;nmod;pirati;(ROOT (fc (f (ibar (PRON C') (VERB era)) (compc (sn (DET una) (NOUN nave) (spd (ADP di) (sn (NOUN pirati))) (f2 (PRON che) (f (ibar (PRON si) (VERB chiamava)) (compc (sn (PROPN Tonno) (PROPN Feroce)))))))) (PUNCT ,) (CCONJ e) (f (ibar (VERB navigava)) (compt (sn (DET i) (NOUN mari)) (sv5 (VERB facendo) (compt (sn (NOUN abbordaggi)))))) (dirsp (PUNCT :) (f (ibar (VERB spara)) (compin (savv (ADV qua)))) (PUNCT ,) (f (ibar (VERB assalta)) (compin (spd (ADP di) (savv (ADV là))))) (PUNCT ,) (f (ibar (VERB ruba)) (compt (sp (ADP a) (sn (PRON me))) (PUNCT ,) (sn (NOUN rapina) (sp (ADP a) (sn (PRON te)))) (PUNCT ,) (sn (DET i) (NOUN pirati) (spd (ADP di) (sn (sa (DET quella)) (NOUN nave)))) (fp (PUNCT ,) (sp (ADP a) (sn (DET gli) (NOUN ordini) (spd (ADP di) (sn (NOUN capitan) (PROPN Gigi) (PROPN Trinciasquali))))) (PUNCT ,)))) (f (ibar (AUX avevano) (VERB accumulato)) (compt (sn (DET un) (sa (ADJ gran)) (NOUN tesoro) (spd (ADP di) (coord (sn (NOUN dobloni)) (PUNCT ,) (sn (NOUN zecchini)) (PUNCT ,) (sn (NOUN fiorini)) (PUNCT ,) (sn (NOUN talleri)) (PUNCT ,) (sn (NOUN corone)) (PUNCT ,) (CCONJ e) (sn (sa (ADJ altre)) (sa (ADJ preziosissime)) (NOUN monete) (PUNCT .))))))))));4.36 ± 1.87;4,988467744;content
37;1;a;a;ADP;case;ordini;(ROOT (fc (f (ibar (PRON C') (VERB era)) (compc (sn (DET una) (NOUN nave) (spd (ADP di) (sn (NOUN pirati))) (f2 (PRON che) (f (ibar (PRON si) (VERB chiamava)) (compc (sn (PROPN Tonno) (PROPN Feroce)))))))) (PUNCT ,) (CCONJ e) (f (ibar (VERB navigava)) (compt (sn (DET i) (NOUN mari)) (sv5 (VERB facendo) (compt (sn (NOUN abbordaggi)))))) (dirsp (PUNCT :) (f (ibar (VERB spara)) (compin (savv (ADV qua)))) (PUNCT ,) (f (ibar (VERB assalta)) (compin (spd (ADP di) (savv (ADV là))))) (PUNCT ,) (f (ibar (VERB ruba)) (compt (sp (ADP a) (sn (PRON me))) (PUNCT ,) (sn (NOUN rapina) (sp (ADP a) (sn (PRON te)))) (PUNCT ,) (sn (DET i) (NOUN pirati) (spd (ADP di) (sn (sa (DET quella)) (NOUN nave)))) (fp (PUNCT ,) (sp (ADP a) (sn (DET gli) (NOUN ordini) (spd (ADP di) (sn (NOUN capitan) (PROPN Gigi) (PROPN Trinciasquali))))) (PUNCT ,)))) (f (ibar (AUX avevano) (VERB accumulato)) (compt (sn (DET un) (sa (ADJ gran)) (NOUN tesoro) (spd (ADP di) (coord (sn (NOUN dobloni)) (PUNCT ,) (sn (NOUN zecchini)) (PUNCT ,) (sn (NOUN fiorini)) (PUNCT ,) (sn (NOUN talleri)) (PUNCT ,) (sn (NOUN corone)) (PUNCT ,) (CCONJ e) (sn (sa (ADJ altre)) (sa (ADJ preziosissime)) (NOUN monete) (PUNCT .))))))))));;7,004335738;function
38;1;gli;il;DET;det;ordini;(ROOT (fc (f (ibar (PRON C') (VERB era)) (compc (sn (DET una) (NOUN nave) (spd (ADP di) (sn (NOUN pirati))) (f2 (PRON che) (f (ibar (PRON si) (VERB chiamava)) (compc (sn (PROPN Tonno) (PROPN Feroce)))))))) (PUNCT ,) (CCONJ e) (f (ibar (VERB navigava)) (compt (sn (DET i) (NOUN mari)) (sv5 (VERB facendo) (compt (sn (NOUN abbordaggi)))))) (dirsp (PUNCT :) (f (ibar (VERB spara)) (compin (savv (ADV qua)))) (PUNCT ,) (f (ibar (VERB assalta)) (compin (spd (ADP di) (savv (ADV là))))) (PUNCT ,) (f (ibar (VERB ruba)) (compt (sp (ADP a) (sn (PRON me))) (PUNCT ,) (sn (NOUN rapina) (sp (ADP a) (sn (PRON te)))) (PUNCT ,) (sn (DET i) (NOUN pirati) (spd (ADP di) (sn (sa (DET quella)) (NOUN nave)))) (fp (PUNCT ,) (sp (ADP a) (sn (DET gli) (NOUN ordini) (spd (ADP di) (sn (NOUN capitan) (PROPN Gigi) (PROPN Trinciasquali))))) (PUNCT ,)))) (f (ibar (AUX avevano) (VERB accumulato)) (compt (sn (DET un) (sa (ADJ gran)) (NOUN tesoro) (spd (ADP di) (coord (sn (NOUN dobloni)) (PUNCT ,) (sn (NOUN zecchini)) (PUNCT ,) (sn (NOUN fiorini)) (PUNCT ,) (sn (NOUN talleri)) (PUNCT ,) (sn (NOUN corone)) (PUNCT ,) (CCONJ e) (sn (sa (ADJ altre)) (sa (ADJ preziosissime)) (NOUN monete) (PUNCT .))))))))));;6,227520191;function
39;1;ordini;ordine;NOUN;conj;nave;(ROOT (fc (f (ibar (PRON C') (VERB era)) (compc (sn (DET una) (NOUN nave) (spd (ADP di) (sn (NOUN pirati))) (f2 (PRON che) (f (ibar (PRON si) (VERB chiamava)) (compc (sn (PROPN Tonno) (PROPN Feroce)))))))) (PUNCT ,) (CCONJ e) (f (ibar (VERB navigava)) (compt (sn (DET i) (NOUN mari)) (sv5 (VERB facendo) (compt (sn (NOUN abbordaggi)))))) (dirsp (PUNCT :) (f (ibar (VERB spara)) (compin (savv (ADV qua)))) (PUNCT ,) (f (ibar (VERB assalta)) (compin (spd (ADP di) (savv (ADV là))))) (PUNCT ,) (f (ibar (VERB ruba)) (compt (sp (ADP a) (sn (PRON me))) (PUNCT ,) (sn (NOUN rapina) (sp (ADP a) (sn (PRON te)))) (PUNCT ,) (sn (DET i) (NOUN pirati) (spd (ADP di) (sn (sa (DET quella)) (NOUN nave)))) (fp (PUNCT ,) (sp (ADP a) (sn (DET gli) (NOUN ordini) (spd (ADP di) (sn (NOUN capitan) (PROPN Gigi) (PROPN Trinciasquali))))) (PUNCT ,)))) (f (ibar (AUX avevano) (VERB accumulato)) (compt (sn (DET un) (sa (ADJ gran)) (NOUN tesoro) (spd (ADP di) (coord (sn (NOUN dobloni)) (PUNCT ,) (sn (NOUN zecchini)) (PUNCT ,) (sn (NOUN fiorini)) (PUNCT ,) (sn (NOUN talleri)) (PUNCT ,) (sn (NOUN corone)) (PUNCT ,) (CCONJ e) (sn (sa (ADJ altre)) (sa (ADJ preziosissime)) (NOUN monete) (PUNCT .))))))))));;4,740416943;content
40;1;di;di;ADP;case;capitan;(ROOT (fc (f (ibar (PRON C') (VERB era)) (compc (sn (DET una) (NOUN nave) (spd (ADP di) (sn (NOUN pirati))) (f2 (PRON che) (f (ibar (PRON si) (VERB chiamava)) (compc (sn (PROPN Tonno) (PROPN Feroce)))))))) (PUNCT ,) (CCONJ e) (f (ibar (VERB navigava)) (compt (sn (DET i) (NOUN mari)) (sv5 (VERB facendo) (compt (sn (NOUN abbordaggi)))))) (dirsp (PUNCT :) (f (ibar (VERB spara)) (compin (savv (ADV qua)))) (PUNCT ,) (f (ibar (VERB assalta)) (compin (spd (ADP di) (savv (ADV là))))) (PUNCT ,) (f (ibar (VERB ruba)) (compt (sp (ADP a) (sn (PRON me))) (PUNCT ,) (sn (NOUN rapina) (sp (ADP a) (sn (PRON te)))) (PUNCT ,) (sn (DET i) (NOUN pirati) (spd (ADP di) (sn (sa (DET quella)) (NOUN nave)))) (fp (PUNCT ,) (sp (ADP a) (sn (DET gli) (NOUN ordini) (spd (ADP di) (sn (NOUN capitan) (PROPN Gigi) (PROPN Trinciasquali))))) (PUNCT ,)))) (f (ibar (AUX avevano) (VERB accumulato)) (compt (sn (DET un) (sa (ADJ gran)) (NOUN tesoro) (spd (ADP di) (coord (sn (NOUN dobloni)) (PUNCT ,) (sn (NOUN zecchini)) (PUNCT ,) (sn (NOUN fiorini)) (PUNCT ,) (sn (NOUN talleri)) (PUNCT ,) (sn (NOUN corone)) (PUNCT ,) (CCONJ e) (sn (sa (ADJ altre)) (sa (ADJ preziosissime)) (NOUN monete) (PUNCT .))))))))));;7,232814475;function
41;1;capitan;capitan;NOUN;nmod;ordini;(ROOT (fc (f (ibar (PRON C') (VERB era)) (compc (sn (DET una) (NOUN nave) (spd (ADP di) (sn (NOUN pirati))) (f2 (PRON che) (f (ibar (PRON si) (VERB chiamava)) (compc (sn (PROPN Tonno) (PROPN Feroce)))))))) (PUNCT ,) (CCONJ e) (f (ibar (VERB navigava)) (compt (sn (DET i) (NOUN mari)) (sv5 (VERB facendo) (compt (sn (NOUN abbordaggi)))))) (dirsp (PUNCT :) (f (ibar (VERB spara)) (compin (savv (ADV qua)))) (PUNCT ,) (f (ibar (VERB assalta)) (compin (spd (ADP di) (savv (ADV là))))) (PUNCT ,) (f (ibar (VERB ruba)) (compt (sp (ADP a) (sn (PRON me))) (PUNCT ,) (sn (NOUN rapina) (sp (ADP a) (sn (PRON te)))) (PUNCT ,) (sn (DET i) (NOUN pirati) (spd (ADP di) (sn (sa (DET quella)) (NOUN nave)))) (fp (PUNCT ,) (sp (ADP a) (sn (DET gli) (NOUN ordini) (spd (ADP di) (sn (NOUN capitan) (PROPN Gigi) (PROPN Trinciasquali))))) (PUNCT ,)))) (f (ibar (AUX avevano) (VERB accumulato)) (compt (sn (DET un) (sa (ADJ gran)) (NOUN tesoro) (spd (ADP di) (coord (sn (NOUN dobloni)) (PUNCT ,) (sn (NOUN zecchini)) (PUNCT ,) (sn (NOUN fiorini)) (PUNCT ,) (sn (NOUN talleri)) (PUNCT ,) (sn (NOUN corone)) (PUNCT ,) (CCONJ e) (sn (sa (ADJ altre)) (sa (ADJ preziosissime)) (NOUN monete) (PUNCT .))))))))));;;content
42;1;gigi;Gigi;PROPN;nmod;capitan;(ROOT (fc (f (ibar (PRON C') (VERB era)) (compc (sn (DET una) (NOUN nave) (spd (ADP di) (sn (NOUN pirati))) (f2 (PRON che) (f (ibar (PRON si) (VERB chiamava)) (compc (sn (PROPN Tonno) (PROPN Feroce)))))))) (PUNCT ,) (CCONJ e) (f (ibar (VERB navigava)) (compt (sn (DET i) (NOUN mari)) (sv5 (VERB facendo) (compt (sn (NOUN abbordaggi)))))) (dirsp (PUNCT :) (f (ibar (VERB spara)) (compin (savv (ADV qua)))) (PUNCT ,) (f (ibar (VERB assalta)) (compin (spd (ADP di) (savv (ADV là))))) (PUNCT ,) (f (ibar (VERB ruba)) (compt (sp (ADP a) (sn (PRON me))) (PUNCT ,) (sn (NOUN rapina) (sp (ADP a) (sn (PRON te)))) (PUNCT ,) (sn (DET i) (NOUN pirati) (spd (ADP di) (sn (sa (DET quella)) (NOUN nave)))) (fp (PUNCT ,) (sp (ADP a) (sn (DET gli) (NOUN ordini) (spd (ADP di) (sn (NOUN capitan) (PROPN Gigi) (PROPN Trinciasquali))))) (PUNCT ,)))) (f (ibar (AUX avevano) (VERB accumulato)) (compt (sn (DET un) (sa (ADJ gran)) (NOUN tesoro) (spd (ADP di) (coord (sn (NOUN dobloni)) (PUNCT ,) (sn (NOUN zecchini)) (PUNCT ,) (sn (NOUN fiorini)) (PUNCT ,) (sn (NOUN talleri)) (PUNCT ,) (sn (NOUN corone)) (PUNCT ,) (CCONJ e) (sn (sa (ADJ altre)) (sa (ADJ preziosissime)) (NOUN monete) (PUNCT .))))))))));;;content
43;1;trinciasquali;Trinciasquali;PROPN;flat:name;Gigi;(ROOT (fc (f (ibar (PRON C') (VERB era)) (compc (sn (DET una) (NOUN nave) (spd (ADP di) (sn (NOUN pirati))) (f2 (PRON che) (f (ibar (PRON si) (VERB chiamava)) (compc (sn (PROPN Tonno) (PROPN Feroce)))))))) (PUNCT ,) (CCONJ e) (f (ibar (VERB navigava)) (compt (sn (DET i) (NOUN mari)) (sv5 (VERB facendo) (compt (sn (NOUN abbordaggi)))))) (dirsp (PUNCT :) (f (ibar (VERB spara)) (compin (savv (ADV qua)))) (PUNCT ,) (f (ibar (VERB assalta)) (compin (spd (ADP di) (savv (ADV là))))) (PUNCT ,) (f (ibar (VERB ruba)) (compt (sp (ADP a) (sn (PRON me))) (PUNCT ,) (sn (NOUN rapina) (sp (ADP a) (sn (PRON te)))) (PUNCT ,) (sn (DET i) (NOUN pirati) (spd (ADP di) (sn (sa (DET quella)) (NOUN nave)))) (fp (PUNCT ,) (sp (ADP a) (sn (DET gli) (NOUN ordini) (spd (ADP di) (sn (NOUN capitan) (PROPN Gigi) (PROPN Trinciasquali))))) (PUNCT ,)))) (f (ibar (AUX avevano) (VERB accumulato)) (compt (sn (DET un) (sa (ADJ gran)) (NOUN tesoro) (spd (ADP di) (coord (sn (NOUN dobloni)) (PUNCT ,) (sn (NOUN zecchini)) (PUNCT ,) (sn (NOUN fiorini)) (PUNCT ,) (sn (NOUN talleri)) (PUNCT ,) (sn (NOUN corone)) (PUNCT ,) (CCONJ e) (sn (sa (ADJ altre)) (sa (ADJ preziosissime)) (NOUN monete) (PUNCT .))))))))));;;content
44;1;avevano;avere;AUX;aux;accumulato;(ROOT (fc (f (ibar (PRON C') (VERB era)) (compc (sn (DET una) (NOUN nave) (spd (ADP di) (sn (NOUN pirati))) (f2 (PRON che) (f (ibar (PRON si) (VERB chiamava)) (compc (sn (PROPN Tonno) (PROPN Feroce)))))))) (PUNCT ,) (CCONJ e) (f (ibar (VERB navigava)) (compt (sn (DET i) (NOUN mari)) (sv5 (VERB facendo) (compt (sn (NOUN abbordaggi)))))) (dirsp (PUNCT :) (f (ibar (VERB spara)) (compin (savv (ADV qua)))) (PUNCT ,) (f (ibar (VERB assalta)) (compin (spd (ADP di) (savv (ADV là))))) (PUNCT ,) (f (ibar (VERB ruba)) (compt (sp (ADP a) (sn (PRON me))) (PUNCT ,) (sn (NOUN rapina) (sp (ADP a) (sn (PRON te)))) (PUNCT ,) (sn (DET i) (NOUN pirati) (spd (ADP di) (sn (sa (DET quella)) (NOUN nave)))) (fp (PUNCT ,) (sp (ADP a) (sn (DET gli) (NOUN ordini) (spd (ADP di) (sn (NOUN capitan) (PROPN Gigi) (PROPN Trinciasquali))))) (PUNCT ,)))) (f (ibar (AUX avevano) (VERB accumulato)) (compt (sn (DET un) (sa (ADJ gran)) (NOUN tesoro) (spd (ADP di) (coord (sn (NOUN dobloni)) (PUNCT ,) (sn (NOUN zecchini)) (PUNCT ,) (sn (NOUN fiorini)) (PUNCT ,) (sn (NOUN talleri)) (PUNCT ,) (sn (NOUN corone)) (PUNCT ,) (CCONJ e) (sn (sa (ADJ altre)) (sa (ADJ preziosissime)) (NOUN monete) (PUNCT .))))))))));;4,853444968;function
45;1;accumulato;accumulare;VERB;conj;era;(ROOT (fc (f (ibar (PRON C') (VERB era)) (compc (sn (DET una) (NOUN nave) (spd (ADP di) (sn (NOUN pirati))) (f2 (PRON che) (f (ibar (PRON si) (VERB chiamava)) (compc (sn (PROPN Tonno) (PROPN Feroce)))))))) (PUNCT ,) (CCONJ e) (f (ibar (VERB navigava)) (compt (sn (DET i) (NOUN mari)) (sv5 (VERB facendo) (compt (sn (NOUN abbordaggi)))))) (dirsp (PUNCT :) (f (ibar (VERB spara)) (compin (savv (ADV qua)))) (PUNCT ,) (f (ibar (VERB assalta)) (compin (spd (ADP di) (savv (ADV là))))) (PUNCT ,) (f (ibar (VERB ruba)) (compt (sp (ADP a) (sn (PRON me))) (PUNCT ,) (sn (NOUN rapina) (sp (ADP a) (sn (PRON te)))) (PUNCT ,) (sn (DET i) (NOUN pirati) (spd (ADP di) (sn (sa (DET quella)) (NOUN nave)))) (fp (PUNCT ,) (sp (ADP a) (sn (DET gli) (NOUN ordini) (spd (ADP di) (sn (NOUN capitan) (PROPN Gigi) (PROPN Trinciasquali))))) (PUNCT ,)))) (f (ibar (AUX avevano) (VERB accumulato)) (compt (sn (DET un) (sa (ADJ gran)) (NOUN tesoro) (spd (ADP di) (coord (sn (NOUN dobloni)) (PUNCT ,) (sn (NOUN zecchini)) (PUNCT ,) (sn (NOUN fiorini)) (PUNCT ,) (sn (NOUN talleri)) (PUNCT ,) (sn (NOUN corone)) (PUNCT ,) (CCONJ e) (sn (sa (ADJ altre)) (sa (ADJ preziosissime)) (NOUN monete) (PUNCT .))))))))));;3,145165739;content
46;1;un;uno;DET;det;tesoro;(ROOT (fc (f (ibar (PRON C') (VERB era)) (compc (sn (DET una) (NOUN nave) (spd (ADP di) (sn (NOUN pirati))) (f2 (PRON che) (f (ibar (PRON si) (VERB chiamava)) (compc (sn (PROPN Tonno) (PROPN Feroce)))))))) (PUNCT ,) (CCONJ e) (f (ibar (VERB navigava)) (compt (sn (DET i) (NOUN mari)) (sv5 (VERB facendo) (compt (sn (NOUN abbordaggi)))))) (dirsp (PUNCT :) (f (ibar (VERB spara)) (compin (savv (ADV qua)))) (PUNCT ,) (f (ibar (VERB assalta)) (compin (spd (ADP di) (savv (ADV là))))) (PUNCT ,) (f (ibar (VERB ruba)) (compt (sp (ADP a) (sn (PRON me))) (PUNCT ,) (sn (NOUN rapina) (sp (ADP a) (sn (PRON te)))) (PUNCT ,) (sn (DET i) (NOUN pirati) (spd (ADP di) (sn (sa (DET quella)) (NOUN nave)))) (fp (PUNCT ,) (sp (ADP a) (sn (DET gli) (NOUN ordini) (spd (ADP di) (sn (NOUN capitan) (PROPN Gigi) (PROPN Trinciasquali))))) (PUNCT ,)))) (f (ibar (AUX avevano) (VERB accumulato)) (compt (sn (DET un) (sa (ADJ gran)) (NOUN tesoro) (spd (ADP di) (coord (sn (NOUN dobloni)) (PUNCT ,) (sn (NOUN zecchini)) (PUNCT ,) (sn (NOUN fiorini)) (PUNCT ,) (sn (NOUN talleri)) (PUNCT ,) (sn (NOUN corone)) (PUNCT ,) (CCONJ e) (sn (sa (ADJ altre)) (sa (ADJ preziosissime)) (NOUN monete) (PUNCT .))))))))));;7,065833912;function
47;1;gran;grande;ADJ;amod;tesoro;(ROOT (fc (f (ibar (PRON C') (VERB era)) (compc (sn (DET una) (NOUN nave) (spd (ADP di) (sn (NOUN pirati))) (f2 (PRON che) (f (ibar (PRON si) (VERB chiamava)) (compc (sn (PROPN Tonno) (PROPN Feroce)))))))) (PUNCT ,) (CCONJ e) (f (ibar (VERB navigava)) (compt (sn (DET i) (NOUN mari)) (sv5 (VERB facendo) (compt (sn (NOUN abbordaggi)))))) (dirsp (PUNCT :) (f (ibar (VERB spara)) (compin (savv (ADV qua)))) (PUNCT ,) (f (ibar (VERB assalta)) (compin (spd (ADP di) (savv (ADV là))))) (PUNCT ,) (f (ibar (VERB ruba)) (compt (sp (ADP a) (sn (PRON me))) (PUNCT ,) (sn (NOUN rapina) (sp (ADP a) (sn (PRON te)))) (PUNCT ,) (sn (DET i) (NOUN pirati) (spd (ADP di) (sn (sa (DET quella)) (NOUN nave)))) (fp (PUNCT ,) (sp (ADP a) (sn (DET gli) (NOUN ordini) (spd (ADP di) (sn (NOUN capitan) (PROPN Gigi) (PROPN Trinciasquali))))) (PUNCT ,)))) (f (ibar (AUX avevano) (VERB accumulato)) (compt (sn (DET un) (sa (ADJ gran)) (NOUN tesoro) (spd (ADP di) (coord (sn (NOUN dobloni)) (PUNCT ,) (sn (NOUN zecchini)) (PUNCT ,) (sn (NOUN fiorini)) (PUNCT ,) (sn (NOUN talleri)) (PUNCT ,) (sn (NOUN corone)) (PUNCT ,) (CCONJ e) (sn (sa (ADJ altre)) (sa (ADJ preziosissime)) (NOUN monete) (PUNCT .))))))))));4.64 ± 2.04;5,00500427;content
48;1;tesoro;tesoro;NOUN;obj;accumulato;(ROOT (fc (f (ibar (PRON C') (VERB era)) (compc (sn (DET una) (NOUN nave) (spd (ADP di) (sn (NOUN pirati))) (f2 (PRON che) (f (ibar (PRON si) (VERB chiamava)) (compc (sn (PROPN Tonno) (PROPN Feroce)))))))) (PUNCT ,) (CCONJ e) (f (ibar (VERB navigava)) (compt (sn (DET i) (NOUN mari)) (sv5 (VERB facendo) (compt (sn (NOUN abbordaggi)))))) (dirsp (PUNCT :) (f (ibar (VERB spara)) (compin (savv (ADV qua)))) (PUNCT ,) (f (ibar (VERB assalta)) (compin (spd (ADP di) (savv (ADV là))))) (PUNCT ,) (f (ibar (VERB ruba)) (compt (sp (ADP a) (sn (PRON me))) (PUNCT ,) (sn (NOUN rapina) (sp (ADP a) (sn (PRON te)))) (PUNCT ,) (sn (DET i) (NOUN pirati) (spd (ADP di) (sn (sa (DET quella)) (NOUN nave)))) (fp (PUNCT ,) (sp (ADP a) (sn (DET gli) (NOUN ordini) (spd (ADP di) (sn (NOUN capitan) (PROPN Gigi) (PROPN Trinciasquali))))) (PUNCT ,)))) (f (ibar (AUX avevano) (VERB accumulato)) (compt (sn (DET un) (sa (ADJ gran)) (NOUN tesoro) (spd (ADP di) (coord (sn (NOUN dobloni)) (PUNCT ,) (sn (NOUN zecchini)) (PUNCT ,) (sn (NOUN fiorini)) (PUNCT ,) (sn (NOUN talleri)) (PUNCT ,) (sn (NOUN corone)) (PUNCT ,) (CCONJ e) (sn (sa (ADJ altre)) (sa (ADJ preziosissime)) (NOUN monete) (PUNCT .))))))))));4.60 ± 1.89;5,475037998;content
49;1;di;di;ADP;case;dobloni;(ROOT (fc (f (ibar (PRON C') (VERB era)) (compc (sn (DET una) (NOUN nave) (spd (ADP di) (sn (NOUN pirati))) (f2 (PRON che) (f (ibar (PRON si) (VERB chiamava)) (compc (sn (PROPN Tonno) (PROPN Feroce)))))))) (PUNCT ,) (CCONJ e) (f (ibar (VERB navigava)) (compt (sn (DET i) (NOUN mari)) (sv5 (VERB facendo) (compt (sn (NOUN abbordaggi)))))) (dirsp (PUNCT :) (f (ibar (VERB spara)) (compin (savv (ADV qua)))) (PUNCT ,) (f (ibar (VERB assalta)) (compin (spd (ADP di) (savv (ADV là))))) (PUNCT ,) (f (ibar (VERB ruba)) (compt (sp (ADP a) (sn (PRON me))) (PUNCT ,) (sn (NOUN rapina) (sp (ADP a) (sn (PRON te)))) (PUNCT ,) (sn (DET i) (NOUN pirati) (spd (ADP di) (sn (sa (DET quella)) (NOUN nave)))) (fp (PUNCT ,) (sp (ADP a) (sn (DET gli) (NOUN ordini) (spd (ADP di) (sn (NOUN capitan) (PROPN Gigi) (PROPN Trinciasquali))))) (PUNCT ,)))) (f (ibar (AUX avevano) (VERB accumulato)) (compt (sn (DET un) (sa (ADJ gran)) (NOUN tesoro) (spd (ADP di) (coord (sn (NOUN dobloni)) (PUNCT ,) (sn (NOUN zecchini)) (PUNCT ,) (sn (NOUN fiorini)) (PUNCT ,) (sn (NOUN talleri)) (PUNCT ,) (sn (NOUN corone)) (PUNCT ,) (CCONJ e) (sn (sa (ADJ altre)) (sa (ADJ preziosissime)) (NOUN monete) (PUNCT .))))))))));;7,232814475;function
50;1;dobloni;doblone;NOUN;nmod;tesoro;(ROOT (fc (f (ibar (PRON C') (VERB era)) (compc (sn (DET una) (NOUN nave) (spd (ADP di) (sn (NOUN pirati))) (f2 (PRON che) (f (ibar (PRON si) (VERB chiamava)) (compc (sn (PROPN Tonno) (PROPN Feroce)))))))) (PUNCT ,) (CCONJ e) (f (ibar (VERB navigava)) (compt (sn (DET i) (NOUN mari)) (sv5 (VERB facendo) (compt (sn (NOUN abbordaggi)))))) (dirsp (PUNCT :) (f (ibar (VERB spara)) (compin (savv (ADV qua)))) (PUNCT ,) (f (ibar (VERB assalta)) (compin (spd (ADP di) (savv (ADV là))))) (PUNCT ,) (f (ibar (VERB ruba)) (compt (sp (ADP a) (sn (PRON me))) (PUNCT ,) (sn (NOUN rapina) (sp (ADP a) (sn (PRON te)))) (PUNCT ,) (sn (DET i) (NOUN pirati) (spd (ADP di) (sn (sa (DET quella)) (NOUN nave)))) (fp (PUNCT ,) (sp (ADP a) (sn (DET gli) (NOUN ordini) (spd (ADP di) (sn (NOUN capitan) (PROPN Gigi) (PROPN Trinciasquali))))) (PUNCT ,)))) (f (ibar (AUX avevano) (VERB accumulato)) (compt (sn (DET un) (sa (ADJ gran)) (NOUN tesoro) (spd (ADP di) (coord (sn (NOUN dobloni)) (PUNCT ,) (sn (NOUN zecchini)) (PUNCT ,) (sn (NOUN fiorini)) (PUNCT ,) (sn (NOUN talleri)) (PUNCT ,) (sn (NOUN corone)) (PUNCT ,) (CCONJ e) (sn (sa (ADJ altre)) (sa (ADJ preziosissime)) (NOUN monete) (PUNCT .))))))))));;2,543105748;content
51;1;zecchini;zecchino;NOUN;conj;dobloni;(ROOT (fc (f (ibar (PRON C') (VERB era)) (compc (sn (DET una) (NOUN nave) (spd (ADP di) (sn (NOUN pirati))) (f2 (PRON che) (f (ibar (PRON si) (VERB chiamava)) (compc (sn (PROPN Tonno) (PROPN Feroce)))))))) (PUNCT ,) (CCONJ e) (f (ibar (VERB navigava)) (compt (sn (DET i) (NOUN mari)) (sv5 (VERB facendo) (compt (sn (NOUN abbordaggi)))))) (dirsp (PUNCT :) (f (ibar (VERB spara)) (compin (savv (ADV qua)))) (PUNCT ,) (f (ibar (VERB assalta)) (compin (spd (ADP di) (savv (ADV là))))) (PUNCT ,) (f (ibar (VERB ruba)) (compt (sp (ADP a) (sn (PRON me))) (PUNCT ,) (sn (NOUN rapina) (sp (ADP a) (sn (PRON te)))) (PUNCT ,) (sn (DET i) (NOUN pirati) (spd (ADP di) (sn (sa (DET quella)) (NOUN nave)))) (fp (PUNCT ,) (sp (ADP a) (sn (DET gli) (NOUN ordini) (spd (ADP di) (sn (NOUN capitan) (PROPN Gigi) (PROPN Trinciasquali))))) (PUNCT ,)))) (f (ibar (AUX avevano) (VERB accumulato)) (compt (sn (DET un) (sa (ADJ gran)) (NOUN tesoro) (spd (ADP di) (coord (sn (NOUN dobloni)) (PUNCT ,) (sn (NOUN zecchini)) (PUNCT ,) (sn (NOUN fiorini)) (PUNCT ,) (sn (NOUN talleri)) (PUNCT ,) (sn (NOUN corone)) (PUNCT ,) (CCONJ e) (sn (sa (ADJ altre)) (sa (ADJ preziosissime)) (NOUN monete) (PUNCT .))))))))));;1,96907448;content
52;1;fiorini;fiorino;NOUN;conj;dobloni;(ROOT (fc (f (ibar (PRON C') (VERB era)) (compc (sn (DET una) (NOUN nave) (spd (ADP di) (sn (NOUN pirati))) (f2 (PRON che) (f (ibar (PRON si) (VERB chiamava)) (compc (sn (PROPN Tonno) (PROPN Feroce)))))))) (PUNCT ,) (CCONJ e) (f (ibar (VERB navigava)) (compt (sn (DET i) (NOUN mari)) (sv5 (VERB facendo) (compt (sn (NOUN abbordaggi)))))) (dirsp (PUNCT :) (f (ibar (VERB spara)) (compin (savv (ADV qua)))) (PUNCT ,) (f (ibar (VERB assalta)) (compin (spd (ADP di) (savv (ADV là))))) (PUNCT ,) (f (ibar (VERB ruba)) (compt (sp (ADP a) (sn (PRON me))) (PUNCT ,) (sn (NOUN rapina) (sp (ADP a) (sn (PRON te)))) (PUNCT ,) (sn (DET i) (NOUN pirati) (spd (ADP di) (sn (sa (DET quella)) (NOUN nave)))) (fp (PUNCT ,) (sp (ADP a) (sn (DET gli) (NOUN ordini) (spd (ADP di) (sn (NOUN capitan) (PROPN Gigi) (PROPN Trinciasquali))))) (PUNCT ,)))) (f (ibar (AUX avevano) (VERB accumulato)) (compt (sn (DET un) (sa (ADJ gran)) (NOUN tesoro) (spd (ADP di) (coord (sn (NOUN dobloni)) (PUNCT ,) (sn (NOUN zecchini)) (PUNCT ,) (sn (NOUN fiorini)) (PUNCT ,) (sn (NOUN talleri)) (PUNCT ,) (sn (NOUN corone)) (PUNCT ,) (CCONJ e) (sn (sa (ADJ altre)) (sa (ADJ preziosissime)) (NOUN monete) (PUNCT .))))))))));;2,696073208;content
53;1;talleri;tallero;NOUN;conj;dobloni;(ROOT (fc (f (ibar (PRON C') (VERB era)) (compc (sn (DET una) (NOUN nave) (spd (ADP di) (sn (NOUN pirati))) (f2 (PRON che) (f (ibar (PRON si) (VERB chiamava)) (compc (sn (PROPN Tonno) (PROPN Feroce)))))))) (PUNCT ,) (CCONJ e) (f (ibar (VERB navigava)) (compt (sn (DET i) (NOUN mari)) (sv5 (VERB facendo) (compt (sn (NOUN abbordaggi)))))) (dirsp (PUNCT :) (f (ibar (VERB spara)) (compin (savv (ADV qua)))) (PUNCT ,) (f (ibar (VERB assalta)) (compin (spd (ADP di) (savv (ADV là))))) (PUNCT ,) (f (ibar (VERB ruba)) (compt (sp (ADP a) (sn (PRON me))) (PUNCT ,) (sn (NOUN rapina) (sp (ADP a) (sn (PRON te)))) (PUNCT ,) (sn (DET i) (NOUN pirati) (spd (ADP di) (sn (sa (DET quella)) (NOUN nave)))) (fp (PUNCT ,) (sp (ADP a) (sn (DET gli) (NOUN ordini) (spd (ADP di) (sn (NOUN capitan) (PROPN Gigi) (PROPN Trinciasquali))))) (PUNCT ,)))) (f (ibar (AUX avevano) (VERB accumulato)) (compt (sn (DET un) (sa (ADJ gran)) (NOUN tesoro) (spd (ADP di) (coord (sn (NOUN dobloni)) (PUNCT ,) (sn (NOUN zecchini)) (PUNCT ,) (sn (NOUN fiorini)) (PUNCT ,) (sn (NOUN talleri)) (PUNCT ,) (sn (NOUN corone)) (PUNCT ,) (CCONJ e) (sn (sa (ADJ altre)) (sa (ADJ preziosissime)) (NOUN monete) (PUNCT .))))))))));;2,381254928;content
54;1;corone;corona;NOUN;conj;dobloni;(ROOT (fc (f (ibar (PRON C') (VERB era)) (compc (sn (DET una) (NOUN nave) (spd (ADP di) (sn (NOUN pirati))) (f2 (PRON che) (f (ibar (PRON si) (VERB chiamava)) (compc (sn (PROPN Tonno) (PROPN Feroce)))))))) (PUNCT ,) (CCONJ e) (f (ibar (VERB navigava)) (compt (sn (DET i) (NOUN mari)) (sv5 (VERB facendo) (compt (sn (NOUN abbordaggi)))))) (dirsp (PUNCT :) (f (ibar (VERB spara)) (compin (savv (ADV qua)))) (PUNCT ,) (f (ibar (VERB assalta)) (compin (spd (ADP di) (savv (ADV là))))) (PUNCT ,) (f (ibar (VERB ruba)) (compt (sp (ADP a) (sn (PRON me))) (PUNCT ,) (sn (NOUN rapina) (sp (ADP a) (sn (PRON te)))) (PUNCT ,) (sn (DET i) (NOUN pirati) (spd (ADP di) (sn (sa (DET quella)) (NOUN nave)))) (fp (PUNCT ,) (sp (ADP a) (sn (DET gli) (NOUN ordini) (spd (ADP di) (sn (NOUN capitan) (PROPN Gigi) (PROPN Trinciasquali))))) (PUNCT ,)))) (f (ibar (AUX avevano) (VERB accumulato)) (compt (sn (DET un) (sa (ADJ gran)) (NOUN tesoro) (spd (ADP di) (coord (sn (NOUN dobloni)) (PUNCT ,) (sn (NOUN zecchini)) (PUNCT ,) (sn (NOUN fiorini)) (PUNCT ,) (sn (NOUN talleri)) (PUNCT ,) (sn (NOUN corone)) (PUNCT ,) (CCONJ e) (sn (sa (ADJ altre)) (sa (ADJ preziosissime)) (NOUN monete) (PUNCT .))))))))));4.68 ± 1.14;3,286092581;content
55;1;e;e;CCONJ;cc;monete;(ROOT (fc (f (ibar (PRON C') (VERB era)) (compc (sn (DET una) (NOUN nave) (spd (ADP di) (sn (NOUN pirati))) (f2 (PRON che) (f (ibar (PRON si) (VERB chiamava)) (compc (sn (PROPN Tonno) (PROPN Feroce)))))))) (PUNCT ,) (CCONJ e) (f (ibar (VERB navigava)) (compt (sn (DET i) (NOUN mari)) (sv5 (VERB facendo) (compt (sn (NOUN abbordaggi)))))) (dirsp (PUNCT :) (f (ibar (VERB spara)) (compin (savv (ADV qua)))) (PUNCT ,) (f (ibar (VERB assalta)) (compin (spd (ADP di) (savv (ADV là))))) (PUNCT ,) (f (ibar (VERB ruba)) (compt (sp (ADP a) (sn (PRON me))) (PUNCT ,) (sn (NOUN rapina) (sp (ADP a) (sn (PRON te)))) (PUNCT ,) (sn (DET i) (NOUN pirati) (spd (ADP di) (sn (sa (DET quella)) (NOUN nave)))) (fp (PUNCT ,) (sp (ADP a) (sn (DET gli) (NOUN ordini) (spd (ADP di) (sn (NOUN capitan) (PROPN Gigi) (PROPN Trinciasquali))))) (PUNCT ,)))) (f (ibar (AUX avevano) (VERB accumulato)) (compt (sn (DET un) (sa (ADJ gran)) (NOUN tesoro) (spd (ADP di) (coord (sn (NOUN dobloni)) (PUNCT ,) (sn (NOUN zecchini)) (PUNCT ,) (sn (NOUN fiorini)) (PUNCT ,) (sn (NOUN talleri)) (PUNCT ,) (sn (NOUN corone)) (PUNCT ,) (CCONJ e) (sn (sa (ADJ altre)) (sa (ADJ preziosissime)) (NOUN monete) (PUNCT .))))))))));;2,741151583;function
56;1;altre;altro;ADJ;amod;monete;(ROOT (fc (f (ibar (PRON C') (VERB era)) (compc (sn (DET una) (NOUN nave) (spd (ADP di) (sn (NOUN pirati))) (f2 (PRON che) (f (ibar (PRON si) (VERB chiamava)) (compc (sn (PROPN Tonno) (PROPN Feroce)))))))) (PUNCT ,) (CCONJ e) (f (ibar (VERB navigava)) (compt (sn (DET i) (NOUN mari)) (sv5 (VERB facendo) (compt (sn (NOUN abbordaggi)))))) (dirsp (PUNCT :) (f (ibar (VERB spara)) (compin (savv (ADV qua)))) (PUNCT ,) (f (ibar (VERB assalta)) (compin (spd (ADP di) (savv (ADV là))))) (PUNCT ,) (f (ibar (VERB ruba)) (compt (sp (ADP a) (sn (PRON me))) (PUNCT ,) (sn (NOUN rapina) (sp (ADP a) (sn (PRON te)))) (PUNCT ,) (sn (DET i) (NOUN pirati) (spd (ADP di) (sn (sa (DET quella)) (NOUN nave)))) (fp (PUNCT ,) (sp (ADP a) (sn (DET gli) (NOUN ordini) (spd (ADP di) (sn (NOUN capitan) (PROPN Gigi) (PROPN Trinciasquali))))) (PUNCT ,)))) (f (ibar (AUX avevano) (VERB accumulato)) (compt (sn (DET un) (sa (ADJ gran)) (NOUN tesoro) (spd (ADP di) (coord (sn (NOUN dobloni)) (PUNCT ,) (sn (NOUN zecchini)) (PUNCT ,) (sn (NOUN fiorini)) (PUNCT ,) (sn (NOUN talleri)) (PUNCT ,) (sn (NOUN corone)) (PUNCT ,) (CCONJ e) (sn (sa (ADJ altre)) (sa (ADJ preziosissime)) (NOUN monete) (PUNCT .))))))))));;5,238314932;content
57;1;preziosissime;prezioso;ADJ;amod;monete;(ROOT (fc (f (ibar (PRON C') (VERB era)) (compc (sn (DET una) (NOUN nave) (spd (ADP di) (sn (NOUN pirati))) (f2 (PRON che) (f (ibar (PRON si) (VERB chiamava)) (compc (sn (PROPN Tonno) (PROPN Feroce)))))))) (PUNCT ,) (CCONJ e) (f (ibar (VERB navigava)) (compt (sn (DET i) (NOUN mari)) (sv5 (VERB facendo) (compt (sn (NOUN abbordaggi)))))) (dirsp (PUNCT :) (f (ibar (VERB spara)) (compin (savv (ADV qua)))) (PUNCT ,) (f (ibar (VERB assalta)) (compin (spd (ADP di) (savv (ADV là))))) (PUNCT ,) (f (ibar (VERB ruba)) (compt (sp (ADP a) (sn (PRON me))) (PUNCT ,) (sn (NOUN rapina) (sp (ADP a) (sn (PRON te)))) (PUNCT ,) (sn (DET i) (NOUN pirati) (spd (ADP di) (sn (sa (DET quella)) (NOUN nave)))) (fp (PUNCT ,) (sp (ADP a) (sn (DET gli) (NOUN ordini) (spd (ADP di) (sn (NOUN capitan) (PROPN Gigi) (PROPN Trinciasquali))))) (PUNCT ,)))) (f (ibar (AUX avevano) (VERB accumulato)) (compt (sn (DET un) (sa (ADJ gran)) (NOUN tesoro) (spd (ADP di) (coord (sn (NOUN dobloni)) (PUNCT ,) (sn (NOUN zecchini)) (PUNCT ,) (sn (NOUN fiorini)) (PUNCT ,) (sn (NOUN talleri)) (PUNCT ,) (sn (NOUN corone)) (PUNCT ,) (CCONJ e) (sn (sa (ADJ altre)) (sa (ADJ preziosissime)) (NOUN monete) (PUNCT .))))))))));;1,792983221;content
58;1;monete;moneta;NOUN;conj;dobloni;(ROOT (fc (f (ibar (PRON C') (VERB era)) (compc (sn (DET una) (NOUN nave) (spd (ADP di) (sn (NOUN pirati))) (f2 (PRON che) (f (ibar (PRON si) (VERB chiamava)) (compc (sn (PROPN Tonno) (PROPN Feroce)))))))) (PUNCT ,) (CCONJ e) (f (ibar (VERB navigava)) (compt (sn (DET i) (NOUN mari)) (sv5 (VERB facendo) (compt (sn (NOUN abbordaggi)))))) (dirsp (PUNCT :) (f (ibar (VERB spara)) (compin (savv (ADV qua)))) (PUNCT ,) (f (ibar (VERB assalta)) (compin (spd (ADP di) (savv (ADV là))))) (PUNCT ,) (f (ibar (VERB ruba)) (compt (sp (ADP a) (sn (PRON me))) (PUNCT ,) (sn (NOUN rapina) (sp (ADP a) (sn (PRON te)))) (PUNCT ,) (sn (DET i) (NOUN pirati) (spd (ADP di) (sn (sa (DET quella)) (NOUN nave)))) (fp (PUNCT ,) (sp (ADP a) (sn (DET gli) (NOUN ordini) (spd (ADP di) (sn (NOUN capitan) (PROPN Gigi) (PROPN Trinciasquali))))) (PUNCT ,)))) (f (ibar (AUX avevano) (VERB accumulato)) (compt (sn (DET un) (sa (ADJ gran)) (NOUN tesoro) (spd (ADP di) (coord (sn (NOUN dobloni)) (PUNCT ,) (sn (NOUN zecchini)) (PUNCT ,) (sn (NOUN fiorini)) (PUNCT ,) (sn (NOUN talleri)) (PUNCT ,) (sn (NOUN corone)) (PUNCT ,) (CCONJ e) (sn (sa (ADJ altre)) (sa (ADJ preziosissime)) (NOUN monete) (PUNCT .))))))))));5.12 ± 3.50;3,907343964;content
59;2;quando;quando;SCONJ;mark;ebbero;(ROOT (fs (SCONJ Quando) (f (ibar (PRON ne) (VERB ebbero)) (compc (sq (PRON tante) (sc (SCONJ che) (sn (DET la) (NOUN nave)))) (savv (ADV quasi)) (ibar (VERB affondava)))) (PUNCT ,) (f (sn (DET il) (NOUN capitano)) (ibar (VERB disse))) (PUNCT :)));;6,212844009;function
60;2;ne;ne;PRON;iobj;ebbero;(ROOT (fs (SCONJ Quando) (f (ibar (PRON ne) (VERB ebbero)) (compc (sq (PRON tante) (sc (SCONJ che) (sn (DET la) (NOUN nave)))) (savv (ADV quasi)) (ibar (VERB affondava)))) (PUNCT ,) (f (sn (DET il) (NOUN capitano)) (ibar (VERB disse))) (PUNCT :)));;6,201935117;function
61;2;ebbero;avere;VERB;advcl;disse;(ROOT (fs (SCONJ Quando) (f (ibar (PRON ne) (VERB ebbero)) (compc (sq (PRON tante) (sc (SCONJ che) (sn (DET la) (NOUN nave)))) (savv (ADV quasi)) (ibar (VERB affondava)))) (PUNCT ,) (f (sn (DET il) (NOUN capitano)) (ibar (VERB disse))) (PUNCT :)));;3,2981332;content
62;2;tante;tanto;PRON;obj;ebbero;(ROOT (fs (SCONJ Quando) (f (ibar (PRON ne) (VERB ebbero)) (compc (sq (PRON tante) (sc (SCONJ che) (sn (DET la) (NOUN nave)))) (savv (ADV quasi)) (ibar (VERB affondava)))) (PUNCT ,) (f (sn (DET il) (NOUN capitano)) (ibar (VERB disse))) (PUNCT :)));;4,828613049;function
63;2;che;che;SCONJ;mark;affondava;(ROOT (fs (SCONJ Quando) (f (ibar (PRON ne) (VERB ebbero)) (compc (sq (PRON tante) (sc (SCONJ che) (sn (DET la) (NOUN nave)))) (savv (ADV quasi)) (ibar (VERB affondava)))) (PUNCT ,) (f (sn (DET il) (NOUN capitano)) (ibar (VERB disse))) (PUNCT :)));;7,250456545;function
64;2;la;il;DET;det;nave;(ROOT (fs (SCONJ Quando) (f (ibar (PRON ne) (VERB ebbero)) (compc (sq (PRON tante) (sc (SCONJ che) (sn (DET la) (NOUN nave)))) (savv (ADV quasi)) (ibar (VERB affondava)))) (PUNCT ,) (f (sn (DET il) (NOUN capitano)) (ibar (VERB disse))) (PUNCT :)));;7,055331658;function
65;2;nave;nave;NOUN;nsubj;affondava;(ROOT (fs (SCONJ Quando) (f (ibar (PRON ne) (VERB ebbero)) (compc (sq (PRON tante) (sc (SCONJ che) (sn (DET la) (NOUN nave)))) (savv (ADV quasi)) (ibar (VERB affondava)))) (PUNCT ,) (f (sn (DET il) (NOUN capitano)) (ibar (VERB disse))) (PUNCT :)));4.36 ± 1.87;4,988467744;content
66;2;quasi;quasi;ADV;advmod;affondava;(ROOT (fs (SCONJ Quando) (f (ibar (PRON ne) (VERB ebbero)) (compc (sq (PRON tante) (sc (SCONJ che) (sn (DET la) (NOUN nave)))) (savv (ADV quasi)) (ibar (VERB affondava)))) (PUNCT ,) (f (sn (DET il) (NOUN capitano)) (ibar (VERB disse))) (PUNCT :)));;5,341756394;content
67;2;affondava;affondare;VERB;acl:relcl;tante;(ROOT (fs (SCONJ Quando) (f (ibar (PRON ne) (VERB ebbero)) (compc (sq (PRON tante) (sc (SCONJ che) (sn (DET la) (NOUN nave)))) (savv (ADV quasi)) (ibar (VERB affondava)))) (PUNCT ,) (f (sn (DET il) (NOUN capitano)) (ibar (VERB disse))) (PUNCT :)));;2,120342156;content
68;2;il;il;DET;det;capitano;(ROOT (fs (SCONJ Quando) (f (ibar (PRON ne) (VERB ebbero)) (compc (sq (PRON tante) (sc (SCONJ che) (sn (DET la) (NOUN nave)))) (savv (ADV quasi)) (ibar (VERB affondava)))) (PUNCT ,) (f (sn (DET il) (NOUN capitano)) (ibar (VERB disse))) (PUNCT :)));;7,039560886;function
69;2;capitano;capitano;NOUN;nsubj;disse;(ROOT (fs (SCONJ Quando) (f (ibar (PRON ne) (VERB ebbero)) (compc (sq (PRON tante) (sc (SCONJ che) (sn (DET la) (NOUN nave)))) (savv (ADV quasi)) (ibar (VERB affondava)))) (PUNCT ,) (f (sn (DET il) (NOUN capitano)) (ibar (VERB disse))) (PUNCT :)));;5,179236879;content
70;2;disse;dire;VERB;root;ROOT;(ROOT (fs (SCONJ Quando) (f (ibar (PRON ne) (VERB ebbero)) (compc (sq (PRON tante) (sc (SCONJ che) (sn (DET la) (NOUN nave)))) (savv (ADV quasi)) (ibar (VERB affondava)))) (PUNCT ,) (f (sn (DET il) (NOUN capitano)) (ibar (VERB disse))) (PUNCT :)));4.08 ± 1.73;4,869305017;content
71;3;ciurma;ciurma;NOUN;vocative;ascoltate;(ROOT (f3 (PUNCT -) (sn (NOUN Ciurma)) (PUNCT ,) (ibar (VERB ascoltate)) (PUNCT !)));;3,268291135;content
72;3;ascoltate;ascoltare;VERB;root;ROOT;(ROOT (f3 (PUNCT -) (sn (NOUN Ciurma)) (PUNCT ,) (ibar (VERB ascoltate)) (PUNCT !)));;4,49086613;content
73;4;noi;noi;PRON;nsubj;mettere;(ROOT (dirsp (f (sn (PRON Noi)) (ibar (AUX dobbiamo) (VERB mettere)) (compt (sp (ADP a) (sn (DET il) (NOUN riparo))) (sn (DET il) (sa (DET nostro)) (NOUN tesoro)))) (PUNCT :) (fc (f (ibar (VERB troviamo)) (compt (sn (DET un') (NOUN isola)))) (PUNCT ,) (CCONJ e) (f (ibar (VERB sotterriamolo)) (compt (savv (ADP per) (NOUN bene))))) (PUNCT !)));;5,985902456;function
74;4;dobbiamo;dovere;AUX;aux;mettere;(ROOT (dirsp (f (sn (PRON Noi)) (ibar (AUX dobbiamo) (VERB mettere)) (compt (sp (ADP a) (sn (DET il) (NOUN riparo))) (sn (DET il) (sa (DET nostro)) (NOUN tesoro)))) (PUNCT :) (fc (f (ibar (VERB troviamo)) (compt (sn (DET un') (NOUN isola)))) (PUNCT ,) (CCONJ e) (f (ibar (VERB sotterriamolo)) (compt (savv (ADP per) (NOUN bene))))) (PUNCT !)));;5,696846107;function
75;4;mettere;mettere;VERB;root;ROOT;(ROOT (dirsp (f (sn (PRON Noi)) (ibar (AUX dobbiamo) (VERB mettere)) (compt (sp (ADP a) (sn (DET il) (NOUN riparo))) (sn (DET il) (sa (DET nostro)) (NOUN tesoro)))) (PUNCT :) (fc (f (ibar (VERB troviamo)) (compt (sn (DET un') (NOUN isola)))) (PUNCT ,) (CCONJ e) (f (ibar (VERB sotterriamolo)) (compt (savv (ADP per) (NOUN bene))))) (PUNCT !)));4.28 ± 1.59;5,066273927;content
76;4;a;a;ADP;case;riparo;(ROOT (dirsp (f (sn (PRON Noi)) (ibar (AUX dobbiamo) (VERB mettere)) (compt (sp (ADP a) (sn (DET il) (NOUN riparo))) (sn (DET il) (sa (DET nostro)) (NOUN tesoro)))) (PUNCT :) (fc (f (ibar (VERB troviamo)) (compt (sn (DET un') (NOUN isola)))) (PUNCT ,) (CCONJ e) (f (ibar (VERB sotterriamolo)) (compt (savv (ADP per) (NOUN bene))))) (PUNCT !)));;7,004335738;function
77;4;il;il;DET;det;riparo;(ROOT (dirsp (f (sn (PRON Noi)) (ibar (AUX dobbiamo) (VERB mettere)) (compt (sp (ADP a) (sn (DET il) (NOUN riparo))) (sn (DET il) (sa (DET nostro)) (NOUN tesoro)))) (PUNCT :) (fc (f (ibar (VERB troviamo)) (compt (sn (DET un') (NOUN isola)))) (PUNCT ,) (CCONJ e) (f (ibar (VERB sotterriamolo)) (compt (savv (ADP per) (NOUN bene))))) (PUNCT !)));;7,039560886;function
78;4;riparo;riparo;NOUN;obl;mettere;(ROOT (dirsp (f (sn (PRON Noi)) (ibar (AUX dobbiamo) (VERB mettere)) (compt (sp (ADP a) (sn (DET il) (NOUN riparo))) (sn (DET il) (sa (DET nostro)) (NOUN tesoro)))) (PUNCT :) (fc (f (ibar (VERB troviamo)) (compt (sn (DET un') (NOUN isola)))) (PUNCT ,) (CCONJ e) (f (ibar (VERB sotterriamolo)) (compt (savv (ADP per) (NOUN bene))))) (PUNCT !)));;3,9151991;content
79;4;il;il;DET;det;tesoro;(ROOT (dirsp (f (sn (PRON Noi)) (ibar (AUX dobbiamo) (VERB mettere)) (compt (sp (ADP a) (sn (DET il) (NOUN riparo))) (sn (DET il) (sa (DET nostro)) (NOUN tesoro)))) (PUNCT :) (fc (f (ibar (VERB troviamo)) (compt (sn (DET un') (NOUN isola)))) (PUNCT ,) (CCONJ e) (f (ibar (VERB sotterriamolo)) (compt (savv (ADP per) (NOUN bene))))) (PUNCT !)));;7,039560886;function
80;4;nostro;nostro;DET;det:poss;tesoro;(ROOT (dirsp (f (sn (PRON Noi)) (ibar (AUX dobbiamo) (VERB mettere)) (compt (sp (ADP a) (sn (DET il) (NOUN riparo))) (sn (DET il) (sa (DET nostro)) (NOUN tesoro)))) (PUNCT :) (fc (f (ibar (VERB troviamo)) (compt (sn (DET un') (NOUN isola)))) (PUNCT ,) (CCONJ e) (f (ibar (VERB sotterriamolo)) (compt (savv (ADP per) (NOUN bene))))) (PUNCT !)));;5,601168865;function
81;4;tesoro;tesoro;NOUN;obj;mettere;(ROOT (dirsp (f (sn (PRON Noi)) (ibar (AUX dobbiamo) (VERB mettere)) (compt (sp (ADP a) (sn (DET il) (NOUN riparo))) (sn (DET il) (sa (DET nostro)) (NOUN tesoro)))) (PUNCT :) (fc (f (ibar (VERB troviamo)) (compt (sn (DET un') (NOUN isola)))) (PUNCT ,) (CCONJ e) (f (ibar (VERB sotterriamolo)) (compt (savv (ADP per) (NOUN bene))))) (PUNCT !)));4.60 ± 1.89;5,475037998;content
82;4;troviamo;trovare;VERB;parataxis;mettere;(ROOT (dirsp (f (sn (PRON Noi)) (ibar (AUX dobbiamo) (VERB mettere)) (compt (sp (ADP a) (sn (DET il) (NOUN riparo))) (sn (DET il) (sa (DET nostro)) (NOUN tesoro)))) (PUNCT :) (fc (f (ibar (VERB troviamo)) (compt (sn (DET un') (NOUN isola)))) (PUNCT ,) (CCONJ e) (f (ibar (VERB sotterriamolo)) (compt (savv (ADP per) (NOUN bene))))) (PUNCT !)));4.24 ± 1.61;4,52366458;content
83;4;un;uno;DET;det;isola;(ROOT (dirsp (f (sn (PRON Noi)) (ibar (AUX dobbiamo) (VERB mettere)) (compt (sp (ADP a) (sn (DET il) (NOUN riparo))) (sn (DET il) (sa (DET nostro)) (NOUN tesoro)))) (PUNCT :) (fc (f (ibar (VERB troviamo)) (compt (sn (DET un') (NOUN isola)))) (PUNCT ,) (CCONJ e) (f (ibar (VERB sotterriamolo)) (compt (savv (ADP per) (NOUN bene))))) (PUNCT !)));;7,065833912;function
84;4;isola;isola;NOUN;obj;troviamo;(ROOT (dirsp (f (sn (PRON Noi)) (ibar (AUX dobbiamo) (VERB mettere)) (compt (sp (ADP a) (sn (DET il) (NOUN riparo))) (sn (DET il) (sa (DET nostro)) (NOUN tesoro)))) (PUNCT :) (fc (f (ibar (VERB troviamo)) (compt (sn (DET un') (NOUN isola)))) (PUNCT ,) (CCONJ e) (f (ibar (VERB sotterriamolo)) (compt (savv (ADP per) (NOUN bene))))) (PUNCT !)));;4,597293065;content
85;4;e;e;CCONJ;cc;sotterriamolo;(ROOT (dirsp (f (sn (PRON Noi)) (ibar (AUX dobbiamo) (VERB mettere)) (compt (sp (ADP a) (sn (DET il) (NOUN riparo))) (sn (DET il) (sa (DET nostro)) (NOUN tesoro)))) (PUNCT :) (fc (f (ibar (VERB troviamo)) (compt (sn (DET un') (NOUN isola)))) (PUNCT ,) (CCONJ e) (f (ibar (VERB sotterriamolo)) (compt (savv (ADP per) (NOUN bene))))) (PUNCT !)));;2,741151583;function
86;4;sotterriamolo;sotterriare;VERB;conj;troviamo;(ROOT (dirsp (f (sn (PRON Noi)) (ibar (AUX dobbiamo) (VERB mettere)) (compt (sp (ADP a) (sn (DET il) (NOUN riparo))) (sn (DET il) (sa (DET nostro)) (NOUN tesoro)))) (PUNCT :) (fc (f (ibar (VERB troviamo)) (compt (sn (DET un') (NOUN isola)))) (PUNCT ,) (CCONJ e) (f (ibar (VERB sotterriamolo)) (compt (savv (ADP per) (NOUN bene))))) (PUNCT !)));;1,367014489;content
87;4;per;per;ADP;case;bene;(ROOT (dirsp (f (sn (PRON Noi)) (ibar (AUX dobbiamo) (VERB mettere)) (compt (sp (ADP a) (sn (DET il) (NOUN riparo))) (sn (DET il) (sa (DET nostro)) (NOUN tesoro)))) (PUNCT :) (fc (f (ibar (VERB troviamo)) (compt (sn (DET un') (NOUN isola)))) (PUNCT ,) (CCONJ e) (f (ibar (VERB sotterriamolo)) (compt (savv (ADP per) (NOUN bene))))) (PUNCT !)));;6,912435835;function
88;4;bene;bene;NOUN;obl;sotterriamolo;(ROOT (dirsp (f (sn (PRON Noi)) (ibar (AUX dobbiamo) (VERB mettere)) (compt (sp (ADP a) (sn (DET il) (NOUN riparo))) (sn (DET il) (sa (DET nostro)) (NOUN tesoro)))) (PUNCT :) (fc (f (ibar (VERB troviamo)) (compt (sn (DET un') (NOUN isola)))) (PUNCT ,) (CCONJ e) (f (ibar (VERB sotterriamolo)) (compt (savv (ADP per) (NOUN bene))))) (PUNCT !)));;6,454992194;content
89;5;bella;bello;ADJ;amod;idea;(ROOT (f3 (PUNCT -) (sn (sa (ADJ Bella)) (NOUN idea)) (PUNCT ,) (sn (NOUN capitano)) (PUNCT !) (PUNCT –) (fc (f (ibar (VERB gridarono)) (compt (sn (DET i) (NOUN pirati)))) (PUNCT ,) (CCONJ e) (cp (sv3 (VERB trovata) (comppas (sp (ADP in) (NOUN mezzo) (ADP a) (sn (DET il) (NOUN mare))) (sn (DET un') (NOUN isola) (spd (ADP di) (sn (NOUN terra) (sa (ADJ molle))))))) (PUNCT ,) (f (ibar (PRON vi) (VERB seppellirono)) (compt (sn (DET il) (NOUN tesoro)))))) (PUNCT .)));3.80 ± 2.35;5,484893151;content
90;5;idea;idea;NOUN;root;ROOT;(ROOT (f3 (PUNCT -) (sn (sa (ADJ Bella)) (NOUN idea)) (PUNCT ,) (sn (NOUN capitano)) (PUNCT !) (PUNCT –) (fc (f (ibar (VERB gridarono)) (compt (sn (DET i) (NOUN pirati)))) (PUNCT ,) (CCONJ e) (cp (sv3 (VERB trovata) (comppas (sp (ADP in) (NOUN mezzo) (ADP a) (sn (DET il) (NOUN mare))) (sn (DET un') (NOUN isola) (spd (ADP di) (sn (NOUN terra) (sa (ADJ molle))))))) (PUNCT ,) (f (ibar (PRON vi) (VERB seppellirono)) (compt (sn (DET il) (NOUN tesoro)))))) (PUNCT .)));6.24 ± 2.55;5,567345054;content
91;5;capitano;capitano;NOUN;conj;idea;(ROOT (f3 (PUNCT -) (sn (sa (ADJ Bella)) (NOUN idea)) (PUNCT ,) (sn (NOUN capitano)) (PUNCT !) (PUNCT –) (fc (f (ibar (VERB gridarono)) (compt (sn (DET i) (NOUN pirati)))) (PUNCT ,) (CCONJ e) (cp (sv3 (VERB trovata) (comppas (sp (ADP in) (NOUN mezzo) (ADP a) (sn (DET il) (NOUN mare))) (sn (DET un') (NOUN isola) (spd (ADP di) (sn (NOUN terra) (sa (ADJ molle))))))) (PUNCT ,) (f (ibar (PRON vi) (VERB seppellirono)) (compt (sn (DET il) (NOUN tesoro)))))) (PUNCT .)));;5,179236879;content
92;5;gridarono;gridare;VERB;parataxis;idea;(ROOT (f3 (PUNCT -) (sn (sa (ADJ Bella)) (NOUN idea)) (PUNCT ,) (sn (NOUN capitano)) (PUNCT !) (PUNCT –) (fc (f (ibar (VERB gridarono)) (compt (sn (DET i) (NOUN pirati)))) (PUNCT ,) (CCONJ e) (cp (sv3 (VERB trovata) (comppas (sp (ADP in) (NOUN mezzo) (ADP a) (sn (DET il) (NOUN mare))) (sn (DET un') (NOUN isola) (spd (ADP di) (sn (NOUN terra) (sa (ADJ molle))))))) (PUNCT ,) (f (ibar (PRON vi) (VERB seppellirono)) (compt (sn (DET il) (NOUN tesoro)))))) (PUNCT .)));4.44 ± 2.08;2,03602127;content
93;5;i;il;DET;det;pirati;(ROOT (f3 (PUNCT -) (sn (sa (ADJ Bella)) (NOUN idea)) (PUNCT ,) (sn (NOUN capitano)) (PUNCT !) (PUNCT –) (fc (f (ibar (VERB gridarono)) (compt (sn (DET i) (NOUN pirati)))) (PUNCT ,) (CCONJ e) (cp (sv3 (VERB trovata) (comppas (sp (ADP in) (NOUN mezzo) (ADP a) (sn (DET il) (NOUN mare))) (sn (DET un') (NOUN isola) (spd (ADP di) (sn (NOUN terra) (sa (ADJ molle))))))) (PUNCT ,) (f (ibar (PRON vi) (VERB seppellirono)) (compt (sn (DET il) (NOUN tesoro)))))) (PUNCT .)));;6,584780852;function
94;5;pirati;pirata;NOUN;nsubj;gridarono;(ROOT (f3 (PUNCT -) (sn (sa (ADJ Bella)) (NOUN idea)) (PUNCT ,) (sn (NOUN capitano)) (PUNCT !) (PUNCT –) (fc (f (ibar (VERB gridarono)) (compt (sn (DET i) (NOUN pirati)))) (PUNCT ,) (CCONJ e) (cp (sv3 (VERB trovata) (comppas (sp (ADP in) (NOUN mezzo) (ADP a) (sn (DET il) (NOUN mare))) (sn (DET un') (NOUN isola) (spd (ADP di) (sn (NOUN terra) (sa (ADJ molle))))))) (PUNCT ,) (f (ibar (PRON vi) (VERB seppellirono)) (compt (sn (DET il) (NOUN tesoro)))))) (PUNCT .)));;3,784209297;content
95;5;e;e;CCONJ;cc;trovata;(ROOT (f3 (PUNCT -) (sn (sa (ADJ Bella)) (NOUN idea)) (PUNCT ,) (sn (NOUN capitano)) (PUNCT !) (PUNCT –) (fc (f (ibar (VERB gridarono)) (compt (sn (DET i) (NOUN pirati)))) (PUNCT ,) (CCONJ e) (cp (sv3 (VERB trovata) (comppas (sp (ADP in) (NOUN mezzo) (ADP a) (sn (DET il) (NOUN mare))) (sn (DET un') (NOUN isola) (spd (ADP di) (sn (NOUN terra) (sa (ADJ molle))))))) (PUNCT ,) (f (ibar (PRON vi) (VERB seppellirono)) (compt (sn (DET il) (NOUN tesoro)))))) (PUNCT .)));;2,741151583;function
96;5;trovata;trovare;VERB;conj;gridarono;(ROOT (f3 (PUNCT -) (sn (sa (ADJ Bella)) (NOUN idea)) (PUNCT ,) (sn (NOUN capitano)) (PUNCT !) (PUNCT –) (fc (f (ibar (VERB gridarono)) (compt (sn (DET i) (NOUN pirati)))) (PUNCT ,) (CCONJ e) (cp (sv3 (VERB trovata) (comppas (sp (ADP in) (NOUN mezzo) (ADP a) (sn (DET il) (NOUN mare))) (sn (DET un') (NOUN isola) (spd (ADP di) (sn (NOUN terra) (sa (ADJ molle))))))) (PUNCT ,) (f (ibar (PRON vi) (VERB seppellirono)) (compt (sn (DET il) (NOUN tesoro)))))) (PUNCT .)));4.24 ± 1.61;4,699385611;content
97;5;in;in;ADP;case;mezzo;(ROOT (f3 (PUNCT -) (sn (sa (ADJ Bella)) (NOUN idea)) (PUNCT ,) (sn (NOUN capitano)) (PUNCT !) (PUNCT –) (fc (f (ibar (VERB gridarono)) (compt (sn (DET i) (NOUN pirati)))) (PUNCT ,) (CCONJ e) (cp (sv3 (VERB trovata) (comppas (sp (ADP in) (NOUN mezzo) (ADP a) (sn (DET il) (NOUN mare))) (sn (DET un') (NOUN isola) (spd (ADP di) (sn (NOUN terra) (sa (ADJ molle))))))) (PUNCT ,) (f (ibar (PRON vi) (VERB seppellirono)) (compt (sn (DET il) (NOUN tesoro)))))) (PUNCT .)));;6,797274494;function
98;5;mezzo;mezzo;NOUN;obl;trovata;(ROOT (f3 (PUNCT -) (sn (sa (ADJ Bella)) (NOUN idea)) (PUNCT ,) (sn (NOUN capitano)) (PUNCT !) (PUNCT –) (fc (f (ibar (VERB gridarono)) (compt (sn (DET i) (NOUN pirati)))) (PUNCT ,) (CCONJ e) (cp (sv3 (VERB trovata) (comppas (sp (ADP in) (NOUN mezzo) (ADP a) (sn (DET il) (NOUN mare))) (sn (DET un') (NOUN isola) (spd (ADP di) (sn (NOUN terra) (sa (ADJ molle))))))) (PUNCT ,) (f (ibar (PRON vi) (VERB seppellirono)) (compt (sn (DET il) (NOUN tesoro)))))) (PUNCT .)));;5,16145606;content
99;5;a;a;ADP;case;mare;(ROOT (f3 (PUNCT -) (sn (sa (ADJ Bella)) (NOUN idea)) (PUNCT ,) (sn (NOUN capitano)) (PUNCT !) (PUNCT –) (fc (f (ibar (VERB gridarono)) (compt (sn (DET i) (NOUN pirati)))) (PUNCT ,) (CCONJ e) (cp (sv3 (VERB trovata) (comppas (sp (ADP in) (NOUN mezzo) (ADP a) (sn (DET il) (NOUN mare))) (sn (DET un') (NOUN isola) (spd (ADP di) (sn (NOUN terra) (sa (ADJ molle))))))) (PUNCT ,) (f (ibar (PRON vi) (VERB seppellirono)) (compt (sn (DET il) (NOUN tesoro)))))) (PUNCT .)));;7,004335738;function
100;5;il;il;DET;det;mare;(ROOT (f3 (PUNCT -) (sn (sa (ADJ Bella)) (NOUN idea)) (PUNCT ,) (sn (NOUN capitano)) (PUNCT !) (PUNCT –) (fc (f (ibar (VERB gridarono)) (compt (sn (DET i) (NOUN pirati)))) (PUNCT ,) (CCONJ e) (cp (sv3 (VERB trovata) (comppas (sp (ADP in) (NOUN mezzo) (ADP a) (sn (DET il) (NOUN mare))) (sn (DET un') (NOUN isola) (spd (ADP di) (sn (NOUN terra) (sa (ADJ molle))))))) (PUNCT ,) (f (ibar (PRON vi) (VERB seppellirono)) (compt (sn (DET il) (NOUN tesoro)))))) (PUNCT .)));;7,039560886;function
101;5;mare;mare;NOUN;nmod;mezzo;(ROOT (f3 (PUNCT -) (sn (sa (ADJ Bella)) (NOUN idea)) (PUNCT ,) (sn (NOUN capitano)) (PUNCT !) (PUNCT –) (fc (f (ibar (VERB gridarono)) (compt (sn (DET i) (NOUN pirati)))) (PUNCT ,) (CCONJ e) (cp (sv3 (VERB trovata) (comppas (sp (ADP in) (NOUN mezzo) (ADP a) (sn (DET il) (NOUN mare))) (sn (DET un') (NOUN isola) (spd (ADP di) (sn (NOUN terra) (sa (ADJ molle))))))) (PUNCT ,) (f (ibar (PRON vi) (VERB seppellirono)) (compt (sn (DET il) (NOUN tesoro)))))) (PUNCT .)));3.72 ± 1.40;4,729999329;content
102;5;un;uno;DET;det;isola;(ROOT (f3 (PUNCT -) (sn (sa (ADJ Bella)) (NOUN idea)) (PUNCT ,) (sn (NOUN capitano)) (PUNCT !) (PUNCT –) (fc (f (ibar (VERB gridarono)) (compt (sn (DET i) (NOUN pirati)))) (PUNCT ,) (CCONJ e) (cp (sv3 (VERB trovata) (comppas (sp (ADP in) (NOUN mezzo) (ADP a) (sn (DET il) (NOUN mare))) (sn (DET un') (NOUN isola) (spd (ADP di) (sn (NOUN terra) (sa (ADJ molle))))))) (PUNCT ,) (f (ibar (PRON vi) (VERB seppellirono)) (compt (sn (DET il) (NOUN tesoro)))))) (PUNCT .)));;7,065833912;function
103;5;isola;isola;NOUN;obj;trovata;(ROOT (f3 (PUNCT -) (sn (sa (ADJ Bella)) (NOUN idea)) (PUNCT ,) (sn (NOUN capitano)) (PUNCT !) (PUNCT –) (fc (f (ibar (VERB gridarono)) (compt (sn (DET i) (NOUN pirati)))) (PUNCT ,) (CCONJ e) (cp (sv3 (VERB trovata) (comppas (sp (ADP in) (NOUN mezzo) (ADP a) (sn (DET il) (NOUN mare))) (sn (DET un') (NOUN isola) (spd (ADP di) (sn (NOUN terra) (sa (ADJ molle))))))) (PUNCT ,) (f (ibar (PRON vi) (VERB seppellirono)) (compt (sn (DET il) (NOUN tesoro)))))) (PUNCT .)));;4,597293065;content
104;5;di;di;ADP;case;terra;(ROOT (f3 (PUNCT -) (sn (sa (ADJ Bella)) (NOUN idea)) (PUNCT ,) (sn (NOUN capitano)) (PUNCT !) (PUNCT –) (fc (f (ibar (VERB gridarono)) (compt (sn (DET i) (NOUN pirati)))) (PUNCT ,) (CCONJ e) (cp (sv3 (VERB trovata) (comppas (sp (ADP in) (NOUN mezzo) (ADP a) (sn (DET il) (NOUN mare))) (sn (DET un') (NOUN isola) (spd (ADP di) (sn (NOUN terra) (sa (ADJ molle))))))) (PUNCT ,) (f (ibar (PRON vi) (VERB seppellirono)) (compt (sn (DET il) (NOUN tesoro)))))) (PUNCT .)));;7,232814475;function
105;5;terra;terra;NOUN;nmod;isola;(ROOT (f3 (PUNCT -) (sn (sa (ADJ Bella)) (NOUN idea)) (PUNCT ,) (sn (NOUN capitano)) (PUNCT !) (PUNCT –) (fc (f (ibar (VERB gridarono)) (compt (sn (DET i) (NOUN pirati)))) (PUNCT ,) (CCONJ e) (cp (sv3 (VERB trovata) (comppas (sp (ADP in) (NOUN mezzo) (ADP a) (sn (DET il) (NOUN mare))) (sn (DET un') (NOUN isola) (spd (ADP di) (sn (NOUN terra) (sa (ADJ molle))))))) (PUNCT ,) (f (ibar (PRON vi) (VERB seppellirono)) (compt (sn (DET il) (NOUN tesoro)))))) (PUNCT .)));4.52 ± 2.87;5,30993154;content
106;5;molle;mollo;ADJ;amod;terra;(ROOT (f3 (PUNCT -) (sn (sa (ADJ Bella)) (NOUN idea)) (PUNCT ,) (sn (NOUN capitano)) (PUNCT !) (PUNCT –) (fc (f (ibar (VERB gridarono)) (compt (sn (DET i) (NOUN pirati)))) (PUNCT ,) (CCONJ e) (cp (sv3 (VERB trovata) (comppas (sp (ADP in) (NOUN mezzo) (ADP a) (sn (DET il) (NOUN mare))) (sn (DET un') (NOUN isola) (spd (ADP di) (sn (NOUN terra) (sa (ADJ molle))))))) (PUNCT ,) (f (ibar (PRON vi) (VERB seppellirono)) (compt (sn (DET il) (NOUN tesoro)))))) (PUNCT .)));;3,33393803;content
107;5;vi;vi;PRON;iobj;seppellirono;(ROOT (f3 (PUNCT -) (sn (sa (ADJ Bella)) (NOUN idea)) (PUNCT ,) (sn (NOUN capitano)) (PUNCT !) (PUNCT –) (fc (f (ibar (VERB gridarono)) (compt (sn (DET i) (NOUN pirati)))) (PUNCT ,) (CCONJ e) (cp (sv3 (VERB trovata) (comppas (sp (ADP in) (NOUN mezzo) (ADP a) (sn (DET il) (NOUN mare))) (sn (DET un') (NOUN isola) (spd (ADP di) (sn (NOUN terra) (sa (ADJ molle))))))) (PUNCT ,) (f (ibar (PRON vi) (VERB seppellirono)) (compt (sn (DET il) (NOUN tesoro)))))) (PUNCT .)));;5,855804847;function
108;5;seppellirono;seppellire;VERB;parataxis;idea;(ROOT (f3 (PUNCT -) (sn (sa (ADJ Bella)) (NOUN idea)) (PUNCT ,) (sn (NOUN capitano)) (PUNCT !) (PUNCT –) (fc (f (ibar (VERB gridarono)) (compt (sn (DET i) (NOUN pirati)))) (PUNCT ,) (CCONJ e) (cp (sv3 (VERB trovata) (comppas (sp (ADP in) (NOUN mezzo) (ADP a) (sn (DET il) (NOUN mare))) (sn (DET un') (NOUN isola) (spd (ADP di) (sn (NOUN terra) (sa (ADJ molle))))))) (PUNCT ,) (f (ibar (PRON vi) (VERB seppellirono)) (compt (sn (DET il) (NOUN tesoro)))))) (PUNCT .)));;2,287833243;content
109;5;il;il;DET;det;tesoro;(ROOT (f3 (PUNCT -) (sn (sa (ADJ Bella)) (NOUN idea)) (PUNCT ,) (sn (NOUN capitano)) (PUNCT !) (PUNCT –) (fc (f (ibar (VERB gridarono)) (compt (sn (DET i) (NOUN pirati)))) (PUNCT ,) (CCONJ e) (cp (sv3 (VERB trovata) (comppas (sp (ADP in) (NOUN mezzo) (ADP a) (sn (DET il) (NOUN mare))) (sn (DET un') (NOUN isola) (spd (ADP di) (sn (NOUN terra) (sa (ADJ molle))))))) (PUNCT ,) (f (ibar (PRON vi) (VERB seppellirono)) (compt (sn (DET il) (NOUN tesoro)))))) (PUNCT .)));;7,039560886;function
110;5;tesoro;tesoro;NOUN;obj;seppellirono;(ROOT (f3 (PUNCT -) (sn (sa (ADJ Bella)) (NOUN idea)) (PUNCT ,) (sn (NOUN capitano)) (PUNCT !) (PUNCT –) (fc (f (ibar (VERB gridarono)) (compt (sn (DET i) (NOUN pirati)))) (PUNCT ,) (CCONJ e) (cp (sv3 (VERB trovata) (comppas (sp (ADP in) (NOUN mezzo) (ADP a) (sn (DET il) (NOUN mare))) (sn (DET un') (NOUN isola) (spd (ADP di) (sn (NOUN terra) (sa (ADJ molle))))))) (PUNCT ,) (f (ibar (PRON vi) (VERB seppellirono)) (compt (sn (DET il) (NOUN tesoro)))))) (PUNCT .)));4.60 ± 1.89;5,475037998;content
111;6;poi;poi;ADV;advmod;tornarono;(ROOT (fc (ADV Poi) (f (ibar (VERB tornarono)) (compin (sp (ADP in) (sn (NOUN giro))) (sp (ADP per) (sn (coord (NOUN onde) (CCONJ e) (NOUN orizzonti)))) (coord (sv2 (ADP a) (VERB sparare)) (CCONJ e) (sv2 (VERB abbordare)) (PUNCT ,) (sv2 (VERB assalire)) (CCONJ e) (sv2 (VERB rapinare) (PUNCT .)))))));;5,853751865;content
112;6;tornarono;tornare;VERB;root;ROOT;(ROOT (fc (ADV Poi) (f (ibar (VERB tornarono)) (compin (sp (ADP in) (sn (NOUN giro))) (sp (ADP per) (sn (coord (NOUN onde) (CCONJ e) (NOUN orizzonti)))) (coord (sv2 (ADP a) (VERB sparare)) (CCONJ e) (sv2 (VERB abbordare)) (PUNCT ,) (sv2 (VERB assalire)) (CCONJ e) (sv2 (VERB rapinare) (PUNCT .)))))));;3,125421681;content
113;6;in;in;ADP;case;giro;(ROOT (fc (ADV Poi) (f (ibar (VERB tornarono)) (compin (sp (ADP in) (sn (NOUN giro))) (sp (ADP per) (sn (coord (NOUN onde) (CCONJ e) (NOUN orizzonti)))) (coord (sv2 (ADP a) (VERB sparare)) (CCONJ e) (sv2 (VERB abbordare)) (PUNCT ,) (sv2 (VERB assalire)) (CCONJ e) (sv2 (VERB rapinare) (PUNCT .)))))));;6,797274494;function
114;6;giro;giro;NOUN;obl;tornarono;(ROOT (fc (ADV Poi) (f (ibar (VERB tornarono)) (compin (sp (ADP in) (sn (NOUN giro))) (sp (ADP per) (sn (coord (NOUN onde) (CCONJ e) (NOUN orizzonti)))) (coord (sv2 (ADP a) (VERB sparare)) (CCONJ e) (sv2 (VERB abbordare)) (PUNCT ,) (sv2 (VERB assalire)) (CCONJ e) (sv2 (VERB rapinare) (PUNCT .)))))));;5,36483757;content
115;6;per;per;ADP;case;onde;(ROOT (fc (ADV Poi) (f (ibar (VERB tornarono)) (compin (sp (ADP in) (sn (NOUN giro))) (sp (ADP per) (sn (coord (NOUN onde) (CCONJ e) (NOUN orizzonti)))) (coord (sv2 (ADP a) (VERB sparare)) (CCONJ e) (sv2 (VERB abbordare)) (PUNCT ,) (sv2 (VERB assalire)) (CCONJ e) (sv2 (VERB rapinare) (PUNCT .)))))));;6,912435835;function
116;6;onde;onda;NOUN;obl;tornarono;(ROOT (fc (ADV Poi) (f (ibar (VERB tornarono)) (compin (sp (ADP in) (sn (NOUN giro))) (sp (ADP per) (sn (coord (NOUN onde) (CCONJ e) (NOUN orizzonti)))) (coord (sv2 (ADP a) (VERB sparare)) (CCONJ e) (sv2 (VERB abbordare)) (PUNCT ,) (sv2 (VERB assalire)) (CCONJ e) (sv2 (VERB rapinare) (PUNCT .)))))));;4,084962231;content
117;6;e;e;CCONJ;cc;orizzonti;(ROOT (fc (ADV Poi) (f (ibar (VERB tornarono)) (compin (sp (ADP in) (sn (NOUN giro))) (sp (ADP per) (sn (coord (NOUN onde) (CCONJ e) (NOUN orizzonti)))) (coord (sv2 (ADP a) (VERB sparare)) (CCONJ e) (sv2 (VERB abbordare)) (PUNCT ,) (sv2 (VERB assalire)) (CCONJ e) (sv2 (VERB rapinare) (PUNCT .)))))));;2,741151583;function
118;6;orizzonti;orizzonte;NOUN;conj;onde;(ROOT (fc (ADV Poi) (f (ibar (VERB tornarono)) (compin (sp (ADP in) (sn (NOUN giro))) (sp (ADP per) (sn (coord (NOUN onde) (CCONJ e) (NOUN orizzonti)))) (coord (sv2 (ADP a) (VERB sparare)) (CCONJ e) (sv2 (VERB abbordare)) (PUNCT ,) (sv2 (VERB assalire)) (CCONJ e) (sv2 (VERB rapinare) (PUNCT .)))))));6.48 ± 1.85;3,135405902;content
119;6;a;a;ADP;mark;sparare;(ROOT (fc (ADV Poi) (f (ibar (VERB tornarono)) (compin (sp (ADP in) (sn (NOUN giro))) (sp (ADP per) (sn (coord (NOUN onde) (CCONJ e) (NOUN orizzonti)))) (coord (sv2 (ADP a) (VERB sparare)) (CCONJ e) (sv2 (VERB abbordare)) (PUNCT ,) (sv2 (VERB assalire)) (CCONJ e) (sv2 (VERB rapinare) (PUNCT .)))))));;7,004335738;function
120;6;sparare;sparare;VERB;ccomp;tornarono;(ROOT (fc (ADV Poi) (f (ibar (VERB tornarono)) (compin (sp (ADP in) (sn (NOUN giro))) (sp (ADP per) (sn (coord (NOUN onde) (CCONJ e) (NOUN orizzonti)))) (coord (sv2 (ADP a) (VERB sparare)) (CCONJ e) (sv2 (VERB abbordare)) (PUNCT ,) (sv2 (VERB assalire)) (CCONJ e) (sv2 (VERB rapinare) (PUNCT .)))))));;4,635202294;content
121;6;e;e;CCONJ;cc;abbordare;(ROOT (fc (ADV Poi) (f (ibar (VERB tornarono)) (compin (sp (ADP in) (sn (NOUN giro))) (sp (ADP per) (sn (coord (NOUN onde) (CCONJ e) (NOUN orizzonti)))) (coord (sv2 (ADP a) (VERB sparare)) (CCONJ e) (sv2 (VERB abbordare)) (PUNCT ,) (sv2 (VERB assalire)) (CCONJ e) (sv2 (VERB rapinare) (PUNCT .)))))));;2,741151583;function
122;6;abbordare;abbordare;VERB;conj;sparare;(ROOT (fc (ADV Poi) (f (ibar (VERB tornarono)) (compin (sp (ADP in) (sn (NOUN giro))) (sp (ADP per) (sn (coord (NOUN onde) (CCONJ e) (NOUN orizzonti)))) (coord (sv2 (ADP a) (VERB sparare)) (CCONJ e) (sv2 (VERB abbordare)) (PUNCT ,) (sv2 (VERB assalire)) (CCONJ e) (sv2 (VERB rapinare) (PUNCT .)))))));;2,689233784;content
123;6;assalire;assalire;VERB;conj;sparare;(ROOT (fc (ADV Poi) (f (ibar (VERB tornarono)) (compin (sp (ADP in) (sn (NOUN giro))) (sp (ADP per) (sn (coord (NOUN onde) (CCONJ e) (NOUN orizzonti)))) (coord (sv2 (ADP a) (VERB sparare)) (CCONJ e) (sv2 (VERB abbordare)) (PUNCT ,) (sv2 (VERB assalire)) (CCONJ e) (sv2 (VERB rapinare) (PUNCT .)))))));;2,533345911;content
124;6;e;e;CCONJ;cc;rapinare;(ROOT (fc (ADV Poi) (f (ibar (VERB tornarono)) (compin (sp (ADP in) (sn (NOUN giro))) (sp (ADP per) (sn (coord (NOUN onde) (CCONJ e) (NOUN orizzonti)))) (coord (sv2 (ADP a) (VERB sparare)) (CCONJ e) (sv2 (VERB abbordare)) (PUNCT ,) (sv2 (VERB assalire)) (CCONJ e) (sv2 (VERB rapinare) (PUNCT .)))))));;2,741151583;function
125;6;rapinare;rapinare;VERB;conj;sparare;(ROOT (fc (ADV Poi) (f (ibar (VERB tornarono)) (compin (sp (ADP in) (sn (NOUN giro))) (sp (ADP per) (sn (coord (NOUN onde) (CCONJ e) (NOUN orizzonti)))) (coord (sv2 (ADP a) (VERB sparare)) (CCONJ e) (sv2 (VERB abbordare)) (PUNCT ,) (sv2 (VERB assalire)) (CCONJ e) (sv2 (VERB rapinare) (PUNCT .)))))));;3,507941331;content
126;7;ma;ma;CCONJ;cc;cominciarono;(ROOT (fc (CCONJ Ma) (f (sn (DET le) (NOUN cose)) (ibar (VERB cominciarono)) (compin (sv2 (ADP ad) (VERB andar) (compin (savv (ADV male)))))) (PUNCT ,) (fs (SCONJ perché) (f (sn (DET le) (NOUN navi)) (ibar (PRON si) (AUX erano) (VERB fatte)) (compin (sa (ADJ veloci))))) (PUNCT ,) (fs (SCONJ mentre) (f (sn (DET la) (sa (ADJ vecchia)) (PROPN Tonno) (PROPN Feroce)) (ibar (AUX era)) (compc (sn (DET una) (NOUN nave) (sa (ADJ antica)))))) (PUNCT :) (fc (f (sn (PRON quelle)) (ibar (VERB scappavano))) (CCONJ e) (f (sn (DET i) (NOUN pirati)) (ibar (VERB cominciavano)) (compin (sv2 (ADP a) (VERB sentire) (compt (coord (sn (NOUN mal) (spd (ADP di) (sn (NOUN schiena)))) (CCONJ e) (sn (NOUN reumatismi)))))))) (PUNCT .)));;6,662005813;function
127;7;le;il;DET;det;cose;(ROOT (fc (CCONJ Ma) (f (sn (DET le) (NOUN cose)) (ibar (VERB cominciarono)) (compin (sv2 (ADP ad) (VERB andar) (compin (savv (ADV male)))))) (PUNCT ,) (fs (SCONJ perché) (f (sn (DET le) (NOUN navi)) (ibar (PRON si) (AUX erano) (VERB fatte)) (compin (sa (ADJ veloci))))) (PUNCT ,) (fs (SCONJ mentre) (f (sn (DET la) (sa (ADJ vecchia)) (PROPN Tonno) (PROPN Feroce)) (ibar (AUX era)) (compc (sn (DET una) (NOUN nave) (sa (ADJ antica)))))) (PUNCT :) (fc (f (sn (PRON quelle)) (ibar (VERB scappavano))) (CCONJ e) (f (sn (DET i) (NOUN pirati)) (ibar (VERB cominciavano)) (compin (sv2 (ADP a) (VERB sentire) (compt (coord (sn (NOUN mal) (spd (ADP di) (sn (NOUN schiena)))) (CCONJ e) (sn (NOUN reumatismi)))))))) (PUNCT .)));;6,624997683;function
128;7;cose;cosa;NOUN;nsubj;cominciarono;(ROOT (fc (CCONJ Ma) (f (sn (DET le) (NOUN cose)) (ibar (VERB cominciarono)) (compin (sv2 (ADP ad) (VERB andar) (compin (savv (ADV male)))))) (PUNCT ,) (fs (SCONJ perché) (f (sn (DET le) (NOUN navi)) (ibar (PRON si) (AUX erano) (VERB fatte)) (compin (sa (ADJ veloci))))) (PUNCT ,) (fs (SCONJ mentre) (f (sn (DET la) (sa (ADJ vecchia)) (PROPN Tonno) (PROPN Feroce)) (ibar (AUX era)) (compc (sn (DET una) (NOUN nave) (sa (ADJ antica)))))) (PUNCT :) (fc (f (sn (PRON quelle)) (ibar (VERB scappavano))) (CCONJ e) (f (sn (DET i) (NOUN pirati)) (ibar (VERB cominciavano)) (compin (sv2 (ADP a) (VERB sentire) (compt (coord (sn (NOUN mal) (spd (ADP di) (sn (NOUN schiena)))) (CCONJ e) (sn (NOUN reumatismi)))))))) (PUNCT .)));;5,845850231;content
129;7;cominciarono;cominciare;VERB;root;ROOT;(ROOT (fc (CCONJ Ma) (f (sn (DET le) (NOUN cose)) (ibar (VERB cominciarono)) (compin (sv2 (ADP ad) (VERB andar) (compin (savv (ADV male)))))) (PUNCT ,) (fs (SCONJ perché) (f (sn (DET le) (NOUN navi)) (ibar (PRON si) (AUX erano) (VERB fatte)) (compin (sa (ADJ veloci))))) (PUNCT ,) (fs (SCONJ mentre) (f (sn (DET la) (sa (ADJ vecchia)) (PROPN Tonno) (PROPN Feroce)) (ibar (AUX era)) (compc (sn (DET una) (NOUN nave) (sa (ADJ antica)))))) (PUNCT :) (fc (f (sn (PRON quelle)) (ibar (VERB scappavano))) (CCONJ e) (f (sn (DET i) (NOUN pirati)) (ibar (VERB cominciavano)) (compin (sv2 (ADP a) (VERB sentire) (compt (coord (sn (NOUN mal) (spd (ADP di) (sn (NOUN schiena)))) (CCONJ e) (sn (NOUN reumatismi)))))))) (PUNCT .)));;3,412337468;content
130;7;ad;a;ADP;mark;andar;(ROOT (fc (CCONJ Ma) (f (sn (DET le) (NOUN cose)) (ibar (VERB cominciarono)) (compin (sv2 (ADP ad) (VERB andar) (compin (savv (ADV male)))))) (PUNCT ,) (fs (SCONJ perché) (f (sn (DET le) (NOUN navi)) (ibar (PRON si) (AUX erano) (VERB fatte)) (compin (sa (ADJ veloci))))) (PUNCT ,) (fs (SCONJ mentre) (f (sn (DET la) (sa (ADJ vecchia)) (PROPN Tonno) (PROPN Feroce)) (ibar (AUX era)) (compc (sn (DET una) (NOUN nave) (sa (ADJ antica)))))) (PUNCT :) (fc (f (sn (PRON quelle)) (ibar (VERB scappavano))) (CCONJ e) (f (sn (DET i) (NOUN pirati)) (ibar (VERB cominciavano)) (compin (sv2 (ADP a) (VERB sentire) (compt (coord (sn (NOUN mal) (spd (ADP di) (sn (NOUN schiena)))) (CCONJ e) (sn (NOUN reumatismi)))))))) (PUNCT .)));;5,934389877;function
131;7;andar;andare;VERB;xcomp;cominciarono;(ROOT (fc (CCONJ Ma) (f (sn (DET le) (NOUN cose)) (ibar (VERB cominciarono)) (compin (sv2 (ADP ad) (VERB andar) (compin (savv (ADV male)))))) (PUNCT ,) (fs (SCONJ perché) (f (sn (DET le) (NOUN navi)) (ibar (PRON si) (AUX erano) (VERB fatte)) (compin (sa (ADJ veloci))))) (PUNCT ,) (fs (SCONJ mentre) (f (sn (DET la) (sa (ADJ vecchia)) (PROPN Tonno) (PROPN Feroce)) (ibar (AUX era)) (compc (sn (DET una) (NOUN nave) (sa (ADJ antica)))))) (PUNCT :) (fc (f (sn (PRON quelle)) (ibar (VERB scappavano))) (CCONJ e) (f (sn (DET i) (NOUN pirati)) (ibar (VERB cominciavano)) (compin (sv2 (ADP a) (VERB sentire) (compt (coord (sn (NOUN mal) (spd (ADP di) (sn (NOUN schiena)))) (CCONJ e) (sn (NOUN reumatismi)))))))) (PUNCT .)));4.20 ± 1.44;4,183476748;content
132;7;male;male;ADV;advmod;andar;(ROOT (fc (CCONJ Ma) (f (sn (DET le) (NOUN cose)) (ibar (VERB cominciarono)) (compin (sv2 (ADP ad) (VERB andar) (compin (savv (ADV male)))))) (PUNCT ,) (fs (SCONJ perché) (f (sn (DET le) (NOUN navi)) (ibar (PRON si) (AUX erano) (VERB fatte)) (compin (sa (ADJ veloci))))) (PUNCT ,) (fs (SCONJ mentre) (f (sn (DET la) (sa (ADJ vecchia)) (PROPN Tonno) (PROPN Feroce)) (ibar (AUX era)) (compc (sn (DET una) (NOUN nave) (sa (ADJ antica)))))) (PUNCT :) (fc (f (sn (PRON quelle)) (ibar (VERB scappavano))) (CCONJ e) (f (sn (DET i) (NOUN pirati)) (ibar (VERB cominciavano)) (compin (sv2 (ADP a) (VERB sentire) (compt (coord (sn (NOUN mal) (spd (ADP di) (sn (NOUN schiena)))) (CCONJ e) (sn (NOUN reumatismi)))))))) (PUNCT .)));;5,670671245;content
133;7;perché;perché;SCONJ;mark;fatte;(ROOT (fc (CCONJ Ma) (f (sn (DET le) (NOUN cose)) (ibar (VERB cominciarono)) (compin (sv2 (ADP ad) (VERB andar) (compin (savv (ADV male)))))) (PUNCT ,) (fs (SCONJ perché) (f (sn (DET le) (NOUN navi)) (ibar (PRON si) (AUX erano) (VERB fatte)) (compin (sa (ADJ veloci))))) (PUNCT ,) (fs (SCONJ mentre) (f (sn (DET la) (sa (ADJ vecchia)) (PROPN Tonno) (PROPN Feroce)) (ibar (AUX era)) (compc (sn (DET una) (NOUN nave) (sa (ADJ antica)))))) (PUNCT :) (fc (f (sn (PRON quelle)) (ibar (VERB scappavano))) (CCONJ e) (f (sn (DET i) (NOUN pirati)) (ibar (VERB cominciavano)) (compin (sv2 (ADP a) (VERB sentire) (compt (coord (sn (NOUN mal) (spd (ADP di) (sn (NOUN schiena)))) (CCONJ e) (sn (NOUN reumatismi)))))))) (PUNCT .)));;5,965637226;function
134;7;le;il;DET;det;navi;(ROOT (fc (CCONJ Ma) (f (sn (DET le) (NOUN cose)) (ibar (VERB cominciarono)) (compin (sv2 (ADP ad) (VERB andar) (compin (savv (ADV male)))))) (PUNCT ,) (fs (SCONJ perché) (f (sn (DET le) (NOUN navi)) (ibar (PRON si) (AUX erano) (VERB fatte)) (compin (sa (ADJ veloci))))) (PUNCT ,) (fs (SCONJ mentre) (f (sn (DET la) (sa (ADJ vecchia)) (PROPN Tonno) (PROPN Feroce)) (ibar (AUX era)) (compc (sn (DET una) (NOUN nave) (sa (ADJ antica)))))) (PUNCT :) (fc (f (sn (PRON quelle)) (ibar (VERB scappavano))) (CCONJ e) (f (sn (DET i) (NOUN pirati)) (ibar (VERB cominciavano)) (compin (sv2 (ADP a) (VERB sentire) (compt (coord (sn (NOUN mal) (spd (ADP di) (sn (NOUN schiena)))) (CCONJ e) (sn (NOUN reumatismi)))))))) (PUNCT .)));;6,624997683;function
135;7;navi;nave;NOUN;nsubj;fatte;(ROOT (fc (CCONJ Ma) (f (sn (DET le) (NOUN cose)) (ibar (VERB cominciarono)) (compin (sv2 (ADP ad) (VERB andar) (compin (savv (ADV male)))))) (PUNCT ,) (fs (SCONJ perché) (f (sn (DET le) (NOUN navi)) (ibar (PRON si) (AUX erano) (VERB fatte)) (compin (sa (ADJ veloci))))) (PUNCT ,) (fs (SCONJ mentre) (f (sn (DET la) (sa (ADJ vecchia)) (PROPN Tonno) (PROPN Feroce)) (ibar (AUX era)) (compc (sn (DET una) (NOUN nave) (sa (ADJ antica)))))) (PUNCT :) (fc (f (sn (PRON quelle)) (ibar (VERB scappavano))) (CCONJ e) (f (sn (DET i) (NOUN pirati)) (ibar (VERB cominciavano)) (compin (sv2 (ADP a) (VERB sentire) (compt (coord (sn (NOUN mal) (spd (ADP di) (sn (NOUN schiena)))) (CCONJ e) (sn (NOUN reumatismi)))))))) (PUNCT .)));4.36 ± 1.87;4,32780227;content
136;7;si;si;PRON;expl;fatte;(ROOT (fc (CCONJ Ma) (f (sn (DET le) (NOUN cose)) (ibar (VERB cominciarono)) (compin (sv2 (ADP ad) (VERB andar) (compin (savv (ADV male)))))) (PUNCT ,) (fs (SCONJ perché) (f (sn (DET le) (NOUN navi)) (ibar (PRON si) (AUX erano) (VERB fatte)) (compin (sa (ADJ veloci))))) (PUNCT ,) (fs (SCONJ mentre) (f (sn (DET la) (sa (ADJ vecchia)) (PROPN Tonno) (PROPN Feroce)) (ibar (AUX era)) (compc (sn (DET una) (NOUN nave) (sa (ADJ antica)))))) (PUNCT :) (fc (f (sn (PRON quelle)) (ibar (VERB scappavano))) (CCONJ e) (f (sn (DET i) (NOUN pirati)) (ibar (VERB cominciavano)) (compin (sv2 (ADP a) (VERB sentire) (compt (coord (sn (NOUN mal) (spd (ADP di) (sn (NOUN schiena)))) (CCONJ e) (sn (NOUN reumatismi)))))))) (PUNCT .)));;6,553884221;function
137;7;erano;essere;AUX;aux;fatte;(ROOT (fc (CCONJ Ma) (f (sn (DET le) (NOUN cose)) (ibar (VERB cominciarono)) (compin (sv2 (ADP ad) (VERB andar) (compin (savv (ADV male)))))) (PUNCT ,) (fs (SCONJ perché) (f (sn (DET le) (NOUN navi)) (ibar (PRON si) (AUX erano) (VERB fatte)) (compin (sa (ADJ veloci))))) (PUNCT ,) (fs (SCONJ mentre) (f (sn (DET la) (sa (ADJ vecchia)) (PROPN Tonno) (PROPN Feroce)) (ibar (AUX era)) (compc (sn (DET una) (NOUN nave) (sa (ADJ antica)))))) (PUNCT :) (fc (f (sn (PRON quelle)) (ibar (VERB scappavano))) (CCONJ e) (f (sn (DET i) (NOUN pirati)) (ibar (VERB cominciavano)) (compin (sv2 (ADP a) (VERB sentire) (compt (coord (sn (NOUN mal) (spd (ADP di) (sn (NOUN schiena)))) (CCONJ e) (sn (NOUN reumatismi)))))))) (PUNCT .)));;5,476165392;function
138;7;fatte;fare;VERB;advcl;cominciarono;(ROOT (fc (CCONJ Ma) (f (sn (DET le) (NOUN cose)) (ibar (VERB cominciarono)) (compin (sv2 (ADP ad) (VERB andar) (compin (savv (ADV male)))))) (PUNCT ,) (fs (SCONJ perché) (f (sn (DET le) (NOUN navi)) (ibar (PRON si) (AUX erano) (VERB fatte)) (compin (sa (ADJ veloci))))) (PUNCT ,) (fs (SCONJ mentre) (f (sn (DET la) (sa (ADJ vecchia)) (PROPN Tonno) (PROPN Feroce)) (ibar (AUX era)) (compc (sn (DET una) (NOUN nave) (sa (ADJ antica)))))) (PUNCT :) (fc (f (sn (PRON quelle)) (ibar (VERB scappavano))) (CCONJ e) (f (sn (DET i) (NOUN pirati)) (ibar (VERB cominciavano)) (compin (sv2 (ADP a) (VERB sentire) (compt (coord (sn (NOUN mal) (spd (ADP di) (sn (NOUN schiena)))) (CCONJ e) (sn (NOUN reumatismi)))))))) (PUNCT .)));4.40 ± 2.22;4,353487637;content
139;7;veloci;veloce;ADJ;xcomp;fatte;(ROOT (fc (CCONJ Ma) (f (sn (DET le) (NOUN cose)) (ibar (VERB cominciarono)) (compin (sv2 (ADP ad) (VERB andar) (compin (savv (ADV male)))))) (PUNCT ,) (fs (SCONJ perché) (f (sn (DET le) (NOUN navi)) (ibar (PRON si) (AUX erano) (VERB fatte)) (compin (sa (ADJ veloci))))) (PUNCT ,) (fs (SCONJ mentre) (f (sn (DET la) (sa (ADJ vecchia)) (PROPN Tonno) (PROPN Feroce)) (ibar (AUX era)) (compc (sn (DET una) (NOUN nave) (sa (ADJ antica)))))) (PUNCT :) (fc (f (sn (PRON quelle)) (ibar (VERB scappavano))) (CCONJ e) (f (sn (DET i) (NOUN pirati)) (ibar (VERB cominciavano)) (compin (sv2 (ADP a) (VERB sentire) (compt (coord (sn (NOUN mal) (spd (ADP di) (sn (NOUN schiena)))) (CCONJ e) (sn (NOUN reumatismi)))))))) (PUNCT .)));4.16 ± 1.84;4,292842064;content
140;7;mentre;mentre;SCONJ;mark;nave;(ROOT (fc (CCONJ Ma) (f (sn (DET le) (NOUN cose)) (ibar (VERB cominciarono)) (compin (sv2 (ADP ad) (VERB andar) (compin (savv (ADV male)))))) (PUNCT ,) (fs (SCONJ perché) (f (sn (DET le) (NOUN navi)) (ibar (PRON si) (AUX erano) (VERB fatte)) (compin (sa (ADJ veloci))))) (PUNCT ,) (fs (SCONJ mentre) (f (sn (DET la) (sa (ADJ vecchia)) (PROPN Tonno) (PROPN Feroce)) (ibar (AUX era)) (compc (sn (DET una) (NOUN nave) (sa (ADJ antica)))))) (PUNCT :) (fc (f (sn (PRON quelle)) (ibar (VERB scappavano))) (CCONJ e) (f (sn (DET i) (NOUN pirati)) (ibar (VERB cominciavano)) (compin (sv2 (ADP a) (VERB sentire) (compt (coord (sn (NOUN mal) (spd (ADP di) (sn (NOUN schiena)))) (CCONJ e) (sn (NOUN reumatismi)))))))) (PUNCT .)));;5,384159172;function
141;7;la;il;DET;det;Tonno;(ROOT (fc (CCONJ Ma) (f (sn (DET le) (NOUN cose)) (ibar (VERB cominciarono)) (compin (sv2 (ADP ad) (VERB andar) (compin (savv (ADV male)))))) (PUNCT ,) (fs (SCONJ perché) (f (sn (DET le) (NOUN navi)) (ibar (PRON si) (AUX erano) (VERB fatte)) (compin (sa (ADJ veloci))))) (PUNCT ,) (fs (SCONJ mentre) (f (sn (DET la) (sa (ADJ vecchia)) (PROPN Tonno) (PROPN Feroce)) (ibar (AUX era)) (compc (sn (DET una) (NOUN nave) (sa (ADJ antica)))))) (PUNCT :) (fc (f (sn (PRON quelle)) (ibar (VERB scappavano))) (CCONJ e) (f (sn (DET i) (NOUN pirati)) (ibar (VERB cominciavano)) (compin (sv2 (ADP a) (VERB sentire) (compt (coord (sn (NOUN mal) (spd (ADP di) (sn (NOUN schiena)))) (CCONJ e) (sn (NOUN reumatismi)))))))) (PUNCT .)));;7,055331658;function
142;7;vecchia;vecchio;ADJ;amod;Tonno;(ROOT (fc (CCONJ Ma) (f (sn (DET le) (NOUN cose)) (ibar (VERB cominciarono)) (compin (sv2 (ADP ad) (VERB andar) (compin (savv (ADV male)))))) (PUNCT ,) (fs (SCONJ perché) (f (sn (DET le) (NOUN navi)) (ibar (PRON si) (AUX erano) (VERB fatte)) (compin (sa (ADJ veloci))))) (PUNCT ,) (fs (SCONJ mentre) (f (sn (DET la) (sa (ADJ vecchia)) (PROPN Tonno) (PROPN Feroce)) (ibar (AUX era)) (compc (sn (DET una) (NOUN nave) (sa (ADJ antica)))))) (PUNCT :) (fc (f (sn (PRON quelle)) (ibar (VERB scappavano))) (CCONJ e) (f (sn (DET i) (NOUN pirati)) (ibar (VERB cominciavano)) (compin (sv2 (ADP a) (VERB sentire) (compt (coord (sn (NOUN mal) (spd (ADP di) (sn (NOUN schiena)))) (CCONJ e) (sn (NOUN reumatismi)))))))) (PUNCT .)));5.44 ± 2.06;4,927996545;content
143;7;tonno;Tonno;PROPN;nsubj;nave;(ROOT (fc (CCONJ Ma) (f (sn (DET le) (NOUN cose)) (ibar (VERB cominciarono)) (compin (sv2 (ADP ad) (VERB andar) (compin (savv (ADV male)))))) (PUNCT ,) (fs (SCONJ perché) (f (sn (DET le) (NOUN navi)) (ibar (PRON si) (AUX erano) (VERB fatte)) (compin (sa (ADJ veloci))))) (PUNCT ,) (fs (SCONJ mentre) (f (sn (DET la) (sa (ADJ vecchia)) (PROPN Tonno) (PROPN Feroce)) (ibar (AUX era)) (compc (sn (DET una) (NOUN nave) (sa (ADJ antica)))))) (PUNCT :) (fc (f (sn (PRON quelle)) (ibar (VERB scappavano))) (CCONJ e) (f (sn (DET i) (NOUN pirati)) (ibar (VERB cominciavano)) (compin (sv2 (ADP a) (VERB sentire) (compt (coord (sn (NOUN mal) (spd (ADP di) (sn (NOUN schiena)))) (CCONJ e) (sn (NOUN reumatismi)))))))) (PUNCT .)));;3,662214941;content
144;7;feroce;Feroce;PROPN;flat:name;Tonno;(ROOT (fc (CCONJ Ma) (f (sn (DET le) (NOUN cose)) (ibar (VERB cominciarono)) (compin (sv2 (ADP ad) (VERB andar) (compin (savv (ADV male)))))) (PUNCT ,) (fs (SCONJ perché) (f (sn (DET le) (NOUN navi)) (ibar (PRON si) (AUX erano) (VERB fatte)) (compin (sa (ADJ veloci))))) (PUNCT ,) (fs (SCONJ mentre) (f (sn (DET la) (sa (ADJ vecchia)) (PROPN Tonno) (PROPN Feroce)) (ibar (AUX era)) (compc (sn (DET una) (NOUN nave) (sa (ADJ antica)))))) (PUNCT :) (fc (f (sn (PRON quelle)) (ibar (VERB scappavano))) (CCONJ e) (f (sn (DET i) (NOUN pirati)) (ibar (VERB cominciavano)) (compin (sv2 (ADP a) (VERB sentire) (compt (coord (sn (NOUN mal) (spd (ADP di) (sn (NOUN schiena)))) (CCONJ e) (sn (NOUN reumatismi)))))))) (PUNCT .)));;3,533345911;content
145;7;era;essere;AUX;cop;nave;(ROOT (fc (CCONJ Ma) (f (sn (DET le) (NOUN cose)) (ibar (VERB cominciarono)) (compin (sv2 (ADP ad) (VERB andar) (compin (savv (ADV male)))))) (PUNCT ,) (fs (SCONJ perché) (f (sn (DET le) (NOUN navi)) (ibar (PRON si) (AUX erano) (VERB fatte)) (compin (sa (ADJ veloci))))) (PUNCT ,) (fs (SCONJ mentre) (f (sn (DET la) (sa (ADJ vecchia)) (PROPN Tonno) (PROPN Feroce)) (ibar (AUX era)) (compc (sn (DET una) (NOUN nave) (sa (ADJ antica)))))) (PUNCT :) (fc (f (sn (PRON quelle)) (ibar (VERB scappavano))) (CCONJ e) (f (sn (DET i) (NOUN pirati)) (ibar (VERB cominciavano)) (compin (sv2 (ADP a) (VERB sentire) (compt (coord (sn (NOUN mal) (spd (ADP di) (sn (NOUN schiena)))) (CCONJ e) (sn (NOUN reumatismi)))))))) (PUNCT .)));;6,283626334;function
146;7;una;uno;DET;det;nave;(ROOT (fc (CCONJ Ma) (f (sn (DET le) (NOUN cose)) (ibar (VERB cominciarono)) (compin (sv2 (ADP ad) (VERB andar) (compin (savv (ADV male)))))) (PUNCT ,) (fs (SCONJ perché) (f (sn (DET le) (NOUN navi)) (ibar (PRON si) (AUX erano) (VERB fatte)) (compin (sa (ADJ veloci))))) (PUNCT ,) (fs (SCONJ mentre) (f (sn (DET la) (sa (ADJ vecchia)) (PROPN Tonno) (PROPN Feroce)) (ibar (AUX era)) (compc (sn (DET una) (NOUN nave) (sa (ADJ antica)))))) (PUNCT :) (fc (f (sn (PRON quelle)) (ibar (VERB scappavano))) (CCONJ e) (f (sn (DET i) (NOUN pirati)) (ibar (VERB cominciavano)) (compin (sv2 (ADP a) (VERB sentire) (compt (coord (sn (NOUN mal) (spd (ADP di) (sn (NOUN schiena)))) (CCONJ e) (sn (NOUN reumatismi)))))))) (PUNCT .)));;6,801817508;function
147;7;nave;nave;NOUN;advcl;fatte;(ROOT (fc (CCONJ Ma) (f (sn (DET le) (NOUN cose)) (ibar (VERB cominciarono)) (compin (sv2 (ADP ad) (VERB andar) (compin (savv (ADV male)))))) (PUNCT ,) (fs (SCONJ perché) (f (sn (DET le) (NOUN navi)) (ibar (PRON si) (AUX erano) (VERB fatte)) (compin (sa (ADJ veloci))))) (PUNCT ,) (fs (SCONJ mentre) (f (sn (DET la) (sa (ADJ vecchia)) (PROPN Tonno) (PROPN Feroce)) (ibar (AUX era)) (compc (sn (DET una) (NOUN nave) (sa (ADJ antica)))))) (PUNCT :) (fc (f (sn (PRON quelle)) (ibar (VERB scappavano))) (CCONJ e) (f (sn (DET i) (NOUN pirati)) (ibar (VERB cominciavano)) (compin (sv2 (ADP a) (VERB sentire) (compt (coord (sn (NOUN mal) (spd (ADP di) (sn (NOUN schiena)))) (CCONJ e) (sn (NOUN reumatismi)))))))) (PUNCT .)));4.36 ± 1.87;4,988467744;content
148;7;antica;antico;ADJ;amod;nave;(ROOT (fc (CCONJ Ma) (f (sn (DET le) (NOUN cose)) (ibar (VERB cominciarono)) (compin (sv2 (ADP ad) (VERB andar) (compin (savv (ADV male)))))) (PUNCT ,) (fs (SCONJ perché) (f (sn (DET le) (NOUN navi)) (ibar (PRON si) (AUX erano) (VERB fatte)) (compin (sa (ADJ veloci))))) (PUNCT ,) (fs (SCONJ mentre) (f (sn (DET la) (sa (ADJ vecchia)) (PROPN Tonno) (PROPN Feroce)) (ibar (AUX era)) (compc (sn (DET una) (NOUN nave) (sa (ADJ antica)))))) (PUNCT :) (fc (f (sn (PRON quelle)) (ibar (VERB scappavano))) (CCONJ e) (f (sn (DET i) (NOUN pirati)) (ibar (VERB cominciavano)) (compin (sv2 (ADP a) (VERB sentire) (compt (coord (sn (NOUN mal) (spd (ADP di) (sn (NOUN schiena)))) (CCONJ e) (sn (NOUN reumatismi)))))))) (PUNCT .)));;4,101814319;content
149;7;quelle;quello;PRON;nsubj;scappavano;(ROOT (fc (CCONJ Ma) (f (sn (DET le) (NOUN cose)) (ibar (VERB cominciarono)) (compin (sv2 (ADP ad) (VERB andar) (compin (savv (ADV male)))))) (PUNCT ,) (fs (SCONJ perché) (f (sn (DET le) (NOUN navi)) (ibar (PRON si) (AUX erano) (VERB fatte)) (compin (sa (ADJ veloci))))) (PUNCT ,) (fs (SCONJ mentre) (f (sn (DET la) (sa (ADJ vecchia)) (PROPN Tonno) (PROPN Feroce)) (ibar (AUX era)) (compc (sn (DET una) (NOUN nave) (sa (ADJ antica)))))) (PUNCT :) (fc (f (sn (PRON quelle)) (ibar (VERB scappavano))) (CCONJ e) (f (sn (DET i) (NOUN pirati)) (ibar (VERB cominciavano)) (compin (sv2 (ADP a) (VERB sentire) (compt (coord (sn (NOUN mal) (spd (ADP di) (sn (NOUN schiena)))) (CCONJ e) (sn (NOUN reumatismi)))))))) (PUNCT .)));;5,35996545;function
150;7;scappavano;scappare;VERB;parataxis;cominciarono;(ROOT (fc (CCONJ Ma) (f (sn (DET le) (NOUN cose)) (ibar (VERB cominciarono)) (compin (sv2 (ADP ad) (VERB andar) (compin (savv (ADV male)))))) (PUNCT ,) (fs (SCONJ perché) (f (sn (DET le) (NOUN navi)) (ibar (PRON si) (AUX erano) (VERB fatte)) (compin (sa (ADJ veloci))))) (PUNCT ,) (fs (SCONJ mentre) (f (sn (DET la) (sa (ADJ vecchia)) (PROPN Tonno) (PROPN Feroce)) (ibar (AUX era)) (compc (sn (DET una) (NOUN nave) (sa (ADJ antica)))))) (PUNCT :) (fc (f (sn (PRON quelle)) (ibar (VERB scappavano))) (CCONJ e) (f (sn (DET i) (NOUN pirati)) (ibar (VERB cominciavano)) (compin (sv2 (ADP a) (VERB sentire) (compt (coord (sn (NOUN mal) (spd (ADP di) (sn (NOUN schiena)))) (CCONJ e) (sn (NOUN reumatismi)))))))) (PUNCT .)));;2,630255924;content
151;7;e;e;CCONJ;cc;cominciavano;(ROOT (fc (CCONJ Ma) (f (sn (DET le) (NOUN cose)) (ibar (VERB cominciarono)) (compin (sv2 (ADP ad) (VERB andar) (compin (savv (ADV male)))))) (PUNCT ,) (fs (SCONJ perché) (f (sn (DET le) (NOUN navi)) (ibar (PRON si) (AUX erano) (VERB fatte)) (compin (sa (ADJ veloci))))) (PUNCT ,) (fs (SCONJ mentre) (f (sn (DET la) (sa (ADJ vecchia)) (PROPN Tonno) (PROPN Feroce)) (ibar (AUX era)) (compc (sn (DET una) (NOUN nave) (sa (ADJ antica)))))) (PUNCT :) (fc (f (sn (PRON quelle)) (ibar (VERB scappavano))) (CCONJ e) (f (sn (DET i) (NOUN pirati)) (ibar (VERB cominciavano)) (compin (sv2 (ADP a) (VERB sentire) (compt (coord (sn (NOUN mal) (spd (ADP di) (sn (NOUN schiena)))) (CCONJ e) (sn (NOUN reumatismi)))))))) (PUNCT .)));;2,741151583;function
152;7;i;il;DET;det;pirati;(ROOT (fc (CCONJ Ma) (f (sn (DET le) (NOUN cose)) (ibar (VERB cominciarono)) (compin (sv2 (ADP ad) (VERB andar) (compin (savv (ADV male)))))) (PUNCT ,) (fs (SCONJ perché) (f (sn (DET le) (NOUN navi)) (ibar (PRON si) (AUX erano) (VERB fatte)) (compin (sa (ADJ veloci))))) (PUNCT ,) (fs (SCONJ mentre) (f (sn (DET la) (sa (ADJ vecchia)) (PROPN Tonno) (PROPN Feroce)) (ibar (AUX era)) (compc (sn (DET una) (NOUN nave) (sa (ADJ antica)))))) (PUNCT :) (fc (f (sn (PRON quelle)) (ibar (VERB scappavano))) (CCONJ e) (f (sn (DET i) (NOUN pirati)) (ibar (VERB cominciavano)) (compin (sv2 (ADP a) (VERB sentire) (compt (coord (sn (NOUN mal) (spd (ADP di) (sn (NOUN schiena)))) (CCONJ e) (sn (NOUN reumatismi)))))))) (PUNCT .)));;6,584780852;function
153;7;pirati;pirata;NOUN;nsubj;cominciavano;(ROOT (fc (CCONJ Ma) (f (sn (DET le) (NOUN cose)) (ibar (VERB cominciarono)) (compin (sv2 (ADP ad) (VERB andar) (compin (savv (ADV male)))))) (PUNCT ,) (fs (SCONJ perché) (f (sn (DET le) (NOUN navi)) (ibar (PRON si) (AUX erano) (VERB fatte)) (compin (sa (ADJ veloci))))) (PUNCT ,) (fs (SCONJ mentre) (f (sn (DET la) (sa (ADJ vecchia)) (PROPN Tonno) (PROPN Feroce)) (ibar (AUX era)) (compc (sn (DET una) (NOUN nave) (sa (ADJ antica)))))) (PUNCT :) (fc (f (sn (PRON quelle)) (ibar (VERB scappavano))) (CCONJ e) (f (sn (DET i) (NOUN pirati)) (ibar (VERB cominciavano)) (compin (sv2 (ADP a) (VERB sentire) (compt (coord (sn (NOUN mal) (spd (ADP di) (sn (NOUN schiena)))) (CCONJ e) (sn (NOUN reumatismi)))))))) (PUNCT .)));;3,784209297;content
154;7;cominciavano;cominciare;VERB;conj;scappavano;(ROOT (fc (CCONJ Ma) (f (sn (DET le) (NOUN cose)) (ibar (VERB cominciarono)) (compin (sv2 (ADP ad) (VERB andar) (compin (savv (ADV male)))))) (PUNCT ,) (fs (SCONJ perché) (f (sn (DET le) (NOUN navi)) (ibar (PRON si) (AUX erano) (VERB fatte)) (compin (sa (ADJ veloci))))) (PUNCT ,) (fs (SCONJ mentre) (f (sn (DET la) (sa (ADJ vecchia)) (PROPN Tonno) (PROPN Feroce)) (ibar (AUX era)) (compc (sn (DET una) (NOUN nave) (sa (ADJ antica)))))) (PUNCT :) (fc (f (sn (PRON quelle)) (ibar (VERB scappavano))) (CCONJ e) (f (sn (DET i) (NOUN pirati)) (ibar (VERB cominciavano)) (compin (sv2 (ADP a) (VERB sentire) (compt (coord (sn (NOUN mal) (spd (ADP di) (sn (NOUN schiena)))) (CCONJ e) (sn (NOUN reumatismi)))))))) (PUNCT .)));;2,764954498;content
155;7;a;a;ADP;mark;sentire;(ROOT (fc (CCONJ Ma) (f (sn (DET le) (NOUN cose)) (ibar (VERB cominciarono)) (compin (sv2 (ADP ad) (VERB andar) (compin (savv (ADV male)))))) (PUNCT ,) (fs (SCONJ perché) (f (sn (DET le) (NOUN navi)) (ibar (PRON si) (AUX erano) (VERB fatte)) (compin (sa (ADJ veloci))))) (PUNCT ,) (fs (SCONJ mentre) (f (sn (DET la) (sa (ADJ vecchia)) (PROPN Tonno) (PROPN Feroce)) (ibar (AUX era)) (compc (sn (DET una) (NOUN nave) (sa (ADJ antica)))))) (PUNCT :) (fc (f (sn (PRON quelle)) (ibar (VERB scappavano))) (CCONJ e) (f (sn (DET i) (NOUN pirati)) (ibar (VERB cominciavano)) (compin (sv2 (ADP a) (VERB sentire) (compt (coord (sn (NOUN mal) (spd (ADP di) (sn (NOUN schiena)))) (CCONJ e) (sn (NOUN reumatismi)))))))) (PUNCT .)));;7,004335738;function
156;7;sentire;sentire;VERB;xcomp;cominciavano;(ROOT (fc (CCONJ Ma) (f (sn (DET le) (NOUN cose)) (ibar (VERB cominciarono)) (compin (sv2 (ADP ad) (VERB andar) (compin (savv (ADV male)))))) (PUNCT ,) (fs (SCONJ perché) (f (sn (DET le) (NOUN navi)) (ibar (PRON si) (AUX erano) (VERB fatte)) (compin (sa (ADJ veloci))))) (PUNCT ,) (fs (SCONJ mentre) (f (sn (DET la) (sa (ADJ vecchia)) (PROPN Tonno) (PROPN Feroce)) (ibar (AUX era)) (compc (sn (DET una) (NOUN nave) (sa (ADJ antica)))))) (PUNCT :) (fc (f (sn (PRON quelle)) (ibar (VERB scappavano))) (CCONJ e) (f (sn (DET i) (NOUN pirati)) (ibar (VERB cominciavano)) (compin (sv2 (ADP a) (VERB sentire) (compt (coord (sn (NOUN mal) (spd (ADP di) (sn (NOUN schiena)))) (CCONJ e) (sn (NOUN reumatismi)))))))) (PUNCT .)));4.24 ± 1.67;5,231011073;content
157;7;mal;male;NOUN;obj;sentire;(ROOT (fc (CCONJ Ma) (f (sn (DET le) (NOUN cose)) (ibar (VERB cominciarono)) (compin (sv2 (ADP ad) (VERB andar) (compin (savv (ADV male)))))) (PUNCT ,) (fs (SCONJ perché) (f (sn (DET le) (NOUN navi)) (ibar (PRON si) (AUX erano) (VERB fatte)) (compin (sa (ADJ veloci))))) (PUNCT ,) (fs (SCONJ mentre) (f (sn (DET la) (sa (ADJ vecchia)) (PROPN Tonno) (PROPN Feroce)) (ibar (AUX era)) (compc (sn (DET una) (NOUN nave) (sa (ADJ antica)))))) (PUNCT :) (fc (f (sn (PRON quelle)) (ibar (VERB scappavano))) (CCONJ e) (f (sn (DET i) (NOUN pirati)) (ibar (VERB cominciavano)) (compin (sv2 (ADP a) (VERB sentire) (compt (coord (sn (NOUN mal) (spd (ADP di) (sn (NOUN schiena)))) (CCONJ e) (sn (NOUN reumatismi)))))))) (PUNCT .)));;4,431722001;content
158;7;di;di;ADP;case;schiena;(ROOT (fc (CCONJ Ma) (f (sn (DET le) (NOUN cose)) (ibar (VERB cominciarono)) (compin (sv2 (ADP ad) (VERB andar) (compin (savv (ADV male)))))) (PUNCT ,) (fs (SCONJ perché) (f (sn (DET le) (NOUN navi)) (ibar (PRON si) (AUX erano) (VERB fatte)) (compin (sa (ADJ veloci))))) (PUNCT ,) (fs (SCONJ mentre) (f (sn (DET la) (sa (ADJ vecchia)) (PROPN Tonno) (PROPN Feroce)) (ibar (AUX era)) (compc (sn (DET una) (NOUN nave) (sa (ADJ antica)))))) (PUNCT :) (fc (f (sn (PRON quelle)) (ibar (VERB scappavano))) (CCONJ e) (f (sn (DET i) (NOUN pirati)) (ibar (VERB cominciavano)) (compin (sv2 (ADP a) (VERB sentire) (compt (coord (sn (NOUN mal) (spd (ADP di) (sn (NOUN schiena)))) (CCONJ e) (sn (NOUN reumatismi)))))))) (PUNCT .)));;7,232814475;function
159;7;schiena;schiena;NOUN;nmod;mal;(ROOT (fc (CCONJ Ma) (f (sn (DET le) (NOUN cose)) (ibar (VERB cominciarono)) (compin (sv2 (ADP ad) (VERB andar) (compin (savv (ADV male)))))) (PUNCT ,) (fs (SCONJ perché) (f (sn (DET le) (NOUN navi)) (ibar (PRON si) (AUX erano) (VERB fatte)) (compin (sa (ADJ veloci))))) (PUNCT ,) (fs (SCONJ mentre) (f (sn (DET la) (sa (ADJ vecchia)) (PROPN Tonno) (PROPN Feroce)) (ibar (AUX era)) (compc (sn (DET una) (NOUN nave) (sa (ADJ antica)))))) (PUNCT :) (fc (f (sn (PRON quelle)) (ibar (VERB scappavano))) (CCONJ e) (f (sn (DET i) (NOUN pirati)) (ibar (VERB cominciavano)) (compin (sv2 (ADP a) (VERB sentire) (compt (coord (sn (NOUN mal) (spd (ADP di) (sn (NOUN schiena)))) (CCONJ e) (sn (NOUN reumatismi)))))))) (PUNCT .)));4.40 ± 1.47;4,545127741;content
160;7;e;e;CCONJ;cc;reumatismi;(ROOT (fc (CCONJ Ma) (f (sn (DET le) (NOUN cose)) (ibar (VERB cominciarono)) (compin (sv2 (ADP ad) (VERB andar) (compin (savv (ADV male)))))) (PUNCT ,) (fs (SCONJ perché) (f (sn (DET le) (NOUN navi)) (ibar (PRON si) (AUX erano) (VERB fatte)) (compin (sa (ADJ veloci))))) (PUNCT ,) (fs (SCONJ mentre) (f (sn (DET la) (sa (ADJ vecchia)) (PROPN Tonno) (PROPN Feroce)) (ibar (AUX era)) (compc (sn (DET una) (NOUN nave) (sa (ADJ antica)))))) (PUNCT :) (fc (f (sn (PRON quelle)) (ibar (VERB scappavano))) (CCONJ e) (f (sn (DET i) (NOUN pirati)) (ibar (VERB cominciavano)) (compin (sv2 (ADP a) (VERB sentire) (compt (coord (sn (NOUN mal) (spd (ADP di) (sn (NOUN schiena)))) (CCONJ e) (sn (NOUN reumatismi)))))))) (PUNCT .)));;2,741151583;function
161;7;reumatismi;reumatismo;NOUN;conj;mal;(ROOT (fc (CCONJ Ma) (f (sn (DET le) (NOUN cose)) (ibar (VERB cominciarono)) (compin (sv2 (ADP ad) (VERB andar) (compin (savv (ADV male)))))) (PUNCT ,) (fs (SCONJ perché) (f (sn (DET le) (NOUN navi)) (ibar (PRON si) (AUX erano) (VERB fatte)) (compin (sa (ADJ veloci))))) (PUNCT ,) (fs (SCONJ mentre) (f (sn (DET la) (sa (ADJ vecchia)) (PROPN Tonno) (PROPN Feroce)) (ibar (AUX era)) (compc (sn (DET una) (NOUN nave) (sa (ADJ antica)))))) (PUNCT :) (fc (f (sn (PRON quelle)) (ibar (VERB scappavano))) (CCONJ e) (f (sn (DET i) (NOUN pirati)) (ibar (VERB cominciavano)) (compin (sv2 (ADP a) (VERB sentire) (compt (coord (sn (NOUN mal) (spd (ADP di) (sn (NOUN schiena)))) (CCONJ e) (sn (NOUN reumatismi)))))))) (PUNCT .)));;2,764954498;content
162;8;insomma;insomma;ADV;advmod;rendeva;(ROOT (fc (ADV Insomma) (PUNCT ,) (f (sn (DET la) (NOUN pirateria)) (ibar (ADV non) (VERB rendeva)) (compt (sc (ADP come) (sn (DET una) (NOUN volta) (PUNCT .)))))));;4,942702562;content
163;8;la;il;DET;det;pirateria;(ROOT (fc (ADV Insomma) (PUNCT ,) (f (sn (DET la) (NOUN pirateria)) (ibar (ADV non) (VERB rendeva)) (compt (sc (ADP come) (sn (DET una) (NOUN volta) (PUNCT .)))))));;7,055331658;function
164;8;pirateria;pirateria;NOUN;nsubj;rendeva;(ROOT (fc (ADV Insomma) (PUNCT ,) (f (sn (DET la) (NOUN pirateria)) (ibar (ADV non) (VERB rendeva)) (compt (sc (ADP come) (sn (DET una) (NOUN volta) (PUNCT .)))))));;2,919277012;content
165;8;non;non;ADV;advmod;rendeva;(ROOT (fc (ADV Insomma) (PUNCT ,) (f (sn (DET la) (NOUN pirateria)) (ibar (ADV non) (VERB rendeva)) (compt (sc (ADP come) (sn (DET una) (NOUN volta) (PUNCT .)))))));;7,259198169;content
166;8;rendeva;rendere;VERB;root;ROOT;(ROOT (fc (ADV Insomma) (PUNCT ,) (f (sn (DET la) (NOUN pirateria)) (ibar (ADV non) (VERB rendeva)) (compt (sc (ADP come) (sn (DET una) (NOUN volta) (PUNCT .)))))));;3,379851714;content
167;8;come;come;ADP;case;volta;(ROOT (fc (ADV Insomma) (PUNCT ,) (f (sn (DET la) (NOUN pirateria)) (ibar (ADV non) (VERB rendeva)) (compt (sc (ADP come) (sn (DET una) (NOUN volta) (PUNCT .)))))));;6,562704781;function
168;8;una;uno;DET;det;volta;(ROOT (fc (ADV Insomma) (PUNCT ,) (f (sn (DET la) (NOUN pirateria)) (ibar (ADV non) (VERB rendeva)) (compt (sc (ADP come) (sn (DET una) (NOUN volta) (PUNCT .)))))));;6,801817508;function
169;8;volta;volta;NOUN;obl;rendeva;(ROOT (fc (ADV Insomma) (PUNCT ,) (f (sn (DET la) (NOUN pirateria)) (ibar (ADV non) (VERB rendeva)) (compt (sc (ADP come) (sn (DET una) (NOUN volta) (PUNCT .)))))));;5,820011577;content
170;9;dopo;dopo;ADP;case;anni;(ROOT (cp (sp (ADP Dopo) (sn (NUM tre) (NOUN anni) (spd (ADP di) (sn (NOUN affari) (sa (coord (ADJ magri) (CCONJ e) (NOUN stenti))))))) (PUNCT ,) (f (ibar (VERB disse)) (compt (sn (PROPN Gigi) (PROPN Trinciasquali)))) (PUNCT :)));;5,792396528;function
171;9;tre;tre;NUM;nummod;anni;(ROOT (cp (sp (ADP Dopo) (sn (NUM tre) (NOUN anni) (spd (ADP di) (sn (NOUN affari) (sa (coord (ADJ magri) (CCONJ e) (NOUN stenti))))))) (PUNCT ,) (f (ibar (VERB disse)) (compt (sn (PROPN Gigi) (PROPN Trinciasquali)))) (PUNCT :)));;5,607871462;NaN
172;9;anni;anno;NOUN;obl;disse;(ROOT (cp (sp (ADP Dopo) (sn (NUM tre) (NOUN anni) (spd (ADP di) (sn (NOUN affari) (sa (coord (ADJ magri) (CCONJ e) (NOUN stenti))))))) (PUNCT ,) (f (ibar (VERB disse)) (compt (sn (PROPN Gigi) (PROPN Trinciasquali)))) (PUNCT :)));3.84 ± 2.12;5,860848812;content
173;9;di;di;ADP;case;affari;(ROOT (cp (sp (ADP Dopo) (sn (NUM tre) (NOUN anni) (spd (ADP di) (sn (NOUN affari) (sa (coord (ADJ magri) (CCONJ e) (NOUN stenti))))))) (PUNCT ,) (f (ibar (VERB disse)) (compt (sn (PROPN Gigi) (PROPN Trinciasquali)))) (PUNCT :)));;7,232814475;function
174;9;affari;affare;NOUN;nmod;anni;(ROOT (cp (sp (ADP Dopo) (sn (NUM tre) (NOUN anni) (spd (ADP di) (sn (NOUN affari) (sa (coord (ADJ magri) (CCONJ e) (NOUN stenti))))))) (PUNCT ,) (f (ibar (VERB disse)) (compt (sn (PROPN Gigi) (PROPN Trinciasquali)))) (PUNCT :)));;5,10433968;content
175;9;magri;magro;ADJ;amod;affari;(ROOT (cp (sp (ADP Dopo) (sn (NUM tre) (NOUN anni) (spd (ADP di) (sn (NOUN affari) (sa (coord (ADJ magri) (CCONJ e) (NOUN stenti))))))) (PUNCT ,) (f (ibar (VERB disse)) (compt (sn (PROPN Gigi) (PROPN Trinciasquali)))) (PUNCT :)));;2,9151991;content
176;9;e;e;CCONJ;cc;stenti;(ROOT (cp (sp (ADP Dopo) (sn (NUM tre) (NOUN anni) (spd (ADP di) (sn (NOUN affari) (sa (coord (ADJ magri) (CCONJ e) (NOUN stenti))))))) (PUNCT ,) (f (ibar (VERB disse)) (compt (sn (PROPN Gigi) (PROPN Trinciasquali)))) (PUNCT :)));;2,741151583;function
177;9;stenti;stente;NOUN;conj;magri;(ROOT (cp (sp (ADP Dopo) (sn (NUM tre) (NOUN anni) (spd (ADP di) (sn (NOUN affari) (sa (coord (ADJ magri) (CCONJ e) (NOUN stenti))))))) (PUNCT ,) (f (ibar (VERB disse)) (compt (sn (PROPN Gigi) (PROPN Trinciasquali)))) (PUNCT :)));;2,561991092;content
178;9;disse;dire;VERB;root;ROOT;(ROOT (cp (sp (ADP Dopo) (sn (NUM tre) (NOUN anni) (spd (ADP di) (sn (NOUN affari) (sa (coord (ADJ magri) (CCONJ e) (NOUN stenti))))))) (PUNCT ,) (f (ibar (VERB disse)) (compt (sn (PROPN Gigi) (PROPN Trinciasquali)))) (PUNCT :)));4.08 ± 1.73;4,869305017;content
179;9;gigi;Gigi;PROPN;nsubj;disse;(ROOT (cp (sp (ADP Dopo) (sn (NUM tre) (NOUN anni) (spd (ADP di) (sn (NOUN affari) (sa (coord (ADJ magri) (CCONJ e) (NOUN stenti))))))) (PUNCT ,) (f (ibar (VERB disse)) (compt (sn (PROPN Gigi) (PROPN Trinciasquali)))) (PUNCT :)));;;content
180;9;trinciasquali;Trinciasquali;PROPN;flat:name;Gigi;(ROOT (cp (sp (ADP Dopo) (sn (NUM tre) (NOUN anni) (spd (ADP di) (sn (NOUN affari) (sa (coord (ADJ magri) (CCONJ e) (NOUN stenti))))))) (PUNCT ,) (f (ibar (VERB disse)) (compt (sn (PROPN Gigi) (PROPN Trinciasquali)))) (PUNCT :)));;;content
181;10;bella;bello;ADJ;amod;ciurma;(ROOT (cp_int (fp (PUNCT -) (sn (sa (ADJ Bella)) (NOUN ciurma)) (PUNCT ,)) (f (ibar (VERB sapete)) (compt (fint (PRON cosa) (f (ir_infl (VERB faremo)))))) (PUNCT ?)));3.80 ± 2.35;5,484893151;content
182;10;ciurma;ciurma;NOUN;root;ROOT;(ROOT (cp_int (fp (PUNCT -) (sn (sa (ADJ Bella)) (NOUN ciurma)) (PUNCT ,)) (f (ibar (VERB sapete)) (compt (fint (PRON cosa) (f (ir_infl (VERB faremo)))))) (PUNCT ?)));;3,268291135;content
183;10;sapete;sapere;VERB;parataxis;ciurma;(ROOT (cp_int (fp (PUNCT -) (sn (sa (ADJ Bella)) (NOUN ciurma)) (PUNCT ,)) (f (ibar (VERB sapete)) (compt (fint (PRON cosa) (f (ir_infl (VERB faremo)))))) (PUNCT ?)));;5,126858533;content
184;10;cosa;cosa;PRON;obj;faremo;(ROOT (cp_int (fp (PUNCT -) (sn (sa (ADJ Bella)) (NOUN ciurma)) (PUNCT ,)) (f (ibar (VERB sapete)) (compt (fint (PRON cosa) (f (ir_infl (VERB faremo)))))) (PUNCT ?)));;6,632253028;function
185;10;faremo;fare;VERB;ccomp;sapete;(ROOT (cp_int (fp (PUNCT -) (sn (sa (ADJ Bella)) (NOUN ciurma)) (PUNCT ,)) (f (ibar (VERB sapete)) (compt (fint (PRON cosa) (f (ir_infl (VERB faremo)))))) (PUNCT ?)));4.40 ± 2.22;5,066013445;content
186;11;torneremo;tornare;VERB;root;ROOT;(ROOT (f (ir_infl (VERB Torneremo)) (compin (sp (ADP su) (sn (DET l') (NOUN isola) (f2 (ADV dove) (fc (f (ibar (AUX abbiamo) (VERB sepolto)) (compt (sn (DET il) (NOUN tesoro)))) (PUNCT ,) (f (ir_infl (PRON lo) (VERB tireremo)) (compt (savv (ADV fuori)))) (PUNCT ,) (f (ibar (PRON lo) (VERB divideremo)) (compt (sp (ADP fra) (sn (PRON noi))))) (PUNCT ,) (CCONJ e) (f (ir_infl (VERB vivremo)) (compin (spda (ADP da) (sn (sa (ADJ gran)) (NOUN signori))) (sp (ADP in) (sn (DET i) (NOUN porti) (spd (ADP di) (sn (sq (DET tutto)) (DET il) (NOUN mondo)))))))))))) (PUNCT !)));;4,107640308;content
187;11;su;su;ADP;case;isola;(ROOT (f (ir_infl (VERB Torneremo)) (compin (sp (ADP su) (sn (DET l') (NOUN isola) (f2 (ADV dove) (fc (f (ibar (AUX abbiamo) (VERB sepolto)) (compt (sn (DET il) (NOUN tesoro)))) (PUNCT ,) (f (ir_infl (PRON lo) (VERB tireremo)) (compt (savv (ADV fuori)))) (PUNCT ,) (f (ibar (PRON lo) (VERB divideremo)) (compt (sp (ADP fra) (sn (PRON noi))))) (PUNCT ,) (CCONJ e) (f (ir_infl (VERB vivremo)) (compin (spda (ADP da) (sn (sa (ADJ gran)) (NOUN signori))) (sp (ADP in) (sn (DET i) (NOUN porti) (spd (ADP di) (sn (sq (DET tutto)) (DET il) (NOUN mondo)))))))))))) (PUNCT !)));;6,000068652;function
188;11;l;il;DET;det;isola;(ROOT (f (ir_infl (VERB Torneremo)) (compin (sp (ADP su) (sn (DET l') (NOUN isola) (f2 (ADV dove) (fc (f (ibar (AUX abbiamo) (VERB sepolto)) (compt (sn (DET il) (NOUN tesoro)))) (PUNCT ,) (f (ir_infl (PRON lo) (VERB tireremo)) (compt (savv (ADV fuori)))) (PUNCT ,) (f (ibar (PRON lo) (VERB divideremo)) (compt (sp (ADP fra) (sn (PRON noi))))) (PUNCT ,) (CCONJ e) (f (ir_infl (VERB vivremo)) (compin (spda (ADP da) (sn (sa (ADJ gran)) (NOUN signori))) (sp (ADP in) (sn (DET i) (NOUN porti) (spd (ADP di) (sn (sq (DET tutto)) (DET il) (NOUN mondo)))))))))))) (PUNCT !)));;6,640107629;function
189;11;isola;isola;NOUN;obl;Torneremo;(ROOT (f (ir_infl (VERB Torneremo)) (compin (sp (ADP su) (sn (DET l') (NOUN isola) (f2 (ADV dove) (fc (f (ibar (AUX abbiamo) (VERB sepolto)) (compt (sn (DET il) (NOUN tesoro)))) (PUNCT ,) (f (ir_infl (PRON lo) (VERB tireremo)) (compt (savv (ADV fuori)))) (PUNCT ,) (f (ibar (PRON lo) (VERB divideremo)) (compt (sp (ADP fra) (sn (PRON noi))))) (PUNCT ,) (CCONJ e) (f (ir_infl (VERB vivremo)) (compin (spda (ADP da) (sn (sa (ADJ gran)) (NOUN signori))) (sp (ADP in) (sn (DET i) (NOUN porti) (spd (ADP di) (sn (sq (DET tutto)) (DET il) (NOUN mondo)))))))))))) (PUNCT !)));;4,597293065;content
190;11;dove;dove;ADV;advmod;sepolto;(ROOT (f (ir_infl (VERB Torneremo)) (compin (sp (ADP su) (sn (DET l') (NOUN isola) (f2 (ADV dove) (fc (f (ibar (AUX abbiamo) (VERB sepolto)) (compt (sn (DET il) (NOUN tesoro)))) (PUNCT ,) (f (ir_infl (PRON lo) (VERB tireremo)) (compt (savv (ADV fuori)))) (PUNCT ,) (f (ibar (PRON lo) (VERB divideremo)) (compt (sp (ADP fra) (sn (PRON noi))))) (PUNCT ,) (CCONJ e) (f (ir_infl (VERB vivremo)) (compin (spda (ADP da) (sn (sa (ADJ gran)) (NOUN signori))) (sp (ADP in) (sn (DET i) (NOUN porti) (spd (ADP di) (sn (sq (DET tutto)) (DET il) (NOUN mondo)))))))))))) (PUNCT !)));;6,018789847;content
191;11;abbiamo;avere;AUX;aux;sepolto;(ROOT (f (ir_infl (VERB Torneremo)) (compin (sp (ADP su) (sn (DET l') (NOUN isola) (f2 (ADV dove) (fc (f (ibar (AUX abbiamo) (VERB sepolto)) (compt (sn (DET il) (NOUN tesoro)))) (PUNCT ,) (f (ir_infl (PRON lo) (VERB tireremo)) (compt (savv (ADV fuori)))) (PUNCT ,) (f (ibar (PRON lo) (VERB divideremo)) (compt (sp (ADP fra) (sn (PRON noi))))) (PUNCT ,) (CCONJ e) (f (ir_infl (VERB vivremo)) (compin (spda (ADP da) (sn (sa (ADJ gran)) (NOUN signori))) (sp (ADP in) (sn (DET i) (NOUN porti) (spd (ADP di) (sn (sq (DET tutto)) (DET il) (NOUN mondo)))))))))))) (PUNCT !)));;6,107911164;function
192;11;sepolto;seppellire;VERB;acl:relcl;isola;(ROOT (f (ir_infl (VERB Torneremo)) (compin (sp (ADP su) (sn (DET l') (NOUN isola) (f2 (ADV dove) (fc (f (ibar (AUX abbiamo) (VERB sepolto)) (compt (sn (DET il) (NOUN tesoro)))) (PUNCT ,) (f (ir_infl (PRON lo) (VERB tireremo)) (compt (savv (ADV fuori)))) (PUNCT ,) (f (ibar (PRON lo) (VERB divideremo)) (compt (sp (ADP fra) (sn (PRON noi))))) (PUNCT ,) (CCONJ e) (f (ir_infl (VERB vivremo)) (compin (spda (ADP da) (sn (sa (ADJ gran)) (NOUN signori))) (sp (ADP in) (sn (DET i) (NOUN porti) (spd (ADP di) (sn (sq (DET tutto)) (DET il) (NOUN mondo)))))))))))) (PUNCT !)));;3,962877979;content
193;11;il;il;DET;det;tesoro;(ROOT (f (ir_infl (VERB Torneremo)) (compin (sp (ADP su) (sn (DET l') (NOUN isola) (f2 (ADV dove) (fc (f (ibar (AUX abbiamo) (VERB sepolto)) (compt (sn (DET il) (NOUN tesoro)))) (PUNCT ,) (f (ir_infl (PRON lo) (VERB tireremo)) (compt (savv (ADV fuori)))) (PUNCT ,) (f (ibar (PRON lo) (VERB divideremo)) (compt (sp (ADP fra) (sn (PRON noi))))) (PUNCT ,) (CCONJ e) (f (ir_infl (VERB vivremo)) (compin (spda (ADP da) (sn (sa (ADJ gran)) (NOUN signori))) (sp (ADP in) (sn (DET i) (NOUN porti) (spd (ADP di) (sn (sq (DET tutto)) (DET il) (NOUN mondo)))))))))))) (PUNCT !)));;7,039560886;function
194;11;tesoro;tesoro;NOUN;obj;sepolto;(ROOT (f (ir_infl (VERB Torneremo)) (compin (sp (ADP su) (sn (DET l') (NOUN isola) (f2 (ADV dove) (fc (f (ibar (AUX abbiamo) (VERB sepolto)) (compt (sn (DET il) (NOUN tesoro)))) (PUNCT ,) (f (ir_infl (PRON lo) (VERB tireremo)) (compt (savv (ADV fuori)))) (PUNCT ,) (f (ibar (PRON lo) (VERB divideremo)) (compt (sp (ADP fra) (sn (PRON noi))))) (PUNCT ,) (CCONJ e) (f (ir_infl (VERB vivremo)) (compin (spda (ADP da) (sn (sa (ADJ gran)) (NOUN signori))) (sp (ADP in) (sn (DET i) (NOUN porti) (spd (ADP di) (sn (sq (DET tutto)) (DET il) (NOUN mondo)))))))))))) (PUNCT !)));4.60 ± 1.89;5,475037998;content
195;11;lo;lo;PRON;obj;tireremo;(ROOT (f (ir_infl (VERB Torneremo)) (compin (sp (ADP su) (sn (DET l') (NOUN isola) (f2 (ADV dove) (fc (f (ibar (AUX abbiamo) (VERB sepolto)) (compt (sn (DET il) (NOUN tesoro)))) (PUNCT ,) (f (ir_infl (PRON lo) (VERB tireremo)) (compt (savv (ADV fuori)))) (PUNCT ,) (f (ibar (PRON lo) (VERB divideremo)) (compt (sp (ADP fra) (sn (PRON noi))))) (PUNCT ,) (CCONJ e) (f (ir_infl (VERB vivremo)) (compin (spda (ADP da) (sn (sa (ADJ gran)) (NOUN signori))) (sp (ADP in) (sn (DET i) (NOUN porti) (spd (ADP di) (sn (sq (DET tutto)) (DET il) (NOUN mondo)))))))))))) (PUNCT !)));;6,655915487;function
196;11;tireremo;tirare;VERB;conj;Torneremo;(ROOT (f (ir_infl (VERB Torneremo)) (compin (sp (ADP su) (sn (DET l') (NOUN isola) (f2 (ADV dove) (fc (f (ibar (AUX abbiamo) (VERB sepolto)) (compt (sn (DET il) (NOUN tesoro)))) (PUNCT ,) (f (ir_infl (PRON lo) (VERB tireremo)) (compt (savv (ADV fuori)))) (PUNCT ,) (f (ibar (PRON lo) (VERB divideremo)) (compt (sp (ADP fra) (sn (PRON noi))))) (PUNCT ,) (CCONJ e) (f (ir_infl (VERB vivremo)) (compin (spda (ADP da) (sn (sa (ADJ gran)) (NOUN signori))) (sp (ADP in) (sn (DET i) (NOUN porti) (spd (ADP di) (sn (sq (DET tutto)) (DET il) (NOUN mondo)))))))))))) (PUNCT !)));4.44 ± 1.92;3,358240565;content
197;11;fuori;fuori;ADV;advmod;tireremo;(ROOT (f (ir_infl (VERB Torneremo)) (compin (sp (ADP su) (sn (DET l') (NOUN isola) (f2 (ADV dove) (fc (f (ibar (AUX abbiamo) (VERB sepolto)) (compt (sn (DET il) (NOUN tesoro)))) (PUNCT ,) (f (ir_infl (PRON lo) (VERB tireremo)) (compt (savv (ADV fuori)))) (PUNCT ,) (f (ibar (PRON lo) (VERB divideremo)) (compt (sp (ADP fra) (sn (PRON noi))))) (PUNCT ,) (CCONJ e) (f (ir_infl (VERB vivremo)) (compin (spda (ADP da) (sn (sa (ADJ gran)) (NOUN signori))) (sp (ADP in) (sn (DET i) (NOUN porti) (spd (ADP di) (sn (sq (DET tutto)) (DET il) (NOUN mondo)))))))))))) (PUNCT !)));;5,872607584;content
198;11;lo;lo;PRON;obj;divideremo;(ROOT (f (ir_infl (VERB Torneremo)) (compin (sp (ADP su) (sn (DET l') (NOUN isola) (f2 (ADV dove) (fc (f (ibar (AUX abbiamo) (VERB sepolto)) (compt (sn (DET il) (NOUN tesoro)))) (PUNCT ,) (f (ir_infl (PRON lo) (VERB tireremo)) (compt (savv (ADV fuori)))) (PUNCT ,) (f (ibar (PRON lo) (VERB divideremo)) (compt (sp (ADP fra) (sn (PRON noi))))) (PUNCT ,) (CCONJ e) (f (ir_infl (VERB vivremo)) (compin (spda (ADP da) (sn (sa (ADJ gran)) (NOUN signori))) (sp (ADP in) (sn (DET i) (NOUN porti) (spd (ADP di) (sn (sq (DET tutto)) (DET il) (NOUN mondo)))))))))))) (PUNCT !)));;6,655915487;function
199;11;divideremo;dividere;VERB;conj;Torneremo;(ROOT (f (ir_infl (VERB Torneremo)) (compin (sp (ADP su) (sn (DET l') (NOUN isola) (f2 (ADV dove) (fc (f (ibar (AUX abbiamo) (VERB sepolto)) (compt (sn (DET il) (NOUN tesoro)))) (PUNCT ,) (f (ir_infl (PRON lo) (VERB tireremo)) (compt (savv (ADV fuori)))) (PUNCT ,) (f (ibar (PRON lo) (VERB divideremo)) (compt (sp (ADP fra) (sn (PRON noi))))) (PUNCT ,) (CCONJ e) (f (ir_infl (VERB vivremo)) (compin (spda (ADP da) (sn (sa (ADJ gran)) (NOUN signori))) (sp (ADP in) (sn (DET i) (NOUN porti) (spd (ADP di) (sn (sq (DET tutto)) (DET il) (NOUN mondo)))))))))))) (PUNCT !)));;3,249728717;content
200;11;fra;fra;ADP;case;noi;(ROOT (f (ir_infl (VERB Torneremo)) (compin (sp (ADP su) (sn (DET l') (NOUN isola) (f2 (ADV dove) (fc (f (ibar (AUX abbiamo) (VERB sepolto)) (compt (sn (DET il) (NOUN tesoro)))) (PUNCT ,) (f (ir_infl (PRON lo) (VERB tireremo)) (compt (savv (ADV fuori)))) (PUNCT ,) (f (ibar (PRON lo) (VERB divideremo)) (compt (sp (ADP fra) (sn (PRON noi))))) (PUNCT ,) (CCONJ e) (f (ir_infl (VERB vivremo)) (compin (spda (ADP da) (sn (sa (ADJ gran)) (NOUN signori))) (sp (ADP in) (sn (DET i) (NOUN porti) (spd (ADP di) (sn (sq (DET tutto)) (DET il) (NOUN mondo)))))))))))) (PUNCT !)));;5,034249462;function
201;11;noi;noi;PRON;obl;divideremo;(ROOT (f (ir_infl (VERB Torneremo)) (compin (sp (ADP su) (sn (DET l') (NOUN isola) (f2 (ADV dove) (fc (f (ibar (AUX abbiamo) (VERB sepolto)) (compt (sn (DET il) (NOUN tesoro)))) (PUNCT ,) (f (ir_infl (PRON lo) (VERB tireremo)) (compt (savv (ADV fuori)))) (PUNCT ,) (f (ibar (PRON lo) (VERB divideremo)) (compt (sp (ADP fra) (sn (PRON noi))))) (PUNCT ,) (CCONJ e) (f (ir_infl (VERB vivremo)) (compin (spda (ADP da) (sn (sa (ADJ gran)) (NOUN signori))) (sp (ADP in) (sn (DET i) (NOUN porti) (spd (ADP di) (sn (sq (DET tutto)) (DET il) (NOUN mondo)))))))))))) (PUNCT !)));;5,985902456;function
202;11;e;e;CCONJ;cc;vivremo;(ROOT (f (ir_infl (VERB Torneremo)) (compin (sp (ADP su) (sn (DET l') (NOUN isola) (f2 (ADV dove) (fc (f (ibar (AUX abbiamo) (VERB sepolto)) (compt (sn (DET il) (NOUN tesoro)))) (PUNCT ,) (f (ir_infl (PRON lo) (VERB tireremo)) (compt (savv (ADV fuori)))) (PUNCT ,) (f (ibar (PRON lo) (VERB divideremo)) (compt (sp (ADP fra) (sn (PRON noi))))) (PUNCT ,) (CCONJ e) (f (ir_infl (VERB vivremo)) (compin (spda (ADP da) (sn (sa (ADJ gran)) (NOUN signori))) (sp (ADP in) (sn (DET i) (NOUN porti) (spd (ADP di) (sn (sq (DET tutto)) (DET il) (NOUN mondo)))))))))))) (PUNCT !)));;2,741151583;function
203;11;vivremo;vivere;VERB;conj;Torneremo;(ROOT (f (ir_infl (VERB Torneremo)) (compin (sp (ADP su) (sn (DET l') (NOUN isola) (f2 (ADV dove) (fc (f (ibar (AUX abbiamo) (VERB sepolto)) (compt (sn (DET il) (NOUN tesoro)))) (PUNCT ,) (f (ir_infl (PRON lo) (VERB tireremo)) (compt (savv (ADV fuori)))) (PUNCT ,) (f (ibar (PRON lo) (VERB divideremo)) (compt (sp (ADP fra) (sn (PRON noi))))) (PUNCT ,) (CCONJ e) (f (ir_infl (VERB vivremo)) (compin (spda (ADP da) (sn (sa (ADJ gran)) (NOUN signori))) (sp (ADP in) (sn (DET i) (NOUN porti) (spd (ADP di) (sn (sq (DET tutto)) (DET il) (NOUN mondo)))))))))))) (PUNCT !)));;3,524370505;content
204;11;da;da;ADP;case;signori;(ROOT (f (ir_infl (VERB Torneremo)) (compin (sp (ADP su) (sn (DET l') (NOUN isola) (f2 (ADV dove) (fc (f (ibar (AUX abbiamo) (VERB sepolto)) (compt (sn (DET il) (NOUN tesoro)))) (PUNCT ,) (f (ir_infl (PRON lo) (VERB tireremo)) (compt (savv (ADV fuori)))) (PUNCT ,) (f (ibar (PRON lo) (VERB divideremo)) (compt (sp (ADP fra) (sn (PRON noi))))) (PUNCT ,) (CCONJ e) (f (ir_infl (VERB vivremo)) (compin (spda (ADP da) (sn (sa (ADJ gran)) (NOUN signori))) (sp (ADP in) (sn (DET i) (NOUN porti) (spd (ADP di) (sn (sq (DET tutto)) (DET il) (NOUN mondo)))))))))))) (PUNCT !)));;6,577812618;function
205;11;gran;grande;ADJ;amod;signori;(ROOT (f (ir_infl (VERB Torneremo)) (compin (sp (ADP su) (sn (DET l') (NOUN isola) (f2 (ADV dove) (fc (f (ibar (AUX abbiamo) (VERB sepolto)) (compt (sn (DET il) (NOUN tesoro)))) (PUNCT ,) (f (ir_infl (PRON lo) (VERB tireremo)) (compt (savv (ADV fuori)))) (PUNCT ,) (f (ibar (PRON lo) (VERB divideremo)) (compt (sp (ADP fra) (sn (PRON noi))))) (PUNCT ,) (CCONJ e) (f (ir_infl (VERB vivremo)) (compin (spda (ADP da) (sn (sa (ADJ gran)) (NOUN signori))) (sp (ADP in) (sn (DET i) (NOUN porti) (spd (ADP di) (sn (sq (DET tutto)) (DET il) (NOUN mondo)))))))))))) (PUNCT !)));4.64 ± 2.04;5,00500427;content
206;11;signori;signore;NOUN;obl;vivremo;(ROOT (f (ir_infl (VERB Torneremo)) (compin (sp (ADP su) (sn (DET l') (NOUN isola) (f2 (ADV dove) (fc (f (ibar (AUX abbiamo) (VERB sepolto)) (compt (sn (DET il) (NOUN tesoro)))) (PUNCT ,) (f (ir_infl (PRON lo) (VERB tireremo)) (compt (savv (ADV fuori)))) (PUNCT ,) (f (ibar (PRON lo) (VERB divideremo)) (compt (sp (ADP fra) (sn (PRON noi))))) (PUNCT ,) (CCONJ e) (f (ir_infl (VERB vivremo)) (compin (spda (ADP da) (sn (sa (ADJ gran)) (NOUN signori))) (sp (ADP in) (sn (DET i) (NOUN porti) (spd (ADP di) (sn (sq (DET tutto)) (DET il) (NOUN mondo)))))))))))) (PUNCT !)));5.16 ± 1.55;5,034623075;content
207;11;in;in;ADP;case;porti;(ROOT (f (ir_infl (VERB Torneremo)) (compin (sp (ADP su) (sn (DET l') (NOUN isola) (f2 (ADV dove) (fc (f (ibar (AUX abbiamo) (VERB sepolto)) (compt (sn (DET il) (NOUN tesoro)))) (PUNCT ,) (f (ir_infl (PRON lo) (VERB tireremo)) (compt (savv (ADV fuori)))) (PUNCT ,) (f (ibar (PRON lo) (VERB divideremo)) (compt (sp (ADP fra) (sn (PRON noi))))) (PUNCT ,) (CCONJ e) (f (ir_infl (VERB vivremo)) (compin (spda (ADP da) (sn (sa (ADJ gran)) (NOUN signori))) (sp (ADP in) (sn (DET i) (NOUN porti) (spd (ADP di) (sn (sq (DET tutto)) (DET il) (NOUN mondo)))))))))))) (PUNCT !)));;6,797274494;function
208;11;i;il;DET;det;porti;(ROOT (f (ir_infl (VERB Torneremo)) (compin (sp (ADP su) (sn (DET l') (NOUN isola) (f2 (ADV dove) (fc (f (ibar (AUX abbiamo) (VERB sepolto)) (compt (sn (DET il) (NOUN tesoro)))) (PUNCT ,) (f (ir_infl (PRON lo) (VERB tireremo)) (compt (savv (ADV fuori)))) (PUNCT ,) (f (ibar (PRON lo) (VERB divideremo)) (compt (sp (ADP fra) (sn (PRON noi))))) (PUNCT ,) (CCONJ e) (f (ir_infl (VERB vivremo)) (compin (spda (ADP da) (sn (sa (ADJ gran)) (NOUN signori))) (sp (ADP in) (sn (DET i) (NOUN porti) (spd (ADP di) (sn (sq (DET tutto)) (DET il) (NOUN mondo)))))))))))) (PUNCT !)));;6,584780852;function
209;11;porti;porto;NOUN;obl;vivremo;(ROOT (f (ir_infl (VERB Torneremo)) (compin (sp (ADP su) (sn (DET l') (NOUN isola) (f2 (ADV dove) (fc (f (ibar (AUX abbiamo) (VERB sepolto)) (compt (sn (DET il) (NOUN tesoro)))) (PUNCT ,) (f (ir_infl (PRON lo) (VERB tireremo)) (compt (savv (ADV fuori)))) (PUNCT ,) (f (ibar (PRON lo) (VERB divideremo)) (compt (sp (ADP fra) (sn (PRON noi))))) (PUNCT ,) (CCONJ e) (f (ir_infl (VERB vivremo)) (compin (spda (ADP da) (sn (sa (ADJ gran)) (NOUN signori))) (sp (ADP in) (sn (DET i) (NOUN porti) (spd (ADP di) (sn (sq (DET tutto)) (DET il) (NOUN mondo)))))))))))) (PUNCT !)));;4,788947302;content
210;11;di;di;ADP;case;mondo;(ROOT (f (ir_infl (VERB Torneremo)) (compin (sp (ADP su) (sn (DET l') (NOUN isola) (f2 (ADV dove) (fc (f (ibar (AUX abbiamo) (VERB sepolto)) (compt (sn (DET il) (NOUN tesoro)))) (PUNCT ,) (f (ir_infl (PRON lo) (VERB tireremo)) (compt (savv (ADV fuori)))) (PUNCT ,) (f (ibar (PRON lo) (VERB divideremo)) (compt (sp (ADP fra) (sn (PRON noi))))) (PUNCT ,) (CCONJ e) (f (ir_infl (VERB vivremo)) (compin (spda (ADP da) (sn (sa (ADJ gran)) (NOUN signori))) (sp (ADP in) (sn (DET i) (NOUN porti) (spd (ADP di) (sn (sq (DET tutto)) (DET il) (NOUN mondo)))))))))))) (PUNCT !)));;7,232814475;function
211;11;tutto;tutto;DET;det:predet;mondo;(ROOT (f (ir_infl (VERB Torneremo)) (compin (sp (ADP su) (sn (DET l') (NOUN isola) (f2 (ADV dove) (fc (f (ibar (AUX abbiamo) (VERB sepolto)) (compt (sn (DET il) (NOUN tesoro)))) (PUNCT ,) (f (ir_infl (PRON lo) (VERB tireremo)) (compt (savv (ADV fuori)))) (PUNCT ,) (f (ibar (PRON lo) (VERB divideremo)) (compt (sp (ADP fra) (sn (PRON noi))))) (PUNCT ,) (CCONJ e) (f (ir_infl (VERB vivremo)) (compin (spda (ADP da) (sn (sa (ADJ gran)) (NOUN signori))) (sp (ADP in) (sn (DET i) (NOUN porti) (spd (ADP di) (sn (sq (DET tutto)) (DET il) (NOUN mondo)))))))))))) (PUNCT !)));;6,306603623;function
212;11;il;il;DET;det;mondo;(ROOT (f (ir_infl (VERB Torneremo)) (compin (sp (ADP su) (sn (DET l') (NOUN isola) (f2 (ADV dove) (fc (f (ibar (AUX abbiamo) (VERB sepolto)) (compt (sn (DET il) (NOUN tesoro)))) (PUNCT ,) (f (ir_infl (PRON lo) (VERB tireremo)) (compt (savv (ADV fuori)))) (PUNCT ,) (f (ibar (PRON lo) (VERB divideremo)) (compt (sp (ADP fra) (sn (PRON noi))))) (PUNCT ,) (CCONJ e) (f (ir_infl (VERB vivremo)) (compin (spda (ADP da) (sn (sa (ADJ gran)) (NOUN signori))) (sp (ADP in) (sn (DET i) (NOUN porti) (spd (ADP di) (sn (sq (DET tutto)) (DET il) (NOUN mondo)))))))))))) (PUNCT !)));;7,039560886;function
213;11;mondo;mondo;NOUN;nmod;porti;(ROOT (f (ir_infl (VERB Torneremo)) (compin (sp (ADP su) (sn (DET l') (NOUN isola) (f2 (ADV dove) (fc (f (ibar (AUX abbiamo) (VERB sepolto)) (compt (sn (DET il) (NOUN tesoro)))) (PUNCT ,) (f (ir_infl (PRON lo) (VERB tireremo)) (compt (savv (ADV fuori)))) (PUNCT ,) (f (ibar (PRON lo) (VERB divideremo)) (compt (sp (ADP fra) (sn (PRON noi))))) (PUNCT ,) (CCONJ e) (f (ir_infl (VERB vivremo)) (compin (spda (ADP da) (sn (sa (ADJ gran)) (NOUN signori))) (sp (ADP in) (sn (DET i) (NOUN porti) (spd (ADP di) (sn (sq (DET tutto)) (DET il) (NOUN mondo)))))))))))) (PUNCT !)));4.72 ± 1.97;5,533168209;content
214;12;giusto;giusto;ADJ;root;ROOT;(ROOT (f3 (PUNCT -) (sa (ADJ Giusto)) (PUNCT ,) (sn (PROPN Trinciasquali)) (PUNCT !)));;5,657078795;content
215;12;trinciasquali;Trinciasquali;PROPN;vocative;Giusto;(ROOT (f3 (PUNCT -) (sa (ADJ Giusto)) (PUNCT ,) (sn (PROPN Trinciasquali)) (PUNCT !)));;;content
216;13;gridarono;gridare;VERB;root;ROOT;(ROOT (fc (fp (PUNCT –) (f (ibar (VERB gridarono)) (compt (sn (DET i) (NOUN pirati)))) (PUNCT ,)) (CCONJ e) (f (sn (DET la) (NOUN nave)) (ibar (VERB voltò)) (compt (sn (DET la) (NOUN prua)) (sp (ADP verso) (sn (DET l') (NOUN isola) (spd (ADP di) (sn (DET il) (NOUN tesoro) (PUNCT .)))))))));4.44 ± 2.08;2,03602127;content
217;13;i;il;DET;det;pirati;(ROOT (fc (fp (PUNCT –) (f (ibar (VERB gridarono)) (compt (sn (DET i) (NOUN pirati)))) (PUNCT ,)) (CCONJ e) (f (sn (DET la) (NOUN nave)) (ibar (VERB voltò)) (compt (sn (DET la) (NOUN prua)) (sp (ADP verso) (sn (DET l') (NOUN isola) (spd (ADP di) (sn (DET il) (NOUN tesoro) (PUNCT .)))))))));;6,584780852;function
218;13;pirati;pirata;NOUN;nsubj;gridarono;(ROOT (fc (fp (PUNCT –) (f (ibar (VERB gridarono)) (compt (sn (DET i) (NOUN pirati)))) (PUNCT ,)) (CCONJ e) (f (sn (DET la) (NOUN nave)) (ibar (VERB voltò)) (compt (sn (DET la) (NOUN prua)) (sp (ADP verso) (sn (DET l') (NOUN isola) (spd (ADP di) (sn (DET il) (NOUN tesoro) (PUNCT .)))))))));;3,784209297;content
219;13;e;e;CCONJ;cc;voltò;(ROOT (fc (fp (PUNCT –) (f (ibar (VERB gridarono)) (compt (sn (DET i) (NOUN pirati)))) (PUNCT ,)) (CCONJ e) (f (sn (DET la) (NOUN nave)) (ibar (VERB voltò)) (compt (sn (DET la) (NOUN prua)) (sp (ADP verso) (sn (DET l') (NOUN isola) (spd (ADP di) (sn (DET il) (NOUN tesoro) (PUNCT .)))))))));;2,741151583;function
220;13;la;il;DET;det;nave;(ROOT (fc (fp (PUNCT –) (f (ibar (VERB gridarono)) (compt (sn (DET i) (NOUN pirati)))) (PUNCT ,)) (CCONJ e) (f (sn (DET la) (NOUN nave)) (ibar (VERB voltò)) (compt (sn (DET la) (NOUN prua)) (sp (ADP verso) (sn (DET l') (NOUN isola) (spd (ADP di) (sn (DET il) (NOUN tesoro) (PUNCT .)))))))));;7,055331658;function
221;13;nave;nave;NOUN;nsubj;voltò;(ROOT (fc (fp (PUNCT –) (f (ibar (VERB gridarono)) (compt (sn (DET i) (NOUN pirati)))) (PUNCT ,)) (CCONJ e) (f (sn (DET la) (NOUN nave)) (ibar (VERB voltò)) (compt (sn (DET la) (NOUN prua)) (sp (ADP verso) (sn (DET l') (NOUN isola) (spd (ADP di) (sn (DET il) (NOUN tesoro) (PUNCT .)))))))));4.36 ± 1.87;4,988467744;content
222;13;voltò;volgere;VERB;conj;gridarono;(ROOT (fc (fp (PUNCT –) (f (ibar (VERB gridarono)) (compt (sn (DET i) (NOUN pirati)))) (PUNCT ,)) (CCONJ e) (f (sn (DET la) (NOUN nave)) (ibar (VERB voltò)) (compt (sn (DET la) (NOUN prua)) (sp (ADP verso) (sn (DET l') (NOUN isola) (spd (ADP di) (sn (DET il) (NOUN tesoro) (PUNCT .)))))))));;2,675223069;content
223;13;la;il;DET;det;prua;(ROOT (fc (fp (PUNCT –) (f (ibar (VERB gridarono)) (compt (sn (DET i) (NOUN pirati)))) (PUNCT ,)) (CCONJ e) (f (sn (DET la) (NOUN nave)) (ibar (VERB voltò)) (compt (sn (DET la) (NOUN prua)) (sp (ADP verso) (sn (DET l') (NOUN isola) (spd (ADP di) (sn (DET il) (NOUN tesoro) (PUNCT .)))))))));;7,055331658;function
224;13;prua;prua;NOUN;obj;voltò;(ROOT (fc (fp (PUNCT –) (f (ibar (VERB gridarono)) (compt (sn (DET i) (NOUN pirati)))) (PUNCT ,)) (CCONJ e) (f (sn (DET la) (NOUN nave)) (ibar (VERB voltò)) (compt (sn (DET la) (NOUN prua)) (sp (ADP verso) (sn (DET l') (NOUN isola) (spd (ADP di) (sn (DET il) (NOUN tesoro) (PUNCT .)))))))));;3,417523135;content
225;13;verso;verso;ADP;case;isola;(ROOT (fc (fp (PUNCT –) (f (ibar (VERB gridarono)) (compt (sn (DET i) (NOUN pirati)))) (PUNCT ,)) (CCONJ e) (f (sn (DET la) (NOUN nave)) (ibar (VERB voltò)) (compt (sn (DET la) (NOUN prua)) (sp (ADP verso) (sn (DET l') (NOUN isola) (spd (ADP di) (sn (DET il) (NOUN tesoro) (PUNCT .)))))))));;5,193046076;function
226;13;l;il;DET;det;isola;(ROOT (fc (fp (PUNCT –) (f (ibar (VERB gridarono)) (compt (sn (DET i) (NOUN pirati)))) (PUNCT ,)) (CCONJ e) (f (sn (DET la) (NOUN nave)) (ibar (VERB voltò)) (compt (sn (DET la) (NOUN prua)) (sp (ADP verso) (sn (DET l') (NOUN isola) (spd (ADP di) (sn (DET il) (NOUN tesoro) (PUNCT .)))))))));;6,640107629;function
227;13;isola;isola;NOUN;obl;voltò;(ROOT (fc (fp (PUNCT –) (f (ibar (VERB gridarono)) (compt (sn (DET i) (NOUN pirati)))) (PUNCT ,)) (CCONJ e) (f (sn (DET la) (NOUN nave)) (ibar (VERB voltò)) (compt (sn (DET la) (NOUN prua)) (sp (ADP verso) (sn (DET l') (NOUN isola) (spd (ADP di) (sn (DET il) (NOUN tesoro) (PUNCT .)))))))));;4,597293065;content
228;13;di;di;ADP;case;tesoro;(ROOT (fc (fp (PUNCT –) (f (ibar (VERB gridarono)) (compt (sn (DET i) (NOUN pirati)))) (PUNCT ,)) (CCONJ e) (f (sn (DET la) (NOUN nave)) (ibar (VERB voltò)) (compt (sn (DET la) (NOUN prua)) (sp (ADP verso) (sn (DET l') (NOUN isola) (spd (ADP di) (sn (DET il) (NOUN tesoro) (PUNCT .)))))))));;7,232814475;function
229;13;il;il;DET;det;tesoro;(ROOT (fc (fp (PUNCT –) (f (ibar (VERB gridarono)) (compt (sn (DET i) (NOUN pirati)))) (PUNCT ,)) (CCONJ e) (f (sn (DET la) (NOUN nave)) (ibar (VERB voltò)) (compt (sn (DET la) (NOUN prua)) (sp (ADP verso) (sn (DET l') (NOUN isola) (spd (ADP di) (sn (DET il) (NOUN tesoro) (PUNCT .)))))))));;7,039560886;function
230;13;tesoro;tesoro;NOUN;nmod;isola;(ROOT (fc (fp (PUNCT –) (f (ibar (VERB gridarono)) (compt (sn (DET i) (NOUN pirati)))) (PUNCT ,)) (CCONJ e) (f (sn (DET la) (NOUN nave)) (ibar (VERB voltò)) (compt (sn (DET la) (NOUN prua)) (sp (ADP verso) (sn (DET l') (NOUN isola) (spd (ADP di) (sn (DET il) (NOUN tesoro) (PUNCT .)))))))));4.60 ± 1.89;5,475037998;content
231;14;ma;ma;CCONJ;cc;era;(ROOT (cp_int (fc (CCONJ Ma) (fint (ADV dov') (f (ibar (AUX era)) (compc (sn (DET l') (NOUN isola) (spd (ADP di) (sn (DET il) (NOUN tesoro)))))))) (PUNCT ?)));;6,662005813;function
232;14;dov;dove;ADV;advmod;isola;(ROOT (cp_int (fc (CCONJ Ma) (fint (ADV dov') (f (ibar (AUX era)) (compc (sn (DET l') (NOUN isola) (spd (ADP di) (sn (DET il) (NOUN tesoro)))))))) (PUNCT ?)));;5,564019217;content
233;14;era;essere;AUX;root;ROOT;(ROOT (cp_int (fc (CCONJ Ma) (fint (ADV dov') (f (ibar (AUX era)) (compc (sn (DET l') (NOUN isola) (spd (ADP di) (sn (DET il) (NOUN tesoro)))))))) (PUNCT ?)));;6,283626334;function
234;14;l;il;DET;det;isola;(ROOT (cp_int (fc (CCONJ Ma) (fint (ADV dov') (f (ibar (AUX era)) (compc (sn (DET l') (NOUN isola) (spd (ADP di) (sn (DET il) (NOUN tesoro)))))))) (PUNCT ?)));;6,640107629;function
235;14;isola;isola;NOUN;nsubj;era;(ROOT (cp_int (fc (CCONJ Ma) (fint (ADV dov') (f (ibar (AUX era)) (compc (sn (DET l') (NOUN isola) (spd (ADP di) (sn (DET il) (NOUN tesoro)))))))) (PUNCT ?)));;4,597293065;content
236;14;di;di;ADP;case;tesoro;(ROOT (cp_int (fc (CCONJ Ma) (fint (ADV dov') (f (ibar (AUX era)) (compc (sn (DET l') (NOUN isola) (spd (ADP di) (sn (DET il) (NOUN tesoro)))))))) (PUNCT ?)));;7,232814475;function
237;14;il;il;DET;det;tesoro;(ROOT (cp_int (fc (CCONJ Ma) (fint (ADV dov') (f (ibar (AUX era)) (compc (sn (DET l') (NOUN isola) (spd (ADP di) (sn (DET il) (NOUN tesoro)))))))) (PUNCT ?)));;7,039560886;function
238;14;tesoro;tesoro;NOUN;nmod;isola;(ROOT (cp_int (fc (CCONJ Ma) (fint (ADV dov') (f (ibar (AUX era)) (compc (sn (DET l') (NOUN isola) (spd (ADP di) (sn (DET il) (NOUN tesoro)))))))) (PUNCT ?)));4.60 ± 1.89;5,475037998;content
239;15;il;il;DET;det;guaio;(ROOT (f (sn (DET Il) (NOUN guaio)) (ibar (VERB è)) (compc (fac (SCONJ che) (f (sq (PRON nessuno)) (ibar (PRON lo) (VERB ricordava)) (compt (savv (ADV bene)))))) (PUNCT ,) (fs (SCONJ perché) (f (sn (DET il) (NOUN mare)) (ibar (AUX è)) (compc (sa (ADJ pieno) (spd (ADP di) (sn (coord (NOUN isole) (CCONJ e) (NOUN isolotti)))))))) (PUNCT .)));;7,039560886;function
240;15;guaio;guaio;NOUN;nsubj;è;(ROOT (f (sn (DET Il) (NOUN guaio)) (ibar (VERB è)) (compc (fac (SCONJ che) (f (sq (PRON nessuno)) (ibar (PRON lo) (VERB ricordava)) (compt (savv (ADV bene)))))) (PUNCT ,) (fs (SCONJ perché) (f (sn (DET il) (NOUN mare)) (ibar (AUX è)) (compc (sa (ADJ pieno) (spd (ADP di) (sn (coord (NOUN isole) (CCONJ e) (NOUN isolotti)))))))) (PUNCT .)));4.80 ± 2.36;3,990952589;content
241;15;è;essere;VERB;root;ROOT;(ROOT (f (sn (DET Il) (NOUN guaio)) (ibar (VERB è)) (compc (fac (SCONJ che) (f (sq (PRON nessuno)) (ibar (PRON lo) (VERB ricordava)) (compt (savv (ADV bene)))))) (PUNCT ,) (fs (SCONJ perché) (f (sn (DET il) (NOUN mare)) (ibar (AUX è)) (compc (sa (ADJ pieno) (spd (ADP di) (sn (coord (NOUN isole) (CCONJ e) (NOUN isolotti)))))))) (PUNCT .)));;7,249521761;content
242;15;che;che;SCONJ;mark;ricordava;(ROOT (f (sn (DET Il) (NOUN guaio)) (ibar (VERB è)) (compc (fac (SCONJ che) (f (sq (PRON nessuno)) (ibar (PRON lo) (VERB ricordava)) (compt (savv (ADV bene)))))) (PUNCT ,) (fs (SCONJ perché) (f (sn (DET il) (NOUN mare)) (ibar (AUX è)) (compc (sa (ADJ pieno) (spd (ADP di) (sn (coord (NOUN isole) (CCONJ e) (NOUN isolotti)))))))) (PUNCT .)));;7,250456545;function
243;15;nessuno;nessuno;PRON;nsubj;ricordava;(ROOT (f (sn (DET Il) (NOUN guaio)) (ibar (VERB è)) (compc (fac (SCONJ che) (f (sq (PRON nessuno)) (ibar (PRON lo) (VERB ricordava)) (compt (savv (ADV bene)))))) (PUNCT ,) (fs (SCONJ perché) (f (sn (DET il) (NOUN mare)) (ibar (AUX è)) (compc (sa (ADJ pieno) (spd (ADP di) (sn (coord (NOUN isole) (CCONJ e) (NOUN isolotti)))))))) (PUNCT .)));;5,7664863;function
244;15;lo;lo;PRON;obj;ricordava;(ROOT (f (sn (DET Il) (NOUN guaio)) (ibar (VERB è)) (compc (fac (SCONJ che) (f (sq (PRON nessuno)) (ibar (PRON lo) (VERB ricordava)) (compt (savv (ADV bene)))))) (PUNCT ,) (fs (SCONJ perché) (f (sn (DET il) (NOUN mare)) (ibar (AUX è)) (compc (sa (ADJ pieno) (spd (ADP di) (sn (coord (NOUN isole) (CCONJ e) (NOUN isolotti)))))))) (PUNCT .)));;6,655915487;function
245;15;ricordava;ricordare;VERB;ccomp;è;(ROOT (f (sn (DET Il) (NOUN guaio)) (ibar (VERB è)) (compc (fac (SCONJ che) (f (sq (PRON nessuno)) (ibar (PRON lo) (VERB ricordava)) (compt (savv (ADV bene)))))) (PUNCT ,) (fs (SCONJ perché) (f (sn (DET il) (NOUN mare)) (ibar (AUX è)) (compc (sa (ADJ pieno) (spd (ADP di) (sn (coord (NOUN isole) (CCONJ e) (NOUN isolotti)))))))) (PUNCT .)));;3,516233602;content
246;15;bene;bene;ADV;advmod;ricordava;(ROOT (f (sn (DET Il) (NOUN guaio)) (ibar (VERB è)) (compc (fac (SCONJ che) (f (sq (PRON nessuno)) (ibar (PRON lo) (VERB ricordava)) (compt (savv (ADV bene)))))) (PUNCT ,) (fs (SCONJ perché) (f (sn (DET il) (NOUN mare)) (ibar (AUX è)) (compc (sa (ADJ pieno) (spd (ADP di) (sn (coord (NOUN isole) (CCONJ e) (NOUN isolotti)))))))) (PUNCT .)));;6,454992194;content
247;15;perché;perché;SCONJ;mark;pieno;(ROOT (f (sn (DET Il) (NOUN guaio)) (ibar (VERB è)) (compc (fac (SCONJ che) (f (sq (PRON nessuno)) (ibar (PRON lo) (VERB ricordava)) (compt (savv (ADV bene)))))) (PUNCT ,) (fs (SCONJ perché) (f (sn (DET il) (NOUN mare)) (ibar (AUX è)) (compc (sa (ADJ pieno) (spd (ADP di) (sn (coord (NOUN isole) (CCONJ e) (NOUN isolotti)))))))) (PUNCT .)));;5,965637226;function
248;15;il;il;DET;det;mare;(ROOT (f (sn (DET Il) (NOUN guaio)) (ibar (VERB è)) (compc (fac (SCONJ che) (f (sq (PRON nessuno)) (ibar (PRON lo) (VERB ricordava)) (compt (savv (ADV bene)))))) (PUNCT ,) (fs (SCONJ perché) (f (sn (DET il) (NOUN mare)) (ibar (AUX è)) (compc (sa (ADJ pieno) (spd (ADP di) (sn (coord (NOUN isole) (CCONJ e) (NOUN isolotti)))))))) (PUNCT .)));;7,039560886;function
249;15;mare;mare;NOUN;nsubj;pieno;(ROOT (f (sn (DET Il) (NOUN guaio)) (ibar (VERB è)) (compc (fac (SCONJ che) (f (sq (PRON nessuno)) (ibar (PRON lo) (VERB ricordava)) (compt (savv (ADV bene)))))) (PUNCT ,) (fs (SCONJ perché) (f (sn (DET il) (NOUN mare)) (ibar (AUX è)) (compc (sa (ADJ pieno) (spd (ADP di) (sn (coord (NOUN isole) (CCONJ e) (NOUN isolotti)))))))) (PUNCT .)));3.72 ± 1.40;4,729999329;content
250;15;è;essere;AUX;cop;pieno;(ROOT (f (sn (DET Il) (NOUN guaio)) (ibar (VERB è)) (compc (fac (SCONJ che) (f (sq (PRON nessuno)) (ibar (PRON lo) (VERB ricordava)) (compt (savv (ADV bene)))))) (PUNCT ,) (fs (SCONJ perché) (f (sn (DET il) (NOUN mare)) (ibar (AUX è)) (compc (sa (ADJ pieno) (spd (ADP di) (sn (coord (NOUN isole) (CCONJ e) (NOUN isolotti)))))))) (PUNCT .)));;7,249521761;function
251;15;pieno;pieno;ADJ;advcl;ricordava;(ROOT (f (sn (DET Il) (NOUN guaio)) (ibar (VERB è)) (compc (fac (SCONJ che) (f (sq (PRON nessuno)) (ibar (PRON lo) (VERB ricordava)) (compt (savv (ADV bene)))))) (PUNCT ,) (fs (SCONJ perché) (f (sn (DET il) (NOUN mare)) (ibar (AUX è)) (compc (sa (ADJ pieno) (spd (ADP di) (sn (coord (NOUN isole) (CCONJ e) (NOUN isolotti)))))))) (PUNCT .)));4.56 ± 2.86;4,865876178;content
252;15;di;di;ADP;case;isole;(ROOT (f (sn (DET Il) (NOUN guaio)) (ibar (VERB è)) (compc (fac (SCONJ che) (f (sq (PRON nessuno)) (ibar (PRON lo) (VERB ricordava)) (compt (savv (ADV bene)))))) (PUNCT ,) (fs (SCONJ perché) (f (sn (DET il) (NOUN mare)) (ibar (AUX è)) (compc (sa (ADJ pieno) (spd (ADP di) (sn (coord (NOUN isole) (CCONJ e) (NOUN isolotti)))))))) (PUNCT .)));;7,232814475;function
253;15;isole;isola;NOUN;obl;pieno;(ROOT (f (sn (DET Il) (NOUN guaio)) (ibar (VERB è)) (compc (fac (SCONJ che) (f (sq (PRON nessuno)) (ibar (PRON lo) (VERB ricordava)) (compt (savv (ADV bene)))))) (PUNCT ,) (fs (SCONJ perché) (f (sn (DET il) (NOUN mare)) (ibar (AUX è)) (compc (sa (ADJ pieno) (spd (ADP di) (sn (coord (NOUN isole) (CCONJ e) (NOUN isolotti)))))))) (PUNCT .)));;3,772417772;content
254;15;e;e;CCONJ;cc;isolotti;(ROOT (f (sn (DET Il) (NOUN guaio)) (ibar (VERB è)) (compc (fac (SCONJ che) (f (sq (PRON nessuno)) (ibar (PRON lo) (VERB ricordava)) (compt (savv (ADV bene)))))) (PUNCT ,) (fs (SCONJ perché) (f (sn (DET il) (NOUN mare)) (ibar (AUX è)) (compc (sa (ADJ pieno) (spd (ADP di) (sn (coord (NOUN isole) (CCONJ e) (NOUN isolotti)))))))) (PUNCT .)));;2,741151583;function
255;15;isolotti;isolotto;NOUN;conj;isole;(ROOT (f (sn (DET Il) (NOUN guaio)) (ibar (VERB è)) (compc (fac (SCONJ che) (f (sq (PRON nessuno)) (ibar (PRON lo) (VERB ricordava)) (compt (savv (ADV bene)))))) (PUNCT ,) (fs (SCONJ perché) (f (sn (DET il) (NOUN mare)) (ibar (AUX è)) (compc (sa (ADJ pieno) (spd (ADP di) (sn (coord (NOUN isole) (CCONJ e) (NOUN isolotti)))))))) (PUNCT .)));;1,367014489;content
256;16;i;il;DET;det;pirati;(ROOT (dirsp (f (sn (DET I) (NOUN pirati) (spd (ADP di) (sn (DET la) (PROPN Tonno) (PROPN Feroce))) (sp (ADP ad) (sn (sq (DET ogni)) (NOUN isola)))) (ibar (VERB gridavano))) (PUNCT :) (PUNCT -) (f (ibar (AUX È)) (compc (sn (PRON quella)))) (PUNCT !)));;6,584780852;function
257;16;pirati;pirata;NOUN;nsubj;gridavano;(ROOT (dirsp (f (sn (DET I) (NOUN pirati) (spd (ADP di) (sn (DET la) (PROPN Tonno) (PROPN Feroce))) (sp (ADP ad) (sn (sq (DET ogni)) (NOUN isola)))) (ibar (VERB gridavano))) (PUNCT :) (PUNCT -) (f (ibar (AUX È)) (compc (sn (PRON quella)))) (PUNCT !)));;3,784209297;content
258;16;di;di;ADP;case;Tonno;(ROOT (dirsp (f (sn (DET I) (NOUN pirati) (spd (ADP di) (sn (DET la) (PROPN Tonno) (PROPN Feroce))) (sp (ADP ad) (sn (sq (DET ogni)) (NOUN isola)))) (ibar (VERB gridavano))) (PUNCT :) (PUNCT -) (f (ibar (AUX È)) (compc (sn (PRON quella)))) (PUNCT !)));;7,232814475;function
259;16;la;il;DET;det;Tonno;(ROOT (dirsp (f (sn (DET I) (NOUN pirati) (spd (ADP di) (sn (DET la) (PROPN Tonno) (PROPN Feroce))) (sp (ADP ad) (sn (sq (DET ogni)) (NOUN isola)))) (ibar (VERB gridavano))) (PUNCT :) (PUNCT -) (f (ibar (AUX È)) (compc (sn (PRON quella)))) (PUNCT !)));;7,055331658;function
260;16;tonno;Tonno;PROPN;nmod;pirati;(ROOT (dirsp (f (sn (DET I) (NOUN pirati) (spd (ADP di) (sn (DET la) (PROPN Tonno) (PROPN Feroce))) (sp (ADP ad) (sn (sq (DET ogni)) (NOUN isola)))) (ibar (VERB gridavano))) (PUNCT :) (PUNCT -) (f (ibar (AUX È)) (compc (sn (PRON quella)))) (PUNCT !)));;3,662214941;content
261;16;feroce;Feroce;PROPN;flat:name;Tonno;(ROOT (dirsp (f (sn (DET I) (NOUN pirati) (spd (ADP di) (sn (DET la) (PROPN Tonno) (PROPN Feroce))) (sp (ADP ad) (sn (sq (DET ogni)) (NOUN isola)))) (ibar (VERB gridavano))) (PUNCT :) (PUNCT -) (f (ibar (AUX È)) (compc (sn (PRON quella)))) (PUNCT !)));;3,533345911;content
262;16;ad;a;ADP;case;isola;(ROOT (dirsp (f (sn (DET I) (NOUN pirati) (spd (ADP di) (sn (DET la) (PROPN Tonno) (PROPN Feroce))) (sp (ADP ad) (sn (sq (DET ogni)) (NOUN isola)))) (ibar (VERB gridavano))) (PUNCT :) (PUNCT -) (f (ibar (AUX È)) (compc (sn (PRON quella)))) (PUNCT !)));;5,934389877;function
263;16;ogni;ogni;DET;det;isola;(ROOT (dirsp (f (sn (DET I) (NOUN pirati) (spd (ADP di) (sn (DET la) (PROPN Tonno) (PROPN Feroce))) (sp (ADP ad) (sn (sq (DET ogni)) (NOUN isola)))) (ibar (VERB gridavano))) (PUNCT :) (PUNCT -) (f (ibar (AUX È)) (compc (sn (PRON quella)))) (PUNCT !)));;5,722242451;function
264;16;isola;isola;NOUN;obl;gridavano;(ROOT (dirsp (f (sn (DET I) (NOUN pirati) (spd (ADP di) (sn (DET la) (PROPN Tonno) (PROPN Feroce))) (sp (ADP ad) (sn (sq (DET ogni)) (NOUN isola)))) (ibar (VERB gridavano))) (PUNCT :) (PUNCT -) (f (ibar (AUX È)) (compc (sn (PRON quella)))) (PUNCT !)));;4,597293065;content
265;16;gridavano;gridare;VERB;root;ROOT;(ROOT (dirsp (f (sn (DET I) (NOUN pirati) (spd (ADP di) (sn (DET la) (PROPN Tonno) (PROPN Feroce))) (sp (ADP ad) (sn (sq (DET ogni)) (NOUN isola)))) (ibar (VERB gridavano))) (PUNCT :) (PUNCT -) (f (ibar (AUX È)) (compc (sn (PRON quella)))) (PUNCT !)));4.44 ± 2.08;2,808971327;content
266;16;è;essere;AUX;cop;quella;(ROOT (dirsp (f (sn (DET I) (NOUN pirati) (spd (ADP di) (sn (DET la) (PROPN Tonno) (PROPN Feroce))) (sp (ADP ad) (sn (sq (DET ogni)) (NOUN isola)))) (ibar (VERB gridavano))) (PUNCT :) (PUNCT -) (f (ibar (AUX È)) (compc (sn (PRON quella)))) (PUNCT !)));;7,249521761;function
267;16;quella;quello;PRON;parataxis;gridavano;(ROOT (dirsp (f (sn (DET I) (NOUN pirati) (spd (ADP di) (sn (DET la) (PROPN Tonno) (PROPN Feroce))) (sp (ADP ad) (sn (sq (DET ogni)) (NOUN isola)))) (ibar (VERB gridavano))) (PUNCT :) (PUNCT -) (f (ibar (AUX È)) (compc (sn (PRON quella)))) (PUNCT !)));;5,939281839;function
268;17;sbarcavano;sbarcare;VERB;root;ROOT;(ROOT (fc (f (ibar (VERB Sbarcavano))) (PUNCT ,) (f (ibar (VERB scavavano))) (PUNCT :) (fc (CCONJ ma) (f3 (sn (sq (DET niente)) (NOUN tesoro)))) (PUNCT .)));;1,367014489;content
269;17;scavavano;scavare;VERB;conj;Sbarcavano;(ROOT (fc (f (ibar (VERB Sbarcavano))) (PUNCT ,) (f (ibar (VERB scavavano))) (PUNCT :) (fc (CCONJ ma) (f3 (sn (sq (DET niente)) (NOUN tesoro)))) (PUNCT .)));;1,96907448;content
270;17;ma;ma;CCONJ;cc;tesoro;(ROOT (fc (f (ibar (VERB Sbarcavano))) (PUNCT ,) (f (ibar (VERB scavavano))) (PUNCT :) (fc (CCONJ ma) (f3 (sn (sq (DET niente)) (NOUN tesoro)))) (PUNCT .)));;6,662005813;function
271;17;niente;niente;DET;det;tesoro;(ROOT (fc (f (ibar (VERB Sbarcavano))) (PUNCT ,) (f (ibar (VERB scavavano))) (PUNCT :) (fc (CCONJ ma) (f3 (sn (sq (DET niente)) (NOUN tesoro)))) (PUNCT .)));;6,061505616;function
272;17;tesoro;tesoro;NOUN;parataxis;Sbarcavano;(ROOT (fc (f (ibar (VERB Sbarcavano))) (PUNCT ,) (f (ibar (VERB scavavano))) (PUNCT :) (fc (CCONJ ma) (f3 (sn (sq (DET niente)) (NOUN tesoro)))) (PUNCT .)));4.60 ± 1.89;5,475037998;content
273;18;e;e;CCONJ;cc;scava;(ROOT (fc (CCONJ E) (f (ibar (VERB scava)) (compin (sp (ADP su) (sn (DET un') (NOUN isola))))) (PUNCT ,) (f (ibar (VERB scava)) (compin (sp (ADP su) (sn (NUM due))))) (PUNCT ,) (f (ibar (VERB avevano)) (compc (sn (DET i) (NOUN calli)) (sp (ADP a) (sn (DET le) (NOUN mani))))) (PUNCT ,) (f (ibar (AUX erano)) (compc (sa (coord (ADJ magri) (CCONJ e) (ADJ affamati))))) (PUNCT .)));;2,741151583;function
274;18;scava;scavare;VERB;root;ROOT;(ROOT (fc (CCONJ E) (f (ibar (VERB scava)) (compin (sp (ADP su) (sn (DET un') (NOUN isola))))) (PUNCT ,) (f (ibar (VERB scava)) (compin (sp (ADP su) (sn (NUM due))))) (PUNCT ,) (f (ibar (VERB avevano)) (compc (sn (DET i) (NOUN calli)) (sp (ADP a) (sn (DET le) (NOUN mani))))) (PUNCT ,) (f (ibar (AUX erano)) (compc (sa (coord (ADJ magri) (CCONJ e) (ADJ affamati))))) (PUNCT .)));;3,371335863;content
275;18;su;su;ADP;case;isola;(ROOT (fc (CCONJ E) (f (ibar (VERB scava)) (compin (sp (ADP su) (sn (DET un') (NOUN isola))))) (PUNCT ,) (f (ibar (VERB scava)) (compin (sp (ADP su) (sn (NUM due))))) (PUNCT ,) (f (ibar (VERB avevano)) (compc (sn (DET i) (NOUN calli)) (sp (ADP a) (sn (DET le) (NOUN mani))))) (PUNCT ,) (f (ibar (AUX erano)) (compc (sa (coord (ADJ magri) (CCONJ e) (ADJ affamati))))) (PUNCT .)));;6,000068652;function
276;18;un;uno;DET;det;isola;(ROOT (fc (CCONJ E) (f (ibar (VERB scava)) (compin (sp (ADP su) (sn (DET un') (NOUN isola))))) (PUNCT ,) (f (ibar (VERB scava)) (compin (sp (ADP su) (sn (NUM due))))) (PUNCT ,) (f (ibar (VERB avevano)) (compc (sn (DET i) (NOUN calli)) (sp (ADP a) (sn (DET le) (NOUN mani))))) (PUNCT ,) (f (ibar (AUX erano)) (compc (sa (coord (ADJ magri) (CCONJ e) (ADJ affamati))))) (PUNCT .)));;7,065833912;function
277;18;isola;isola;NOUN;obl;scava;(ROOT (fc (CCONJ E) (f (ibar (VERB scava)) (compin (sp (ADP su) (sn (DET un') (NOUN isola))))) (PUNCT ,) (f (ibar (VERB scava)) (compin (sp (ADP su) (sn (NUM due))))) (PUNCT ,) (f (ibar (VERB avevano)) (compc (sn (DET i) (NOUN calli)) (sp (ADP a) (sn (DET le) (NOUN mani))))) (PUNCT ,) (f (ibar (AUX erano)) (compc (sa (coord (ADJ magri) (CCONJ e) (ADJ affamati))))) (PUNCT .)));;4,597293065;content
278;18;scava;scavare;VERB;conj;scava;(ROOT (fc (CCONJ E) (f (ibar (VERB scava)) (compin (sp (ADP su) (sn (DET un') (NOUN isola))))) (PUNCT ,) (f (ibar (VERB scava)) (compin (sp (ADP su) (sn (NUM due))))) (PUNCT ,) (f (ibar (VERB avevano)) (compc (sn (DET i) (NOUN calli)) (sp (ADP a) (sn (DET le) (NOUN mani))))) (PUNCT ,) (f (ibar (AUX erano)) (compc (sa (coord (ADJ magri) (CCONJ e) (ADJ affamati))))) (PUNCT .)));;3,371335863;content
279;18;su;su;ADP;case;due;(ROOT (fc (CCONJ E) (f (ibar (VERB scava)) (compin (sp (ADP su) (sn (DET un') (NOUN isola))))) (PUNCT ,) (f (ibar (VERB scava)) (compin (sp (ADP su) (sn (NUM due))))) (PUNCT ,) (f (ibar (VERB avevano)) (compc (sn (DET i) (NOUN calli)) (sp (ADP a) (sn (DET le) (NOUN mani))))) (PUNCT ,) (f (ibar (AUX erano)) (compc (sa (coord (ADJ magri) (CCONJ e) (ADJ affamati))))) (PUNCT .)));;6,000068652;function
280;18;due;due;NUM;nummod;scava;(ROOT (fc (CCONJ E) (f (ibar (VERB scava)) (compin (sp (ADP su) (sn (DET un') (NOUN isola))))) (PUNCT ,) (f (ibar (VERB scava)) (compin (sp (ADP su) (sn (NUM due))))) (PUNCT ,) (f (ibar (VERB avevano)) (compc (sn (DET i) (NOUN calli)) (sp (ADP a) (sn (DET le) (NOUN mani))))) (PUNCT ,) (f (ibar (AUX erano)) (compc (sa (coord (ADJ magri) (CCONJ e) (ADJ affamati))))) (PUNCT .)));;5,996192947;NaN
281;18;avevano;avere;VERB;conj;scava;(ROOT (fc (CCONJ E) (f (ibar (VERB scava)) (compin (sp (ADP su) (sn (DET un') (NOUN isola))))) (PUNCT ,) (f (ibar (VERB scava)) (compin (sp (ADP su) (sn (NUM due))))) (PUNCT ,) (f (ibar (VERB avevano)) (compc (sn (DET i) (NOUN calli)) (sp (ADP a) (sn (DET le) (NOUN mani))))) (PUNCT ,) (f (ibar (AUX erano)) (compc (sa (coord (ADJ magri) (CCONJ e) (ADJ affamati))))) (PUNCT .)));;4,853444968;content
282;18;i;il;DET;det;calli;(ROOT (fc (CCONJ E) (f (ibar (VERB scava)) (compin (sp (ADP su) (sn (DET un') (NOUN isola))))) (PUNCT ,) (f (ibar (VERB scava)) (compin (sp (ADP su) (sn (NUM due))))) (PUNCT ,) (f (ibar (VERB avevano)) (compc (sn (DET i) (NOUN calli)) (sp (ADP a) (sn (DET le) (NOUN mani))))) (PUNCT ,) (f (ibar (AUX erano)) (compc (sa (coord (ADJ magri) (CCONJ e) (ADJ affamati))))) (PUNCT .)));;6,584780852;function
283;18;calli;callo;NOUN;obj;avevano;(ROOT (fc (CCONJ E) (f (ibar (VERB scava)) (compin (sp (ADP su) (sn (DET un') (NOUN isola))))) (PUNCT ,) (f (ibar (VERB scava)) (compin (sp (ADP su) (sn (NUM due))))) (PUNCT ,) (f (ibar (VERB avevano)) (compc (sn (DET i) (NOUN calli)) (sp (ADP a) (sn (DET le) (NOUN mani))))) (PUNCT ,) (f (ibar (AUX erano)) (compc (sa (coord (ADJ magri) (CCONJ e) (ADJ affamati))))) (PUNCT .)));;2,986803247;content
284;18;a;a;ADP;case;mani;(ROOT (fc (CCONJ E) (f (ibar (VERB scava)) (compin (sp (ADP su) (sn (DET un') (NOUN isola))))) (PUNCT ,) (f (ibar (VERB scava)) (compin (sp (ADP su) (sn (NUM due))))) (PUNCT ,) (f (ibar (VERB avevano)) (compc (sn (DET i) (NOUN calli)) (sp (ADP a) (sn (DET le) (NOUN mani))))) (PUNCT ,) (f (ibar (AUX erano)) (compc (sa (coord (ADJ magri) (CCONJ e) (ADJ affamati))))) (PUNCT .)));;7,004335738;function
285;18;le;il;DET;det;mani;(ROOT (fc (CCONJ E) (f (ibar (VERB scava)) (compin (sp (ADP su) (sn (DET un') (NOUN isola))))) (PUNCT ,) (f (ibar (VERB scava)) (compin (sp (ADP su) (sn (NUM due))))) (PUNCT ,) (f (ibar (VERB avevano)) (compc (sn (DET i) (NOUN calli)) (sp (ADP a) (sn (DET le) (NOUN mani))))) (PUNCT ,) (f (ibar (AUX erano)) (compc (sa (coord (ADJ magri) (CCONJ e) (ADJ affamati))))) (PUNCT .)));;6,624997683;function
286;18;mani;mano;NOUN;obl;avevano;(ROOT (fc (CCONJ E) (f (ibar (VERB scava)) (compin (sp (ADP su) (sn (DET un') (NOUN isola))))) (PUNCT ,) (f (ibar (VERB scava)) (compin (sp (ADP su) (sn (NUM due))))) (PUNCT ,) (f (ibar (VERB avevano)) (compc (sn (DET i) (NOUN calli)) (sp (ADP a) (sn (DET le) (NOUN mani))))) (PUNCT ,) (f (ibar (AUX erano)) (compc (sa (coord (ADJ magri) (CCONJ e) (ADJ affamati))))) (PUNCT .)));3.08 ± 0.86;5,2980314;content
287;18;erano;essere;AUX;cop;magri;(ROOT (fc (CCONJ E) (f (ibar (VERB scava)) (compin (sp (ADP su) (sn (DET un') (NOUN isola))))) (PUNCT ,) (f (ibar (VERB scava)) (compin (sp (ADP su) (sn (NUM due))))) (PUNCT ,) (f (ibar (VERB avevano)) (compc (sn (DET i) (NOUN calli)) (sp (ADP a) (sn (DET le) (NOUN mani))))) (PUNCT ,) (f (ibar (AUX erano)) (compc (sa (coord (ADJ magri) (CCONJ e) (ADJ affamati))))) (PUNCT .)));;5,476165392;function
288;18;magri;magro;ADJ;conj;scava;(ROOT (fc (CCONJ E) (f (ibar (VERB scava)) (compin (sp (ADP su) (sn (DET un') (NOUN isola))))) (PUNCT ,) (f (ibar (VERB scava)) (compin (sp (ADP su) (sn (NUM due))))) (PUNCT ,) (f (ibar (VERB avevano)) (compc (sn (DET i) (NOUN calli)) (sp (ADP a) (sn (DET le) (NOUN mani))))) (PUNCT ,) (f (ibar (AUX erano)) (compc (sa (coord (ADJ magri) (CCONJ e) (ADJ affamati))))) (PUNCT .)));;2,9151991;content
289;18;e;e;CCONJ;cc;affamati;(ROOT (fc (CCONJ E) (f (ibar (VERB scava)) (compin (sp (ADP su) (sn (DET un') (NOUN isola))))) (PUNCT ,) (f (ibar (VERB scava)) (compin (sp (ADP su) (sn (NUM due))))) (PUNCT ,) (f (ibar (VERB avevano)) (compc (sn (DET i) (NOUN calli)) (sp (ADP a) (sn (DET le) (NOUN mani))))) (PUNCT ,) (f (ibar (AUX erano)) (compc (sa (coord (ADJ magri) (CCONJ e) (ADJ affamati))))) (PUNCT .)));;2,741151583;function
290;18;affamati;affamato;ADJ;conj;magri;(ROOT (fc (CCONJ E) (f (ibar (VERB scava)) (compin (sp (ADP su) (sn (DET un') (NOUN isola))))) (PUNCT ,) (f (ibar (VERB scava)) (compin (sp (ADP su) (sn (NUM due))))) (PUNCT ,) (f (ibar (VERB avevano)) (compc (sn (DET i) (NOUN calli)) (sp (ADP a) (sn (DET le) (NOUN mani))))) (PUNCT ,) (f (ibar (AUX erano)) (compc (sa (coord (ADJ magri) (CCONJ e) (ADJ affamati))))) (PUNCT .)));4.84 ± 2.15;3,59746341;content
291;19;un;uno;DET;det;giorno;(ROOT (cp (sn (DET Un) (NOUN giorno)) (PUNCT ,) (ADV ecco) (f3 (sn (DET un') (NOUN isola) (sa (ADJ verde))) (sp (ADP in) (NOUN mezzo) (ADP a) (sn (DET il) (NOUN mare)))) (PUNCT .)));;7,065833912;function
292;19;giorno;giorno;NOUN;nmod;isola;(ROOT (cp (sn (DET Un) (NOUN giorno)) (PUNCT ,) (ADV ecco) (f3 (sn (DET un') (NOUN isola) (sa (ADJ verde))) (sp (ADP in) (NOUN mezzo) (ADP a) (sn (DET il) (NOUN mare)))) (PUNCT .)));3.80 ± 1.76;5,731502947;content
293;19;ecco;ecco;ADV;advmod;isola;(ROOT (cp (sn (DET Un) (NOUN giorno)) (PUNCT ,) (ADV ecco) (f3 (sn (DET un') (NOUN isola) (sa (ADJ verde))) (sp (ADP in) (NOUN mezzo) (ADP a) (sn (DET il) (NOUN mare)))) (PUNCT .)));;5,695815269;content
294;19;un;uno;DET;det;isola;(ROOT (cp (sn (DET Un) (NOUN giorno)) (PUNCT ,) (ADV ecco) (f3 (sn (DET un') (NOUN isola) (sa (ADJ verde))) (sp (ADP in) (NOUN mezzo) (ADP a) (sn (DET il) (NOUN mare)))) (PUNCT .)));;7,065833912;function
295;19;isola;isola;NOUN;root;ROOT;(ROOT (cp (sn (DET Un) (NOUN giorno)) (PUNCT ,) (ADV ecco) (f3 (sn (DET un') (NOUN isola) (sa (ADJ verde))) (sp (ADP in) (NOUN mezzo) (ADP a) (sn (DET il) (NOUN mare)))) (PUNCT .)));;4,597293065;content
296;19;verde;verde;ADJ;amod;isola;(ROOT (cp (sn (DET Un) (NOUN giorno)) (PUNCT ,) (ADV ecco) (f3 (sn (DET un') (NOUN isola) (sa (ADJ verde))) (sp (ADP in) (NOUN mezzo) (ADP a) (sn (DET il) (NOUN mare)))) (PUNCT .)));3.84 ± 1.37;4,586948127;content
297;19;in;in;ADP;case;mezzo;(ROOT (cp (sn (DET Un) (NOUN giorno)) (PUNCT ,) (ADV ecco) (f3 (sn (DET un') (NOUN isola) (sa (ADJ verde))) (sp (ADP in) (NOUN mezzo) (ADP a) (sn (DET il) (NOUN mare)))) (PUNCT .)));;6,797274494;function
298;19;mezzo;mezzo;NOUN;nmod;isola;(ROOT (cp (sn (DET Un) (NOUN giorno)) (PUNCT ,) (ADV ecco) (f3 (sn (DET un') (NOUN isola) (sa (ADJ verde))) (sp (ADP in) (NOUN mezzo) (ADP a) (sn (DET il) (NOUN mare)))) (PUNCT .)));;5,16145606;content
299;19;a;a;ADP;case;mare;(ROOT (cp (sn (DET Un) (NOUN giorno)) (PUNCT ,) (ADV ecco) (f3 (sn (DET un') (NOUN isola) (sa (ADJ verde))) (sp (ADP in) (NOUN mezzo) (ADP a) (sn (DET il) (NOUN mare)))) (PUNCT .)));;7,004335738;function
300;19;il;il;DET;det;mare;(ROOT (cp (sn (DET Un) (NOUN giorno)) (PUNCT ,) (ADV ecco) (f3 (sn (DET un') (NOUN isola) (sa (ADJ verde))) (sp (ADP in) (NOUN mezzo) (ADP a) (sn (DET il) (NOUN mare)))) (PUNCT .)));;7,039560886;function
301;19;mare;mare;NOUN;nmod;mezzo;(ROOT (cp (sn (DET Un) (NOUN giorno)) (PUNCT ,) (ADV ecco) (f3 (sn (DET un') (NOUN isola) (sa (ADJ verde))) (sp (ADP in) (NOUN mezzo) (ADP a) (sn (DET il) (NOUN mare)))) (PUNCT .)));3.72 ± 1.40;4,729999329;content
302;20;è;essere;AUX;cop;quella;(ROOT (dirsp (PUNCT -) (f (ibar (AUX È)) (compc (sn (PRON quella)) (fc (fp (fp (PUNCT ,) (savv (ADV forse)) (PUNCT …) (PUNCT -)) (f (ibar (VERB dissero)) (compt (sn (DET i) (NOUN pirati)))) (PUNCT ,)) (CCONJ ma) (sp (ADP senza) (sn (sq (DET troppa)) (NOUN fiducia)))))) (PUNCT .)));;7,249521761;function
303;20;quella;quello;PRON;root;ROOT;(ROOT (dirsp (PUNCT -) (f (ibar (AUX È)) (compc (sn (PRON quella)) (fc (fp (fp (PUNCT ,) (savv (ADV forse)) (PUNCT …) (PUNCT -)) (f (ibar (VERB dissero)) (compt (sn (DET i) (NOUN pirati)))) (PUNCT ,)) (CCONJ ma) (sp (ADP senza) (sn (sq (DET troppa)) (NOUN fiducia)))))) (PUNCT .)));;5,939281839;function
304;20;forse;forse;ADV;advmod;quella;(ROOT (dirsp (PUNCT -) (f (ibar (AUX È)) (compc (sn (PRON quella)) (fc (fp (fp (PUNCT ,) (savv (ADV forse)) (PUNCT …) (PUNCT -)) (f (ibar (VERB dissero)) (compt (sn (DET i) (NOUN pirati)))) (PUNCT ,)) (CCONJ ma) (sp (ADP senza) (sn (sq (DET troppa)) (NOUN fiducia)))))) (PUNCT .)));;5,904682499;content
305;20;dissero;dire;VERB;parataxis;quella;(ROOT (dirsp (PUNCT -) (f (ibar (AUX È)) (compc (sn (PRON quella)) (fc (fp (fp (PUNCT ,) (savv (ADV forse)) (PUNCT …) (PUNCT -)) (f (ibar (VERB dissero)) (compt (sn (DET i) (NOUN pirati)))) (PUNCT ,)) (CCONJ ma) (sp (ADP senza) (sn (sq (DET troppa)) (NOUN fiducia)))))) (PUNCT .)));4.08 ± 1.73;3,885528429;content
306;20;i;il;DET;det;pirati;(ROOT (dirsp (PUNCT -) (f (ibar (AUX È)) (compc (sn (PRON quella)) (fc (fp (fp (PUNCT ,) (savv (ADV forse)) (PUNCT …) (PUNCT -)) (f (ibar (VERB dissero)) (compt (sn (DET i) (NOUN pirati)))) (PUNCT ,)) (CCONJ ma) (sp (ADP senza) (sn (sq (DET troppa)) (NOUN fiducia)))))) (PUNCT .)));;6,584780852;function
307;20;pirati;pirata;NOUN;nsubj;dissero;(ROOT (dirsp (PUNCT -) (f (ibar (AUX È)) (compc (sn (PRON quella)) (fc (fp (fp (PUNCT ,) (savv (ADV forse)) (PUNCT …) (PUNCT -)) (f (ibar (VERB dissero)) (compt (sn (DET i) (NOUN pirati)))) (PUNCT ,)) (CCONJ ma) (sp (ADP senza) (sn (sq (DET troppa)) (NOUN fiducia)))))) (PUNCT .)));;3,784209297;content
308;20;ma;ma;CCONJ;cc;fiducia;(ROOT (dirsp (PUNCT -) (f (ibar (AUX È)) (compc (sn (PRON quella)) (fc (fp (fp (PUNCT ,) (savv (ADV forse)) (PUNCT …) (PUNCT -)) (f (ibar (VERB dissero)) (compt (sn (DET i) (NOUN pirati)))) (PUNCT ,)) (CCONJ ma) (sp (ADP senza) (sn (sq (DET troppa)) (NOUN fiducia)))))) (PUNCT .)));;6,662005813;function
309;20;senza;senza;ADP;case;fiducia;(ROOT (dirsp (PUNCT -) (f (ibar (AUX È)) (compc (sn (PRON quella)) (fc (fp (fp (PUNCT ,) (savv (ADV forse)) (PUNCT …) (PUNCT -)) (f (ibar (VERB dissero)) (compt (sn (DET i) (NOUN pirati)))) (PUNCT ,)) (CCONJ ma) (sp (ADP senza) (sn (sq (DET troppa)) (NOUN fiducia)))))) (PUNCT .)));;5,710022415;function
310;20;troppa;troppo;DET;det;fiducia;(ROOT (dirsp (PUNCT -) (f (ibar (AUX È)) (compc (sn (PRON quella)) (fc (fp (fp (PUNCT ,) (savv (ADV forse)) (PUNCT …) (PUNCT -)) (f (ibar (VERB dissero)) (compt (sn (DET i) (NOUN pirati)))) (PUNCT ,)) (CCONJ ma) (sp (ADP senza) (sn (sq (DET troppa)) (NOUN fiducia)))))) (PUNCT .)));;4,246301561;function
311;20;fiducia;fiducia;NOUN;obl;dissero;(ROOT (dirsp (PUNCT -) (f (ibar (AUX È)) (compc (sn (PRON quella)) (fc (fp (fp (PUNCT ,) (savv (ADV forse)) (PUNCT …) (PUNCT -)) (f (ibar (VERB dissero)) (compt (sn (DET i) (NOUN pirati)))) (PUNCT ,)) (CCONJ ma) (sp (ADP senza) (sn (sq (DET troppa)) (NOUN fiducia)))))) (PUNCT .)));8.20 ± 2.14;4,626847188;content
312;21;sbarcarono;sbarcare;VERB;root;ROOT;(ROOT (fc (f (ibar (VERB Sbarcarono))) (PUNCT ,) (CCONJ e) (f (ibar (VERB cominciarono)) (compin (sv2 (ADP a) (VERB scavare)))) (PUNCT ,) (CCONJ e) (f (ibar (ADV non) (VERB trovarono)) (compt (sn (DET il) (NOUN tesoro)) (savv (ADV nemmeno) (ADV lì)))) (dirsp (PUNCT :) (fc (fc (ADV però) (f (ibar (VERB trovarono)) (compt (spd (ADP di) (sn (DET i) (NOUN tuberi) (sa (ADJ grossi)))) (PUNCT ,) (spda (ADP da) (sn (DET la) (NOUN pelle) (sa (ADJ bruna))))))) (PUNCT .)))));;1,668044485;content
313;21;e;e;CCONJ;cc;cominciarono;(ROOT (fc (f (ibar (VERB Sbarcarono))) (PUNCT ,) (CCONJ e) (f (ibar (VERB cominciarono)) (compin (sv2 (ADP a) (VERB scavare)))) (PUNCT ,) (CCONJ e) (f (ibar (ADV non) (VERB trovarono)) (compt (sn (DET il) (NOUN tesoro)) (savv (ADV nemmeno) (ADV lì)))) (dirsp (PUNCT :) (fc (fc (ADV però) (f (ibar (VERB trovarono)) (compt (spd (ADP di) (sn (DET i) (NOUN tuberi) (sa (ADJ grossi)))) (PUNCT ,) (spda (ADP da) (sn (DET la) (NOUN pelle) (sa (ADJ bruna))))))) (PUNCT .)))));;2,741151583;function
314;21;cominciarono;cominciare;VERB;conj;Sbarcarono;(ROOT (fc (f (ibar (VERB Sbarcarono))) (PUNCT ,) (CCONJ e) (f (ibar (VERB cominciarono)) (compin (sv2 (ADP a) (VERB scavare)))) (PUNCT ,) (CCONJ e) (f (ibar (ADV non) (VERB trovarono)) (compt (sn (DET il) (NOUN tesoro)) (savv (ADV nemmeno) (ADV lì)))) (dirsp (PUNCT :) (fc (fc (ADV però) (f (ibar (VERB trovarono)) (compt (spd (ADP di) (sn (DET i) (NOUN tuberi) (sa (ADJ grossi)))) (PUNCT ,) (spda (ADP da) (sn (DET la) (NOUN pelle) (sa (ADJ bruna))))))) (PUNCT .)))));;3,412337468;content
315;21;a;a;ADP;mark;scavare;(ROOT (fc (f (ibar (VERB Sbarcarono))) (PUNCT ,) (CCONJ e) (f (ibar (VERB cominciarono)) (compin (sv2 (ADP a) (VERB scavare)))) (PUNCT ,) (CCONJ e) (f (ibar (ADV non) (VERB trovarono)) (compt (sn (DET il) (NOUN tesoro)) (savv (ADV nemmeno) (ADV lì)))) (dirsp (PUNCT :) (fc (fc (ADV però) (f (ibar (VERB trovarono)) (compt (spd (ADP di) (sn (DET i) (NOUN tuberi) (sa (ADJ grossi)))) (PUNCT ,) (spda (ADP da) (sn (DET la) (NOUN pelle) (sa (ADJ bruna))))))) (PUNCT .)))));;7,004335738;function
316;21;scavare;scavare;VERB;xcomp;cominciarono;(ROOT (fc (f (ibar (VERB Sbarcarono))) (PUNCT ,) (CCONJ e) (f (ibar (VERB cominciarono)) (compin (sv2 (ADP a) (VERB scavare)))) (PUNCT ,) (CCONJ e) (f (ibar (ADV non) (VERB trovarono)) (compt (sn (DET il) (NOUN tesoro)) (savv (ADV nemmeno) (ADV lì)))) (dirsp (PUNCT :) (fc (fc (ADV però) (f (ibar (VERB trovarono)) (compt (spd (ADP di) (sn (DET i) (NOUN tuberi) (sa (ADJ grossi)))) (PUNCT ,) (spda (ADP da) (sn (DET la) (NOUN pelle) (sa (ADJ bruna))))))) (PUNCT .)))));;4,0084886;content
317;21;e;e;CCONJ;cc;trovarono;(ROOT (fc (f (ibar (VERB Sbarcarono))) (PUNCT ,) (CCONJ e) (f (ibar (VERB cominciarono)) (compin (sv2 (ADP a) (VERB scavare)))) (PUNCT ,) (CCONJ e) (f (ibar (ADV non) (VERB trovarono)) (compt (sn (DET il) (NOUN tesoro)) (savv (ADV nemmeno) (ADV lì)))) (dirsp (PUNCT :) (fc (fc (ADV però) (f (ibar (VERB trovarono)) (compt (spd (ADP di) (sn (DET i) (NOUN tuberi) (sa (ADJ grossi)))) (PUNCT ,) (spda (ADP da) (sn (DET la) (NOUN pelle) (sa (ADJ bruna))))))) (PUNCT .)))));;2,741151583;function
318;21;non;non;ADV;advmod;trovarono;(ROOT (fc (f (ibar (VERB Sbarcarono))) (PUNCT ,) (CCONJ e) (f (ibar (VERB cominciarono)) (compin (sv2 (ADP a) (VERB scavare)))) (PUNCT ,) (CCONJ e) (f (ibar (ADV non) (VERB trovarono)) (compt (sn (DET il) (NOUN tesoro)) (savv (ADV nemmeno) (ADV lì)))) (dirsp (PUNCT :) (fc (fc (ADV però) (f (ibar (VERB trovarono)) (compt (spd (ADP di) (sn (DET i) (NOUN tuberi) (sa (ADJ grossi)))) (PUNCT ,) (spda (ADP da) (sn (DET la) (NOUN pelle) (sa (ADJ bruna))))))) (PUNCT .)))));;7,259198169;content
319;21;trovarono;trovare;VERB;conj;Sbarcarono;(ROOT (fc (f (ibar (VERB Sbarcarono))) (PUNCT ,) (CCONJ e) (f (ibar (VERB cominciarono)) (compin (sv2 (ADP a) (VERB scavare)))) (PUNCT ,) (CCONJ e) (f (ibar (ADV non) (VERB trovarono)) (compt (sn (DET il) (NOUN tesoro)) (savv (ADV nemmeno) (ADV lì)))) (dirsp (PUNCT :) (fc (fc (ADV però) (f (ibar (VERB trovarono)) (compt (spd (ADP di) (sn (DET i) (NOUN tuberi) (sa (ADJ grossi)))) (PUNCT ,) (spda (ADP da) (sn (DET la) (NOUN pelle) (sa (ADJ bruna))))))) (PUNCT .)))));4.24 ± 1.61;3,475353964;content
320;21;il;il;DET;det;tesoro;(ROOT (fc (f (ibar (VERB Sbarcarono))) (PUNCT ,) (CCONJ e) (f (ibar (VERB cominciarono)) (compin (sv2 (ADP a) (VERB scavare)))) (PUNCT ,) (CCONJ e) (f (ibar (ADV non) (VERB trovarono)) (compt (sn (DET il) (NOUN tesoro)) (savv (ADV nemmeno) (ADV lì)))) (dirsp (PUNCT :) (fc (fc (ADV però) (f (ibar (VERB trovarono)) (compt (spd (ADP di) (sn (DET i) (NOUN tuberi) (sa (ADJ grossi)))) (PUNCT ,) (spda (ADP da) (sn (DET la) (NOUN pelle) (sa (ADJ bruna))))))) (PUNCT .)))));;7,039560886;function
321;21;tesoro;tesoro;NOUN;obj;trovarono;(ROOT (fc (f (ibar (VERB Sbarcarono))) (PUNCT ,) (CCONJ e) (f (ibar (VERB cominciarono)) (compin (sv2 (ADP a) (VERB scavare)))) (PUNCT ,) (CCONJ e) (f (ibar (ADV non) (VERB trovarono)) (compt (sn (DET il) (NOUN tesoro)) (savv (ADV nemmeno) (ADV lì)))) (dirsp (PUNCT :) (fc (fc (ADV però) (f (ibar (VERB trovarono)) (compt (spd (ADP di) (sn (DET i) (NOUN tuberi) (sa (ADJ grossi)))) (PUNCT ,) (spda (ADP da) (sn (DET la) (NOUN pelle) (sa (ADJ bruna))))))) (PUNCT .)))));4.60 ± 1.89;5,475037998;content
322;21;nemmeno;nemmeno;ADV;advmod;lì;(ROOT (fc (f (ibar (VERB Sbarcarono))) (PUNCT ,) (CCONJ e) (f (ibar (VERB cominciarono)) (compin (sv2 (ADP a) (VERB scavare)))) (PUNCT ,) (CCONJ e) (f (ibar (ADV non) (VERB trovarono)) (compt (sn (DET il) (NOUN tesoro)) (savv (ADV nemmeno) (ADV lì)))) (dirsp (PUNCT :) (fc (fc (ADV però) (f (ibar (VERB trovarono)) (compt (spd (ADP di) (sn (DET i) (NOUN tuberi) (sa (ADJ grossi)))) (PUNCT ,) (spda (ADP da) (sn (DET la) (NOUN pelle) (sa (ADJ bruna))))))) (PUNCT .)))));;5,368733783;content
323;21;lì;lì;ADV;advmod;trovarono;(ROOT (fc (f (ibar (VERB Sbarcarono))) (PUNCT ,) (CCONJ e) (f (ibar (VERB cominciarono)) (compin (sv2 (ADP a) (VERB scavare)))) (PUNCT ,) (CCONJ e) (f (ibar (ADV non) (VERB trovarono)) (compt (sn (DET il) (NOUN tesoro)) (savv (ADV nemmeno) (ADV lì)))) (dirsp (PUNCT :) (fc (fc (ADV però) (f (ibar (VERB trovarono)) (compt (spd (ADP di) (sn (DET i) (NOUN tuberi) (sa (ADJ grossi)))) (PUNCT ,) (spda (ADP da) (sn (DET la) (NOUN pelle) (sa (ADJ bruna))))))) (PUNCT .)))));;;content
324;21;però;però;ADV;advmod;trovarono;(ROOT (fc (f (ibar (VERB Sbarcarono))) (PUNCT ,) (CCONJ e) (f (ibar (VERB cominciarono)) (compin (sv2 (ADP a) (VERB scavare)))) (PUNCT ,) (CCONJ e) (f (ibar (ADV non) (VERB trovarono)) (compt (sn (DET il) (NOUN tesoro)) (savv (ADV nemmeno) (ADV lì)))) (dirsp (PUNCT :) (fc (fc (ADV però) (f (ibar (VERB trovarono)) (compt (spd (ADP di) (sn (DET i) (NOUN tuberi) (sa (ADJ grossi)))) (PUNCT ,) (spda (ADP da) (sn (DET la) (NOUN pelle) (sa (ADJ bruna))))))) (PUNCT .)))));;5,274174947;content
325;21;trovarono;trovare;VERB;parataxis;Sbarcarono;(ROOT (fc (f (ibar (VERB Sbarcarono))) (PUNCT ,) (CCONJ e) (f (ibar (VERB cominciarono)) (compin (sv2 (ADP a) (VERB scavare)))) (PUNCT ,) (CCONJ e) (f (ibar (ADV non) (VERB trovarono)) (compt (sn (DET il) (NOUN tesoro)) (savv (ADV nemmeno) (ADV lì)))) (dirsp (PUNCT :) (fc (fc (ADV però) (f (ibar (VERB trovarono)) (compt (spd (ADP di) (sn (DET i) (NOUN tuberi) (sa (ADJ grossi)))) (PUNCT ,) (spda (ADP da) (sn (DET la) (NOUN pelle) (sa (ADJ bruna))))))) (PUNCT .)))));4.24 ± 1.61;3,475353964;content
326;21;di;di;ADP;case;tuberi;(ROOT (fc (f (ibar (VERB Sbarcarono))) (PUNCT ,) (CCONJ e) (f (ibar (VERB cominciarono)) (compin (sv2 (ADP a) (VERB scavare)))) (PUNCT ,) (CCONJ e) (f (ibar (ADV non) (VERB trovarono)) (compt (sn (DET il) (NOUN tesoro)) (savv (ADV nemmeno) (ADV lì)))) (dirsp (PUNCT :) (fc (fc (ADV però) (f (ibar (VERB trovarono)) (compt (spd (ADP di) (sn (DET i) (NOUN tuberi) (sa (ADJ grossi)))) (PUNCT ,) (spda (ADP da) (sn (DET la) (NOUN pelle) (sa (ADJ bruna))))))) (PUNCT .)))));;7,232814475;function
327;21;i;il;DET;det;tuberi;(ROOT (fc (f (ibar (VERB Sbarcarono))) (PUNCT ,) (CCONJ e) (f (ibar (VERB cominciarono)) (compin (sv2 (ADP a) (VERB scavare)))) (PUNCT ,) (CCONJ e) (f (ibar (ADV non) (VERB trovarono)) (compt (sn (DET il) (NOUN tesoro)) (savv (ADV nemmeno) (ADV lì)))) (dirsp (PUNCT :) (fc (fc (ADV però) (f (ibar (VERB trovarono)) (compt (spd (ADP di) (sn (DET i) (NOUN tuberi) (sa (ADJ grossi)))) (PUNCT ,) (spda (ADP da) (sn (DET la) (NOUN pelle) (sa (ADJ bruna))))))) (PUNCT .)))));;6,584780852;function
328;21;tuberi;tubere;NOUN;obl;trovarono;(ROOT (fc (f (ibar (VERB Sbarcarono))) (PUNCT ,) (CCONJ e) (f (ibar (VERB cominciarono)) (compin (sv2 (ADP a) (VERB scavare)))) (PUNCT ,) (CCONJ e) (f (ibar (ADV non) (VERB trovarono)) (compt (sn (DET il) (NOUN tesoro)) (savv (ADV nemmeno) (ADV lì)))) (dirsp (PUNCT :) (fc (fc (ADV però) (f (ibar (VERB trovarono)) (compt (spd (ADP di) (sn (DET i) (NOUN tuberi) (sa (ADJ grossi)))) (PUNCT ,) (spda (ADP da) (sn (DET la) (NOUN pelle) (sa (ADJ bruna))))))) (PUNCT .)))));;2,03602127;content
329;21;grossi;grosso;ADJ;amod;tuberi;(ROOT (fc (f (ibar (VERB Sbarcarono))) (PUNCT ,) (CCONJ e) (f (ibar (VERB cominciarono)) (compin (sv2 (ADP a) (VERB scavare)))) (PUNCT ,) (CCONJ e) (f (ibar (ADV non) (VERB trovarono)) (compt (sn (DET il) (NOUN tesoro)) (savv (ADV nemmeno) (ADV lì)))) (dirsp (PUNCT :) (fc (fc (ADV però) (f (ibar (VERB trovarono)) (compt (spd (ADP di) (sn (DET i) (NOUN tuberi) (sa (ADJ grossi)))) (PUNCT ,) (spda (ADP da) (sn (DET la) (NOUN pelle) (sa (ADJ bruna))))))) (PUNCT .)))));;4,233498742;content
330;21;da;da;ADP;case;pelle;(ROOT (fc (f (ibar (VERB Sbarcarono))) (PUNCT ,) (CCONJ e) (f (ibar (VERB cominciarono)) (compin (sv2 (ADP a) (VERB scavare)))) (PUNCT ,) (CCONJ e) (f (ibar (ADV non) (VERB trovarono)) (compt (sn (DET il) (NOUN tesoro)) (savv (ADV nemmeno) (ADV lì)))) (dirsp (PUNCT :) (fc (fc (ADV però) (f (ibar (VERB trovarono)) (compt (spd (ADP di) (sn (DET i) (NOUN tuberi) (sa (ADJ grossi)))) (PUNCT ,) (spda (ADP da) (sn (DET la) (NOUN pelle) (sa (ADJ bruna))))))) (PUNCT .)))));;6,577812618;function
331;21;la;il;DET;det;pelle;(ROOT (fc (f (ibar (VERB Sbarcarono))) (PUNCT ,) (CCONJ e) (f (ibar (VERB cominciarono)) (compin (sv2 (ADP a) (VERB scavare)))) (PUNCT ,) (CCONJ e) (f (ibar (ADV non) (VERB trovarono)) (compt (sn (DET il) (NOUN tesoro)) (savv (ADV nemmeno) (ADV lì)))) (dirsp (PUNCT :) (fc (fc (ADV però) (f (ibar (VERB trovarono)) (compt (spd (ADP di) (sn (DET i) (NOUN tuberi) (sa (ADJ grossi)))) (PUNCT ,) (spda (ADP da) (sn (DET la) (NOUN pelle) (sa (ADJ bruna))))))) (PUNCT .)))));;7,055331658;function
332;21;pelle;pelle;NOUN;conj;tuberi;(ROOT (fc (f (ibar (VERB Sbarcarono))) (PUNCT ,) (CCONJ e) (f (ibar (VERB cominciarono)) (compin (sv2 (ADP a) (VERB scavare)))) (PUNCT ,) (CCONJ e) (f (ibar (ADV non) (VERB trovarono)) (compt (sn (DET il) (NOUN tesoro)) (savv (ADV nemmeno) (ADV lì)))) (dirsp (PUNCT :) (fc (fc (ADV però) (f (ibar (VERB trovarono)) (compt (spd (ADP di) (sn (DET i) (NOUN tuberi) (sa (ADJ grossi)))) (PUNCT ,) (spda (ADP da) (sn (DET la) (NOUN pelle) (sa (ADJ bruna))))))) (PUNCT .)))));;4,724313938;content
333;21;bruna;bruno;ADJ;amod;pelle;(ROOT (fc (f (ibar (VERB Sbarcarono))) (PUNCT ,) (CCONJ e) (f (ibar (VERB cominciarono)) (compin (sv2 (ADP a) (VERB scavare)))) (PUNCT ,) (CCONJ e) (f (ibar (ADV non) (VERB trovarono)) (compt (sn (DET il) (NOUN tesoro)) (savv (ADV nemmeno) (ADV lì)))) (dirsp (PUNCT :) (fc (fc (ADV però) (f (ibar (VERB trovarono)) (compt (spd (ADP di) (sn (DET i) (NOUN tuberi) (sa (ADJ grossi)))) (PUNCT ,) (spda (ADP da) (sn (DET la) (NOUN pelle) (sa (ADJ bruna))))))) (PUNCT .)))));;3,212112529;content
334;22;erano;essere;AUX;cop;belli;(ROOT (fc (f (ibar (AUX Erano)) (sa (savv (ADV così)) (sa (coord (ADJ belli) (CCONJ e) (ADJ strani))) (fac (PRON che) (f (ibar (PRON li) (VERB fecero) (VERB cuocere)))))) (PUNCT ,) (CCONJ e) (f (ibar (PRON li) (VERB assaggiarono))) (PUNCT ,) (CCONJ e) (f (ibar (PRON li) (VERB trovarono)) (compt (sa (savv (ADV così)) (ADJ buoni) (fac (PRON che) (f (ibar (PRON li) (VERB cucinarono)) (compt (sp (ADP in) (sn (sq (DET molti)) (NOUN modi))))))) (dirsp (PUNCT :) (coord (sn (NOUN fritti)) (PUNCT ,) (sa (ADJ cotti)) (PUNCT ,) (sa (NOUN arrostiti)) (PUNCT ,) (sn (ADJ col) (NOUN prezzemolo)) (PUNCT ,) (sp (ADP a) (sn (NOUN pezzetti))) (PUNCT ,) (sp (ADP a) (sn (NOUN bastoncini))) (PUNCT ,) (sa (VERB schiacciati) (PUNCT .))))))));;5,476165392;function
335;22;così;così;ADV;advmod;belli;(ROOT (fc (f (ibar (AUX Erano)) (sa (savv (ADV così)) (sa (coord (ADJ belli) (CCONJ e) (ADJ strani))) (fac (PRON che) (f (ibar (PRON li) (VERB fecero) (VERB cuocere)))))) (PUNCT ,) (CCONJ e) (f (ibar (PRON li) (VERB assaggiarono))) (PUNCT ,) (CCONJ e) (f (ibar (PRON li) (VERB trovarono)) (compt (sa (savv (ADV così)) (ADJ buoni) (fac (PRON che) (f (ibar (PRON li) (VERB cucinarono)) (compt (sp (ADP in) (sn (sq (DET molti)) (NOUN modi))))))) (dirsp (PUNCT :) (coord (sn (NOUN fritti)) (PUNCT ,) (sa (ADJ cotti)) (PUNCT ,) (sa (NOUN arrostiti)) (PUNCT ,) (sn (ADJ col) (NOUN prezzemolo)) (PUNCT ,) (sp (ADP a) (sn (NOUN pezzetti))) (PUNCT ,) (sp (ADP a) (sn (NOUN bastoncini))) (PUNCT ,) (sa (VERB schiacciati) (PUNCT .))))))));;6,287788074;content
336;22;belli;bello;ADJ;root;ROOT;(ROOT (fc (f (ibar (AUX Erano)) (sa (savv (ADV così)) (sa (coord (ADJ belli) (CCONJ e) (ADJ strani))) (fac (PRON che) (f (ibar (PRON li) (VERB fecero) (VERB cuocere)))))) (PUNCT ,) (CCONJ e) (f (ibar (PRON li) (VERB assaggiarono))) (PUNCT ,) (CCONJ e) (f (ibar (PRON li) (VERB trovarono)) (compt (sa (savv (ADV così)) (ADJ buoni) (fac (PRON che) (f (ibar (PRON li) (VERB cucinarono)) (compt (sp (ADP in) (sn (sq (DET molti)) (NOUN modi))))))) (dirsp (PUNCT :) (coord (sn (NOUN fritti)) (PUNCT ,) (sa (ADJ cotti)) (PUNCT ,) (sa (NOUN arrostiti)) (PUNCT ,) (sn (ADJ col) (NOUN prezzemolo)) (PUNCT ,) (sp (ADP a) (sn (NOUN pezzetti))) (PUNCT ,) (sp (ADP a) (sn (NOUN bastoncini))) (PUNCT ,) (sa (VERB schiacciati) (PUNCT .))))))));3.80 ± 2.35;4,272090445;content
337;22;e;e;CCONJ;cc;strani;(ROOT (fc (f (ibar (AUX Erano)) (sa (savv (ADV così)) (sa (coord (ADJ belli) (CCONJ e) (ADJ strani))) (fac (PRON che) (f (ibar (PRON li) (VERB fecero) (VERB cuocere)))))) (PUNCT ,) (CCONJ e) (f (ibar (PRON li) (VERB assaggiarono))) (PUNCT ,) (CCONJ e) (f (ibar (PRON li) (VERB trovarono)) (compt (sa (savv (ADV così)) (ADJ buoni) (fac (PRON che) (f (ibar (PRON li) (VERB cucinarono)) (compt (sp (ADP in) (sn (sq (DET molti)) (NOUN modi))))))) (dirsp (PUNCT :) (coord (sn (NOUN fritti)) (PUNCT ,) (sa (ADJ cotti)) (PUNCT ,) (sa (NOUN arrostiti)) (PUNCT ,) (sn (ADJ col) (NOUN prezzemolo)) (PUNCT ,) (sp (ADP a) (sn (NOUN pezzetti))) (PUNCT ,) (sp (ADP a) (sn (NOUN bastoncini))) (PUNCT ,) (sa (VERB schiacciati) (PUNCT .))))))));;2,741151583;function
338;22;strani;strano;ADJ;conj;belli;(ROOT (fc (f (ibar (AUX Erano)) (sa (savv (ADV così)) (sa (coord (ADJ belli) (CCONJ e) (ADJ strani))) (fac (PRON che) (f (ibar (PRON li) (VERB fecero) (VERB cuocere)))))) (PUNCT ,) (CCONJ e) (f (ibar (PRON li) (VERB assaggiarono))) (PUNCT ,) (CCONJ e) (f (ibar (PRON li) (VERB trovarono)) (compt (sa (savv (ADV così)) (ADJ buoni) (fac (PRON che) (f (ibar (PRON li) (VERB cucinarono)) (compt (sp (ADP in) (sn (sq (DET molti)) (NOUN modi))))))) (dirsp (PUNCT :) (coord (sn (NOUN fritti)) (PUNCT ,) (sa (ADJ cotti)) (PUNCT ,) (sa (NOUN arrostiti)) (PUNCT ,) (sn (ADJ col) (NOUN prezzemolo)) (PUNCT ,) (sp (ADP a) (sn (NOUN pezzetti))) (PUNCT ,) (sp (ADP a) (sn (NOUN bastoncini))) (PUNCT ,) (sa (VERB schiacciati) (PUNCT .))))))));5.88 ± 2.11;4,150918068;content
339;22;che;che;PRON;nsubj;fecero;(ROOT (fc (f (ibar (AUX Erano)) (sa (savv (ADV così)) (sa (coord (ADJ belli) (CCONJ e) (ADJ strani))) (fac (PRON che) (f (ibar (PRON li) (VERB fecero) (VERB cuocere)))))) (PUNCT ,) (CCONJ e) (f (ibar (PRON li) (VERB assaggiarono))) (PUNCT ,) (CCONJ e) (f (ibar (PRON li) (VERB trovarono)) (compt (sa (savv (ADV così)) (ADJ buoni) (fac (PRON che) (f (ibar (PRON li) (VERB cucinarono)) (compt (sp (ADP in) (sn (sq (DET molti)) (NOUN modi))))))) (dirsp (PUNCT :) (coord (sn (NOUN fritti)) (PUNCT ,) (sa (ADJ cotti)) (PUNCT ,) (sa (NOUN arrostiti)) (PUNCT ,) (sn (ADJ col) (NOUN prezzemolo)) (PUNCT ,) (sp (ADP a) (sn (NOUN pezzetti))) (PUNCT ,) (sp (ADP a) (sn (NOUN bastoncini))) (PUNCT ,) (sa (VERB schiacciati) (PUNCT .))))))));;7,250456545;function
340;22;li;li;PRON;obj;fecero;(ROOT (fc (f (ibar (AUX Erano)) (sa (savv (ADV così)) (sa (coord (ADJ belli) (CCONJ e) (ADJ strani))) (fac (PRON che) (f (ibar (PRON li) (VERB fecero) (VERB cuocere)))))) (PUNCT ,) (CCONJ e) (f (ibar (PRON li) (VERB assaggiarono))) (PUNCT ,) (CCONJ e) (f (ibar (PRON li) (VERB trovarono)) (compt (sa (savv (ADV così)) (ADJ buoni) (fac (PRON che) (f (ibar (PRON li) (VERB cucinarono)) (compt (sp (ADP in) (sn (sq (DET molti)) (NOUN modi))))))) (dirsp (PUNCT :) (coord (sn (NOUN fritti)) (PUNCT ,) (sa (ADJ cotti)) (PUNCT ,) (sa (NOUN arrostiti)) (PUNCT ,) (sn (ADJ col) (NOUN prezzemolo)) (PUNCT ,) (sp (ADP a) (sn (NOUN pezzetti))) (PUNCT ,) (sp (ADP a) (sn (NOUN bastoncini))) (PUNCT ,) (sa (VERB schiacciati) (PUNCT .))))))));;5,74096192;function
341;22;fecero;fare;VERB;acl:relcl;belli;(ROOT (fc (f (ibar (AUX Erano)) (sa (savv (ADV così)) (sa (coord (ADJ belli) (CCONJ e) (ADJ strani))) (fac (PRON che) (f (ibar (PRON li) (VERB fecero) (VERB cuocere)))))) (PUNCT ,) (CCONJ e) (f (ibar (PRON li) (VERB assaggiarono))) (PUNCT ,) (CCONJ e) (f (ibar (PRON li) (VERB trovarono)) (compt (sa (savv (ADV così)) (ADJ buoni) (fac (PRON che) (f (ibar (PRON li) (VERB cucinarono)) (compt (sp (ADP in) (sn (sq (DET molti)) (NOUN modi))))))) (dirsp (PUNCT :) (coord (sn (NOUN fritti)) (PUNCT ,) (sa (ADJ cotti)) (PUNCT ,) (sa (NOUN arrostiti)) (PUNCT ,) (sn (ADJ col) (NOUN prezzemolo)) (PUNCT ,) (sp (ADP a) (sn (NOUN pezzetti))) (PUNCT ,) (sp (ADP a) (sn (NOUN bastoncini))) (PUNCT ,) (sa (VERB schiacciati) (PUNCT .))))))));4.40 ± 2.22;3,820842266;content
342;22;cuocere;cuocere;VERB;xcomp;fecero;(ROOT (fc (f (ibar (AUX Erano)) (sa (savv (ADV così)) (sa (coord (ADJ belli) (CCONJ e) (ADJ strani))) (fac (PRON che) (f (ibar (PRON li) (VERB fecero) (VERB cuocere)))))) (PUNCT ,) (CCONJ e) (f (ibar (PRON li) (VERB assaggiarono))) (PUNCT ,) (CCONJ e) (f (ibar (PRON li) (VERB trovarono)) (compt (sa (savv (ADV così)) (ADJ buoni) (fac (PRON che) (f (ibar (PRON li) (VERB cucinarono)) (compt (sp (ADP in) (sn (sq (DET molti)) (NOUN modi))))))) (dirsp (PUNCT :) (coord (sn (NOUN fritti)) (PUNCT ,) (sa (ADJ cotti)) (PUNCT ,) (sa (NOUN arrostiti)) (PUNCT ,) (sn (ADJ col) (NOUN prezzemolo)) (PUNCT ,) (sp (ADP a) (sn (NOUN pezzetti))) (PUNCT ,) (sp (ADP a) (sn (NOUN bastoncini))) (PUNCT ,) (sa (VERB schiacciati) (PUNCT .))))))));;3,195244604;content
343;22;e;e;CCONJ;cc;assaggiarono;(ROOT (fc (f (ibar (AUX Erano)) (sa (savv (ADV così)) (sa (coord (ADJ belli) (CCONJ e) (ADJ strani))) (fac (PRON che) (f (ibar (PRON li) (VERB fecero) (VERB cuocere)))))) (PUNCT ,) (CCONJ e) (f (ibar (PRON li) (VERB assaggiarono))) (PUNCT ,) (CCONJ e) (f (ibar (PRON li) (VERB trovarono)) (compt (sa (savv (ADV così)) (ADJ buoni) (fac (PRON che) (f (ibar (PRON li) (VERB cucinarono)) (compt (sp (ADP in) (sn (sq (DET molti)) (NOUN modi))))))) (dirsp (PUNCT :) (coord (sn (NOUN fritti)) (PUNCT ,) (sa (ADJ cotti)) (PUNCT ,) (sa (NOUN arrostiti)) (PUNCT ,) (sn (ADJ col) (NOUN prezzemolo)) (PUNCT ,) (sp (ADP a) (sn (NOUN pezzetti))) (PUNCT ,) (sp (ADP a) (sn (NOUN bastoncini))) (PUNCT ,) (sa (VERB schiacciati) (PUNCT .))))))));;2,741151583;function
344;22;li;li;PRON;obj;assaggiarono;(ROOT (fc (f (ibar (AUX Erano)) (sa (savv (ADV così)) (sa (coord (ADJ belli) (CCONJ e) (ADJ strani))) (fac (PRON che) (f (ibar (PRON li) (VERB fecero) (VERB cuocere)))))) (PUNCT ,) (CCONJ e) (f (ibar (PRON li) (VERB assaggiarono))) (PUNCT ,) (CCONJ e) (f (ibar (PRON li) (VERB trovarono)) (compt (sa (savv (ADV così)) (ADJ buoni) (fac (PRON che) (f (ibar (PRON li) (VERB cucinarono)) (compt (sp (ADP in) (sn (sq (DET molti)) (NOUN modi))))))) (dirsp (PUNCT :) (coord (sn (NOUN fritti)) (PUNCT ,) (sa (ADJ cotti)) (PUNCT ,) (sa (NOUN arrostiti)) (PUNCT ,) (sn (ADJ col) (NOUN prezzemolo)) (PUNCT ,) (sp (ADP a) (sn (NOUN pezzetti))) (PUNCT ,) (sp (ADP a) (sn (NOUN bastoncini))) (PUNCT ,) (sa (VERB schiacciati) (PUNCT .))))))));;5,74096192;function
345;22;assaggiarono;assaggiare;VERB;conj;belli;(ROOT (fc (f (ibar (AUX Erano)) (sa (savv (ADV così)) (sa (coord (ADJ belli) (CCONJ e) (ADJ strani))) (fac (PRON che) (f (ibar (PRON li) (VERB fecero) (VERB cuocere)))))) (PUNCT ,) (CCONJ e) (f (ibar (PRON li) (VERB assaggiarono))) (PUNCT ,) (CCONJ e) (f (ibar (PRON li) (VERB trovarono)) (compt (sa (savv (ADV così)) (ADJ buoni) (fac (PRON che) (f (ibar (PRON li) (VERB cucinarono)) (compt (sp (ADP in) (sn (sq (DET molti)) (NOUN modi))))))) (dirsp (PUNCT :) (coord (sn (NOUN fritti)) (PUNCT ,) (sa (ADJ cotti)) (PUNCT ,) (sa (NOUN arrostiti)) (PUNCT ,) (sn (ADJ col) (NOUN prezzemolo)) (PUNCT ,) (sp (ADP a) (sn (NOUN pezzetti))) (PUNCT ,) (sp (ADP a) (sn (NOUN bastoncini))) (PUNCT ,) (sa (VERB schiacciati) (PUNCT .))))))));;1,19092323;content
346;22;e;e;CCONJ;cc;trovarono;(ROOT (fc (f (ibar (AUX Erano)) (sa (savv (ADV così)) (sa (coord (ADJ belli) (CCONJ e) (ADJ strani))) (fac (PRON che) (f (ibar (PRON li) (VERB fecero) (VERB cuocere)))))) (PUNCT ,) (CCONJ e) (f (ibar (PRON li) (VERB assaggiarono))) (PUNCT ,) (CCONJ e) (f (ibar (PRON li) (VERB trovarono)) (compt (sa (savv (ADV così)) (ADJ buoni) (fac (PRON che) (f (ibar (PRON li) (VERB cucinarono)) (compt (sp (ADP in) (sn (sq (DET molti)) (NOUN modi))))))) (dirsp (PUNCT :) (coord (sn (NOUN fritti)) (PUNCT ,) (sa (ADJ cotti)) (PUNCT ,) (sa (NOUN arrostiti)) (PUNCT ,) (sn (ADJ col) (NOUN prezzemolo)) (PUNCT ,) (sp (ADP a) (sn (NOUN pezzetti))) (PUNCT ,) (sp (ADP a) (sn (NOUN bastoncini))) (PUNCT ,) (sa (VERB schiacciati) (PUNCT .))))))));;2,741151583;function
347;22;li;li;PRON;obj;trovarono;(ROOT (fc (f (ibar (AUX Erano)) (sa (savv (ADV così)) (sa (coord (ADJ belli) (CCONJ e) (ADJ strani))) (fac (PRON che) (f (ibar (PRON li) (VERB fecero) (VERB cuocere)))))) (PUNCT ,) (CCONJ e) (f (ibar (PRON li) (VERB assaggiarono))) (PUNCT ,) (CCONJ e) (f (ibar (PRON li) (VERB trovarono)) (compt (sa (savv (ADV così)) (ADJ buoni) (fac (PRON che) (f (ibar (PRON li) (VERB cucinarono)) (compt (sp (ADP in) (sn (sq (DET molti)) (NOUN modi))))))) (dirsp (PUNCT :) (coord (sn (NOUN fritti)) (PUNCT ,) (sa (ADJ cotti)) (PUNCT ,) (sa (NOUN arrostiti)) (PUNCT ,) (sn (ADJ col) (NOUN prezzemolo)) (PUNCT ,) (sp (ADP a) (sn (NOUN pezzetti))) (PUNCT ,) (sp (ADP a) (sn (NOUN bastoncini))) (PUNCT ,) (sa (VERB schiacciati) (PUNCT .))))))));;5,74096192;function
348;22;trovarono;trovare;VERB;conj;belli;(ROOT (fc (f (ibar (AUX Erano)) (sa (savv (ADV così)) (sa (coord (ADJ belli) (CCONJ e) (ADJ strani))) (fac (PRON che) (f (ibar (PRON li) (VERB fecero) (VERB cuocere)))))) (PUNCT ,) (CCONJ e) (f (ibar (PRON li) (VERB assaggiarono))) (PUNCT ,) (CCONJ e) (f (ibar (PRON li) (VERB trovarono)) (compt (sa (savv (ADV così)) (ADJ buoni) (fac (PRON che) (f (ibar (PRON li) (VERB cucinarono)) (compt (sp (ADP in) (sn (sq (DET molti)) (NOUN modi))))))) (dirsp (PUNCT :) (coord (sn (NOUN fritti)) (PUNCT ,) (sa (ADJ cotti)) (PUNCT ,) (sa (NOUN arrostiti)) (PUNCT ,) (sn (ADJ col) (NOUN prezzemolo)) (PUNCT ,) (sp (ADP a) (sn (NOUN pezzetti))) (PUNCT ,) (sp (ADP a) (sn (NOUN bastoncini))) (PUNCT ,) (sa (VERB schiacciati) (PUNCT .))))))));4.24 ± 1.61;3,475353964;content
349;22;così;così;ADV;advmod;trovarono;(ROOT (fc (f (ibar (AUX Erano)) (sa (savv (ADV così)) (sa (coord (ADJ belli) (CCONJ e) (ADJ strani))) (fac (PRON che) (f (ibar (PRON li) (VERB fecero) (VERB cuocere)))))) (PUNCT ,) (CCONJ e) (f (ibar (PRON li) (VERB assaggiarono))) (PUNCT ,) (CCONJ e) (f (ibar (PRON li) (VERB trovarono)) (compt (sa (savv (ADV così)) (ADJ buoni) (fac (PRON che) (f (ibar (PRON li) (VERB cucinarono)) (compt (sp (ADP in) (sn (sq (DET molti)) (NOUN modi))))))) (dirsp (PUNCT :) (coord (sn (NOUN fritti)) (PUNCT ,) (sa (ADJ cotti)) (PUNCT ,) (sa (NOUN arrostiti)) (PUNCT ,) (sn (ADJ col) (NOUN prezzemolo)) (PUNCT ,) (sp (ADP a) (sn (NOUN pezzetti))) (PUNCT ,) (sp (ADP a) (sn (NOUN bastoncini))) (PUNCT ,) (sa (VERB schiacciati) (PUNCT .))))))));;6,287788074;content
350;22;buoni;buono;ADJ;xcomp;trovarono;(ROOT (fc (f (ibar (AUX Erano)) (sa (savv (ADV così)) (sa (coord (ADJ belli) (CCONJ e) (ADJ strani))) (fac (PRON che) (f (ibar (PRON li) (VERB fecero) (VERB cuocere)))))) (PUNCT ,) (CCONJ e) (f (ibar (PRON li) (VERB assaggiarono))) (PUNCT ,) (CCONJ e) (f (ibar (PRON li) (VERB trovarono)) (compt (sa (savv (ADV così)) (ADJ buoni) (fac (PRON che) (f (ibar (PRON li) (VERB cucinarono)) (compt (sp (ADP in) (sn (sq (DET molti)) (NOUN modi))))))) (dirsp (PUNCT :) (coord (sn (NOUN fritti)) (PUNCT ,) (sa (ADJ cotti)) (PUNCT ,) (sa (NOUN arrostiti)) (PUNCT ,) (sn (ADJ col) (NOUN prezzemolo)) (PUNCT ,) (sp (ADP a) (sn (NOUN pezzetti))) (PUNCT ,) (sp (ADP a) (sn (NOUN bastoncini))) (PUNCT ,) (sa (VERB schiacciati) (PUNCT .))))))));3.48 ± 1.50;4,581946599;content
351;22;che;che;PRON;nsubj;cucinarono;(ROOT (fc (f (ibar (AUX Erano)) (sa (savv (ADV così)) (sa (coord (ADJ belli) (CCONJ e) (ADJ strani))) (fac (PRON che) (f (ibar (PRON li) (VERB fecero) (VERB cuocere)))))) (PUNCT ,) (CCONJ e) (f (ibar (PRON li) (VERB assaggiarono))) (PUNCT ,) (CCONJ e) (f (ibar (PRON li) (VERB trovarono)) (compt (sa (savv (ADV così)) (ADJ buoni) (fac (PRON che) (f (ibar (PRON li) (VERB cucinarono)) (compt (sp (ADP in) (sn (sq (DET molti)) (NOUN modi))))))) (dirsp (PUNCT :) (coord (sn (NOUN fritti)) (PUNCT ,) (sa (ADJ cotti)) (PUNCT ,) (sa (NOUN arrostiti)) (PUNCT ,) (sn (ADJ col) (NOUN prezzemolo)) (PUNCT ,) (sp (ADP a) (sn (NOUN pezzetti))) (PUNCT ,) (sp (ADP a) (sn (NOUN bastoncini))) (PUNCT ,) (sa (VERB schiacciati) (PUNCT .))))))));;7,250456545;function
352;22;li;li;PRON;obj;cucinarono;(ROOT (fc (f (ibar (AUX Erano)) (sa (savv (ADV così)) (sa (coord (ADJ belli) (CCONJ e) (ADJ strani))) (fac (PRON che) (f (ibar (PRON li) (VERB fecero) (VERB cuocere)))))) (PUNCT ,) (CCONJ e) (f (ibar (PRON li) (VERB assaggiarono))) (PUNCT ,) (CCONJ e) (f (ibar (PRON li) (VERB trovarono)) (compt (sa (savv (ADV così)) (ADJ buoni) (fac (PRON che) (f (ibar (PRON li) (VERB cucinarono)) (compt (sp (ADP in) (sn (sq (DET molti)) (NOUN modi))))))) (dirsp (PUNCT :) (coord (sn (NOUN fritti)) (PUNCT ,) (sa (ADJ cotti)) (PUNCT ,) (sa (NOUN arrostiti)) (PUNCT ,) (sn (ADJ col) (NOUN prezzemolo)) (PUNCT ,) (sp (ADP a) (sn (NOUN pezzetti))) (PUNCT ,) (sp (ADP a) (sn (NOUN bastoncini))) (PUNCT ,) (sa (VERB schiacciati) (PUNCT .))))))));;5,74096192;function
353;22;cucinarono;cucinare;VERB;acl:relcl;buoni;(ROOT (fc (f (ibar (AUX Erano)) (sa (savv (ADV così)) (sa (coord (ADJ belli) (CCONJ e) (ADJ strani))) (fac (PRON che) (f (ibar (PRON li) (VERB fecero) (VERB cuocere)))))) (PUNCT ,) (CCONJ e) (f (ibar (PRON li) (VERB assaggiarono))) (PUNCT ,) (CCONJ e) (f (ibar (PRON li) (VERB trovarono)) (compt (sa (savv (ADV così)) (ADJ buoni) (fac (PRON che) (f (ibar (PRON li) (VERB cucinarono)) (compt (sp (ADP in) (sn (sq (DET molti)) (NOUN modi))))))) (dirsp (PUNCT :) (coord (sn (NOUN fritti)) (PUNCT ,) (sa (ADJ cotti)) (PUNCT ,) (sa (NOUN arrostiti)) (PUNCT ,) (sn (ADJ col) (NOUN prezzemolo)) (PUNCT ,) (sp (ADP a) (sn (NOUN pezzetti))) (PUNCT ,) (sp (ADP a) (sn (NOUN bastoncini))) (PUNCT ,) (sa (VERB schiacciati) (PUNCT .))))))));5.72 ± 2.75;1,367014489;content
354;22;in;in;ADP;case;modi;(ROOT (fc (f (ibar (AUX Erano)) (sa (savv (ADV così)) (sa (coord (ADJ belli) (CCONJ e) (ADJ strani))) (fac (PRON che) (f (ibar (PRON li) (VERB fecero) (VERB cuocere)))))) (PUNCT ,) (CCONJ e) (f (ibar (PRON li) (VERB assaggiarono))) (PUNCT ,) (CCONJ e) (f (ibar (PRON li) (VERB trovarono)) (compt (sa (savv (ADV così)) (ADJ buoni) (fac (PRON che) (f (ibar (PRON li) (VERB cucinarono)) (compt (sp (ADP in) (sn (sq (DET molti)) (NOUN modi))))))) (dirsp (PUNCT :) (coord (sn (NOUN fritti)) (PUNCT ,) (sa (ADJ cotti)) (PUNCT ,) (sa (NOUN arrostiti)) (PUNCT ,) (sn (ADJ col) (NOUN prezzemolo)) (PUNCT ,) (sp (ADP a) (sn (NOUN pezzetti))) (PUNCT ,) (sp (ADP a) (sn (NOUN bastoncini))) (PUNCT ,) (sa (VERB schiacciati) (PUNCT .))))))));;6,797274494;function
355;22;molti;molto;DET;det;modi;(ROOT (fc (f (ibar (AUX Erano)) (sa (savv (ADV così)) (sa (coord (ADJ belli) (CCONJ e) (ADJ strani))) (fac (PRON che) (f (ibar (PRON li) (VERB fecero) (VERB cuocere)))))) (PUNCT ,) (CCONJ e) (f (ibar (PRON li) (VERB assaggiarono))) (PUNCT ,) (CCONJ e) (f (ibar (PRON li) (VERB trovarono)) (compt (sa (savv (ADV così)) (ADJ buoni) (fac (PRON che) (f (ibar (PRON li) (VERB cucinarono)) (compt (sp (ADP in) (sn (sq (DET molti)) (NOUN modi))))))) (dirsp (PUNCT :) (coord (sn (NOUN fritti)) (PUNCT ,) (sa (ADJ cotti)) (PUNCT ,) (sa (NOUN arrostiti)) (PUNCT ,) (sn (ADJ col) (NOUN prezzemolo)) (PUNCT ,) (sp (ADP a) (sn (NOUN pezzetti))) (PUNCT ,) (sp (ADP a) (sn (NOUN bastoncini))) (PUNCT ,) (sa (VERB schiacciati) (PUNCT .))))))));;5,080896868;function
356;22;modi;modo;NOUN;obl;cucinarono;(ROOT (fc (f (ibar (AUX Erano)) (sa (savv (ADV così)) (sa (coord (ADJ belli) (CCONJ e) (ADJ strani))) (fac (PRON che) (f (ibar (PRON li) (VERB fecero) (VERB cuocere)))))) (PUNCT ,) (CCONJ e) (f (ibar (PRON li) (VERB assaggiarono))) (PUNCT ,) (CCONJ e) (f (ibar (PRON li) (VERB trovarono)) (compt (sa (savv (ADV così)) (ADJ buoni) (fac (PRON che) (f (ibar (PRON li) (VERB cucinarono)) (compt (sp (ADP in) (sn (sq (DET molti)) (NOUN modi))))))) (dirsp (PUNCT :) (coord (sn (NOUN fritti)) (PUNCT ,) (sa (ADJ cotti)) (PUNCT ,) (sa (NOUN arrostiti)) (PUNCT ,) (sn (ADJ col) (NOUN prezzemolo)) (PUNCT ,) (sp (ADP a) (sn (NOUN pezzetti))) (PUNCT ,) (sp (ADP a) (sn (NOUN bastoncini))) (PUNCT ,) (sa (VERB schiacciati) (PUNCT .))))))));6.44 ± 1.61;4,404042369;content
357;22;fritti;fritto;NOUN;appos;modi;(ROOT (fc (f (ibar (AUX Erano)) (sa (savv (ADV così)) (sa (coord (ADJ belli) (CCONJ e) (ADJ strani))) (fac (PRON che) (f (ibar (PRON li) (VERB fecero) (VERB cuocere)))))) (PUNCT ,) (CCONJ e) (f (ibar (PRON li) (VERB assaggiarono))) (PUNCT ,) (CCONJ e) (f (ibar (PRON li) (VERB trovarono)) (compt (sa (savv (ADV così)) (ADJ buoni) (fac (PRON che) (f (ibar (PRON li) (VERB cucinarono)) (compt (sp (ADP in) (sn (sq (DET molti)) (NOUN modi))))))) (dirsp (PUNCT :) (coord (sn (NOUN fritti)) (PUNCT ,) (sa (ADJ cotti)) (PUNCT ,) (sa (NOUN arrostiti)) (PUNCT ,) (sn (ADJ col) (NOUN prezzemolo)) (PUNCT ,) (sp (ADP a) (sn (NOUN pezzetti))) (PUNCT ,) (sp (ADP a) (sn (NOUN bastoncini))) (PUNCT ,) (sa (VERB schiacciati) (PUNCT .))))))));;3,26464158;content
358;22;cotti;cotto;ADJ;conj;fritti;(ROOT (fc (f (ibar (AUX Erano)) (sa (savv (ADV così)) (sa (coord (ADJ belli) (CCONJ e) (ADJ strani))) (fac (PRON che) (f (ibar (PRON li) (VERB fecero) (VERB cuocere)))))) (PUNCT ,) (CCONJ e) (f (ibar (PRON li) (VERB assaggiarono))) (PUNCT ,) (CCONJ e) (f (ibar (PRON li) (VERB trovarono)) (compt (sa (savv (ADV così)) (ADJ buoni) (fac (PRON che) (f (ibar (PRON li) (VERB cucinarono)) (compt (sp (ADP in) (sn (sq (DET molti)) (NOUN modi))))))) (dirsp (PUNCT :) (coord (sn (NOUN fritti)) (PUNCT ,) (sa (ADJ cotti)) (PUNCT ,) (sa (NOUN arrostiti)) (PUNCT ,) (sn (ADJ col) (NOUN prezzemolo)) (PUNCT ,) (sp (ADP a) (sn (NOUN pezzetti))) (PUNCT ,) (sp (ADP a) (sn (NOUN bastoncini))) (PUNCT ,) (sa (VERB schiacciati) (PUNCT .))))))));;2,958079096;content
359;22;arrostiti;arrostito;NOUN;conj;fritti;(ROOT (fc (f (ibar (AUX Erano)) (sa (savv (ADV così)) (sa (coord (ADJ belli) (CCONJ e) (ADJ strani))) (fac (PRON che) (f (ibar (PRON li) (VERB fecero) (VERB cuocere)))))) (PUNCT ,) (CCONJ e) (f (ibar (PRON li) (VERB assaggiarono))) (PUNCT ,) (CCONJ e) (f (ibar (PRON li) (VERB trovarono)) (compt (sa (savv (ADV così)) (ADJ buoni) (fac (PRON che) (f (ibar (PRON li) (VERB cucinarono)) (compt (sp (ADP in) (sn (sq (DET molti)) (NOUN modi))))))) (dirsp (PUNCT :) (coord (sn (NOUN fritti)) (PUNCT ,) (sa (ADJ cotti)) (PUNCT ,) (sa (NOUN arrostiti)) (PUNCT ,) (sn (ADJ col) (NOUN prezzemolo)) (PUNCT ,) (sp (ADP a) (sn (NOUN pezzetti))) (PUNCT ,) (sp (ADP a) (sn (NOUN bastoncini))) (PUNCT ,) (sa (VERB schiacciati) (PUNCT .))))))));;2,395043213;content
360;22;col;col;ADJ;amod;prezzemolo;(ROOT (fc (f (ibar (AUX Erano)) (sa (savv (ADV così)) (sa (coord (ADJ belli) (CCONJ e) (ADJ strani))) (fac (PRON che) (f (ibar (PRON li) (VERB fecero) (VERB cuocere)))))) (PUNCT ,) (CCONJ e) (f (ibar (PRON li) (VERB assaggiarono))) (PUNCT ,) (CCONJ e) (f (ibar (PRON li) (VERB trovarono)) (compt (sa (savv (ADV così)) (ADJ buoni) (fac (PRON che) (f (ibar (PRON li) (VERB cucinarono)) (compt (sp (ADP in) (sn (sq (DET molti)) (NOUN modi))))))) (dirsp (PUNCT :) (coord (sn (NOUN fritti)) (PUNCT ,) (sa (ADJ cotti)) (PUNCT ,) (sa (NOUN arrostiti)) (PUNCT ,) (sn (ADJ col) (NOUN prezzemolo)) (PUNCT ,) (sp (ADP a) (sn (NOUN pezzetti))) (PUNCT ,) (sp (ADP a) (sn (NOUN bastoncini))) (PUNCT ,) (sa (VERB schiacciati) (PUNCT .))))))));;5,300586131;content
361;22;prezzemolo;prezzemolo;NOUN;conj;fritti;(ROOT (fc (f (ibar (AUX Erano)) (sa (savv (ADV così)) (sa (coord (ADJ belli) (CCONJ e) (ADJ strani))) (fac (PRON che) (f (ibar (PRON li) (VERB fecero) (VERB cuocere)))))) (PUNCT ,) (CCONJ e) (f (ibar (PRON li) (VERB assaggiarono))) (PUNCT ,) (CCONJ e) (f (ibar (PRON li) (VERB trovarono)) (compt (sa (savv (ADV così)) (ADJ buoni) (fac (PRON che) (f (ibar (PRON li) (VERB cucinarono)) (compt (sp (ADP in) (sn (sq (DET molti)) (NOUN modi))))))) (dirsp (PUNCT :) (coord (sn (NOUN fritti)) (PUNCT ,) (sa (ADJ cotti)) (PUNCT ,) (sa (NOUN arrostiti)) (PUNCT ,) (sn (ADJ col) (NOUN prezzemolo)) (PUNCT ,) (sp (ADP a) (sn (NOUN pezzetti))) (PUNCT ,) (sp (ADP a) (sn (NOUN bastoncini))) (PUNCT ,) (sa (VERB schiacciati) (PUNCT .))))))));;2,839283241;content
362;22;a;a;ADP;case;pezzetti;(ROOT (fc (f (ibar (AUX Erano)) (sa (savv (ADV così)) (sa (coord (ADJ belli) (CCONJ e) (ADJ strani))) (fac (PRON che) (f (ibar (PRON li) (VERB fecero) (VERB cuocere)))))) (PUNCT ,) (CCONJ e) (f (ibar (PRON li) (VERB assaggiarono))) (PUNCT ,) (CCONJ e) (f (ibar (PRON li) (VERB trovarono)) (compt (sa (savv (ADV così)) (ADJ buoni) (fac (PRON che) (f (ibar (PRON li) (VERB cucinarono)) (compt (sp (ADP in) (sn (sq (DET molti)) (NOUN modi))))))) (dirsp (PUNCT :) (coord (sn (NOUN fritti)) (PUNCT ,) (sa (ADJ cotti)) (PUNCT ,) (sa (NOUN arrostiti)) (PUNCT ,) (sn (ADJ col) (NOUN prezzemolo)) (PUNCT ,) (sp (ADP a) (sn (NOUN pezzetti))) (PUNCT ,) (sp (ADP a) (sn (NOUN bastoncini))) (PUNCT ,) (sa (VERB schiacciati) (PUNCT .))))))));;7,004335738;function
363;22;pezzetti;pezzetti;NOUN;conj;fritti;(ROOT (fc (f (ibar (AUX Erano)) (sa (savv (ADV così)) (sa (coord (ADJ belli) (CCONJ e) (ADJ strani))) (fac (PRON che) (f (ibar (PRON li) (VERB fecero) (VERB cuocere)))))) (PUNCT ,) (CCONJ e) (f (ibar (PRON li) (VERB assaggiarono))) (PUNCT ,) (CCONJ e) (f (ibar (PRON li) (VERB trovarono)) (compt (sa (savv (ADV così)) (ADJ buoni) (fac (PRON che) (f (ibar (PRON li) (VERB cucinarono)) (compt (sp (ADP in) (sn (sq (DET molti)) (NOUN modi))))))) (dirsp (PUNCT :) (coord (sn (NOUN fritti)) (PUNCT ,) (sa (ADJ cotti)) (PUNCT ,) (sa (NOUN arrostiti)) (PUNCT ,) (sn (ADJ col) (NOUN prezzemolo)) (PUNCT ,) (sp (ADP a) (sn (NOUN pezzetti))) (PUNCT ,) (sp (ADP a) (sn (NOUN bastoncini))) (PUNCT ,) (sa (VERB schiacciati) (PUNCT .))))))));;3,330802316;content
364;22;a;a;ADP;case;bastoncini;(ROOT (fc (f (ibar (AUX Erano)) (sa (savv (ADV così)) (sa (coord (ADJ belli) (CCONJ e) (ADJ strani))) (fac (PRON che) (f (ibar (PRON li) (VERB fecero) (VERB cuocere)))))) (PUNCT ,) (CCONJ e) (f (ibar (PRON li) (VERB assaggiarono))) (PUNCT ,) (CCONJ e) (f (ibar (PRON li) (VERB trovarono)) (compt (sa (savv (ADV così)) (ADJ buoni) (fac (PRON che) (f (ibar (PRON li) (VERB cucinarono)) (compt (sp (ADP in) (sn (sq (DET molti)) (NOUN modi))))))) (dirsp (PUNCT :) (coord (sn (NOUN fritti)) (PUNCT ,) (sa (ADJ cotti)) (PUNCT ,) (sa (NOUN arrostiti)) (PUNCT ,) (sn (ADJ col) (NOUN prezzemolo)) (PUNCT ,) (sp (ADP a) (sn (NOUN pezzetti))) (PUNCT ,) (sp (ADP a) (sn (NOUN bastoncini))) (PUNCT ,) (sa (VERB schiacciati) (PUNCT .))))))));;7,004335738;function
365;22;bastoncini;bastone;NOUN;conj;fritti;(ROOT (fc (f (ibar (AUX Erano)) (sa (savv (ADV così)) (sa (coord (ADJ belli) (CCONJ e) (ADJ strani))) (fac (PRON che) (f (ibar (PRON li) (VERB fecero) (VERB cuocere)))))) (PUNCT ,) (CCONJ e) (f (ibar (PRON li) (VERB assaggiarono))) (PUNCT ,) (CCONJ e) (f (ibar (PRON li) (VERB trovarono)) (compt (sa (savv (ADV così)) (ADJ buoni) (fac (PRON che) (f (ibar (PRON li) (VERB cucinarono)) (compt (sp (ADP in) (sn (sq (DET molti)) (NOUN modi))))))) (dirsp (PUNCT :) (coord (sn (NOUN fritti)) (PUNCT ,) (sa (ADJ cotti)) (PUNCT ,) (sa (NOUN arrostiti)) (PUNCT ,) (sn (ADJ col) (NOUN prezzemolo)) (PUNCT ,) (sp (ADP a) (sn (NOUN pezzetti))) (PUNCT ,) (sp (ADP a) (sn (NOUN bastoncini))) (PUNCT ,) (sa (VERB schiacciati) (PUNCT .))))))));5.04 ± 1.88;3,462764837;content
366;22;schiacciati;schiacciare;VERB;conj;fritti;(ROOT (fc (f (ibar (AUX Erano)) (sa (savv (ADV così)) (sa (coord (ADJ belli) (CCONJ e) (ADJ strani))) (fac (PRON che) (f (ibar (PRON li) (VERB fecero) (VERB cuocere)))))) (PUNCT ,) (CCONJ e) (f (ibar (PRON li) (VERB assaggiarono))) (PUNCT ,) (CCONJ e) (f (ibar (PRON li) (VERB trovarono)) (compt (sa (savv (ADV così)) (ADJ buoni) (fac (PRON che) (f (ibar (PRON li) (VERB cucinarono)) (compt (sp (ADP in) (sn (sq (DET molti)) (NOUN modi))))))) (dirsp (PUNCT :) (coord (sn (NOUN fritti)) (PUNCT ,) (sa (ADJ cotti)) (PUNCT ,) (sa (NOUN arrostiti)) (PUNCT ,) (sn (ADJ col) (NOUN prezzemolo)) (PUNCT ,) (sp (ADP a) (sn (NOUN pezzetti))) (PUNCT ,) (sp (ADP a) (sn (NOUN bastoncini))) (PUNCT ,) (sa (VERB schiacciati) (PUNCT .))))))));;2,98331492;content
367;23;e;e;CCONJ;cc;dimenticarono;(ROOT (dirsp (fc (CCONJ E) (ADV così) (fc (f (sn (DET i) (NOUN pirati)) (ibar (VERB dimenticarono)) (compt (sn (DET il) (NOUN tesoro)))) (CCONJ e) (f (ibar (VERB decisero)) (compt (sv2 (ADP di) (VERB restare) (compin (sp (ADP su) (sn (sa (DET quell')) (NOUN isola))) (sv2 (ADP a) (VERB coltivare) (compt (sn (NOUN patate)))))))))) (PUNCT :) (fc (f (sn (DET il) (NOUN capitano)) (ibar (VERB cambiò)) (compt (sn (NOUN nome)))) (PUNCT ,) (CCONJ e) (f (ibar (PRON si) (VERB fece) (VERB chiamare)) (compt (sn (PROPN Gigi) (PROPN Zappatata))))) (PUNCT .)));;2,741151583;function
368;23;così;così;ADV;advmod;dimenticarono;(ROOT (dirsp (fc (CCONJ E) (ADV così) (fc (f (sn (DET i) (NOUN pirati)) (ibar (VERB dimenticarono)) (compt (sn (DET il) (NOUN tesoro)))) (CCONJ e) (f (ibar (VERB decisero)) (compt (sv2 (ADP di) (VERB restare) (compin (sp (ADP su) (sn (sa (DET quell')) (NOUN isola))) (sv2 (ADP a) (VERB coltivare) (compt (sn (NOUN patate)))))))))) (PUNCT :) (fc (f (sn (DET il) (NOUN capitano)) (ibar (VERB cambiò)) (compt (sn (NOUN nome)))) (PUNCT ,) (CCONJ e) (f (ibar (PRON si) (VERB fece) (VERB chiamare)) (compt (sn (PROPN Gigi) (PROPN Zappatata))))) (PUNCT .)));;6,287788074;content
369;23;i;il;DET;det;pirati;(ROOT (dirsp (fc (CCONJ E) (ADV così) (fc (f (sn (DET i) (NOUN pirati)) (ibar (VERB dimenticarono)) (compt (sn (DET il) (NOUN tesoro)))) (CCONJ e) (f (ibar (VERB decisero)) (compt (sv2 (ADP di) (VERB restare) (compin (sp (ADP su) (sn (sa (DET quell')) (NOUN isola))) (sv2 (ADP a) (VERB coltivare) (compt (sn (NOUN patate)))))))))) (PUNCT :) (fc (f (sn (DET il) (NOUN capitano)) (ibar (VERB cambiò)) (compt (sn (NOUN nome)))) (PUNCT ,) (CCONJ e) (f (ibar (PRON si) (VERB fece) (VERB chiamare)) (compt (sn (PROPN Gigi) (PROPN Zappatata))))) (PUNCT .)));;6,584780852;function
370;23;pirati;pirata;NOUN;nsubj;dimenticarono;(ROOT (dirsp (fc (CCONJ E) (ADV così) (fc (f (sn (DET i) (NOUN pirati)) (ibar (VERB dimenticarono)) (compt (sn (DET il) (NOUN tesoro)))) (CCONJ e) (f (ibar (VERB decisero)) (compt (sv2 (ADP di) (VERB restare) (compin (sp (ADP su) (sn (sa (DET quell')) (NOUN isola))) (sv2 (ADP a) (VERB coltivare) (compt (sn (NOUN patate)))))))))) (PUNCT :) (fc (f (sn (DET il) (NOUN capitano)) (ibar (VERB cambiò)) (compt (sn (NOUN nome)))) (PUNCT ,) (CCONJ e) (f (ibar (PRON si) (VERB fece) (VERB chiamare)) (compt (sn (PROPN Gigi) (PROPN Zappatata))))) (PUNCT .)));;3,784209297;content
371;23;dimenticarono;dimenticare;VERB;root;ROOT;(ROOT (dirsp (fc (CCONJ E) (ADV così) (fc (f (sn (DET i) (NOUN pirati)) (ibar (VERB dimenticarono)) (compt (sn (DET il) (NOUN tesoro)))) (CCONJ e) (f (ibar (VERB decisero)) (compt (sv2 (ADP di) (VERB restare) (compin (sp (ADP su) (sn (sa (DET quell')) (NOUN isola))) (sv2 (ADP a) (VERB coltivare) (compt (sn (NOUN patate)))))))))) (PUNCT :) (fc (f (sn (DET il) (NOUN capitano)) (ibar (VERB cambiò)) (compt (sn (NOUN nome)))) (PUNCT ,) (CCONJ e) (f (ibar (PRON si) (VERB fece) (VERB chiamare)) (compt (sn (PROPN Gigi) (PROPN Zappatata))))) (PUNCT .)));;2,395043213;content
372;23;il;il;DET;det;tesoro;(ROOT (dirsp (fc (CCONJ E) (ADV così) (fc (f (sn (DET i) (NOUN pirati)) (ibar (VERB dimenticarono)) (compt (sn (DET il) (NOUN tesoro)))) (CCONJ e) (f (ibar (VERB decisero)) (compt (sv2 (ADP di) (VERB restare) (compin (sp (ADP su) (sn (sa (DET quell')) (NOUN isola))) (sv2 (ADP a) (VERB coltivare) (compt (sn (NOUN patate)))))))))) (PUNCT :) (fc (f (sn (DET il) (NOUN capitano)) (ibar (VERB cambiò)) (compt (sn (NOUN nome)))) (PUNCT ,) (CCONJ e) (f (ibar (PRON si) (VERB fece) (VERB chiamare)) (compt (sn (PROPN Gigi) (PROPN Zappatata))))) (PUNCT .)));;7,039560886;function
373;23;tesoro;tesoro;NOUN;obj;dimenticarono;(ROOT (dirsp (fc (CCONJ E) (ADV così) (fc (f (sn (DET i) (NOUN pirati)) (ibar (VERB dimenticarono)) (compt (sn (DET il) (NOUN tesoro)))) (CCONJ e) (f (ibar (VERB decisero)) (compt (sv2 (ADP di) (VERB restare) (compin (sp (ADP su) (sn (sa (DET quell')) (NOUN isola))) (sv2 (ADP a) (VERB coltivare) (compt (sn (NOUN patate)))))))))) (PUNCT :) (fc (f (sn (DET il) (NOUN capitano)) (ibar (VERB cambiò)) (compt (sn (NOUN nome)))) (PUNCT ,) (CCONJ e) (f (ibar (PRON si) (VERB fece) (VERB chiamare)) (compt (sn (PROPN Gigi) (PROPN Zappatata))))) (PUNCT .)));4.60 ± 1.89;5,475037998;content
374;23;e;e;CCONJ;cc;decisero;(ROOT (dirsp (fc (CCONJ E) (ADV così) (fc (f (sn (DET i) (NOUN pirati)) (ibar (VERB dimenticarono)) (compt (sn (DET il) (NOUN tesoro)))) (CCONJ e) (f (ibar (VERB decisero)) (compt (sv2 (ADP di) (VERB restare) (compin (sp (ADP su) (sn (sa (DET quell')) (NOUN isola))) (sv2 (ADP a) (VERB coltivare) (compt (sn (NOUN patate)))))))))) (PUNCT :) (fc (f (sn (DET il) (NOUN capitano)) (ibar (VERB cambiò)) (compt (sn (NOUN nome)))) (PUNCT ,) (CCONJ e) (f (ibar (PRON si) (VERB fece) (VERB chiamare)) (compt (sn (PROPN Gigi) (PROPN Zappatata))))) (PUNCT .)));;2,741151583;function
375;23;decisero;decidere;VERB;conj;dimenticarono;(ROOT (dirsp (fc (CCONJ E) (ADV così) (fc (f (sn (DET i) (NOUN pirati)) (ibar (VERB dimenticarono)) (compt (sn (DET il) (NOUN tesoro)))) (CCONJ e) (f (ibar (VERB decisero)) (compt (sv2 (ADP di) (VERB restare) (compin (sp (ADP su) (sn (sa (DET quell')) (NOUN isola))) (sv2 (ADP a) (VERB coltivare) (compt (sn (NOUN patate)))))))))) (PUNCT :) (fc (f (sn (DET il) (NOUN capitano)) (ibar (VERB cambiò)) (compt (sn (NOUN nome)))) (PUNCT ,) (CCONJ e) (f (ibar (PRON si) (VERB fece) (VERB chiamare)) (compt (sn (PROPN Gigi) (PROPN Zappatata))))) (PUNCT .)));;3,164051084;content
376;23;di;di;ADP;mark;restare;(ROOT (dirsp (fc (CCONJ E) (ADV così) (fc (f (sn (DET i) (NOUN pirati)) (ibar (VERB dimenticarono)) (compt (sn (DET il) (NOUN tesoro)))) (CCONJ e) (f (ibar (VERB decisero)) (compt (sv2 (ADP di) (VERB restare) (compin (sp (ADP su) (sn (sa (DET quell')) (NOUN isola))) (sv2 (ADP a) (VERB coltivare) (compt (sn (NOUN patate)))))))))) (PUNCT :) (fc (f (sn (DET il) (NOUN capitano)) (ibar (VERB cambiò)) (compt (sn (NOUN nome)))) (PUNCT ,) (CCONJ e) (f (ibar (PRON si) (VERB fece) (VERB chiamare)) (compt (sn (PROPN Gigi) (PROPN Zappatata))))) (PUNCT .)));;7,232814475;function
377;23;restare;restare;VERB;xcomp;decisero;(ROOT (dirsp (fc (CCONJ E) (ADV così) (fc (f (sn (DET i) (NOUN pirati)) (ibar (VERB dimenticarono)) (compt (sn (DET il) (NOUN tesoro)))) (CCONJ e) (f (ibar (VERB decisero)) (compt (sv2 (ADP di) (VERB restare) (compin (sp (ADP su) (sn (sa (DET quell')) (NOUN isola))) (sv2 (ADP a) (VERB coltivare) (compt (sn (NOUN patate)))))))))) (PUNCT :) (fc (f (sn (DET il) (NOUN capitano)) (ibar (VERB cambiò)) (compt (sn (NOUN nome)))) (PUNCT ,) (CCONJ e) (f (ibar (PRON si) (VERB fece) (VERB chiamare)) (compt (sn (PROPN Gigi) (PROPN Zappatata))))) (PUNCT .)));5.52 ± 2.38;4,985411277;content
378;23;su;su;ADP;case;isola;(ROOT (dirsp (fc (CCONJ E) (ADV così) (fc (f (sn (DET i) (NOUN pirati)) (ibar (VERB dimenticarono)) (compt (sn (DET il) (NOUN tesoro)))) (CCONJ e) (f (ibar (VERB decisero)) (compt (sv2 (ADP di) (VERB restare) (compin (sp (ADP su) (sn (sa (DET quell')) (NOUN isola))) (sv2 (ADP a) (VERB coltivare) (compt (sn (NOUN patate)))))))))) (PUNCT :) (fc (f (sn (DET il) (NOUN capitano)) (ibar (VERB cambiò)) (compt (sn (NOUN nome)))) (PUNCT ,) (CCONJ e) (f (ibar (PRON si) (VERB fece) (VERB chiamare)) (compt (sn (PROPN Gigi) (PROPN Zappatata))))) (PUNCT .)));;6,000068652;function
379;23;quell;quello;DET;det;isola;(ROOT (dirsp (fc (CCONJ E) (ADV così) (fc (f (sn (DET i) (NOUN pirati)) (ibar (VERB dimenticarono)) (compt (sn (DET il) (NOUN tesoro)))) (CCONJ e) (f (ibar (VERB decisero)) (compt (sv2 (ADP di) (VERB restare) (compin (sp (ADP su) (sn (sa (DET quell')) (NOUN isola))) (sv2 (ADP a) (VERB coltivare) (compt (sn (NOUN patate)))))))))) (PUNCT :) (fc (f (sn (DET il) (NOUN capitano)) (ibar (VERB cambiò)) (compt (sn (NOUN nome)))) (PUNCT ,) (CCONJ e) (f (ibar (PRON si) (VERB fece) (VERB chiamare)) (compt (sn (PROPN Gigi) (PROPN Zappatata))))) (PUNCT .)));;5,188920866;function
380;23;isola;isola;NOUN;obl;restare;(ROOT (dirsp (fc (CCONJ E) (ADV così) (fc (f (sn (DET i) (NOUN pirati)) (ibar (VERB dimenticarono)) (compt (sn (DET il) (NOUN tesoro)))) (CCONJ e) (f (ibar (VERB decisero)) (compt (sv2 (ADP di) (VERB restare) (compin (sp (ADP su) (sn (sa (DET quell')) (NOUN isola))) (sv2 (ADP a) (VERB coltivare) (compt (sn (NOUN patate)))))))))) (PUNCT :) (fc (f (sn (DET il) (NOUN capitano)) (ibar (VERB cambiò)) (compt (sn (NOUN nome)))) (PUNCT ,) (CCONJ e) (f (ibar (PRON si) (VERB fece) (VERB chiamare)) (compt (sn (PROPN Gigi) (PROPN Zappatata))))) (PUNCT .)));;4,597293065;content
381;23;a;a;ADP;mark;coltivare;(ROOT (dirsp (fc (CCONJ E) (ADV così) (fc (f (sn (DET i) (NOUN pirati)) (ibar (VERB dimenticarono)) (compt (sn (DET il) (NOUN tesoro)))) (CCONJ e) (f (ibar (VERB decisero)) (compt (sv2 (ADP di) (VERB restare) (compin (sp (ADP su) (sn (sa (DET quell')) (NOUN isola))) (sv2 (ADP a) (VERB coltivare) (compt (sn (NOUN patate)))))))))) (PUNCT :) (fc (f (sn (DET il) (NOUN capitano)) (ibar (VERB cambiò)) (compt (sn (NOUN nome)))) (PUNCT ,) (CCONJ e) (f (ibar (PRON si) (VERB fece) (VERB chiamare)) (compt (sn (PROPN Gigi) (PROPN Zappatata))))) (PUNCT .)));;7,004335738;function
382;23;coltivare;coltivare;VERB;xcomp;restare;(ROOT (dirsp (fc (CCONJ E) (ADV così) (fc (f (sn (DET i) (NOUN pirati)) (ibar (VERB dimenticarono)) (compt (sn (DET il) (NOUN tesoro)))) (CCONJ e) (f (ibar (VERB decisero)) (compt (sv2 (ADP di) (VERB restare) (compin (sp (ADP su) (sn (sa (DET quell')) (NOUN isola))) (sv2 (ADP a) (VERB coltivare) (compt (sn (NOUN patate)))))))))) (PUNCT :) (fc (f (sn (DET il) (NOUN capitano)) (ibar (VERB cambiò)) (compt (sn (NOUN nome)))) (PUNCT ,) (CCONJ e) (f (ibar (PRON si) (VERB fece) (VERB chiamare)) (compt (sn (PROPN Gigi) (PROPN Zappatata))))) (PUNCT .)));;3,393683917;content
383;23;patate;patata;NOUN;obj;coltivare;(ROOT (dirsp (fc (CCONJ E) (ADV così) (fc (f (sn (DET i) (NOUN pirati)) (ibar (VERB dimenticarono)) (compt (sn (DET il) (NOUN tesoro)))) (CCONJ e) (f (ibar (VERB decisero)) (compt (sv2 (ADP di) (VERB restare) (compin (sp (ADP su) (sn (sa (DET quell')) (NOUN isola))) (sv2 (ADP a) (VERB coltivare) (compt (sn (NOUN patate)))))))))) (PUNCT :) (fc (f (sn (DET il) (NOUN capitano)) (ibar (VERB cambiò)) (compt (sn (NOUN nome)))) (PUNCT ,) (CCONJ e) (f (ibar (PRON si) (VERB fece) (VERB chiamare)) (compt (sn (PROPN Gigi) (PROPN Zappatata))))) (PUNCT .)));3.80 ± 1.15;4,103410991;content
384;23;il;il;DET;det;capitano;(ROOT (dirsp (fc (CCONJ E) (ADV così) (fc (f (sn (DET i) (NOUN pirati)) (ibar (VERB dimenticarono)) (compt (sn (DET il) (NOUN tesoro)))) (CCONJ e) (f (ibar (VERB decisero)) (compt (sv2 (ADP di) (VERB restare) (compin (sp (ADP su) (sn (sa (DET quell')) (NOUN isola))) (sv2 (ADP a) (VERB coltivare) (compt (sn (NOUN patate)))))))))) (PUNCT :) (fc (f (sn (DET il) (NOUN capitano)) (ibar (VERB cambiò)) (compt (sn (NOUN nome)))) (PUNCT ,) (CCONJ e) (f (ibar (PRON si) (VERB fece) (VERB chiamare)) (compt (sn (PROPN Gigi) (PROPN Zappatata))))) (PUNCT .)));;7,039560886;function
385;23;capitano;capitano;NOUN;nsubj;cambiò;(ROOT (dirsp (fc (CCONJ E) (ADV così) (fc (f (sn (DET i) (NOUN pirati)) (ibar (VERB dimenticarono)) (compt (sn (DET il) (NOUN tesoro)))) (CCONJ e) (f (ibar (VERB decisero)) (compt (sv2 (ADP di) (VERB restare) (compin (sp (ADP su) (sn (sa (DET quell')) (NOUN isola))) (sv2 (ADP a) (VERB coltivare) (compt (sn (NOUN patate)))))))))) (PUNCT :) (fc (f (sn (DET il) (NOUN capitano)) (ibar (VERB cambiò)) (compt (sn (NOUN nome)))) (PUNCT ,) (CCONJ e) (f (ibar (PRON si) (VERB fece) (VERB chiamare)) (compt (sn (PROPN Gigi) (PROPN Zappatata))))) (PUNCT .)));;5,179236879;content
386;23;cambiò;cambiare;VERB;parataxis;dimenticarono;(ROOT (dirsp (fc (CCONJ E) (ADV così) (fc (f (sn (DET i) (NOUN pirati)) (ibar (VERB dimenticarono)) (compt (sn (DET il) (NOUN tesoro)))) (CCONJ e) (f (ibar (VERB decisero)) (compt (sv2 (ADP di) (VERB restare) (compin (sp (ADP su) (sn (sa (DET quell')) (NOUN isola))) (sv2 (ADP a) (VERB coltivare) (compt (sn (NOUN patate)))))))))) (PUNCT :) (fc (f (sn (DET il) (NOUN capitano)) (ibar (VERB cambiò)) (compt (sn (NOUN nome)))) (PUNCT ,) (CCONJ e) (f (ibar (PRON si) (VERB fece) (VERB chiamare)) (compt (sn (PROPN Gigi) (PROPN Zappatata))))) (PUNCT .)));;3,467385034;content
387;23;nome;nome;NOUN;obj;cambiò;(ROOT (dirsp (fc (CCONJ E) (ADV così) (fc (f (sn (DET i) (NOUN pirati)) (ibar (VERB dimenticarono)) (compt (sn (DET il) (NOUN tesoro)))) (CCONJ e) (f (ibar (VERB decisero)) (compt (sv2 (ADP di) (VERB restare) (compin (sp (ADP su) (sn (sa (DET quell')) (NOUN isola))) (sv2 (ADP a) (VERB coltivare) (compt (sn (NOUN patate)))))))))) (PUNCT :) (fc (f (sn (DET il) (NOUN capitano)) (ibar (VERB cambiò)) (compt (sn (NOUN nome)))) (PUNCT ,) (CCONJ e) (f (ibar (PRON si) (VERB fece) (VERB chiamare)) (compt (sn (PROPN Gigi) (PROPN Zappatata))))) (PUNCT .)));3.64 ± 1.75;5,545943498;content
388;23;e;e;CCONJ;cc;fece;(ROOT (dirsp (fc (CCONJ E) (ADV così) (fc (f (sn (DET i) (NOUN pirati)) (ibar (VERB dimenticarono)) (compt (sn (DET il) (NOUN tesoro)))) (CCONJ e) (f (ibar (VERB decisero)) (compt (sv2 (ADP di) (VERB restare) (compin (sp (ADP su) (sn (sa (DET quell')) (NOUN isola))) (sv2 (ADP a) (VERB coltivare) (compt (sn (NOUN patate)))))))))) (PUNCT :) (fc (f (sn (DET il) (NOUN capitano)) (ibar (VERB cambiò)) (compt (sn (NOUN nome)))) (PUNCT ,) (CCONJ e) (f (ibar (PRON si) (VERB fece) (VERB chiamare)) (compt (sn (PROPN Gigi) (PROPN Zappatata))))) (PUNCT .)));;2,741151583;function
389;23;si;si;PRON;expl;fece;(ROOT (dirsp (fc (CCONJ E) (ADV così) (fc (f (sn (DET i) (NOUN pirati)) (ibar (VERB dimenticarono)) (compt (sn (DET il) (NOUN tesoro)))) (CCONJ e) (f (ibar (VERB decisero)) (compt (sv2 (ADP di) (VERB restare) (compin (sp (ADP su) (sn (sa (DET quell')) (NOUN isola))) (sv2 (ADP a) (VERB coltivare) (compt (sn (NOUN patate)))))))))) (PUNCT :) (fc (f (sn (DET il) (NOUN capitano)) (ibar (VERB cambiò)) (compt (sn (NOUN nome)))) (PUNCT ,) (CCONJ e) (f (ibar (PRON si) (VERB fece) (VERB chiamare)) (compt (sn (PROPN Gigi) (PROPN Zappatata))))) (PUNCT .)));;6,553884221;function
390;23;fece;fare;VERB;conj;cambiò;(ROOT (dirsp (fc (CCONJ E) (ADV così) (fc (f (sn (DET i) (NOUN pirati)) (ibar (VERB dimenticarono)) (compt (sn (DET il) (NOUN tesoro)))) (CCONJ e) (f (ibar (VERB decisero)) (compt (sv2 (ADP di) (VERB restare) (compin (sp (ADP su) (sn (sa (DET quell')) (NOUN isola))) (sv2 (ADP a) (VERB coltivare) (compt (sn (NOUN patate)))))))))) (PUNCT :) (fc (f (sn (DET il) (NOUN capitano)) (ibar (VERB cambiò)) (compt (sn (NOUN nome)))) (PUNCT ,) (CCONJ e) (f (ibar (PRON si) (VERB fece) (VERB chiamare)) (compt (sn (PROPN Gigi) (PROPN Zappatata))))) (PUNCT .)));4.40 ± 2.22;4,506053547;content
391;23;chiamare;chiamare;VERB;xcomp;fece;(ROOT (dirsp (fc (CCONJ E) (ADV così) (fc (f (sn (DET i) (NOUN pirati)) (ibar (VERB dimenticarono)) (compt (sn (DET il) (NOUN tesoro)))) (CCONJ e) (f (ibar (VERB decisero)) (compt (sv2 (ADP di) (VERB restare) (compin (sp (ADP su) (sn (sa (DET quell')) (NOUN isola))) (sv2 (ADP a) (VERB coltivare) (compt (sn (NOUN patate)))))))))) (PUNCT :) (fc (f (sn (DET il) (NOUN capitano)) (ibar (VERB cambiò)) (compt (sn (NOUN nome)))) (PUNCT ,) (CCONJ e) (f (ibar (PRON si) (VERB fece) (VERB chiamare)) (compt (sn (PROPN Gigi) (PROPN Zappatata))))) (PUNCT .)));;4,993662758;content
392;23;gigi;Gigi;PROPN;xcomp;chiamare;(ROOT (dirsp (fc (CCONJ E) (ADV così) (fc (f (sn (DET i) (NOUN pirati)) (ibar (VERB dimenticarono)) (compt (sn (DET il) (NOUN tesoro)))) (CCONJ e) (f (ibar (VERB decisero)) (compt (sv2 (ADP di) (VERB restare) (compin (sp (ADP su) (sn (sa (DET quell')) (NOUN isola))) (sv2 (ADP a) (VERB coltivare) (compt (sn (NOUN patate)))))))))) (PUNCT :) (fc (f (sn (DET il) (NOUN capitano)) (ibar (VERB cambiò)) (compt (sn (NOUN nome)))) (PUNCT ,) (CCONJ e) (f (ibar (PRON si) (VERB fece) (VERB chiamare)) (compt (sn (PROPN Gigi) (PROPN Zappatata))))) (PUNCT .)));;;content
393;23;zappatata;Zappatata;PROPN;flat:name;Gigi;(ROOT (dirsp (fc (CCONJ E) (ADV così) (fc (f (sn (DET i) (NOUN pirati)) (ibar (VERB dimenticarono)) (compt (sn (DET il) (NOUN tesoro)))) (CCONJ e) (f (ibar (VERB decisero)) (compt (sv2 (ADP di) (VERB restare) (compin (sp (ADP su) (sn (sa (DET quell')) (NOUN isola))) (sv2 (ADP a) (VERB coltivare) (compt (sn (NOUN patate)))))))))) (PUNCT :) (fc (f (sn (DET il) (NOUN capitano)) (ibar (VERB cambiò)) (compt (sn (NOUN nome)))) (PUNCT ,) (CCONJ e) (f (ibar (PRON si) (VERB fece) (VERB chiamare)) (compt (sn (PROPN Gigi) (PROPN Zappatata))))) (PUNCT .)));;;content
